series,category,frequency,fee_type,n_open_markets,n_settled_downloaded,median_spread_cents,median_price,quoted_fraction,median_volume,markets_per_event,strike_types,breakeven_edge_cents,d1_ground_truth,d2_cost_bar,d3_liquidity,d4_structural,d5_recurrence,d6_counterparty,d7_settlement,d8_data_cost,total_score,killed,kill_reasons
KXBTCD,Crypto,hourly,quadratic,130,60000,3.0,0.975,0.562,614.4,65.0,greater,3.36,3,4,3,4,5,,5,5,29,False,
KXHIGHDEN,Unknown,,quadratic,6,396,1.0,0.125,1.0,367.0,6.0,"between,greater,less",2.54,5,4,3,4,3,,5,5,29,False,
KXHIGHCHI,Unknown,,quadratic,6,396,3.0,0.0925,1.0,1406.5,6.0,"between,greater,less",4.18,5,3,3,4,3,,5,5,28,False,
KXHIGHLAX,Unknown,,quadratic,12,396,3.0,0.13,0.583,24815.7,6.0,"between,greater,less",4.6,5,3,3,4,3,,5,5,28,False,
KXHIGHMIA,Unknown,,quadratic,6,396,1.5,0.26,0.667,3567.2,6.0,"between,greater,less",4.2,5,3,2,4,3,,5,5,27,False,
KXHIGHNY,Unknown,,quadratic,6,396,2.0,0.19,0.833,4185.2,6.0,"between,greater,less",4.16,5,3,2,4,3,,5,5,27,False,
KXHIGHPHIL,Unknown,,quadratic,6,396,5.5,0.085,1.0,637.2,6.0,"between,greater,less",6.6,5,2,3,4,3,,5,5,27,False,
KXHIGHTBOS,Unknown,,quadratic,6,0,1.0,0.075,1.0,595.9,6.0,"between,greater,less",1.98,5,5,3,4,0,,5,5,27,False,
KXHIGHTOKC,Unknown,,quadratic,6,0,1.0,0.0725,1.0,216.8,6.0,"between,greater,less",1.96,5,5,3,4,0,,5,5,27,False,
KXINXY,Financials,annual,quadratic_with_maker_fees,27,0,1.0,0.035,0.778,154898.0,27.0,"between,greater,less",1.48,3,5,4,5,0,,5,5,27,False,
KXNASDAQ100Y,Financials,annual,quadratic_with_maker_fees,30,0,1.0,0.03,0.867,69038.9,30.0,"between,greater,less",1.42,3,5,4,5,0,,5,5,27,False,
KXHIGHAUS,Unknown,,quadratic,6,396,5.0,0.055,0.833,409.5,6.0,"between,greater,less",5.74,5,2,2,4,3,,5,5,26,False,
KXHIGHTDC,Unknown,,quadratic,6,0,2.0,0.0875,1.0,403.2,6.0,"between,greater,less",3.12,5,4,3,4,0,,5,5,26,False,
KXBTCMAXY,Crypto,annual,quadratic,7,0,1.0,0.055,1.0,516203.1,7.0,greater,1.74,3,5,4,3,0,,5,5,25,False,
KXGDPYEAR,Economics,custom,quadratic,154,0,1.0,0.065,0.831,2909.2,14.0,"between,greater,less",1.86,4,5,3,5,0,,3,5,25,False,
KXHIGHTATL,Unknown,,quadratic,6,0,2.5,0.09,1.0,1832.9,6.0,"between,greater,less",3.66,5,3,3,4,0,,5,5,25,False,
KXHIGHTSATX,Unknown,,quadratic,6,0,2.5,0.115,1.0,218.5,6.0,"between,greater,less",3.94,5,3,3,4,0,,5,5,25,False,
KXHIGHTSEA,Unknown,,quadratic,12,0,1.0,0.215,0.583,1454.8,6.0,"between,greater,less",3.38,5,4,2,4,0,,5,5,25,False,
KXBTCMAX100,Crypto,annual,quadratic,5,0,1.0,0.065,1.0,6192.7,5.0,greater,1.86,3,5,3,3,0,,5,5,24,False,
KXETHMAXY,Crypto,annual,quadratic,8,0,1.0,0.085,1.0,244686.0,8.0,greater,2.1,3,4,4,3,0,,5,5,24,False,
KXHIGHTMIN,Unknown,,quadratic,6,0,4.5,0.0875,1.0,350.1,6.0,"between,greater,less",5.62,5,2,3,4,0,,5,5,24,False,
KXINXMAXY,Financials,annual,quadratic,7,0,1.9,0.109,1.0,63483.1,7.0,greater,3.26,3,4,4,3,0,,5,5,24,False,
KXSOLMAXY,Crypto,annual,quadratic,8,0,2.0,0.0925,1.0,35883.3,8.0,greater,3.18,3,4,4,3,0,,5,5,24,False,
KXBTCMAX150,Crypto,custom,quadratic_with_maker_fees,3,0,1.0,0.045,0.333,889006.6,3.0,greater,1.62,3,5,2,3,0,,5,5,23,False,
KXBTCMINMON,Crypto,monthly,quadratic,7,0,1.0,0.015,0.143,57644.6,7.0,less,1.22,3,5,2,3,0,,5,5,23,False,
KXBTCMINY,Crypto,annual,quadratic,4,0,1.0,0.395,1.0,890669.1,4.0,less,4.36,3,3,4,3,0,,5,5,23,False,
KXBTCY,Crypto,annual,quadratic,28,0,0.2,0.0273,1.0,579520.1,28.0,"between,greater,less",0.58,3,5,5,5,0,,5,0,23,False,
KXDOGEMAX1,Crypto,custom,quadratic,2,0,1.0,0.065,1.0,216234.1,2.0,greater,1.86,3,5,4,3,0,,3,5,23,False,
KXETHMINY,Crypto,annual,quadratic,4,0,1.5,0.26,1.0,223764.8,4.0,less,4.2,3,3,4,3,0,,5,5,23,False,
KXFEDCHGCOUNT,Economics,annual,quadratic,13,0,2.8,0.015,1.0,822.1,13.0,between,3.02,3,4,3,5,0,,3,5,23,False,
KXHIGHTPHX,Unknown,,quadratic,12,0,4.0,0.08,0.583,1099.7,6.0,"between,greater,less",5.04,5,2,2,4,0,,5,5,23,False,
KXHIGHTSFO,Unknown,,quadratic,12,0,3.0,0.175,0.583,2399.4,6.0,"between,greater,less",5.04,5,2,2,4,0,,5,5,23,False,
RSENATESEATS,Unknown,,quadratic,15,0,1.0,0.055,1.0,18776.0,15.0,"between,greater,less",1.74,1,5,4,5,0,,3,5,23,False,
KXBTC2026200,Crypto,one_off,quadratic,1,0,1.0,0.035,1.0,6460807.5,1.0,greater,1.48,3,5,4,0,0,,5,5,22,False,
KXBTC2026250,Crypto,one_off,quadratic,1,0,1.0,0.015,1.0,810350.9,1.0,greater,1.22,3,5,4,0,0,,5,5,22,False,
KXBTCMAXMON,Crypto,monthly,quadratic,7,0,2.0,0.03,0.286,362821.5,7.0,greater,2.42,3,4,2,3,0,,5,5,22,False,
KXCOINBASE,Financials,one_off,quadratic,24,0,1.0,0.055,0.833,10082.7,12.0,greater,1.74,1,5,4,4,0,,3,5,22,False,
KXEMERCUTS,Economics,custom,quadratic,5,0,1.2,0.0145,1.0,34701.1,5.0,between,1.42,1,5,4,4,0,,3,5,22,False,
KXETHY,Crypto,annual,quadratic,18,0,0.95,0.0462,1.0,962423.3,18.0,"between,greater,less",1.57,3,5,4,5,0,,5,0,22,False,
KXGDP,Economics,custom,quadratic_with_maker_fees,45,0,1.0,0.495,0.956,250.0,9.0,greater,4.5,4,3,4,3,0,,3,5,22,False,
KXHIGHTDAL,Unknown,,quadratic,6,0,6.0,0.2225,0.667,1812.3,6.0,"between,greater,less",8.44,5,1,2,4,0,,5,5,22,False,
KXHIGHTLV,Unknown,,quadratic,12,0,3.0,0.1825,0.5,762.2,6.0,"between,greater,less",5.1,5,2,1,4,0,,5,5,22,False,
KXHOUSEPOPVOTEMARGIN,Unknown,,quadratic,10,0,0.95,0.0878,1.0,42841.3,10.0,between,2.09,1,4,4,5,0,,3,5,22,False,
KXINXMINY,Financials,custom,quadratic,5,0,4.0,0.197,1.0,119565.6,5.0,less,6.22,3,2,4,3,0,,5,5,22,False,
KXPAYROLLS,Economics,monthly,quadratic_with_maker_fees,65,0,2.0,0.655,1.0,503.3,13.0,greater,5.18,4,2,4,4,0,,3,5,22,False,
KXRATECUTCOUNT,Economics,annual,quadratic_with_maker_fees,21,0,0.1,0.0085,0.333,234725.1,21.0,between,0.24,1,5,3,5,0,,3,5,22,False,
KXTEMPHELP,Economics,monthly,quadratic,5,0,6.0,0.58,1.0,302.2,5.0,greater,9.42,5,1,3,3,0,,5,5,22,False,
POPVOTEMOV,Unknown,,quadratic,20,0,1.0,0.055,1.0,2834.3,20.0,between,1.74,1,5,3,5,0,,3,5,22,False,
KXAAAGASM,Economics,monthly,quadratic_with_maker_fees,62,0,1.0,0.985,0.839,6642.7,31.0,greater,1.22,1,5,3,4,0,,3,5,21,False,
KXBRYSONCOURSERECORDS,Sports,custom,quadratic,5,0,1.0,0.045,1.0,45290.6,5.0,greater,1.62,1,5,4,3,0,,3,5,21,False,
KXDSENATESEATS,Unknown,,quadratic,24,0,3.0,0.0638,1.0,569.8,12.0,"between,custom,greater,less",3.84,1,3,4,5,0,,3,5,21,False,
KXETHMAXMON,Crypto,monthly,quadratic,8,0,3.0,0.165,0.125,11609.0,8.0,greater,4.94,3,3,2,3,0,,5,5,21,False,
KXFEDERALCHARGE,Politics,annual,quadratic,40,0,2.0,0.1,1.0,11486.5,40.0,custom,3.26,3,4,5,2,0,,2,5,21,False,
KXFEDFUNDSYEAR,Economics,annual,quadratic,210,0,1.0,0.415,1.0,5.0,21.0,greater,4.4,3,3,3,4,0,,3,5,21,False,
KXGOLDW,Unknown,,quadratic,40,0,1.0,0.9575,0.65,226.5,40.0,greater,1.58,1,5,3,4,0,,3,5,21,False,
KXGOVTCUTS,Economics,custom,quadratic,15,0,1.0,0.016,1.0,15926.3,7.5,greater,1.24,1,5,4,3,0,,3,5,21,False,
KXINXPOS,Financials,one_off,quadratic,1,0,1.0,0.795,1.0,884278.5,1.0,greater,3.3,3,4,4,0,0,,5,5,21,False,
KXINXVSGOLD,Financials,annual,quadratic,2,0,1.0,0.515,1.0,11357.8,2.0,custom,4.5,3,3,4,1,0,,5,5,21,False,
KXLOSEPRIMARYSENATED,Unknown,,quadratic,5,0,2.9,0.0185,1.0,29085.7,5.0,between,3.16,1,4,4,4,0,,3,5,21,False,
KXLOSEREELECTIONDSEN,Unknown,,quadratic,6,0,1.4,0.0302,1.0,5555.8,6.0,"between,greater_or_equal",1.82,1,5,3,4,0,,3,5,21,False,
KXMC,Unknown,,quadratic,52,0,2.0,0.975,0.904,1498.8,13.0,greater,2.36,1,4,4,4,0,,3,5,21,False,
KXPGAR1LEAD,Sports,custom,quadratic,147,0,0.1,0.0065,0.925,18170.1,147.0,structured,0.24,1,5,5,2,0,,3,5,21,False,
KXRAINSTPM,Unknown,,quadratic,10,0,1.0,0.995,1.0,2311.5,10.0,greater,1.14,1,5,3,4,0,,3,5,21,False,
KXSOL26500,Crypto,one_off,quadratic,1,0,2.0,0.04,1.0,271076.9,1.0,greater,2.54,3,4,4,0,0,,5,5,21,False,
KXSPRLVL,Economics,one_off,quadratic,10,0,1.0,0.0575,1.0,365.4,10.0,greater,1.76,1,5,3,4,0,,3,5,21,False,
KXUST10AD,Financials,one_off,quadratic,15,0,1.0,0.945,1.0,913.4,15.0,greater,1.74,1,5,3,4,0,,3,5,21,False,
KXUST30AD,Financials,one_off,quadratic,25,0,1.0,0.985,0.6,145.0,25.0,greater,1.22,1,5,3,4,0,,3,5,21,False,
KXUST7AD,Financials,one_off,quadratic,15,0,1.0,0.945,1.0,451.1,15.0,greater,1.74,1,5,3,4,0,,3,5,21,False,
KXVPRESNOMR,Unknown,,quadratic,21,0,0.7,0.0175,1.0,40907.7,21.0,custom,0.96,1,5,5,2,0,,3,5,21,False,
ECMOV,Unknown,,quadratic,14,0,3.0,0.065,1.0,182.3,14.0,between,3.86,1,3,3,5,0,,3,5,20,False,
KXA100WS,Financials,one_off,quadratic,54,0,1.0,0.725,0.944,115.0,10.0,greater,3.8,1,3,4,4,0,,3,5,20,False,
KXAAAGASMAX,Economics,annual,quadratic,13,0,3.0,0.145,1.0,87447.8,13.0,greater,4.74,1,3,4,4,0,,3,5,20,False,
KXAC,Financials,one_off,quadratic,12,0,1.0,0.805,1.0,4905.5,12.0,greater,3.2,1,4,3,4,0,,3,5,20,False,
KXB200MON,Science and Technology,monthly,quadratic,40,0,2.0,0.9625,1.0,1279.5,40.0,greater,2.52,0,4,4,4,0,,3,5,20,False,
KXB200WS,Financials,weekly,quadratic,102,0,1.0,0.4725,0.922,197.8,13.0,greater,4.5,1,3,4,4,0,,3,5,20,False,
KXBOND,Unknown,,quadratic,24,0,2.0,0.0575,1.0,21219.0,24.0,custom,2.76,1,4,5,2,0,,3,5,20,False,
KXBTC50VS100,Crypto,one_off,quadratic,1,0,1.0,0.475,1.0,96679.6,1.0,,4.5,3,3,4,0,0,,5,5,20,False,
KXBTCVSGOLD,Financials,custom,quadratic,1,0,1.4,0.266,1.0,222698.4,1.0,,4.14,3,3,4,0,0,,5,5,20,False,
KXCLOSESTSENATE,Unknown,,quadratic,15,0,1.0,0.0545,1.0,10490.7,15.0,custom,1.74,1,5,4,2,0,,3,5,20,False,
KXDHOUSESEATS,Unknown,,quadratic,12,0,0.7,0.0845,1.0,57466.4,12.0,custom,1.8,1,5,4,2,0,,3,5,20,False,
KXDSENATESEATSH,Unknown,,quadratic,7,0,1.9,0.023,1.0,4607.4,7.0,"between,greater,less",2.22,1,4,3,4,0,,3,5,20,False,
KXEURUSDAW,Financials,one_off,quadratic,20,0,1.0,0.92,1.0,431.0,20.0,greater,2.04,1,4,3,4,0,,3,5,20,False,
KXFRENCHPRES,Unknown,,quadratic,28,0,0.95,0.008,1.0,705.0,28.0,custom,1.09,1,5,4,2,0,,3,5,20,False,
KXGOOG,Financials,one_off,quadratic,24,0,1.0,0.5525,1.0,347.5,12.0,greater,4.48,1,3,4,4,0,,3,5,20,False,
KXH100MON,Science and Technology,monthly,quadratic,20,0,1.0,0.945,1.0,1471.1,20.0,greater,1.74,0,5,3,4,0,,3,5,20,False,
KXH200MS,Financials,one_off,quadratic,141,0,1.0,0.615,0.979,1017.0,11.0,greater,4.32,1,3,4,4,0,,3,5,20,False,
KXHEISMAN,Sports,annual,quadratic_with_maker_fees,29,0,1.0,0.0325,0.828,148253.6,29.0,custom,1.46,1,5,4,2,0,,3,5,20,False,
KXHOUSETURNOUT,Unknown,,quadratic,9,0,1.0,0.0785,1.0,7069.3,9.0,"between,greater",2.02,1,4,3,4,0,,3,5,20,False,
KXLOSEPRIMARYSENATER,Unknown,,quadratic,3,0,1.7,0.265,1.0,114707.2,3.0,between,4.44,1,3,4,4,0,,3,5,20,False,
KXLOWTAUS,Unknown,,quadratic,6,0,1.5,0.0375,1.0,292.8,6.0,"between,greater,less",2.02,1,4,3,4,0,,3,5,20,False,
KXLUV,Financials,one_off,quadratic,22,0,1.0,0.585,1.0,279.8,11.0,greater,4.4,1,3,4,4,0,,3,5,20,False,
KXMARMAD,Sports,custom,quadratic_with_maker_fees,73,0,0.1,0.0085,0.767,59124.6,73.0,structured,0.24,1,5,4,2,0,,3,5,20,False,
KXMLB,Sports,custom,quadratic_with_maker_fees,30,0,0.2,0.023,0.767,1224575.6,30.0,structured,0.52,1,5,4,2,0,,3,5,20,False,
KXMLSCUP,Sports,custom,quadratic,30,0,1.0,0.035,0.6,22012.5,30.0,structured,1.48,1,5,4,2,0,,3,5,20,False,
KXNASDAQ100POS,Financials,annual,quadratic,1,0,0.7,0.6465,1.0,121933.2,1.0,greater,3.9,3,3,4,0,0,,5,5,20,False,
KXNATGASMON,Unknown,,quadratic,40,0,1.5,0.9825,0.5,441.0,40.0,greater,1.76,1,5,2,4,0,,3,5,20,False,
KXNATGASW,Unknown,,quadratic,40,0,1.0,0.995,0.475,200.0,40.0,greater,1.14,1,5,2,4,0,,3,5,20,False,
KXNEWSCOTUSCONF,Politics,custom,quadratic,10,0,1.85,0.0155,1.0,17031.5,10.0,between,2.07,0,4,4,5,0,,2,5,20,False,
KXNFLCOTY,Sports,annual,quadratic_with_maker_fees,33,0,1.0,0.035,0.909,3904.6,33.0,custom,1.48,1,5,4,2,0,,3,5,20,False,
KXNFLNFCCHAMP,Sports,annual,quadratic_with_maker_fees,16,0,1.0,0.075,0.938,180894.9,16.0,structured,1.98,1,5,4,2,0,,3,5,20,False,
KXNFLOROTY,Sports,annual,quadratic_with_maker_fees,23,0,1.0,0.035,0.652,10063.2,23.0,structured,1.48,1,5,4,2,0,,3,5,20,False,
KXNHL,Sports,annual,quadratic_with_maker_fees,32,0,1.0,0.035,0.781,16118.7,32.0,structured,1.48,1,5,4,2,0,,3,5,20,False,
KXPGATOUR,Sports,custom,quadratic_with_maker_fees,147,0,0.1,0.0045,0.769,447130.8,147.0,structured,0.24,1,5,4,2,0,,3,5,20,False,
KXPRESNOMD,Unknown,,quadratic,46,0,0.1,0.006,0.826,3313075.8,46.0,custom,0.24,1,5,4,2,0,,3,5,20,False,
KXPRESNOMR,Unknown,,quadratic,38,0,0.1,0.0045,0.895,1138785.3,38.0,custom,0.24,1,5,4,2,0,,3,5,20,False,
KXPRESPERSON,Unknown,,quadratic,30,0,0.2,0.015,0.833,1768065.2,30.0,custom,0.42,1,5,4,2,0,,3,5,20,False,
KXPRIMARYMOV,Unknown,,quadratic,105,0,2.0,0.12,0.686,726.0,11.0,"custom,greater,greater_or_equal",3.48,1,4,3,4,0,,3,5,20,False,
KXRAIN,Unknown,,quadratic,25,0,1.0,0.14,0.84,920.1,12.5,greater,2.7,1,4,3,4,0,,3,5,20,False,
KXRTICKET,Unknown,,quadratic,25,0,1.5,0.015,1.0,526.7,25.0,custom,1.72,1,5,4,2,0,,3,5,20,False,
KXRTX5090MS,Financials,monthly,quadratic,100,0,1.0,0.14,0.93,2847.6,8.0,greater,2.7,1,4,4,3,0,,3,5,20,False,
KXRTX5090WS,Financials,weekly,quadratic,80,0,1.0,0.355,0.95,282.5,17.0,greater,4.22,1,3,4,4,0,,3,5,20,False,
KXSB,Sports,annual,quadratic_with_maker_fees,32,0,1.0,0.035,0.719,1609271.6,32.0,structured,1.48,1,5,4,2,0,,3,5,20,False,
KXSCFI,Economics,one_off,quadratic,17,0,1.0,0.175,1.0,194.0,8.5,"between,greater,greater_or_equal,less",3.04,1,4,3,4,0,,3,5,20,False,
KXSILVERW,Unknown,,quadratic,40,0,1.0,0.995,0.575,2.0,40.0,greater,1.14,1,5,2,4,0,,3,5,20,False,
KXSOLAR,Economics,custom,quadratic,5,0,5.4,0.728,1.0,2327.9,5.0,greater_or_equal,8.18,3,1,3,3,0,,5,5,20,False,
KXSOLD26,Crypto,annual,quadratic,9,0,7.0,0.115,1.0,6701.7,9.0,greater,8.44,3,1,3,3,0,,5,5,20,False,
KXTIME,Unknown,,quadratic,25,0,1.0,0.045,1.0,3559.6,25.0,custom,1.62,1,5,4,2,0,,3,5,20,False,
KXTOPSONGS,Unknown,,quadratic,7,0,1.0,0.995,1.0,850.0,7.0,greater,1.14,1,5,3,3,0,,3,5,20,False,
KXTRUMPNUMSTATES,Unknown,,quadratic,2,0,1.0,0.5,1.0,28490.4,2.0,between,4.5,1,3,4,4,0,,3,5,20,False,
KXTRUMPSAY,Unknown,,quadratic,32,0,1.0,0.995,1.0,9979.1,32.0,custom,1.14,1,5,4,2,0,,3,5,20,False,
KXUST2AD,Financials,one_off,quadratic,15,0,1.0,0.885,0.933,515.0,15.0,greater,2.44,1,4,3,4,0,,3,5,20,False,
KXUST5AD,Financials,one_off,quadratic,15,0,1.0,0.845,1.0,350.0,15.0,greater,2.84,1,4,3,4,0,,3,5,20,False,
KXVENEZUELALEADER,Unknown,,quadratic,18,0,0.35,0.0095,1.0,123244.0,18.0,custom,0.49,1,5,4,2,0,,3,5,20,False,
KXWTIW,Unknown,,quadratic,27,0,3.0,0.04,0.852,6412.1,27.0,"between,greater,less",3.54,1,3,3,5,0,,3,5,20,False,
KXAAAGASW,Economics,weekly,quadratic,29,0,1.0,0.615,0.724,4940.0,29.0,greater,4.32,1,3,3,4,0,,3,5,19,False,
KXAAL,Financials,one_off,quadratic,10,0,1.0,0.505,1.0,1013.5,10.0,greater,4.5,1,3,3,4,0,,3,5,19,False,
KXAAPLPRICEFOLD,Companies,custom,quadratic,3,0,1.0,0.815,1.0,32189.7,3.0,greater_or_equal,3.12,0,4,4,3,0,,3,5,19,False,
KXALBUMRELEASEDATEARIANA,Unknown,,quadratic,2,0,1.5,0.9925,1.0,11856.2,2.0,,1.64,1,5,4,1,0,,3,5,19,False,
KXALK,Financials,one_off,quadratic,11,0,1.0,0.495,1.0,581.0,11.0,greater,4.5,1,3,3,4,0,,3,5,19,False,
KXALKA,Financials,one_off,quadratic,10,0,1.0,0.27,1.0,812.5,10.0,greater,3.76,1,3,3,4,0,,3,5,19,False,
KXAMZN,Financials,one_off,quadratic,7,0,1.0,0.21,1.0,4858.1,7.0,greater,3.34,1,4,3,3,0,,3,5,19,False,
KXART,Unknown,,quadratic,9,0,3.0,0.035,1.0,4403.2,9.0,greater,3.48,1,4,3,3,0,,3,5,19,False,
KXARTISTSTREAMSY,Unknown,,quadratic,1124,0,5.0,0.945,0.956,608.6,19.0,greater,5.74,1,2,4,4,0,,3,5,19,False,
KXAXP,Financials,one_off,quadratic,10,0,1.0,0.39,1.0,1711.4,10.0,greater,4.34,1,3,3,4,0,,3,5,19,False,
KXB200MS,Financials,monthly,quadratic,117,0,1.0,0.695,0.991,687.1,9.0,greater,3.98,1,3,4,3,0,,3,5,19,False,
KXBIGBROTHER,Unknown,,quadratic,17,0,1.0,0.055,0.882,92948.9,17.0,structured,1.74,1,5,3,2,0,,3,5,19,False,
KXBIGBROTHERRANK,Unknown,,quadratic,34,0,1.0,0.055,0.882,2576.6,17.0,structured,1.74,1,5,3,2,0,,3,5,19,False,
KXBRPRES,Unknown,,quadratic,13,0,0.4,0.022,0.692,139168.7,13.0,,0.72,1,5,3,2,0,,3,5,19,False,
KXBTCRESERVE,Politics,one_off,quadratic,1,0,4.0,0.15,1.0,169860.5,1.0,,5.8,3,2,4,0,0,,5,5,19,False,
KXCANOREOY,Economics,annual,quadratic,8,0,4.0,0.045,1.0,121.8,8.0,between,4.62,1,3,3,4,0,,3,5,19,False,
KXCTCQ,Financials,one_off,quadratic,16,0,2.0,0.0325,0.875,1538.5,16.0,greater,2.46,1,4,2,4,0,,3,5,19,False,
KXDTICKET,Unknown,,quadratic,25,0,2.0,0.02,1.0,129.0,25.0,custom,2.28,1,4,4,2,0,,3,5,19,False,
KXDUOLA,Financials,one_off,quadratic,25,0,1.0,0.275,1.0,72.0,12.5,greater,3.8,1,3,3,4,0,,3,5,19,False,
KXELECTVENEZUELA,Unknown,,quadratic,3,0,1.0,0.0645,1.0,38562.8,3.0,,1.86,1,5,4,1,0,,3,5,19,False,
KXEOTRUMPTERM,Politics,one_off,quadratic,12,0,2.5,0.0628,1.0,4469.5,12.0,"between,greater,less",3.34,0,4,3,5,0,,2,5,19,False,
KXF1,Sports,annual,quadratic,22,0,1.0,0.045,0.273,52821.2,22.0,structured,1.62,1,5,3,2,0,,3,5,19,False,
KXFEDEMPLOYEES,Economics,custom,quadratic,6,0,6.0,0.085,1.0,1628.9,6.0,greater,7.1,3,2,3,3,0,,3,5,19,False,
KXFIRSTPRIMARYD,Unknown,,quadratic,12,0,1.4,0.0112,1.0,1084.0,12.0,custom,1.56,1,5,3,2,0,,3,5,19,False,
KXGOVTNNOMR,Unknown,,quadratic,3,0,1.0,0.063,1.0,95708.6,3.0,custom,1.84,1,5,4,1,0,,3,5,19,False,
KXGREENLANDPRICE,Politics,one_off,quadratic,8,0,1.85,0.0328,1.0,114613.6,8.0,"between,greater_or_equal,less",2.31,0,4,4,4,0,,2,5,19,False,
KXH100MS,Financials,one_off,quadratic,117,0,1.0,0.435,0.949,131.0,9.0,greater,4.46,1,3,4,3,0,,3,5,19,False,
KXH100WS,Financials,one_off,quadratic,66,0,2.0,0.485,0.97,191.7,12.0,greater,5.5,1,2,4,4,0,,3,5,19,False,
KXH200WS,Financials,weekly,quadratic,72,0,2.0,0.775,0.861,783.0,11.0,greater,4.46,1,3,3,4,0,,3,5,19,False,
KXINTC,Financials,one_off,quadratic,10,0,1.0,0.5625,1.0,405.9,10.0,greater,4.46,1,3,3,4,0,,3,5,19,False,
KXIPO,Financials,custom,quadratic_with_maker_fees,29,0,3.0,0.075,1.0,23088.9,29.0,custom,3.98,1,3,5,2,0,,3,5,19,False,
KXLEADERNFLSACKS,Sports,annual,quadratic,21,0,2.0,0.04,0.905,253.7,21.0,structured,2.54,1,4,4,2,0,,3,5,19,False,
KXLOSEPRIMARYHOUSER,Unknown,,quadratic,5,0,4.2,0.062,1.0,30457.6,5.0,"between,greater",5.02,1,2,4,4,0,,3,5,19,False,
KXLOSEREELECTIONGOV,Unknown,,quadratic,6,0,3.35,0.0948,1.0,392.5,6.0,"between,greater_or_equal",4.57,1,3,3,4,0,,3,5,19,False,
KXMLBAL,Sports,annual,quadratic_with_maker_fees,15,0,1.0,0.07,0.8,192470.8,15.0,structured,1.92,1,5,3,2,0,,3,5,19,False,
KXMLBALCY,Sports,annual,quadratic,42,0,1.0,0.02,0.143,36718.2,42.0,"custom,structured",1.28,1,5,3,2,0,,3,5,19,False,
KXMLBALROTY,Sports,annual,quadratic,30,0,1.0,0.045,0.167,22717.1,30.0,"custom,structured",1.62,1,5,3,2,0,,3,5,19,False,
KXMLBSPREAD,Sports,custom,quadratic,60,0,2.0,0.2575,1.0,123.8,6.0,greater,4.68,1,3,4,3,0,,3,5,19,False,
KXMLBTOTAL,Sports,custom,quadratic,110,0,2.0,0.5725,1.0,480.4,11.0,greater,5.44,1,2,4,4,0,,3,5,19,False,
KXMLBTRADE,Sports,custom,quadratic,25,0,1.0,0.105,1.0,2427.0,25.0,custom,2.32,1,4,4,2,0,,3,5,19,False,
KXMUSKCHALLENGERS,Unknown,,quadratic,10,0,4.2,0.0312,1.0,581.3,10.0,greater_or_equal,4.64,1,3,3,4,0,,3,5,19,False,
KXNASCARCUPSERIES,Sports,annual,quadratic,35,0,1.0,0.065,0.314,47670.1,35.0,structured,1.86,1,5,3,2,0,,3,5,19,False,
KXNBA,Sports,annual,quadratic_with_maker_fees,30,0,1.0,0.035,0.5,357663.6,30.0,structured,1.48,1,5,3,2,0,,3,5,19,False,
KXNBAEAST,Sports,annual,quadratic_with_maker_fees,15,0,1.0,0.07,0.8,49355.2,15.0,structured,1.92,1,5,3,2,0,,3,5,19,False,
KXNBAWEST,Sports,annual,quadratic_with_maker_fees,15,0,1.0,0.07,0.533,17252.4,15.0,structured,1.92,1,5,3,2,0,,3,5,19,False,
KXNBAWEST1SEED,Sports,annual,quadratic,15,0,1.0,0.015,1.0,362.4,15.0,structured,1.22,1,5,3,2,0,,3,5,19,False,
KXNCAAF,Sports,annual,quadratic_with_maker_fees,50,0,1.0,0.035,0.36,53461.4,50.0,structured,1.48,1,5,3,2,0,,3,5,19,False,
KXNCAAFACC,Sports,annual,quadratic_with_maker_fees,17,0,1.0,0.045,0.706,13180.5,17.0,structured,1.62,1,5,3,2,0,,3,5,19,False,
KXNCAAFB12,Sports,annual,quadratic_with_maker_fees,16,0,1.0,0.04,0.75,34312.3,16.0,structured,1.54,1,5,3,2,0,,3,5,19,False,
KXNCAAFCOTY,Sports,annual,quadratic,29,0,3.0,0.03,1.0,1081.8,29.0,custom,3.42,1,4,4,2,0,,3,5,19,False,
KXNCLH,Financials,one_off,quadratic,8,0,1.0,0.6625,1.0,12545.8,8.0,greater,4.14,1,3,4,3,0,,3,5,19,False,
KXNETFLIXTOPVIEWSMOVIE,Unknown,,quadratic,11,0,1.0,0.91,0.818,1940.6,11.0,greater_or_equal,2.16,1,4,2,4,0,,3,5,19,False,
KXNEWPOPE,Unknown,,quadratic,7,0,0.9,0.034,1.0,18725.2,7.0,,1.36,1,5,4,1,0,,3,5,19,False,
KXNEXTISRAELPM,Unknown,,quadratic,12,0,1.3,0.027,0.917,5998.1,12.0,custom,1.68,1,5,3,2,0,,3,5,19,False,
KXNFLDROTY,Sports,annual,quadratic_with_maker_fees,21,0,1.0,0.04,0.81,3062.4,21.0,structured,1.54,1,5,3,2,0,,3,5,19,False,
KXNFLMVP,Sports,annual,quadratic_with_maker_fees,45,0,1.0,0.0375,0.489,93063.0,45.0,structured,1.52,1,5,3,2,0,,3,5,19,False,
KXOSCARPIC,Unknown,,quadratic,35,0,1.0,0.03,0.343,33269.6,35.0,custom,1.42,1,5,3,2,0,,3,5,19,False,
KXPGATOP10,Sports,custom,quadratic,147,0,2.0,0.07,0.918,1317.0,147.0,structured,2.92,1,4,4,2,0,,3,5,19,False,
KXPGATOP5,Sports,custom,quadratic,147,0,1.0,0.035,0.789,416.0,147.0,structured,1.48,1,5,3,2,0,,3,5,19,False,
KXPRESMATCHUP,Unknown,,quadratic,16,0,1.0,0.0222,1.0,8893.6,16.0,custom,1.32,1,5,3,2,0,,3,5,19,False,
KXRBLX,Financials,one_off,quadratic,28,0,1.0,0.305,0.964,220.9,9.0,greater,3.98,1,3,4,3,0,,3,5,19,False,
KXRDDT,Financials,one_off,quadratic,10,0,1.0,0.235,1.0,6548.5,10.0,greater,3.52,1,3,3,4,0,,3,5,19,False,
KXRECORDNFLBEST,Sports,custom,quadratic,32,0,1.0,0.045,0.781,4377.5,32.0,structured,1.62,1,5,3,2,0,,3,5,19,False,
KXRHOUSESEATS,Unknown,,quadratic,11,0,1.0,0.0855,1.0,190727.1,11.0,custom,2.1,1,4,4,2,0,,3,5,19,False,
KXRT,Unknown,,quadratic,164,0,3.0,0.73,0.945,2939.8,10.0,greater,5.76,1,2,4,4,0,,3,5,19,False,
KXSPOT,Financials,one_off,quadratic,40,0,4.5,0.5525,1.0,105.0,10.5,greater,7.98,1,2,4,4,0,,3,5,19,False,
KXTESLASEMI,Financials,one_off,quadratic,7,0,2.0,0.09,1.0,7635.5,7.0,greater,3.16,1,4,3,3,0,,3,5,19,False,
KXTRUEV,Economics,one_off,quadratic,15,0,1.0,0.8625,0.8,884.8,15.0,greater,2.68,1,4,2,4,0,,3,5,19,False,
KXTRUMPSAYMONTH,Unknown,,quadratic,8,0,1.0,0.025,1.0,18132.2,8.0,custom,1.36,1,5,4,1,0,,3,5,19,False,
KXU3MAX,Economics,annual,quadratic,24,0,4.85,0.0843,1.0,2757.1,12.0,greater,5.95,1,2,4,4,0,,3,5,19,False,
KXUSGDPSHARE,Economics,annual,quadratic,11,0,1.0,0.765,1.0,2946.0,11.0,greater,3.52,1,3,3,4,0,,3,5,19,False,
KXVOGUECOVER,Unknown,,quadratic,30,0,1.0,0.095,1.0,475.0,30.0,,2.22,1,4,4,2,0,,3,5,19,False,
KXVPRESNOMD,Unknown,,quadratic,45,0,0.75,0.032,0.489,39564.8,45.0,custom,1.19,1,5,3,2,0,,3,5,19,False,
KXVZ,Financials,one_off,quadratic,11,0,1.0,0.215,1.0,80.7,11.0,greater,3.38,1,4,2,4,0,,3,5,19,False,
KXVZA,Financials,one_off,quadratic,11,0,1.0,0.915,1.0,95.0,11.0,greater,2.1,1,4,2,4,0,,3,5,19,False,
KXWC,Sports,custom,quadratic,82,0,0.3,0.003,0.598,188.9,82.0,structured,0.44,1,5,3,2,0,,3,5,19,False,
KXWNBAGAMESPLAYED,Sports,one_off,quadratic,3,0,3.0,0.985,1.0,4451.8,3.0,greater_or_equal,3.22,1,4,3,3,0,,3,5,19,False,
KXWTIMAX,Unknown,,quadratic,16,0,0.4,0.1522,0.875,506242.0,8.0,greater,2.22,1,4,3,3,0,,3,5,19,False,
KXXRPMAXMON,Crypto,monthly,quadratic,7,0,4.0,0.03,0.286,40604.6,7.0,greater,4.42,3,3,2,3,0,,3,5,19,False,
KXXRPMAXY,Crypto,annual,quadratic,12,0,5.0,0.0625,0.833,475.8,12.0,greater,5.84,3,2,2,4,0,,3,5,19,False,
KXYTVIEWSHIGH,Unknown,,quadratic,69,0,1.0,0.295,1.0,250.0,8.0,greater,3.92,1,3,4,3,0,,3,5,19,False,
POWER,Unknown,,quadratic,8,0,1.0,0.0542,1.0,25012.2,8.0,custom,1.72,1,5,4,1,0,,3,5,19,False,
EVSHARE,Climate and Weather,custom,quadratic,4,0,3.0,0.52,1.0,10163.2,4.0,greater,6.5,1,2,4,3,0,,3,5,18,False,
KX1SONG,Unknown,,quadratic,113,0,3.0,0.06,1.0,580.9,113.0,,3.8,1,3,4,2,0,,3,5,18,False,
KX2028RRUN,Unknown,,quadratic,35,0,2.0,0.225,1.0,6805.9,35.0,custom,4.46,1,3,4,2,0,,3,5,18,False,
KXA100MS,Financials,one_off,quadratic,91,0,2.0,0.3375,0.967,160.3,7.0,greater,5.14,1,2,4,3,0,,3,5,18,False,
KXAALA,Financials,one_off,quadratic,8,0,1.0,0.295,1.0,2797.7,8.0,greater,3.92,1,3,3,3,0,,3,5,18,False,
KXAAPLCEOCHANGE,Financials,custom,quadratic,1,0,1.0,0.945,1.0,161806.5,1.0,,1.74,1,5,4,0,0,,3,5,18,False,
KXABNBA,Financials,one_off,quadratic,8,0,1.0,0.205,1.0,81.5,8.0,greater,3.3,1,4,2,3,0,,3,5,18,False,
KXALBUMEQUIV,Unknown,,quadratic,177,0,4.0,0.69,0.695,824.0,10.0,greater,7.0,1,2,3,4,0,,3,5,18,False,
KXALBUMLENGTH,Unknown,,quadratic,10,0,3.0,0.985,0.4,571.7,10.0,greater_or_equal,3.22,1,4,1,4,0,,3,5,18,False,
KXAMEND22,Unknown,,quadratic,1,0,0.9,0.0705,1.0,260723.2,1.0,,1.82,1,5,4,0,0,,3,5,18,False,
KXAXPA,Financials,one_off,quadratic,15,0,1.0,0.765,1.0,203.6,7.5,greater,3.52,1,3,3,3,0,,3,5,18,False,
KXBA,Financials,one_off,quadratic,13,0,5.0,0.235,1.0,766.0,13.0,greater,7.52,1,2,3,4,0,,3,5,18,False,
KXBALLONDOR,Sports,annual,quadratic_with_maker_fees,31,0,1.0,0.095,0.194,48863.9,31.0,custom,2.22,1,4,3,2,0,,3,5,18,False,
KXBILLS,Politics,annual,quadratic,30,0,1.0,0.1475,1.0,12933.5,30.0,custom,2.78,0,4,5,2,0,,2,5,18,False,
KXBKNUGGETS,Economics,monthly,quadratic,12,0,5.0,0.2475,1.0,608.1,12.0,greater_or_equal,7.62,1,2,3,4,0,,3,5,18,False,
KXBNBMAXMON,Crypto,monthly,quadratic,8,0,5.0,0.125,0.625,697.2,8.0,greater,6.54,3,2,2,3,0,,3,5,18,False,
KXBNBMAXY,Crypto,annual,quadratic,8,0,6.5,0.4975,1.0,1610.3,8.0,greater,10.0,3,1,3,3,0,,3,5,18,False,
KXBNBMINMON,Crypto,monthly,quadratic,7,0,6.0,0.12,0.714,773.6,7.0,less,7.48,3,2,2,3,0,,3,5,18,False,
KXBRENTD,Unknown,,quadratic,30,0,7.0,0.625,1.0,650.2,30.0,greater,10.3,1,1,4,4,0,,3,5,18,False,
KXBRPRES1R,Unknown,,quadratic,7,0,1.2,0.012,1.0,2768.9,7.0,custom,1.38,1,5,3,1,0,,3,5,18,False,
KXBULLA,Financials,one_off,quadratic,9,0,1.0,0.175,1.0,76.0,9.0,greater,3.04,1,4,2,3,0,,3,5,18,False,
KXCAHOUSEDEM,Unknown,,quadratic,8,0,5.5,0.0457,1.0,397.5,8.0,"between,greater,less",6.12,1,2,3,4,0,,3,5,18,False,
KXCHAMPTOUR,Sports,custom,quadratic,79,0,1.0,0.0175,0.329,101.0,79.0,structured,1.26,1,5,2,2,0,,3,5,18,False,
KXCHICAGOMAYOR,Unknown,,quadratic,15,0,1.0,0.0235,0.733,1290.0,15.0,custom,1.34,1,5,2,2,0,,3,5,18,False,
KXCHIPBURRITO,Economics,monthly,quadratic,6,0,1.0,0.49,1.0,4266.8,6.0,greater_or_equal,4.5,1,3,3,3,0,,3,5,18,False,
KXCMGA,Companies,one_off,quadratic,21,0,5.0,0.915,1.0,291.5,10.5,greater,6.1,0,2,4,4,0,,3,5,18,False,
KXCOPPERMON,Unknown,,quadratic,40,0,4.0,0.95,0.75,52.0,40.0,greater,4.68,1,3,2,4,0,,3,5,18,False,
KXDASH,Financials,one_off,quadratic,17,0,3.0,0.1,1.0,220.0,8.5,greater,4.26,1,3,3,3,0,,3,5,18,False,
KXDEPORTATIONS,Unknown,,quadratic,6,0,3.55,0.8748,1.0,15236.4,6.0,greater,5.09,1,2,4,3,0,,3,5,18,False,
KXDISA,Financials,one_off,quadratic,7,0,1.0,0.595,1.0,588.0,7.0,greater,4.38,1,3,3,3,0,,3,5,18,False,
KXDKNG,Financials,one_off,quadratic,15,0,2.0,0.265,1.0,202.0,7.5,greater,4.74,1,3,3,3,0,,3,5,18,False,
KXDOGEMINMON,Crypto,monthly,quadratic,6,0,4.5,0.0325,0.333,4487.0,6.0,less,4.96,3,3,1,3,0,,3,5,18,False,
KXDUOL,Financials,one_off,quadratic,20,0,1.0,0.365,1.0,47.5,10.0,greater,4.26,1,3,2,4,0,,3,5,18,False,
KXDWTSCAST,Unknown,,quadratic,27,0,1.0,0.1475,0.963,73.7,27.0,,2.78,1,4,3,2,0,,3,5,18,False,
KXEARNINGSMENTIONAMZN,Unknown,,quadratic,23,0,1.0,0.67,1.0,3276.2,23.0,custom,4.1,1,3,4,2,0,,3,5,18,False,
KXEFFTARIFF,Economics,one_off,quadratic,16,0,1.0,0.2375,1.0,134.1,8.0,greater,3.54,1,3,3,3,0,,3,5,18,False,
KXENGAGEMENTDARTBEER,Unknown,,quadratic,1,0,1.0,0.015,1.0,12382.1,1.0,,1.22,1,5,4,0,0,,3,5,18,False,
KXENGAGEMENTMEGKLAY,Unknown,,quadratic,1,0,1.0,0.045,1.0,27000.1,1.0,,1.62,1,5,4,0,0,,3,5,18,False,
KXFEDDECISION,Economics,custom,quadratic_with_maker_fees,60,0,4.0,0.125,0.933,3370.5,5.0,custom,5.54,3,2,4,1,0,,3,5,18,False,
KXFEDEND,Politics,custom,quadratic,2,0,2.5,0.039,1.0,68371.7,1.0,,3.04,3,4,4,0,0,,2,5,18,False,
KXFLYCANCJFK,Economics,one_off,quadratic,1,0,1.3,0.0215,1.0,3028580.6,1.0,greater_or_equal,1.6,1,5,4,0,0,,3,5,18,False,
KXFOMCDISSENTCOUNT,Economics,custom,quadratic,5,0,3.0,0.135,1.0,9.6,5.0,between,4.64,1,3,2,4,0,,3,5,18,False,
KXGAMEAWARDS,Unknown,,quadratic,17,0,1.0,0.05,0.471,46370.7,17.0,,1.68,1,5,2,2,0,,3,5,18,False,
KXGAMERELEASE,Unknown,,quadratic,11,0,2.0,0.05,1.0,6646.6,11.0,,2.68,1,4,3,2,0,,3,5,18,False,
KXGBT55OY,Commodities,annual,quadratic,4,0,6.0,0.0925,1.0,10187.4,4.0,less_or_equal,7.18,1,2,4,3,0,,3,5,18,False,
KXGDPSHAREMANU,Economics,custom,quadratic,1,0,4.3,0.1685,1.0,23803.0,1.0,greater_or_equal,6.28,4,2,4,0,0,,3,5,18,False,
KXGDPUSMAX,Economics,annual,quadratic,1,0,3.7,0.2685,1.0,171433.6,1.0,greater,6.46,4,2,4,0,0,,3,5,18,False,
KXGERELECTION,Unknown,,quadratic,7,0,1.0,0.035,1.0,4871.0,7.0,custom,1.48,1,5,3,1,0,,3,5,18,False,
KXGOLDDIRY,Unknown,,quadratic,13,0,4.0,0.21,1.0,5743.5,13.0,greater,6.34,1,2,3,4,0,,3,5,18,False,
KXGOVAK,Unknown,,quadratic,16,0,2.0,0.0283,1.0,9977.8,16.0,custom,2.4,1,4,3,2,0,,3,5,18,False,
KXGOVKSNOMD,Unknown,,quadratic,4,0,1.35,0.1215,1.0,12667.5,4.0,custom,2.85,1,4,4,1,0,,3,5,18,False,
KXGOVMNNOMD,Unknown,,quadratic,10,0,0.7,0.0045,0.5,10476.5,10.0,custom,0.84,1,5,2,2,0,,3,5,18,False,
KXGOVNHNOMD,Unknown,,quadratic,5,0,1.6,0.009,1.0,1725.1,5.0,custom,1.74,1,5,3,1,0,,3,5,18,False,
KXGOVVTNOMD,Unknown,,quadratic,9,0,1.4,0.008,1.0,698.2,9.0,custom,1.54,1,5,3,1,0,,3,5,18,False,
KXGOVVTNOMR,Unknown,,quadratic,5,0,1.4,0.008,1.0,764.9,5.0,custom,1.54,1,5,3,1,0,,3,5,18,False,
KXGOVWINOMD,Unknown,,quadratic,11,0,0.5,0.0152,0.364,83360.4,11.0,custom,0.72,1,5,2,2,0,,3,5,18,False,
KXGOVWINOMR,Unknown,,quadratic,8,0,1.4,0.0112,1.0,725.0,8.0,custom,1.56,1,5,3,1,0,,3,5,18,False,
KXGOVWYNOMR,Unknown,,quadratic,5,0,2.0,0.0155,1.0,10744.9,5.0,custom,2.22,1,4,4,1,0,,3,5,18,False,
KXH200MON,Science and Technology,monthly,quadratic,30,0,6.0,0.955,0.967,390.0,30.0,greater,6.62,0,2,4,4,0,,3,5,18,False,
KXHD,Financials,one_off,quadratic,13,0,2.0,0.875,1.0,230.0,6.5,greater,3.54,1,3,3,3,0,,3,5,18,False,
KXHERMESBIRKIN,Unknown,,quadratic,12,0,5.0,0.2925,1.0,187.9,12.0,greater,7.9,1,2,3,4,0,,3,5,18,False,
KXHOODA,Companies,one_off,quadratic,32,0,3.0,0.5975,1.0,2105.9,16.0,greater,6.38,0,2,4,4,0,,3,5,18,False,
KXHOUSEWINSTATE,Unknown,,quadratic,29,0,7.0,0.08,1.0,118.0,4.0,"between,greater,less",8.04,1,1,4,4,0,,3,5,18,False,
KXHURCTOTMAJ,Unknown,,quadratic,8,0,2.0,0.24,1.0,4184.6,8.0,greater,4.56,1,3,3,3,0,,3,5,18,False,
KXINXVSBTC,Financials,annual,quadratic,2,0,6.0,0.5,1.0,9272.6,2.0,custom,9.5,3,1,3,1,0,,5,5,18,False,
KXIPOSTARLINK,Financials,one_off,quadratic,11,0,2.0,0.035,0.818,22256.8,11.0,custom,2.48,1,4,3,2,0,,3,5,18,False,
KXIRANDEMOCRACY,Unknown,,quadratic,1,0,0.9,0.0345,1.0,286172.4,1.0,greater,1.38,1,5,4,0,0,,3,5,18,False,
KXJUDGECOUNT,Politics,monthly,quadratic,10,0,1.0,0.995,0.7,1936.2,10.0,greater,1.14,0,5,2,4,0,,2,5,18,False,
KXJUSTICEDEMWIN,Unknown,,quadratic,5,0,4.0,0.96,1.0,968.0,5.0,greater,4.54,1,3,3,3,0,,3,5,18,False,
KXKAMALAGOV,Unknown,,quadratic,1,0,0.8,0.026,1.0,46366.5,1.0,,1.16,1,5,4,0,0,,3,5,18,False,
KXKIMKBAREXAM,Unknown,,quadratic,1,0,1.0,0.055,1.0,73384.5,1.0,,1.74,1,5,4,0,0,,3,5,18,False,
KXKLAR,Financials,one_off,quadratic,14,0,1.5,0.335,1.0,185.0,7.0,greater,4.62,1,3,3,3,0,,3,5,18,False,
KXKLARA,Financials,one_off,quadratic,6,0,1.0,0.3275,1.0,118.4,6.0,greater,4.1,1,3,3,3,0,,3,5,18,False,
KXLAGODAYS,Politics,monthly,quadratic,5,0,1.0,0.995,0.2,119709.1,5.0,between,1.14,0,5,2,4,0,,2,5,18,False,
KXLARGECUT,Economics,custom,quadratic,1,0,0.8,0.084,1.0,501246.4,1.0,,1.88,1,5,4,0,0,,3,5,18,False,
KXLBJRETIRE,Sports,custom,quadratic,1,0,1.0,0.015,1.0,3176141.8,1.0,,1.22,1,5,4,0,0,,3,5,18,False,
KXLEADERNFLPYDS,Sports,annual,quadratic,28,0,2.0,0.05,0.75,1052.2,28.0,structured,2.68,1,4,3,2,0,,3,5,18,False,
KXLEADERNFLRUSHYDS,Sports,annual,quadratic,25,0,2.0,0.035,0.84,956.9,25.0,structured,2.48,1,4,3,2,0,,3,5,18,False,
KXLEADERSOUT,Politics,annual,quadratic,35,0,1.8,0.066,1.0,12958.8,35.0,custom,2.68,0,4,5,2,0,,2,5,18,False,
KXLFPRATE,Economics,annual,quadratic,5,0,6.0,0.145,1.0,445.6,5.0,"between,greater_or_equal,less",7.74,1,2,3,4,0,,3,5,18,False,
KXLIGAMX,Sports,annual,quadratic,36,0,2.0,0.07,0.583,9728.0,18.0,structured,2.92,1,4,3,2,0,,3,5,18,False,
KXLIKUDPRIMARY,Unknown,,quadratic,14,0,1.5,0.045,1.0,314.5,14.0,custom,2.12,1,4,3,2,0,,3,5,18,False,
KXLMT,Financials,one_off,quadratic,9,0,1.0,0.555,1.0,518.0,9.0,greater,4.46,1,3,3,3,0,,3,5,18,False,
KXLOSEPRIMARYHOUSED,Unknown,,quadratic,3,0,6.0,0.1065,1.0,8444.9,3.0,"between,greater",7.34,1,2,3,4,0,,3,5,18,False,
KXMCD,Financials,one_off,quadratic,33,0,2.0,0.47,1.0,150.1,8.5,greater,5.5,1,2,4,3,0,,3,5,18,False,
KXMCDA,Financials,one_off,quadratic,13,0,1.0,0.565,1.0,100.7,6.5,greater,4.46,1,3,3,3,0,,3,5,18,False,
KXMCMORROWENDORSE,Unknown,,quadratic,3,0,1.0,0.075,1.0,9283.0,3.0,custom,1.98,1,5,3,1,0,,3,5,18,False,
KXMEASLES,Science and Technology,annual,quadratic,5,0,2.0,0.18,1.0,149591.7,5.0,greater,4.08,0,3,4,3,0,,3,5,18,False,
KXMEDIACOVERSI,Unknown,,quadratic,19,0,1.0,0.095,1.0,481.0,19.0,,2.22,1,4,3,2,0,,3,5,18,False,
KXMEDIARELEASEST,Unknown,,quadratic,1,0,1.0,0.055,1.0,2435401.8,1.0,,1.74,1,5,4,0,0,,3,5,18,False,
KXMI13D,Unknown,,quadratic,5,0,1.4,0.008,1.0,1041.6,5.0,custom,1.54,1,5,3,1,0,,3,5,18,False,
KXMLBALMOTY,Sports,annual,quadratic,17,0,1.0,0.06,0.471,15639.9,17.0,custom,1.8,1,5,2,2,0,,3,5,18,False,
KXMLBNEXTTEAM,Sports,custom,quadratic,62,0,1.0,0.015,0.371,782.5,31.0,structured,1.22,1,5,2,2,0,,3,5,18,False,
KXMLBNL,Sports,annual,quadratic_with_maker_fees,15,0,1.0,0.0925,0.533,195626.8,15.0,structured,2.18,1,4,3,2,0,,3,5,18,False,
KXMLBNLCY,Sports,annual,quadratic,46,0,1.0,0.06,0.13,7677.5,46.0,"custom,structured",1.8,1,5,2,2,0,,3,5,18,False,
KXMLBPLAYOFFS,Sports,annual,quadratic,30,0,3.0,0.3625,0.933,40892.6,30.0,structured,6.24,1,2,5,2,0,,3,5,18,False,
KXMLSEAST,Sports,annual,quadratic,15,0,1.0,0.035,0.867,2242.0,15.0,structured,1.48,1,5,2,2,0,,3,5,18,False,
KXMUSKBLUESKY,Unknown,,quadratic,1,0,1.0,0.055,1.0,25709.6,1.0,,1.74,1,5,4,0,0,,3,5,18,False,
KXMUSKNW,Economics,monthly,quadratic,44,0,5.0,0.155,0.659,3495.7,22.0,greater,6.84,1,2,3,4,0,,3,5,18,False,
KXMUSKWEALTH,Economics,custom,quadratic,9,0,2.0,0.055,1.0,14421.5,9.0,,2.74,1,4,4,1,0,,3,5,18,False,
KXNBAMVP,Sports,annual,quadratic_with_maker_fees,53,0,1.0,0.06,0.208,1276.3,53.0,"custom,structured",1.8,1,5,2,2,0,,3,5,18,False,
KXNBAROY,Sports,annual,quadratic_with_maker_fees,17,0,2.0,0.065,0.647,14503.9,17.0,"custom,structured",2.86,1,4,3,2,0,,3,5,18,False,
KXNCAAFFINALIST,Sports,annual,quadratic,50,0,2.0,0.0475,0.64,311.8,50.0,structured,2.64,1,4,3,2,0,,3,5,18,False,
KXNCAAFPLAYOFF,Sports,annual,quadratic_with_maker_fees,50,0,3.0,0.1575,1.0,3069.4,50.0,structured,4.86,1,3,4,2,0,,3,5,18,False,
KXNCAAFSEC,Sports,annual,quadratic_with_maker_fees,16,0,1.0,0.06,0.75,9304.2,16.0,structured,1.8,1,5,2,2,0,,3,5,18,False,
KXNCAAFUNDEFEATED,Sports,annual,quadratic,27,0,3.0,0.06,0.963,1763.3,27.0,structured,3.8,1,3,4,2,0,,3,5,18,False,
KXNCAAMBNEXTCOACH,Sports,custom,quadratic,25,0,2.0,0.05,0.12,15225.5,25.0,custom,2.68,1,4,3,2,0,,3,5,18,False,
KXNEARMINY,Crypto,annual,quadratic,3,0,4.0,0.39,1.0,0.3,3.0,less,7.34,3,2,2,3,0,,3,5,18,False,
KXNETFLIXTOPVIEWSTV,Unknown,,quadratic,11,0,1.0,0.3275,0.727,3473.6,11.0,greater_or_equal,4.1,1,3,2,4,0,,3,5,18,False,
KXNEWOUTBREAK,Unknown,,quadratic,1,0,1.0,0.055,1.0,678259.8,1.0,,1.74,1,5,4,0,0,,3,5,18,False,
KXNEXTAG,Politics,one_off,quadratic,22,0,0.55,0.0072,0.727,308348.3,22.0,custom,0.69,0,5,4,2,0,,2,5,18,False,
KXNEXTROMANIAPM,Unknown,,quadratic,26,0,3.0,0.025,0.538,555.3,26.0,custom,3.36,1,4,3,2,0,,3,5,18,False,
KXNEXTTRILLIONAIRE,Economics,custom,quadratic,12,0,1.0,0.055,0.75,1239.4,12.0,,1.74,1,5,2,2,0,,3,5,18,False,
KXNFLAFCCHAMP,Sports,annual,quadratic_with_maker_fees,16,0,1.0,0.085,0.812,170151.2,16.0,structured,2.1,1,4,3,2,0,,3,5,18,False,
KXNFLAFCEAST,Sports,annual,quadratic_with_maker_fees,4,0,1.0,0.205,1.0,25578.2,4.0,structured,3.3,1,4,4,1,0,,3,5,18,False,
KXNFLDPOTY,Sports,annual,quadratic_with_maker_fees,52,0,1.0,0.025,0.481,1937.0,52.0,structured,1.36,1,5,2,2,0,,3,5,18,False,
KXNFLDRAFT1ST,Sports,annual,quadratic,32,0,1.0,0.035,0.406,153.5,32.0,structured,1.48,1,5,2,2,0,,3,5,18,False,
KXNFLDRAFTPICK,Sports,annual,quadratic,20,0,1.0,0.045,0.65,5323.6,20.0,custom,1.62,1,5,2,2,0,,3,5,18,False,
KXNFLOPOTY,Sports,annual,quadratic_with_maker_fees,54,0,1.0,0.035,0.407,4619.8,54.0,structured,1.48,1,5,2,2,0,,3,5,18,False,
KXNFLPLAYOFF,Sports,annual,quadratic,32,0,1.5,0.5175,1.0,7218.0,32.0,structured,5.0,1,3,4,2,0,,3,5,18,False,
KXNHLEAST,Sports,annual,quadratic_with_maker_fees,16,0,1.5,0.045,1.0,525.0,16.0,structured,2.12,1,4,3,2,0,,3,5,18,False,
KXNUMREDISTRICTING,Unknown,,quadratic,7,0,6.0,0.1,1.0,1863.5,7.0,"between,greater,less",7.26,1,2,3,4,0,,3,5,18,False,
KXNUMSHUTDOWNS,Unknown,,quadratic,4,0,2.9,0.19,1.0,7414.0,4.0,between,5.06,1,2,3,4,0,,3,5,18,False,
KXOSCARNOMACTO,Unknown,,quadratic,28,0,3.0,0.11,0.964,2159.0,28.0,custom,4.38,1,3,4,2,0,,3,5,18,False,
KXOSCARNOMPIC,Unknown,,quadratic,43,0,3.0,0.12,1.0,4438.6,43.0,custom,4.48,1,3,4,2,0,,3,5,18,False,
KXOSCARSUPACTO,Unknown,,quadratic,22,0,1.5,0.05,0.545,288.0,22.0,custom,2.18,1,4,3,2,0,,3,5,18,False,
KXPERFORMROLEJEANGREY,Unknown,,quadratic,1,0,1.0,0.995,1.0,732077.8,1.0,,1.14,1,5,4,0,0,,3,5,18,False,
KXPGATOP20,Sports,custom,quadratic,147,0,2.0,0.145,0.952,2383.1,147.0,structured,3.74,1,3,4,2,0,,3,5,18,False,
KXPM,Financials,one_off,quadratic,7,0,1.0,0.91,1.0,78.7,7.0,greater,2.16,1,4,2,3,0,,3,5,18,False,
KXPRESOUTCOME,Unknown,,quadratic,32,0,2.0,0.0275,0.75,550.8,32.0,custom,2.38,1,4,3,2,0,,3,5,18,False,
KXRACE,Financials,one_off,quadratic,6,0,1.0,0.675,1.0,4084.2,6.0,greater,4.08,1,3,3,3,0,,3,5,18,False,
KXRANKLISTGOOGLESEARCH,Unknown,,quadratic,14,0,1.5,0.055,0.571,11528.9,14.0,,2.24,1,4,3,2,0,,3,5,18,False,
KXRBLXA,Financials,one_off,quadratic,14,0,1.5,0.195,1.0,140.0,7.0,greater,3.7,1,3,3,3,0,,3,5,18,False,
KXRECORDNFLWORST,Sports,custom,quadratic,32,0,1.0,0.0325,0.438,1409.3,32.0,structured,1.46,1,5,2,2,0,,3,5,18,False,
KXREDISTRICTING,Unknown,,quadratic,38,0,2.35,0.2275,1.0,9497.1,19.0,,4.83,1,3,4,2,0,,3,5,18,False,
KXRETIREPELOSI,Unknown,,quadratic,1,0,0.7,0.0565,1.0,205086.7,1.0,,1.46,1,5,4,0,0,,3,5,18,False,
KXRIVNA,Financials,one_off,quadratic,12,0,5.0,0.9175,1.0,5157.7,12.0,greater,6.06,1,2,3,4,0,,3,5,18,False,
KXROLEINPRODUCTIONDOOMSDAY,Unknown,,quadratic,19,0,1.0,0.325,1.0,17725.0,19.0,,4.08,1,3,4,2,0,,3,5,18,False,
KXRTX5090MAX,Science and Technology,annual,quadratic,6,0,1.5,0.09,1.0,346.7,6.0,greater,2.66,0,4,3,3,0,,3,5,18,False,
KXRTX5090MON,Science and Technology,one_off,quadratic,20,0,1.0,0.575,0.95,1233.4,20.0,greater,4.44,0,3,3,4,0,,3,5,18,False,
KXSAXONYANHALT,Unknown,,quadratic,7,0,1.0,0.02,0.571,12536.0,7.0,custom,1.28,1,5,3,1,0,,3,5,18,False,
KXSCOTTIESLAM,Sports,custom,quadratic,1,0,1.0,0.055,1.0,541081.9,1.0,,1.74,1,5,4,0,0,,3,5,18,False,
KXSCOURT,Politics,custom,quadratic,39,0,0.4,0.0045,0.897,14079.2,39.0,custom,0.54,0,5,4,2,0,,2,5,18,False,
KXSENATEDEMLEAD,Unknown,,quadratic,13,0,1.9,0.0175,1.0,4776.0,13.0,custom,2.16,1,4,3,2,0,,3,5,18,False,
KXSENATEFLR,Unknown,,quadratic,10,0,0.9,0.0055,0.6,2753.4,10.0,custom,1.04,1,5,2,2,0,,3,5,18,False,
KXSENATEKSD,Unknown,,quadratic,11,0,2.45,0.015,0.909,3060.3,11.0,custom,2.67,1,4,3,2,0,,3,5,18,False,
KXSEXYMAN,Unknown,,quadratic,20,0,1.0,0.0475,0.6,497.5,20.0,custom,1.64,1,5,2,2,0,,3,5,18,False,
KXSHOP,Financials,one_off,quadratic,11,0,1.0,0.555,1.0,251.0,5.5,greater,4.46,1,3,3,3,0,,3,5,18,False,
KXSHOPA,Financials,one_off,quadratic,6,0,1.0,0.43,1.0,187.0,6.0,greater,4.44,1,3,3,3,0,,3,5,18,False,
KXSOLMINMON,Crypto,monthly,quadratic,8,0,8.0,0.05,0.125,9810.0,8.0,less,8.68,3,1,1,3,0,,5,5,18,False,
KXSPACEXCOUNT,Science and Technology,custom,quadratic,26,0,1.0,0.48,0.846,36669.2,9.0,greater,4.5,0,3,4,3,0,,3,5,18,False,
KXSPOTIFYNUM1USA,Unknown,,quadratic,9,0,1.0,0.015,0.222,6301.6,4.5,greater_or_equal,1.22,1,5,1,3,0,,3,5,18,False,
KXTLN,Financials,one_off,quadratic,16,0,6.0,0.905,1.0,1479.5,16.0,greater,7.22,1,2,3,4,0,,3,5,18,False,
KXTOPALBUMRECORD,Unknown,,quadratic,8,0,1.0,0.0425,0.5,1001.0,8.0,greater,1.58,1,5,1,3,0,,3,5,18,False,
KXTOPALBUMRECORDOR,Unknown,,quadratic,9,0,2.0,0.02,0.556,2174.0,9.0,greater,2.28,1,4,2,3,0,,3,5,18,False,
KXTOPARTISTRUNNERUPUSA,Unknown,,quadratic,13,0,3.0,0.03,1.0,902.0,13.0,,3.42,1,4,3,2,0,,3,5,18,False,
KXTRUMPADMINLEAVE,Politics,annual,quadratic,32,0,1.0,0.195,1.0,24747.7,32.0,custom,3.2,0,4,5,2,0,,2,5,18,False,
KXTRUMPCOUNTRIES,Politics,annual,quadratic,21,0,1.1,0.085,1.0,12786.6,21.0,custom,2.2,0,4,5,2,0,,2,5,18,False,
KXTRUMPENDORSELOSS,Unknown,,quadratic,7,0,6.0,0.15,1.0,483.8,7.0,between,7.8,1,2,3,4,0,,3,5,18,False,
KXTRUMPMENTION,Unknown,,quadratic,30,0,1.5,0.455,1.0,733.5,30.0,custom,4.98,1,3,4,2,0,,3,5,18,False,
KXTRUMPRUN,Unknown,,quadratic,3,0,1.0,0.185,1.0,39063.7,3.0,custom,3.12,1,4,4,1,0,,3,5,18,False,
KXTRUTHSOCIAL,Politics,weekly,quadratic,10,0,1.0,0.165,0.5,33909.4,10.0,"between,greater,less",2.94,0,4,2,5,0,,2,5,18,False,
KXTVSEASONANNOUNCEST,Unknown,,quadratic,1,0,1.0,0.055,1.0,23993.5,1.0,,1.74,1,5,4,0,0,,3,5,18,False,
KXTXHOUSEDEMSEATS,Unknown,,quadratic,8,0,5.75,0.1,1.0,3337.1,8.0,"between,greater,less",7.01,1,2,3,4,0,,3,5,18,False,
KXUFCFIGHT,Sports,custom,quadratic,28,0,1.0,0.495,1.0,16658.9,2.0,structured,4.5,1,3,5,1,0,,3,5,18,False,
KXUKPARTY,Unknown,,quadratic,8,0,2.0,0.0395,1.0,19246.1,8.0,,2.54,1,4,4,1,0,,3,5,18,False,
KXUSACOMPANYSTAKE,Financials,one_off,quadratic,21,0,4.0,0.165,1.0,25682.4,21.0,custom,5.94,1,2,5,2,0,,3,5,18,False,
KXUSCPIYEAR,Economics,annual,quadratic,130,0,2.0,0.405,1.0,4.0,13.0,greater,5.38,1,2,3,4,0,,3,5,18,False,
KXUSFLYCAN,Economics,weekly,quadratic,12,0,1.0,0.61,0.833,490.0,12.0,greater,4.34,1,3,2,4,0,,3,5,18,False,
KXUSGASCPI,Economics,monthly,quadratic,38,0,1.0,0.49,0.263,1230.5,19.0,greater,4.5,1,3,2,4,0,,3,5,18,False,
KXUST5AM,Financials,one_off,quadratic,19,0,4.5,0.9675,0.632,840.0,19.0,greater,4.96,1,3,2,4,0,,3,5,18,False,
KXVOTEPRIMARY,Unknown,,quadratic,38,0,4.0,0.46,0.974,3392.4,7.0,greater_or_equal,7.48,1,2,4,3,0,,3,5,18,False,
KXWH,Financials,one_off,quadratic,8,0,1.0,0.2875,1.0,143.0,8.0,greater,3.88,1,3,3,3,0,,3,5,18,False,
KXWHA,Financials,one_off,quadratic,8,0,1.0,0.585,1.0,323.0,8.0,greater,4.4,1,3,3,3,0,,3,5,18,False,
KXWNBANEXTTEAM,Sports,custom,quadratic,48,0,1.0,0.015,0.479,1015.0,16.0,structured,1.22,1,5,2,2,0,,3,5,18,False,
KXWNBASPREAD,Sports,custom,quadratic,63,0,5.0,0.3,1.0,4.3,10.5,greater,7.96,1,2,3,4,0,,3,5,18,False,
KXWORDOFTHEYEAR,Unknown,,quadratic,6,0,1.0,0.06,1.0,5207.6,6.0,,1.8,1,5,3,1,0,,3,5,18,False,
KXWTI,Unknown,,quadratic,105,0,7.0,0.55,0.924,4761.2,30.0,greater,10.48,1,1,4,4,0,,3,5,18,False,
KXWTIMIN,Unknown,,quadratic,28,0,1.0,0.26,0.429,3651.2,14.0,less,3.7,1,3,2,4,0,,3,5,18,False,
KXXISUCCESSOR,Unknown,,quadratic,14,0,2.65,0.0283,1.0,1013.2,14.0,custom,3.05,1,4,3,2,0,,3,5,18,False,
KXXRPMINMON,Crypto,monthly,quadratic,8,0,3.0,0.07,0.25,4767.4,8.0,less,3.92,3,3,1,3,0,,3,5,18,False,
KXXRPMINY,Crypto,annual,quadratic,4,0,7.0,0.5275,1.0,188.8,4.0,less,10.5,3,1,3,3,0,,3,5,18,False,
KXYOU,Financials,one_off,quadratic,6,0,2.0,0.295,1.0,8529.9,6.0,greater,4.92,1,3,3,3,0,,3,5,18,False,
KXYTVIEWSW,Unknown,,quadratic,61,0,1.0,0.7175,0.918,70.1,9.0,greater,3.84,1,3,3,3,0,,3,5,18,False,
KXYUM,Financials,one_off,quadratic,18,0,1.0,0.68,0.944,581.5,9.0,greater,4.06,1,3,3,3,0,,3,5,18,False,
KXYUMA,Financials,one_off,quadratic,17,0,1.0,0.37,1.0,181.0,8.5,greater,4.28,1,3,3,3,0,,3,5,18,False,
KXZERORATE,Economics,custom,quadratic,1,0,0.1,0.0245,1.0,53147.5,1.0,,0.44,1,5,4,0,0,,3,5,18,False,
USCLIMATE,Unknown,,quadratic,2,0,5.05,0.1122,1.0,29541.2,2.0,less_or_equal,6.45,1,2,4,3,0,,3,5,18,False,
CHINAUSGDP,Economics,one_off,quadratic,1,0,1.0,0.195,1.0,122482.8,1.0,,3.2,1,4,4,0,0,,3,5,17,False,
CONTROLS,Unknown,,quadratic,4,0,1.5,0.505,1.0,1387471.6,2.0,"custom,structured",5.0,1,3,4,1,0,,3,5,17,False,
COSTCOHOTDOG,Economics,custom,quadratic,2,0,2.5,0.0825,1.0,36331.0,2.0,,3.56,1,3,4,1,0,,3,5,17,False,
FEDHIKE,Economics,custom,quadratic,3,0,1.0,0.705,1.0,209095.8,3.0,,3.92,1,3,4,1,0,,3,5,17,False,
GOVPARTYAZ,Unknown,,quadratic,2,0,1.0,0.5,1.0,221141.7,2.0,structured,4.5,1,3,4,1,0,,3,5,17,False,
GOVPARTYCA,Unknown,,quadratic,2,0,0.3,0.502,1.0,589484.8,2.0,structured,3.8,1,3,4,1,0,,3,5,17,False,
GOVPARTYCO,Unknown,,quadratic,2,0,1.35,0.4988,1.0,36346.8,2.0,structured,4.85,1,3,4,1,0,,3,5,17,False,
GOVPARTYGA,Unknown,,quadratic,2,0,1.0,0.5,1.0,227454.5,2.0,structured,4.5,1,3,4,1,0,,3,5,17,False,
GOVPARTYIA,Unknown,,quadratic,2,0,1.0,0.5,1.0,160673.5,2.0,structured,4.5,1,3,4,1,0,,3,5,17,False,
GOVPARTYIL,Unknown,,quadratic,2,0,1.2,0.4965,1.0,12070.3,2.0,structured,4.7,1,3,4,1,0,,3,5,17,False,
GOVPARTYMA,Unknown,,quadratic,2,0,1.2,0.5005,1.0,54857.4,2.0,structured,4.7,1,3,4,1,0,,3,5,17,False,
GOVPARTYME,Unknown,,quadratic,3,0,2.9,0.066,1.0,15920.6,3.0,"custom,structured",3.78,1,3,4,1,0,,3,5,17,False,
GOVPARTYMI,Unknown,,quadratic,3,0,2.0,0.15,1.0,93864.6,3.0,"custom,structured",3.8,1,3,4,1,0,,3,5,17,False,
GOVPARTYNY,Unknown,,quadratic,2,0,0.3,0.4995,1.0,239502.8,2.0,structured,3.8,1,3,4,1,0,,3,5,17,False,
GOVPARTYOH,Unknown,,quadratic,2,0,1.0,0.5,1.0,453544.3,2.0,structured,4.5,1,3,4,1,0,,3,5,17,False,
GOVPARTYOK,Unknown,,quadratic,2,0,1.25,0.4898,1.0,32811.5,2.0,structured,4.75,1,3,4,1,0,,3,5,17,False,
GOVPARTYWI,Unknown,,quadratic,2,0,1.0,0.51,1.0,80607.6,2.0,structured,4.5,1,3,4,1,0,,3,5,17,False,
KX10Y2YDATE,Financials,one_off,quadratic,11,0,7.0,0.89,1.0,212.1,11.0,greater,8.38,1,1,3,4,0,,3,5,17,False,
KX1ALBUM,Unknown,,quadratic,104,0,6.0,0.0775,1.0,455.8,104.0,,7.02,1,2,4,2,0,,3,5,17,False,
KX2028DRUN,Unknown,,quadratic,37,0,3.0,0.3,1.0,9163.6,37.0,custom,5.96,1,2,4,2,0,,3,5,17,False,
KXABNB,Financials,one_off,quadratic,17,0,4.0,0.545,1.0,200.0,8.5,greater,7.48,1,2,3,3,0,,3,5,17,False,
KXACQANNOUNCEANNUAL,Financials,one_off,quadratic,24,0,5.0,0.15,1.0,1344.1,24.0,custom,6.8,1,2,4,2,0,,3,5,17,False,
KXACQANNOUNCEEBAY,Financials,one_off,quadratic,1,0,1.0,0.155,1.0,2449447.6,1.0,,2.84,1,4,4,0,0,,3,5,17,False,
KXACQUANNOUNCEPINS,Financials,one_off,quadratic,6,0,3.0,0.0425,1.0,27440.7,6.0,,3.58,1,3,4,1,0,,3,5,17,False,
KXACTORWHITELOTUS,Unknown,,quadratic,23,0,4.0,0.11,1.0,756.9,23.0,custom,5.38,1,2,4,2,0,,3,5,17,False,
KXADP,Economics,custom,quadratic,35,0,5.0,0.54,1.0,202.0,7.0,greater,8.48,1,1,4,3,0,,3,5,17,False,
KXAGENCYELIM,Politics,custom,quadratic,4,0,0.95,0.0803,1.0,20928.6,4.0,,1.99,0,5,4,1,0,,2,5,17,False,
KXAISPIKE,Science and Technology,custom,quadratic,8,0,3.0,0.1275,1.0,3655.5,8.0,greater_or_equal,4.56,0,3,3,3,0,,3,5,17,False,
KXAKSALMON,Economics,one_off,quadratic,11,0,6.0,0.52,1.0,955.3,11.0,greater_or_equal,9.5,1,1,3,4,0,,3,5,17,False,
KXAKSENATE,Unknown,,quadratic,6,0,0.8,0.005,0.833,7064.2,6.0,custom,0.94,1,5,2,1,0,,3,5,17,False,
KXAKSENATEROUND,Unknown,,quadratic,3,0,6.0,0.275,1.0,3747.0,3.0,between,8.8,1,1,3,4,0,,3,5,17,False,
KXALIENS,Science and Technology,annual,quadratic,8,0,1.0,0.045,0.875,463000.0,8.0,,1.62,0,5,3,1,0,,3,5,17,False,
KXAMZNA,Financials,one_off,quadratic,5,0,4.0,0.775,1.0,6386.6,5.0,greater,6.46,1,2,3,3,0,,3,5,17,False,
KXAPRPOTUS,Politics,weekly,quadratic,8,0,1.0,0.085,0.375,31393.6,8.0,"between,greater,less",2.1,0,4,2,4,0,,2,5,17,False,
KXARODGRETIRE,Sports,custom,quadratic,1,0,3.0,0.035,1.0,152021.2,1.0,,3.48,1,4,4,0,0,,3,5,17,False,
KXARREST,Politics,one_off,quadratic,24,0,3.5,0.0725,1.0,11710.6,24.0,custom,4.46,0,3,5,2,0,,2,5,17,False,
KXATP1RANK,Sports,custom,quadratic,12,0,1.0,0.07,0.25,249.0,12.0,structured,1.92,1,5,1,2,0,,3,5,17,False,
KXATPGRANDSLAM,Sports,custom,quadratic,12,0,1.0,0.025,0.25,5837.5,12.0,structured,1.36,1,5,1,2,0,,3,5,17,False,
KXB200MAX,Science and Technology,annual,quadratic,3,0,1.0,0.555,1.0,638.2,3.0,greater,4.46,0,3,3,3,0,,3,5,17,False,
KXBABELMANDEBWEEKLY,Politics,one_off,quadratic,7,0,1.0,0.225,1.0,492.0,7.0,greater,3.46,0,4,3,3,0,,2,5,17,False,
KXBALANCEPOWERCOMBO,Unknown,,quadratic,4,0,1.0,0.275,1.0,1811891.0,4.0,custom,3.8,1,3,4,1,0,,3,5,17,False,
KXBRAZILPRES1R,Unknown,,quadratic,1,0,1.1,0.1045,1.0,10580.4,1.0,,2.42,1,4,4,0,0,,3,5,17,False,
KXBRBALLOT,Unknown,,quadratic,7,0,2.7,0.0355,1.0,9286.0,7.0,custom,3.18,1,4,3,1,0,,3,5,17,False,
KXBRRATECUT,Economics,annual,quadratic,6,0,5.5,0.2125,0.667,4335.2,6.0,"between,greater_or_equal",7.86,1,2,2,4,0,,3,5,17,False,
KXBRUVSEAT,Unknown,,quadratic,1,0,2.3,0.0195,1.0,24107.5,1.0,,2.58,1,4,4,0,0,,3,5,17,False,
KXBULGARIAPRES,Unknown,,quadratic,11,0,2.8,0.015,1.0,72.7,11.0,custom,3.02,1,4,2,2,0,,3,5,17,False,
KXBULL,Financials,one_off,quadratic,11,0,4.0,0.5,1.0,511.0,5.5,greater,7.5,1,2,3,3,0,,3,5,17,False,
KXCAVA,Financials,one_off,quadratic,24,0,5.0,0.5675,1.0,391.0,9.0,greater,8.44,1,1,4,3,0,,3,5,17,False,
KXCAVAA,Companies,one_off,quadratic,7,0,1.0,0.565,1.0,302.0,7.0,greater,4.46,0,3,3,3,0,,3,5,17,False,
KXCBDECISIONAUSTRALIA,Economics,custom,quadratic,5,0,1.0,0.02,0.6,3755.0,5.0,custom,1.28,1,5,2,1,0,,3,5,17,False,
KXCCAPRICE,Financials,one_off,quadratic,1,0,1.0,0.075,1.0,758.7,1.0,,1.98,1,5,3,0,0,,3,5,17,False,
KXCCL,Financials,one_off,quadratic,7,0,5.0,0.05,1.0,462.8,7.0,greater,5.68,1,2,3,3,0,,3,5,17,False,
KXCCLA,Companies,one_off,quadratic,13,0,4.0,0.115,1.0,3124.0,13.0,greater,5.44,0,2,3,4,0,,3,5,17,False,
KXCFACHICKSAND,Economics,monthly,quadratic,7,0,5.0,0.3,1.0,1057.0,7.0,greater_or_equal,7.96,1,2,3,3,0,,3,5,17,False,
KXCHCUTS,Economics,monthly,quadratic,9,0,5.0,0.145,1.0,402.0,9.0,greater,6.74,1,2,3,3,0,,3,5,17,False,
KXCHINAAI,Science and Technology,one_off,quadratic,27,0,1.0,0.015,0.704,1978.5,9.0,,1.22,0,5,3,1,0,,3,5,17,False,
KXCITRINI,Unknown,,quadratic,1,0,1.0,0.155,1.0,25872084.2,1.0,greater,2.84,1,4,4,0,0,,3,5,17,False,
KXCLACTONBYMOV,Unknown,,quadratic,16,0,6.0,0.6,1.0,2578.4,16.0,greater_or_equal,9.36,1,1,3,4,0,,3,5,17,False,
KXCLOSESTGOVERNOR,Unknown,,quadratic,14,0,3.3,0.0407,1.0,3010.9,14.0,custom,3.86,1,3,3,2,0,,3,5,17,False,
KXCO2LEVEL,Unknown,,quadratic,5,0,6.0,0.16,1.0,2700.8,5.0,greater_or_equal,7.9,1,2,3,3,0,,3,5,17,False,
KXCODINGMODEL,Science and Technology,custom,quadratic,9,0,1.0,0.055,0.556,73040.9,9.0,custom,1.74,0,5,3,1,0,,3,5,17,False,
KXCOMMGIFTS,Unknown,,quadratic,9,0,4.0,0.11,1.0,2675.0,9.0,greater,5.38,1,2,3,3,0,,3,5,17,False,
KXCOMPANYACTIONMERGER,Financials,one_off,quadratic,11,0,4.0,0.25,0.909,27021.6,11.0,,6.64,1,2,4,2,0,,3,5,17,False,
KXCOMPANYSTAKERYANAIR,Financials,one_off,quadratic,1,0,2.0,0.05,1.0,114888.9,1.0,,2.68,1,4,4,0,0,,3,5,17,False,
KXCPICOMBO,Unknown,,quadratic,15,0,5.5,0.115,0.4,2755.0,15.0,custom,6.94,4,2,1,2,0,,3,5,17,False,
KXCREDITRATING,Economics,custom,quadratic,1,0,1.9,0.0895,1.0,72020.9,1.0,,3.06,1,4,4,0,0,,3,5,17,False,
KXCRYPTORETURNY,Crypto,annual,quadratic,10,0,3.5,0.14,1.0,45123.6,10.0,custom,5.2,1,2,4,2,0,,3,5,17,False,
KXCS2,Sports,custom,quadratic,8,0,2.0,0.0825,0.75,11796.7,8.0,structured,3.06,1,4,3,1,0,,3,5,17,False,
KXCVNAA,Companies,one_off,quadratic,14,0,5.0,0.2225,1.0,280.0,14.0,greater,7.44,0,2,3,4,0,,3,5,17,False,
KXDASHA,Financials,one_off,quadratic,8,0,1.0,0.4575,1.0,38.0,8.0,greater,4.48,1,3,2,3,0,,3,5,17,False,
KXDKNGA,Financials,one_off,quadratic,12,0,1.0,0.325,1.0,96.5,6.0,greater,4.08,1,3,2,3,0,,3,5,17,False,
KXDRAMAY,Financials,one_off,quadratic,9,0,1.0,0.275,1.0,19.1,9.0,greater,3.8,1,3,2,3,0,,3,5,17,False,
KXEARNINGSMENTIONAAPL,Unknown,,quadratic,18,0,1.0,0.3575,1.0,3065.4,18.0,custom,4.22,1,3,3,2,0,,3,5,17,False,
KXEARNINGSMENTIONCVNA,Unknown,,quadratic,14,0,1.0,0.995,0.357,4859.8,14.0,custom,1.14,1,5,1,2,0,,3,5,17,False,
KXEARNINGSMENTIONRDDT,Unknown,,quadratic,15,0,1.0,0.425,1.0,2749.8,15.0,custom,4.44,1,3,3,2,0,,3,5,17,False,
KXEARNINGSMENTIONTOST,Unknown,,quadratic,14,0,1.5,0.435,1.0,431.6,14.0,custom,4.96,1,3,3,2,0,,3,5,17,False,
KXEARNINGSMENTIONYUM,Unknown,,quadratic,18,0,1.0,0.655,1.0,5292.2,18.0,custom,4.18,1,3,3,2,0,,3,5,17,False,
KXEARTHQUAKECALIFORNIA,Unknown,,quadratic,3,0,1.0,0.145,1.0,24869.2,1.0,greater_or_equal,2.74,1,4,4,0,0,,3,5,17,False,
KXEBAY,Financials,one_off,quadratic,5,0,5.0,0.15,1.0,8926.0,5.0,greater,6.8,1,2,3,3,0,,3,5,17,False,
KXELECTIRAN,Unknown,,quadratic,1,0,2.1,0.0625,1.0,46558.8,1.0,,2.94,1,4,4,0,0,,3,5,17,False,
KXENDORSEFISHBACK,Unknown,,quadratic,8,0,2.6,0.027,1.0,3790.9,8.0,custom,2.98,1,4,3,1,0,,3,5,17,False,
KXENGAGEMENTPUKA,Unknown,,quadratic,2,0,2.0,0.02,1.0,14278.7,1.0,,2.28,1,4,4,0,0,,3,5,17,False,
KXENGAGEMENTTOMBRADYEARLE,Unknown,,quadratic,1,0,3.0,0.025,1.0,11693.8,1.0,,3.36,1,4,4,0,0,,3,5,17,False,
KXEOWEEK,Politics,weekly,quadratic,5,0,1.0,0.125,1.0,6770.1,2.5,greater,2.54,0,4,3,3,0,,2,5,17,False,
KXESVI,Unknown,,quadratic,2,0,2.5,0.1175,1.0,14860.2,2.0,,3.96,1,3,4,1,0,,3,5,17,False,
KXF,Financials,one_off,quadratic,13,0,5.0,0.26,1.0,83.0,13.0,greater,7.7,1,2,2,4,0,,3,5,17,False,
KXF1CONSTRUCTORS,Sports,annual,quadratic,11,0,1.0,0.135,0.273,58864.5,11.0,custom,2.64,1,4,2,2,0,,3,5,17,False,
KXFAOFPI,Economics,monthly,quadratic,10,0,5.0,0.23,1.0,11.8,10.0,greater,7.48,1,2,2,4,0,,3,5,17,False,
KXFEATURE,Unknown,,quadratic,20,0,3.0,0.03,0.9,1381.1,20.0,custom,3.42,1,4,2,2,0,,3,5,17,False,
KXFEDDC,Politics,one_off,quadratic,1,0,3.8,0.091,1.0,50111.8,1.0,,4.96,3,3,4,0,0,,2,5,17,False,
KXFEDMEET,Economics,custom,quadratic,1,0,5.5,0.1085,1.0,154712.7,1.0,,6.86,3,2,4,0,0,,3,5,17,False,
KXFEDREFORM,Economics,one_off,quadratic,5,0,6.0,0.135,1.0,6730.0,5.0,custom,7.64,3,2,3,1,0,,3,5,17,False,
KXFEDTWEETS,Economics,weekly,quadratic,6,0,6.5,0.4425,0.333,713.8,6.0,"between,greater,less",9.96,3,1,1,4,0,,3,5,17,False,
KXFIRSTHURRICANE,Unknown,,quadratic,21,0,2.0,0.085,0.333,5737.5,21.0,custom,3.1,1,4,2,2,0,,3,5,17,False,
KXFOLLOWERCOUNTCLAV,Unknown,,quadratic,2,0,4.5,0.8325,1.0,3223.7,2.0,greater_or_equal,6.46,1,2,3,3,0,,3,5,17,False,
KXFRAGRANCE,Unknown,,quadratic,31,0,7.0,0.21,1.0,328.8,6.0,greater,9.34,1,1,4,3,0,,3,5,17,False,
KXFSLR,Financials,one_off,quadratic,11,0,5.0,0.91,1.0,5.0,11.0,greater,6.16,1,2,2,4,0,,3,5,17,False,
KXFUTUA,Financials,one_off,quadratic,8,0,1.5,0.385,1.0,4.5,8.0,greater,4.82,1,3,2,3,0,,3,5,17,False,
KXGEMINI35OY,Commodities,annual,quadratic,4,0,4.5,0.0775,1.0,3246.6,4.0,less_or_equal,5.52,1,2,3,3,0,,3,5,17,False,
KXGEMINI35Y,Commodities,annual,quadratic,4,0,5.5,0.1175,1.0,152.3,4.0,less_or_equal,6.96,1,2,3,3,0,,3,5,17,False,
KXGOOGA,Financials,one_off,quadratic,14,0,2.0,0.5225,1.0,687.0,7.0,greater,5.5,1,2,3,3,0,,3,5,17,False,
KXGOVAKPRIMARY,Unknown,,quadratic,16,0,3.65,0.0513,1.0,5861.5,16.0,custom,4.35,1,3,3,2,0,,3,5,17,False,
KXGOVCA,Unknown,,quadratic,2,0,0.35,0.5002,1.0,5636505.6,2.0,custom,3.85,1,3,4,1,0,,3,5,17,False,
KXGOVCTNOMD,Unknown,,quadratic,5,0,2.9,0.02,1.0,990.5,5.0,custom,3.18,1,4,3,1,0,,3,5,17,False,
KXGOVFLNOMR,Unknown,,quadratic,9,0,0.1,0.029,0.333,326241.4,9.0,custom,0.5,1,5,2,1,0,,3,5,17,False,
KXGOVMINOMD,Unknown,,quadratic,9,0,0.7,0.0047,0.889,2434.4,9.0,custom,0.84,1,5,2,1,0,,3,5,17,False,
KXGPT55Y,Commodities,annual,quadratic,4,0,5.0,0.08,1.0,789.3,4.0,less_or_equal,6.04,1,2,3,3,0,,3,5,17,False,
KXGRABA,Companies,one_off,quadratic,15,0,5.0,0.245,1.0,1146.3,15.0,greater,7.6,0,2,3,4,0,,3,5,17,False,
KXGRANDSLAMJFONSECA,Sports,one_off,quadratic,1,0,2.0,0.03,1.0,23130.4,1.0,structured,2.42,1,4,4,0,0,,3,5,17,False,
KXGREENIND,Unknown,,quadratic,1,0,2.1,0.0385,1.0,56562.1,1.0,,2.62,1,4,4,0,0,,3,5,17,False,
KXGREENLAND,Politics,one_off,quadratic,2,0,0.6,0.1015,1.0,2456193.5,2.0,,1.88,0,5,4,1,0,,2,5,17,False,
KXGTA6,Unknown,,quadratic,6,0,1.0,0.895,0.833,84420.5,6.0,,2.32,1,4,3,1,0,,3,5,17,False,
KXGTATRAILER,Unknown,,quadratic,3,0,1.0,0.745,1.0,23291.6,3.0,,3.66,1,3,4,1,0,,3,5,17,False,
KXH200MAX,Science and Technology,annual,quadratic,5,0,1.0,0.515,1.0,4886.5,5.0,greater,4.5,0,3,3,3,0,,3,5,17,False,
KXHDA,Companies,one_off,quadratic,9,0,1.0,0.825,1.0,30.0,9.0,greater,3.04,0,4,2,3,0,,3,5,17,False,
KXHEGSETHOUT,Politics,one_off,quadratic,2,0,0.95,0.0403,1.0,225150.1,2.0,custom,1.51,0,5,4,1,0,,2,5,17,False,
KXHELLCAT,Financials,one_off,quadratic,1,0,2.0,0.07,1.0,24453.7,1.0,,2.92,1,4,4,0,0,,3,5,17,False,
KXHIMS,Financials,one_off,quadratic,15,0,8.0,0.57,1.0,1992.8,15.0,greater,11.44,1,1,3,4,0,,3,5,17,False,
KXHIMSA,Financials,one_off,quadratic,11,0,5.5,0.8825,0.727,1991.7,11.0,greater,6.96,1,2,2,4,0,,3,5,17,False,
KXHORMUZWEEKLY,Politics,one_off,quadratic,22,0,5.5,0.825,0.909,6229.4,11.0,greater,7.54,0,2,4,4,0,,2,5,17,False,
KXHURRICANE,Unknown,,quadratic,24,0,5.0,0.5425,1.0,126.8,5.5,greater,8.48,1,1,4,3,0,,3,5,17,False,
KXHYPEMINMON,Crypto,monthly,quadratic,5,0,7.0,0.085,0.6,1872.1,5.0,less,8.1,3,1,2,3,0,,3,5,17,False,
KXILPENDEBT,Economics,annual,quadratic,7,0,6.0,0.06,1.0,1115.0,7.0,greater,6.8,1,2,3,3,0,,3,5,17,False,
KXINDIANPM,Unknown,,quadratic,9,0,1.0,0.015,0.889,3411.9,9.0,custom,1.22,1,5,2,1,0,,3,5,17,False,
KXINDYCARRACE,Sports,custom,quadratic,25,0,2.0,0.045,0.48,217.8,25.0,structured,2.62,1,4,2,2,0,,3,5,17,False,
KXINDYCARSERIES,Sports,annual,quadratic,25,0,2.5,0.03,0.24,9121.4,25.0,structured,2.92,1,4,2,2,0,,3,5,17,False,
KXJOBLESSCLAIMS,Economics,weekly,quadratic,9,0,5.0,0.745,1.0,2294.1,9.0,greater_or_equal,7.66,1,2,3,3,0,,3,5,17,False,
KXLAPRIMARY,Unknown,,quadratic,30,0,3.25,0.029,1.0,4740.0,3.0,custom,3.65,1,3,4,1,0,,3,5,17,False,
KXLAUNCHES,Science and Technology,one_off,quadratic,8,0,1.0,0.065,0.375,8207.0,8.0,greater,1.86,0,5,1,3,0,,3,5,17,False,
KXLAYOFFSYINFO,Economics,annual,quadratic,1,0,0.8,0.903,1.0,31439045.4,1.0,greater,2.04,1,4,4,0,0,,3,5,17,False,
KXLEADERMLBERA,Sports,annual,quadratic,56,0,3.0,0.03,0.125,169.7,56.0,custom,3.42,1,4,2,2,0,,3,5,17,False,
KXLEADERMLBHR,Sports,annual,quadratic,31,0,2.0,0.07,0.226,4567.9,31.0,custom,2.92,1,4,2,2,0,,3,5,17,False,
KXLEADERNFLPTDS,Sports,annual,quadratic,28,0,4.0,0.06,0.75,340.2,28.0,structured,4.8,1,3,3,2,0,,3,5,17,False,
KXLEAVEWALZ,Politics,one_off,quadratic,2,0,0.6,0.0585,1.0,559322.6,2.0,custom,1.38,0,5,4,1,0,,2,5,17,False,
KXLIGAMXGAME,Sports,custom,quadratic,27,0,1.0,0.275,1.0,7958.3,3.0,structured,3.8,1,3,4,1,0,,3,5,17,False,
KXLIGAMXTOTAL,Sports,custom,quadratic,54,0,4.0,0.4825,1.0,7.0,6.0,greater,7.5,1,2,3,3,0,,3,5,17,False,
KXLMTA,Financials,one_off,quadratic,18,0,1.0,0.595,1.0,13.0,9.0,greater,4.38,1,3,2,3,0,,3,5,17,False,
KXLOB,Financials,one_off,quadratic,6,0,5.0,0.1625,1.0,858.2,6.0,greater,6.92,1,2,3,3,0,,3,5,17,False,
KXLOBA,Financials,one_off,quadratic,7,0,4.0,0.47,1.0,229.0,7.0,greater,7.5,1,2,3,3,0,,3,5,17,False,
KXLOSEMAJORITY,Unknown,,quadratic,1,0,2.0,0.073,1.0,38925.6,1.0,,2.96,1,4,4,0,0,,3,5,17,False,
KXLOSEREELECTIONRSEN,Unknown,,quadratic,4,0,6.95,0.21,1.0,9892.5,4.0,"between,greater_or_equal",9.29,1,1,3,4,0,,3,5,17,False,
KXLOW,Financials,one_off,quadratic,9,0,5.0,0.135,1.0,999.2,9.0,greater,6.64,1,2,3,3,0,,3,5,17,False,
KXLOWTATL,Unknown,,quadratic,6,0,4.0,0.035,0.833,94.3,6.0,"between,greater,less",4.48,1,3,1,4,0,,3,5,17,False,
KXLOWTMIA,Unknown,,quadratic,6,0,5.0,0.13,0.833,878.7,6.0,"between,greater,less",6.6,1,2,2,4,0,,3,5,17,False,
KXLOWTMIN,Unknown,,quadratic,6,0,6.5,0.1225,1.0,271.5,6.0,"between,greater,less",8.02,1,1,3,4,0,,3,5,17,False,
KXLOWTSATX,Unknown,,quadratic,6,0,3.0,0.185,0.833,147.0,6.0,"between,greater,less",5.12,1,2,2,4,0,,3,5,17,False,
KXLULU,Financials,one_off,quadratic,18,0,4.0,0.1475,0.889,455.0,18.0,greater,5.78,1,2,2,4,0,,3,5,17,False,
KXLULUA,Financials,one_off,quadratic,14,0,7.0,0.245,0.929,1005.3,14.0,greater,9.6,1,1,3,4,0,,3,5,17,False,
KXMA6D,Unknown,,quadratic,9,0,2.3,0.013,1.0,1408.0,9.0,custom,2.48,1,4,3,1,0,,3,5,17,False,
KXMAMDANIPOLL,Unknown,,quadratic,8,0,1.0,0.595,1.0,1.5,8.0,greater_or_equal,4.38,1,3,2,3,0,,3,5,17,False,
KXMAYORLA,Unknown,,quadratic,2,0,1.0,0.5,1.0,12498416.9,2.0,custom,4.5,1,3,4,1,0,,3,5,17,False,
KXMEDIAGUESTFALLON,Unknown,,quadratic,27,0,6.0,0.145,1.0,175.7,27.0,,7.74,1,2,4,2,0,,3,5,17,False,
KXMELIA,Financials,one_off,quadratic,15,0,5.0,0.61,0.933,991.3,15.0,greater,8.34,1,1,3,4,0,,3,5,17,False,
KXMESENATEPERSON,Unknown,,quadratic,15,0,0.7,0.184,0.267,79356.4,15.0,custom,2.82,1,4,2,2,0,,3,5,17,False,
KXMESENOUTCOME,Unknown,,quadratic,2,0,1.0,0.5,1.0,268831.1,2.0,custom,4.5,1,3,4,1,0,,3,5,17,False,
KXMI11D,Unknown,,quadratic,5,0,0.7,0.0475,0.8,3743.7,5.0,custom,1.34,1,5,2,1,0,,3,5,17,False,
KXMIDTERMHAPPEN,Unknown,,quadratic,1,0,2.0,0.91,1.0,30311.2,1.0,greater_or_equal,3.16,1,4,4,0,0,,3,5,17,False,
KXMISC,Unknown,,quadratic,3,0,1.0,0.065,1.0,3.0,3.0,custom,1.86,1,5,2,1,0,,3,5,17,False,
KXMLABELSHARE,Unknown,,quadratic,3,0,1.0,0.495,1.0,5.0,3.0,greater,4.5,1,3,2,3,0,,3,5,17,False,
KXMLBBESTRECORD,Sports,annual,quadratic,30,0,1.0,0.225,0.1,4485.8,30.0,structured,3.46,1,4,2,2,0,,3,5,17,False,
KXMLBF5TOTAL,Sports,custom,quadratic,70,0,4.0,0.6475,1.0,2.0,7.0,greater,7.2,1,2,3,3,0,,3,5,17,False,
KXMLBHIT,Sports,custom,quadratic,55,0,3.0,0.25,1.0,1.0,6.0,greater,5.64,1,2,3,3,0,,3,5,17,False,
KXMLBMENTION,Unknown,,quadratic,114,0,1.0,0.385,0.947,64.1,19.0,custom,4.32,1,3,3,2,0,,3,5,17,False,
KXMLBNLEAST,Sports,annual,quadratic,5,0,1.0,0.12,0.8,154139.6,5.0,structured,2.48,1,4,3,1,0,,3,5,17,False,
KXMLBNLROTY,Sports,annual,quadratic,30,0,3.0,0.085,0.167,16011.2,30.0,"custom,structured",4.1,1,3,3,2,0,,3,5,17,False,
KXMLBSTATCOUNT,Sports,custom,quadratic,36,0,6.0,0.54,0.917,1194.6,6.5,greater_or_equal,9.48,1,1,4,3,0,,3,5,17,False,
KXMLBWORSTRECORD,Sports,annual,quadratic,30,0,1.0,0.0775,0.2,9268.3,30.0,structured,2.02,1,4,2,2,0,,3,5,17,False,
KXMLSGAME,Sports,custom,quadratic,45,0,1.0,0.28,1.0,4659.4,3.0,structured,3.84,1,3,4,1,0,,3,5,17,False,
KXMLSSPREAD,Sports,custom,quadratic,60,0,5.0,0.1275,1.0,60.4,4.0,greater,6.56,1,2,3,3,0,,3,5,17,False,
KXMLSTOTAL,Sports,custom,quadratic,90,0,3.0,0.535,1.0,37.0,6.0,greater,6.5,1,2,3,3,0,,3,5,17,False,
KXMLSWEST,Sports,annual,quadratic,15,0,2.0,0.035,0.8,2618.0,15.0,structured,2.48,1,4,2,2,0,,3,5,17,False,
KXMOONMAN,Science and Technology,custom,quadratic,5,0,1.7,0.0215,1.0,8910.3,5.0,,2.0,0,5,3,1,0,,3,5,17,False,
KXMORATORIUMCOUNT,Unknown,,quadratic,4,0,4.0,0.2875,1.0,4078.2,4.0,greater_or_equal,6.88,1,2,3,3,0,,3,5,17,False,
KXMORTGAGERATE,Economics,one_off,quadratic,5,0,5.0,0.725,1.0,5252.0,5.0,greater,7.8,1,2,3,3,0,,3,5,17,False,
KXMOSTEXPENSIVEART,Unknown,,quadratic,8,0,4.5,0.1625,1.0,6107.7,8.0,greater,6.42,1,2,3,3,0,,3,5,17,False,
KXMOVIEDELAYAVENGERS,Unknown,,quadratic,1,0,2.0,0.12,1.0,93061.8,1.0,,3.48,1,4,4,0,0,,3,5,17,False,
KXNBATEAM,Sports,custom,quadratic,1,0,2.0,0.94,1.0,13088.4,1.0,,2.8,1,4,4,0,0,,3,5,17,False,
KXNCAAFAAC,Sports,annual,quadratic,14,0,2.0,0.1,0.786,646.3,14.0,structured,3.26,1,4,2,2,0,,3,5,17,False,
KXNCAAFB10,Sports,annual,quadratic_with_maker_fees,18,0,1.0,0.06,0.444,7449.0,18.0,structured,1.8,1,5,1,2,0,,3,5,17,False,
KXNCAAFCONF,Sports,annual,quadratic,5,0,1.0,0.105,1.0,8019.0,5.0,custom,2.32,1,4,3,1,0,,3,5,17,False,
KXNCAAFMAC,Sports,annual,quadratic,13,0,3.0,0.045,1.0,537.1,13.0,structured,3.62,1,3,3,2,0,,3,5,17,False,
KXNCAAFPAC12,Sports,annual,quadratic,8,0,1.5,0.11,1.0,2902.5,8.0,structured,2.88,1,4,3,1,0,,3,5,17,False,
KXNCLHA,Financials,one_off,quadratic,7,0,5.0,0.92,1.0,8921.5,7.0,greater,6.04,1,2,3,3,0,,3,5,17,False,
KXNEWXBOX,Financials,one_off,quadratic,1,0,1.0,0.095,1.0,41851.9,1.0,,2.22,1,4,4,0,0,,3,5,17,False,
KXNEXTTEAMNBA,Sports,custom,quadratic,823,0,2.0,0.055,0.108,357.0,30.0,"custom,structured",2.74,1,4,2,2,0,,3,5,17,False,
KXNFL1SEED,Sports,custom,quadratic,32,0,3.5,0.08,0.562,1888.0,16.0,structured,4.54,1,3,3,2,0,,3,5,17,False,
KXNFLAFCNORTH,Sports,annual,quadratic_with_maker_fees,4,0,1.0,0.245,1.0,72541.2,4.0,structured,3.6,1,3,4,1,0,,3,5,17,False,
KXNFLAFCSOUTH,Sports,annual,quadratic_with_maker_fees,4,0,1.0,0.25,1.0,19875.6,4.0,structured,3.64,1,3,4,1,0,,3,5,17,False,
KXNFLAFCWEST,Sports,annual,quadratic_with_maker_fees,4,0,1.0,0.3075,1.0,46127.3,4.0,structured,4.0,1,3,4,1,0,,3,5,17,False,
KXNFLCPOTY,Sports,annual,quadratic_with_maker_fees,16,0,2.0,0.04,0.812,3875.8,16.0,structured,2.54,1,4,2,2,0,,3,5,17,False,
KXNFLNFCEAST,Sports,annual,quadratic_with_maker_fees,4,0,1.5,0.245,1.0,106438.2,4.0,structured,4.1,1,3,4,1,0,,3,5,17,False,
KXNFLNFCNORTH,Sports,annual,quadratic_with_maker_fees,4,0,1.0,0.25,1.0,43830.0,4.0,structured,3.64,1,3,4,1,0,,3,5,17,False,
KXNFLNFCSOUTH,Sports,annual,quadratic_with_maker_fees,4,0,1.0,0.25,1.0,54038.4,4.0,structured,3.64,1,3,4,1,0,,3,5,17,False,
KXNFLNFCWEST,Sports,annual,quadratic_with_maker_fees,4,0,1.5,0.2425,1.0,35134.8,4.0,structured,4.08,1,3,4,1,0,,3,5,17,False,
KXNFLPRIMETIME,Sports,custom,quadratic,32,0,2.0,0.245,0.812,349.5,32.0,structured,4.6,1,3,3,2,0,,3,5,17,False,
KXNHLWEST,Sports,annual,quadratic_with_maker_fees,16,0,2.0,0.065,0.812,409.9,16.0,structured,2.86,1,4,2,2,0,,3,5,17,False,
KXNIFTY,Financials,one_off,quadratic,5,0,7.0,0.07,1.0,462.0,5.0,greater_or_equal,7.92,1,2,3,3,0,,3,5,17,False,
KXNUMAPPROP,Unknown,,quadratic,3,0,5.0,0.075,1.0,4255.7,3.0,greater_or_equal,5.98,1,2,3,3,0,,3,5,17,False,
KXOPUS48OY,Commodities,annual,quadratic,4,0,4.5,0.06,1.0,6961.4,4.0,less_or_equal,5.3,1,2,3,3,0,,3,5,17,False,
KXOPUS48Y,Commodities,annual,quadratic,4,0,5.0,0.07,1.0,1908.4,4.0,less_or_equal,5.92,1,2,3,3,0,,3,5,17,False,
KXOSCARACTO,Unknown,,quadratic,20,0,1.0,0.0725,0.5,3095.4,20.0,custom,1.96,1,5,1,2,0,,3,5,17,False,
KXOSCARACTR,Unknown,,quadratic,15,0,2.0,0.08,0.533,1472.0,15.0,custom,3.04,1,4,2,2,0,,3,5,17,False,
KXOSCARNOMACTR,Unknown,,quadratic,21,0,5.0,0.22,1.0,1344.6,21.0,custom,7.42,1,2,4,2,0,,3,5,17,False,
KXOSCARNOMDIR,Unknown,,quadratic,23,0,5.0,0.17,0.957,1236.0,23.0,custom,6.98,1,2,4,2,0,,3,5,17,False,
KXOSCARNOMSUPACTO,Unknown,,quadratic,22,0,4.0,0.185,1.0,944.2,22.0,custom,6.12,1,2,4,2,0,,3,5,17,False,
KXOSCARSUPACTR,Unknown,,quadratic,14,0,2.0,0.105,0.571,712.3,14.0,custom,3.32,1,4,2,2,0,,3,5,17,False,
KXPBR,Financials,one_off,quadratic,12,0,6.0,0.915,1.0,0.5,12.0,greater,7.1,1,2,2,4,0,,3,5,17,False,
KXPDCDARTS,Sports,custom,quadratic,18,0,2.0,0.035,0.556,1022.1,18.0,structured,2.48,1,4,2,2,0,,3,5,17,False,
KXPGA3BALL,Sports,custom,quadratic,144,0,1.0,0.335,1.0,106.7,3.0,structured,4.12,1,3,4,1,0,,3,5,17,False,
KXPGAHOLEINONE,Sports,custom,quadratic,3,0,3.0,0.195,1.0,7861.6,3.0,greater_or_equal,5.2,1,2,3,3,0,,3,5,17,False,
KXPGAMAKECUT,Sports,custom,quadratic,147,0,3.0,0.52,1.0,258.0,147.0,structured,6.5,1,2,4,2,0,,3,5,17,False,
KXPGATIGER,Sports,one_off,quadratic,1,0,1.0,0.085,1.0,71020.8,1.0,,2.1,1,4,4,0,0,,3,5,17,False,
KXPLTRA,Financials,one_off,quadratic,11,0,6.0,0.47,1.0,827.2,11.0,greater,9.5,1,1,3,4,0,,3,5,17,False,
KXPRESELECTIONOCCUR,Unknown,,quadratic,1,0,2.4,0.917,1.0,65673.8,1.0,,3.48,1,4,4,0,0,,3,5,17,False,
KXPRESNOML,Unknown,,quadratic,11,0,2.6,0.023,1.0,30.8,11.0,custom,2.92,1,4,2,2,0,,3,5,17,False,
KXPRIMARYTURNOUT,Unknown,,quadratic,8,0,4.5,0.8575,1.0,804.7,8.0,greater,6.22,1,2,3,3,0,,3,5,17,False,
KXPRIMEENGCONSUMPTION,Science and Technology,custom,quadratic,10,0,2.0,0.03,1.0,7307.7,10.0,,2.42,0,4,3,2,0,,3,5,17,False,
KXRACEA,Financials,one_off,quadratic,13,0,6.0,0.695,1.0,1083.5,13.0,greater,8.98,1,1,3,4,0,,3,5,17,False,
KXRANKLISTFFRB,Sports,custom,quadratic,21,0,4.5,0.05,0.952,530.4,21.0,structured,5.18,1,2,4,2,0,,3,5,17,False,
KXRANKLISTGOOGLESEARCHTOP5,Unknown,,quadratic,19,0,3.0,0.12,1.0,656.5,19.0,,4.48,1,3,3,2,0,,3,5,17,False,
KXRANKLISTSONGGOL,Unknown,,quadratic,1,0,2.0,0.04,1.0,16252.2,1.0,,2.54,1,4,4,0,0,,3,5,17,False,
KXRECCOUNT,Politics,custom,quadratic,2,0,3.5,0.5025,1.0,42583.7,2.0,between,7.0,0,2,4,4,0,,2,5,17,False,
KXREDWAVECOMBO,Unknown,,quadratic,1,0,1.0,0.045,1.0,786.0,1.0,custom,1.62,1,5,3,0,0,,3,5,17,False,
KXRETIREMM,Unknown,,quadratic,1,0,1.0,0.185,1.0,1286809.3,1.0,,3.12,1,4,4,0,0,,3,5,17,False,
KXROGANGUEST,Unknown,,quadratic,21,0,5.0,0.16,1.0,1018.5,21.0,custom,6.9,1,2,4,2,0,,3,5,17,False,
KXROKU,Financials,one_off,quadratic,8,0,4.0,0.2425,1.0,3536.7,8.0,greater,6.58,1,2,3,3,0,,3,5,17,False,
KXROLEATEVENTROLLING,Unknown,,quadratic,15,0,3.0,0.025,0.667,2769.0,15.0,,3.36,1,4,2,2,0,,3,5,17,False,
KXRUNBYMIDTERM,Unknown,,quadratic,10,0,3.65,0.0328,1.0,7620.4,10.0,custom,4.11,1,3,3,2,0,,3,5,17,False,
KXSANDERSPRES,Unknown,,quadratic,1,0,1.0,0.105,1.0,20796.6,1.0,,2.32,1,4,4,0,0,,3,5,17,False,
KXSATRADEBAL,Economics,monthly,quadratic,10,0,5.0,0.3975,1.0,113.0,10.0,greater,8.36,1,1,3,4,0,,3,5,17,False,
KXSBUXA,Companies,one_off,quadratic,22,0,4.0,0.1475,1.0,725.6,8.0,greater,5.78,0,2,4,3,0,,3,5,17,False,
KXSCHW,Financials,one_off,quadratic,12,0,6.0,0.075,0.75,107.5,12.0,greater,6.98,1,2,2,4,0,,3,5,17,False,
KXSCREWWORMCOUNT,Science and Technology,custom,quadratic,6,0,4.0,0.0925,1.0,14717.8,6.0,greater,5.18,0,2,4,3,0,,3,5,17,False,
KXSCRSENSOUTRIGHT,Unknown,,quadratic,1,0,1.0,0.095,1.0,37767.3,1.0,,2.22,1,4,4,0,0,,3,5,17,False,
KXSDRGOVRUNOFFMOV,Unknown,,quadratic,10,0,1.0,0.995,0.1,1233.0,10.0,custom,1.14,1,5,1,2,0,,3,5,17,False,
KXSE,Financials,one_off,quadratic,9,0,5.0,0.855,1.0,1299.0,9.0,greater,6.74,1,2,3,3,0,,3,5,17,False,
KXSENATELA,Unknown,,quadratic,2,0,1.5,0.506,1.0,12940.9,2.0,structured,5.0,1,3,4,1,0,,3,5,17,False,
KXSENATEOKD,Unknown,,quadratic,2,0,0.65,0.4977,1.0,16696.9,2.0,custom,4.15,1,3,4,1,0,,3,5,17,False,
KXSENATEWYR,Unknown,,quadratic,3,0,3.1,0.0165,1.0,366.0,3.0,custom,3.34,1,4,3,1,0,,3,5,17,False,
KXSNAP,Financials,one_off,quadratic,17,0,4.0,0.56,1.0,202.0,8.5,greater,7.46,1,2,3,3,0,,3,5,17,False,
KXSNAPA,Financials,one_off,quadratic,6,0,1.0,0.385,1.0,93.0,6.0,greater,4.32,1,3,2,3,0,,3,5,17,False,
KXSPAINPARLI,Unknown,,quadratic,4,0,2.0,0.12,1.0,1120.1,4.0,custom,3.48,1,4,3,1,0,,3,5,17,False,
KXSTATE51,Politics,custom,quadratic,8,0,0.1,0.0178,1.0,190546.5,8.0,,0.36,0,5,4,1,0,,2,5,17,False,
KXSUPERBOWLHEADLINE,Entertainment,one_off,quadratic_with_maker_fees,53,0,2.0,0.03,1.0,378.5,53.0,,2.42,0,4,4,2,0,,2,5,17,False,
KXTAKEOVERACQWB,Financials,custom,quadratic,3,0,1.0,0.295,1.0,1495777.4,3.0,custom,3.92,1,3,4,1,0,,3,5,17,False,
KXTARIFFCHECKS,Politics,one_off,quadratic,2,0,0.1,0.037,1.0,1116569.3,2.0,,0.6,0,5,4,1,0,,2,5,17,False,
KXTARIFFREVENUE,Economics,custom,quadratic,6,0,6.0,0.845,1.0,868.6,6.0,greater,7.84,1,2,3,3,0,,3,5,17,False,
KXTESLADELIVERYBY,Financials,custom,quadratic,5,0,3.0,0.045,0.8,712.6,5.0,greater,3.62,1,3,2,3,0,,3,5,17,False,
KXTOP10BBSPOTS,Unknown,,quadratic,11,0,2.0,0.055,0.636,2697.9,11.0,custom,2.74,1,4,2,2,0,,3,5,17,False,
KXTOPARTIST,Unknown,,quadratic,10,0,2.0,0.105,0.4,21435.2,10.0,custom,3.32,1,4,2,2,0,,3,5,17,False,
KXTOPARTISTUSA,Unknown,,quadratic,16,0,1.0,0.09,0.25,34875.9,16.0,,2.16,1,4,2,2,0,,3,5,17,False,
KXTOPMONTHLY,Unknown,,quadratic,25,0,2.0,0.06,0.2,5037.5,12.5,custom,2.8,1,4,2,2,0,,3,5,17,False,
KXTOPSONGSPOTIFYRUNNERUP,Unknown,,quadratic,25,0,4.0,0.03,0.6,103.1,25.0,,4.42,1,3,3,2,0,,3,5,17,False,
KXTOST,Financials,one_off,quadratic,6,0,4.5,0.3125,1.0,2314.1,6.0,greater,7.52,1,2,3,3,0,,3,5,17,False,
KXTRUMPAPPROVALBELOW,Politics,annual,quadratic,6,0,2.0,0.2925,1.0,42470.6,6.0,less,4.9,0,3,4,3,0,,2,5,17,False,
KXTRUMPAPPROVALYEAR,Politics,annual,quadratic,8,0,3.0,0.0505,1.0,14052.8,8.0,greater,3.68,0,3,4,3,0,,2,5,17,False,
KXTRUMPBEARCASECOMBO,Unknown,,quadratic,1,0,1.1,0.1045,1.0,214217.3,1.0,custom,2.42,1,4,4,0,0,,3,5,17,False,
KXTRUMPBULLCASECOMBO,Unknown,,quadratic,1,0,2.1,0.0615,1.0,525757.7,1.0,custom,2.92,1,4,4,0,0,,3,5,17,False,
KXTRUMPENDORSE28,Unknown,,quadratic,6,0,1.0,0.115,1.0,881.1,6.0,custom,2.44,1,4,3,1,0,,3,5,17,False,
KXTRUMPENDORSEMENTS,Politics,one_off,quadratic,7,0,1.0,0.215,1.0,1673.7,7.0,greater_or_equal,3.38,0,4,3,3,0,,2,5,17,False,
KXTRUMPOUT27,Unknown,,quadratic,4,0,1.0,0.155,0.75,2268424.1,4.0,,2.84,1,4,3,1,0,,3,5,17,False,
KXTRUMPPARDON,Politics,custom,quadratic,33,0,2.1,0.074,1.0,5344.7,33.0,custom,3.06,0,4,4,2,0,,2,5,17,False,
KXTRUMPRALLIES,Unknown,,quadratic,6,0,4.5,0.545,1.0,1857.1,6.0,greater,7.98,1,2,3,3,0,,3,5,17,False,
KXTRUMPSAYCOMPANY,Unknown,,quadratic,9,0,1.0,0.025,0.889,7829.2,9.0,custom,1.36,1,5,2,1,0,,3,5,17,False,
KXTSLA,Financials,one_off,quadratic,34,0,7.0,0.63,0.971,90.1,17.0,greater,10.28,1,1,3,4,0,,3,5,17,False,
KXTSLAA,Companies,one_off,quadratic,24,0,5.0,0.79,1.0,2283.6,9.0,greater,7.34,0,2,4,3,0,,3,5,17,False,
KXTXSENOUTCOME,Unknown,,quadratic,2,0,1.0,0.515,1.0,100081.7,2.0,custom,4.5,1,3,4,1,0,,3,5,17,False,
KXU3,Economics,monthly,quadratic_with_maker_fees,70,0,6.0,0.54,0.814,318.5,14.0,greater,9.48,1,1,3,4,0,,3,5,17,False,
KXUBERTRIPS,Financials,one_off,quadratic,12,0,7.0,0.76,1.0,4809.6,12.0,greater,9.56,1,1,3,4,0,,3,5,17,False,
KXUCL,Sports,custom,quadratic_with_maker_fees,29,0,1.0,0.0775,0.414,1126.2,29.0,structured,2.02,1,4,2,2,0,,3,5,17,False,
KXUELTOTAL,Sports,custom,quadratic,54,0,4.0,0.45,1.0,24.5,6.0,greater,7.48,1,2,3,3,0,,3,5,17,False,
KXUFCLHEAVYWEIGHTTITLE,Sports,custom,quadratic,10,0,1.0,0.11,0.3,27541.1,10.0,,2.38,1,4,2,2,0,,3,5,17,False,
KXUFCLIGHTWEIGHTTITLE,Sports,custom,quadratic,12,0,2.0,0.04,0.333,19919.2,12.0,,2.54,1,4,2,2,0,,3,5,17,False,
KXUSAIRANAGREEMENT,Politics,custom,quadratic,10,0,1.0,0.135,1.0,123816.0,10.0,,2.64,0,4,4,2,0,,2,5,17,False,
KXUST10AM,Financials,one_off,quadratic,19,0,5.5,0.9675,0.526,573.0,19.0,greater,5.96,1,2,2,4,0,,3,5,17,False,
KXUST2AM,Financials,one_off,quadratic,19,0,6.0,0.9275,0.526,680.0,19.0,greater,6.96,1,2,2,4,0,,3,5,17,False,
KXUST30AM,Financials,one_off,quadratic,19,0,6.0,0.96,0.579,251.5,19.0,greater,6.54,1,2,2,4,0,,3,5,17,False,
KXUST7AM,Financials,one_off,quadratic,19,0,5.0,0.97,0.579,610.1,19.0,greater,5.42,1,2,2,4,0,,3,5,17,False,
KXUSTYLD,Economics,one_off,quadratic,16,0,7.5,0.93,1.0,650.8,16.0,greater,8.42,1,1,3,4,0,,3,5,17,False,
KXVAHOUSEDEM,Unknown,,quadratic,7,0,3.0,0.125,1.0,13610.2,7.0,,4.54,1,3,4,1,0,,3,5,17,False,
KXWEEKSNUM1,Unknown,,quadratic,22,0,7.0,0.285,1.0,1012.1,4.0,greater_or_equal,9.86,1,1,4,3,0,,3,5,17,False,
KXWEN,Financials,one_off,quadratic,13,0,1.0,0.555,0.846,180.1,6.5,greater,4.46,1,3,2,3,0,,3,5,17,False,
KXWENA,Companies,one_off,quadratic,8,0,1.0,0.71,1.0,212.0,8.0,greater,3.9,0,3,3,3,0,,3,5,17,False,
KXWMT,Financials,one_off,quadratic,15,0,2.0,0.435,1.0,146.0,7.5,greater,5.46,1,2,3,3,0,,3,5,17,False,
KXWMTA,Financials,one_off,quadratic,9,0,1.0,0.545,1.0,36.0,9.0,greater,4.48,1,3,2,3,0,,3,5,17,False,
KXWMTFT,Financials,one_off,quadratic,9,0,6.0,0.15,1.0,1646.0,9.0,greater,7.8,1,2,3,3,0,,3,5,17,False,
KXWNBA,Sports,annual,quadratic_with_maker_fees,15,0,1.0,0.095,0.467,72662.6,15.0,structured,2.22,1,4,2,2,0,,3,5,17,False,
KXWNBAMENTION,Unknown,,quadratic,108,0,1.0,0.625,0.815,366.6,18.0,custom,4.3,1,3,3,2,0,,3,5,17,False,
KXWNBAMVP,Sports,annual,quadratic,24,0,1.5,0.085,0.167,5956.6,24.0,"custom,structured",2.6,1,4,2,2,0,,3,5,17,False,
KXWNBAPLAYOFF,Sports,annual,quadratic,15,0,4.0,0.925,0.867,11142.0,15.0,structured,4.98,1,3,3,2,0,,3,5,17,False,
KXWTIDIRY,Unknown,,quadratic,11,0,7.0,0.245,1.0,549.1,11.0,greater,9.6,1,1,3,4,0,,3,5,17,False,
KXWYPRIMARY,Unknown,,quadratic,11,0,3.0,0.0275,0.909,597.9,5.5,custom,3.38,1,4,3,1,0,,3,5,17,False,
KXXAIGAME,Financials,one_off,quadratic,1,0,1.0,0.085,1.0,25347.4,1.0,,2.1,1,4,4,0,0,,3,5,17,False,
KXYOUTHUN,Economics,one_off,quadratic,1,0,1.0,0.185,1.0,21211.9,1.0,less,3.12,1,4,4,0,0,,3,5,17,False,
KXYTMONTHLY,Unknown,,quadratic,9,0,1.0,0.155,1.0,380.0,9.0,,2.84,1,4,3,1,0,,3,5,17,False,
MOON,Science and Technology,one_off,quadratic,4,0,1.15,0.1333,1.0,110941.2,4.0,,2.77,0,4,4,1,0,,3,5,17,False,
SENATEFLS,Unknown,,quadratic,2,0,1.0,0.5,1.0,68205.6,2.0,structured,4.5,1,3,4,1,0,,3,5,17,False,
SENATEME,Unknown,,quadratic,2,0,1.0,0.5,1.0,1810023.9,2.0,structured,4.5,1,3,4,1,0,,3,5,17,False,
SENATEMI,Unknown,,quadratic,2,0,1.0,0.495,1.0,163765.6,2.0,structured,4.5,1,3,4,1,0,,3,5,17,False,
SENATEMN,Unknown,,quadratic,2,0,1.15,0.4973,1.0,42043.9,2.0,structured,4.65,1,3,4,1,0,,3,5,17,False,
SENATEMS,Unknown,,quadratic,2,0,1.35,0.5022,1.0,31418.8,2.0,structured,4.85,1,3,4,1,0,,3,5,17,False,
SENATEMT,Unknown,,quadratic,3,0,2.0,0.18,1.0,104072.9,3.0,"custom,structured",4.08,1,3,4,1,0,,3,5,17,False,
SENATENJ,Unknown,,quadratic,2,0,1.1,0.503,1.0,16561.3,2.0,structured,4.6,1,3,4,1,0,,3,5,17,False,
SENATETN,Unknown,,quadratic,2,0,0.65,0.5022,1.0,16541.1,2.0,structured,4.15,1,3,4,1,0,,3,5,17,False,
SENATETX,Unknown,,quadratic,2,0,1.0,0.5,1.0,3369683.7,2.0,structured,4.5,1,3,4,1,0,,3,5,17,False,
CONTROLH,Unknown,,quadratic,4,0,2.0,0.505,1.0,3846429.7,2.0,"custom,structured",5.5,1,2,4,1,0,,3,5,16,False,
GOVPARTYAL,Unknown,,quadratic,2,0,1.85,0.4953,1.0,20607.1,2.0,structured,5.35,1,2,4,1,0,,3,5,16,False,
GOVPARTYFL,Unknown,,quadratic,2,0,2.0,0.5,1.0,77271.9,2.0,structured,5.5,1,2,4,1,0,,3,5,16,False,
GOVPARTYKY,Unknown,,quadratic,2,0,2.5,0.5225,1.0,11770.8,2.0,custom,6.0,1,2,4,1,0,,3,5,16,False,
GOVPARTYMN,Unknown,,quadratic,2,0,1.7,0.496,1.0,118196.5,2.0,structured,5.2,1,2,4,1,0,,3,5,16,False,
GOVPARTYNE,Unknown,,quadratic,2,0,2.5,0.4925,1.0,14313.2,2.0,structured,6.0,1,2,4,1,0,,3,5,16,False,
GOVPARTYNM,Unknown,,quadratic,2,0,2.25,0.4993,1.0,17440.2,2.0,structured,5.75,1,2,4,1,0,,3,5,16,False,
GOVPARTYNV,Unknown,,quadratic,2,0,2.0,0.5,1.0,108598.8,2.0,structured,5.5,1,2,4,1,0,,3,5,16,False,
GOVPARTYOR,Unknown,,quadratic,2,0,1.5,0.4975,1.0,58598.2,2.0,structured,5.0,1,2,4,1,0,,3,5,16,False,
GOVPARTYPA,Unknown,,quadratic,2,0,1.6,0.5035,1.0,41295.7,2.0,structured,5.1,1,2,4,1,0,,3,5,16,False,
GOVPARTYRI,Unknown,,quadratic,3,0,3.0,0.055,1.0,2978.9,3.0,"custom,structured",3.74,1,3,3,1,0,,3,5,16,False,
GOVPARTYSC,Unknown,,quadratic,2,0,1.65,0.4988,1.0,10111.2,2.0,structured,5.15,1,2,4,1,0,,3,5,16,False,
GOVPARTYTX,Unknown,,quadratic,2,0,1.5,0.4975,1.0,86465.8,2.0,structured,5.0,1,2,4,1,0,,3,5,16,False,
GOVPARTYWA,Unknown,,quadratic,2,0,3.0,0.5,1.0,10600.7,2.0,structured,6.5,1,2,4,1,0,,3,5,16,False,
GOVPARTYWV,Unknown,,quadratic,2,0,1.0,0.505,1.0,4289.2,2.0,custom,4.5,1,3,3,1,0,,3,5,16,False,
GTA6,Unknown,,quadratic,2,0,1.0,0.895,0.5,673620.3,2.0,,2.32,1,4,2,1,0,,3,5,16,False,
HOUSEAZ1,Unknown,,quadratic,2,0,1.0,0.485,1.0,6386.7,2.0,structured,4.5,1,3,3,1,0,,3,5,16,False,
HOUSECA22,Unknown,,quadratic,2,0,2.5,0.4975,1.0,23461.0,2.0,structured,6.0,1,2,4,1,0,,3,5,16,False,
HOUSENJ5,Unknown,,quadratic,2,0,0.6,0.4995,1.0,1186.5,2.0,structured,4.1,1,3,3,1,0,,3,5,16,False,
HOUSENY17,Unknown,,quadratic,2,0,3.0,0.515,1.0,13832.1,2.0,structured,6.5,1,2,4,1,0,,3,5,16,False,
HOUSEPA17,Unknown,,quadratic,2,0,1.05,0.4918,1.0,5492.7,2.0,structured,4.55,1,3,3,1,0,,3,5,16,False,
HOUSEPA7,Unknown,,quadratic,2,0,4.0,0.51,1.0,10733.4,2.0,structured,7.5,1,2,4,1,0,,3,5,16,False,
HOUSETX15,Unknown,,quadratic,2,0,3.0,0.515,1.0,40297.1,2.0,structured,6.5,1,2,4,1,0,,3,5,16,False,
HOUSETX28,Unknown,,quadratic,2,0,2.0,0.505,1.0,18241.2,2.0,structured,5.5,1,2,4,1,0,,3,5,16,False,
KXAAAGASMAXCA,Economics,annual,quadratic,10,0,5.5,0.255,1.0,14636.9,10.0,,8.16,1,1,4,2,0,,3,5,16,False,
KXAAAGASMINTX,Economics,annual,quadratic,6,0,3.0,0.055,0.833,14573.2,6.0,,3.74,1,3,3,1,0,,3,5,16,False,
KXAAPLA,Financials,one_off,quadratic,6,0,5.5,0.515,1.0,1281.0,6.0,greater,9.0,1,1,3,3,0,,3,5,16,False,
KXACA,Financials,one_off,quadratic,9,0,6.0,0.695,1.0,180.1,9.0,greater,8.98,1,1,3,3,0,,3,5,16,False,
KXACTORSONNYCROCKETT,Unknown,,quadratic,10,0,4.0,0.0975,1.0,797.6,10.0,custom,5.24,1,2,3,2,0,,3,5,16,False,
KXAISTREAMSERIES,Financials,one_off,quadratic,8,0,3.0,0.055,1.0,4251.3,8.0,,3.74,1,3,3,1,0,,3,5,16,False,
KXAKMOV,Unknown,,quadratic,10,0,5.5,0.075,1.0,2706.0,10.0,custom,6.48,1,2,3,2,0,,3,5,16,False,
KXALBERTAREFYES,Unknown,,quadratic,1,0,2.0,0.15,1.0,89599.8,1.0,,3.8,1,3,4,0,0,,3,5,16,False,
KXALBERTASEPREF,Unknown,,quadratic,1,0,3.0,0.085,1.0,13037.4,1.0,,4.1,1,3,4,0,0,,3,5,16,False,
KXALBUMRELEASE,Unknown,,quadratic,87,0,7.0,0.435,1.0,2838.6,87.0,,10.46,1,1,4,2,0,,3,5,16,False,
KXALITOOUT,Politics,one_off,quadratic,3,0,1.0,0.125,1.0,264731.7,3.0,custom,2.54,0,4,4,1,0,,2,5,16,False,
KXAOCSENATE,Unknown,,quadratic,1,0,1.0,0.385,1.0,27308.2,1.0,,4.32,1,3,4,0,0,,3,5,16,False,
KXARCTICICEMIN,Unknown,,quadratic,9,0,4.0,0.56,1.0,31.3,9.0,less,7.46,1,2,2,3,0,,3,5,16,False,
KXARENASCORE,Science and Technology,one_off,quadratic,7,0,5.0,0.195,1.0,2077.0,7.0,greater,7.2,0,2,3,3,0,,3,5,16,False,
KXARGENTINAPRES,Unknown,,quadratic,7,0,4.0,0.026,1.0,104.0,7.0,custom,4.36,1,3,3,1,0,,3,5,16,False,
KXARGPREMDIVGAME,Sports,custom,quadratic,27,0,3.0,0.325,1.0,216.6,3.0,structured,6.08,1,2,4,1,0,,3,5,16,False,
KXARMOMINF,Economics,monthly,quadratic,9,0,5.0,0.725,0.778,199.0,9.0,greater,7.8,1,2,2,3,0,,3,5,16,False,
KXATZA,Financials,one_off,quadratic,8,0,6.0,0.465,1.0,306.5,8.0,greater,9.5,1,1,3,3,0,,3,5,16,False,
KXAUGRECESSCAB,Unknown,,quadratic,4,0,6.0,0.3,0.75,792.0,4.0,between,8.96,1,1,2,4,0,,3,5,16,False,
KXBAA,Companies,one_off,quadratic,8,0,5.0,0.795,1.0,4709.1,8.0,greater,7.3,0,2,3,3,0,,3,5,16,False,
KXBALLOTAMERICAPARTY,Unknown,,quadratic,1,0,3.0,0.115,1.0,13025.2,1.0,,4.44,1,3,4,0,0,,3,5,16,False,
KXBANKRUPTCY,Economics,one_off,quadratic,13,0,8.0,0.53,1.0,2.0,13.0,greater,11.5,1,1,2,4,0,,3,5,16,False,
KXBARRELS,Economics,custom,quadratic,4,0,7.0,0.4425,1.0,5203.4,4.0,greater_or_equal,10.46,1,1,3,3,0,,3,5,16,False,
KXBERNIEENDORSE,Unknown,,quadratic,11,0,5.0,0.305,1.0,3907.0,11.0,custom,7.98,1,2,3,2,0,,3,5,16,False,
KXBILLSCOUNT,Politics,monthly,quadratic,8,0,3.0,0.975,0.125,307.9,8.0,between,3.36,0,4,1,4,0,,2,5,16,False,
KXBLUEWAVECOMBO,Unknown,,quadratic,1,0,1.0,0.745,1.0,329204.9,1.0,custom,3.66,1,3,4,0,0,,3,5,16,False,
KXBOXING,Sports,custom,quadratic,22,0,2.0,0.4725,1.0,2332.4,2.0,structured,5.5,1,2,4,1,0,,3,5,16,False,
KXBRASILEIROTOTAL,Sports,custom,quadratic,12,0,3.0,0.305,1.0,68.5,6.0,greater,5.98,1,2,2,3,0,,3,5,16,False,
KXBUILDPERMS,Economics,custom,quadratic,7,0,5.0,0.465,1.0,389.7,7.0,greater,8.5,1,1,3,3,0,,3,5,16,False,
KXBUSHBY,Unknown,,quadratic,1,0,2.0,0.95,1.0,5600.4,1.0,,2.68,1,4,3,0,0,,3,5,16,False,
KXCA11PERSON,Unknown,,quadratic,2,0,3.0,0.5,1.0,51846.4,2.0,custom,6.5,1,2,4,1,0,,3,5,16,False,
KXCABILLIONAIRETAX,Unknown,,quadratic,1,0,2.7,0.9135,1.0,319284.7,1.0,,3.82,1,3,4,0,0,,3,5,16,False,
KXCALIEUTENANTGOV,Unknown,,quadratic,2,0,3.85,0.4878,1.0,14060.6,2.0,custom,7.35,1,2,4,1,0,,3,5,16,False,
KXCANCUTS,Economics,annual,quadratic,6,0,4.0,0.485,0.333,1014.7,6.0,"between,greater_or_equal",7.5,1,2,1,4,0,,3,5,16,False,
KXCAWEALTHTAX,Unknown,,quadratic,1,0,1.0,0.355,1.0,612736.2,1.0,,4.22,1,3,4,0,0,,3,5,16,False,
KXCBDECISIONENGLAND,Economics,custom,quadratic,10,0,1.0,0.1125,0.6,4672.7,5.0,custom,2.4,1,4,2,1,0,,3,5,16,False,
KXCBDECISIONJAPAN,Economics,custom,quadratic,10,0,1.0,0.12,0.6,2646.8,5.0,custom,2.48,1,4,2,1,0,,3,5,16,False,
KXCHESSFIDERATINGTOP,Sports,custom,quadratic,52,0,4.0,0.975,0.423,272.5,20.0,custom,4.36,1,3,2,2,0,,3,5,16,False,
KXCLACTON3RD,Unknown,,quadratic,15,0,4.0,0.05,0.533,328.0,15.0,custom,4.68,1,3,2,2,0,,3,5,16,False,
KXCOACHOUTNCAAFB,Sports,custom,quadratic,14,0,2.0,0.045,0.357,4079.4,14.0,,2.62,1,4,1,2,0,,3,5,16,False,
KXCONMEBOLSUDSPREAD,Sports,custom,quadratic,12,0,5.0,0.1875,1.0,1.0,4.0,greater,7.14,1,2,2,3,0,,3,5,16,False,
KXCREDITC,Economics,annual,quadratic,11,0,7.0,0.485,1.0,318.0,5.5,greater,10.5,1,1,3,3,0,,3,5,16,False,
KXCREED,Unknown,,quadratic,6,0,5.0,0.65,1.0,1009.8,6.0,greater,8.2,1,1,3,3,0,,3,5,16,False,
KXCTCA,Financials,one_off,quadratic,9,0,5.0,0.32,1.0,2097.0,9.0,greater,8.06,1,1,3,3,0,,3,5,16,False,
KXCYCLOCOUNT,Science and Technology,one_off,quadratic,9,0,5.0,0.95,1.0,1787.2,9.0,greater,5.68,0,2,3,3,0,,3,5,16,False,
KXDATABRICKS,Financials,one_off,quadratic,18,0,5.0,0.26,0.944,936.4,18.0,custom,7.7,1,2,3,2,0,,3,5,16,False,
KXDDCOLDBREW,Economics,monthly,quadratic,5,0,4.5,0.5675,0.8,1808.0,5.0,greater_or_equal,7.94,1,2,2,3,0,,3,5,16,False,
KXDECLAREPRESFIRSTD,Unknown,,quadratic,43,0,3.0,0.0473,0.558,1.6,21.5,custom,3.64,1,3,2,2,0,,3,5,16,False,
KXDEFAULT,Economics,one_off,quadratic,1,0,2.4,0.022,1.0,1223.9,1.0,,2.72,1,4,3,0,0,,3,5,16,False,
KXDEMCOREFOURSENATESWEEP,Unknown,,quadratic,1,0,1.0,0.565,1.0,84194.9,1.0,,4.46,1,3,4,0,0,,3,5,16,False,
KXDEMFIRSTCONTEST,Elections,one_off,quadratic,4,0,1.0,0.165,1.0,7694.8,4.0,custom,2.94,0,4,3,1,0,,3,5,16,False,
KXDEMOCRACYUS,Politics,custom,quadratic,4,0,2.5,0.555,1.0,11039.5,4.0,less,5.96,0,2,4,3,0,,2,5,16,False,
KXDEMSENATEPRIMARYCOMBO,Unknown,,quadratic,1,0,3.8,0.021,1.0,133189.8,1.0,greater_or_equal,4.1,1,3,4,0,0,,3,5,16,False,
KXDEMSWINGSTATEGOVSWEEP,Unknown,,quadratic,1,0,1.0,0.275,1.0,22976.7,1.0,,3.8,1,3,4,0,0,,3,5,16,False,
KXDIAZOUT,Unknown,,quadratic,2,0,2.0,0.069,0.5,91239.0,2.0,,2.9,1,4,2,1,0,,3,5,16,False,
KXDPZ,Financials,one_off,quadratic,19,0,6.0,0.47,1.0,166.0,9.5,greater,9.5,1,1,3,3,0,,3,5,16,False,
KXDPZA,Financials,one_off,quadratic,16,0,5.0,0.0975,1.0,21.1,8.0,greater,6.24,1,2,2,3,0,,3,5,16,False,
KXDPZFT,Financials,one_off,quadratic,8,0,7.0,0.155,1.0,1032.7,8.0,greater,8.84,1,1,3,3,0,,3,5,16,False,
KXDROPOUTPRIMARY,Unknown,,quadratic,5,0,3.0,0.095,1.0,1531.0,5.0,custom,4.22,1,3,3,1,0,,3,5,16,False,
KXEARNINGSMENTIONAC,Unknown,,quadratic,12,0,3.0,0.5025,1.0,537.7,12.0,custom,6.5,1,2,3,2,0,,3,5,16,False,
KXEARNINGSMENTIONDIS,Unknown,,quadratic,17,0,3.0,0.49,1.0,532.6,17.0,custom,6.5,1,2,3,2,0,,3,5,16,False,
KXEARNINGSMENTIONGRAB,Unknown,,quadratic,13,0,2.0,0.445,1.0,439.6,13.0,custom,5.46,1,2,3,2,0,,3,5,16,False,
KXEARNINGSMENTIONHIMS,Unknown,,quadratic,19,0,3.0,0.7,1.0,531.0,19.0,custom,5.94,1,2,3,2,0,,3,5,16,False,
KXEARNINGSMENTIONMCD,Unknown,,quadratic,21,0,5.0,0.455,1.0,659.2,21.0,custom,8.48,1,1,4,2,0,,3,5,16,False,
KXEARNINGSMENTIONPGR,Unknown,,quadratic,12,0,3.0,0.255,1.0,5745.3,12.0,custom,5.66,1,2,3,2,0,,3,5,16,False,
KXEARNINGSMENTIONPLTR,Unknown,,quadratic,19,0,2.0,0.385,1.0,626.4,19.0,custom,5.32,1,2,3,2,0,,3,5,16,False,
KXEARNINGSMENTIONRACE,Unknown,,quadratic,15,0,2.0,0.645,1.0,4023.9,15.0,custom,5.22,1,2,3,2,0,,3,5,16,False,
KXEARNINGSMENTIONSHOP,Unknown,,quadratic,14,0,2.5,0.535,1.0,498.1,14.0,custom,6.0,1,2,3,2,0,,3,5,16,False,
KXEARNINGSMENTIONSPCX,Unknown,,quadratic,19,0,3.0,0.665,1.0,768.1,19.0,custom,6.12,1,2,3,2,0,,3,5,16,False,
KXEARTHQUAKEJAPAN,Unknown,,quadratic,1,0,1.0,0.395,1.0,42038.4,1.0,greater_or_equal,4.36,1,3,4,0,0,,3,5,16,False,
KXEBAYA,Companies,one_off,quadratic,17,0,5.0,0.505,1.0,1348.0,17.0,greater,8.5,0,1,3,4,0,,3,5,16,False,
KXEBOLACOUNTRY,Science and Technology,one_off,quadratic,32,0,5.0,0.135,1.0,3073.3,16.0,custom,6.64,0,2,4,2,0,,3,5,16,False,
KXECONPATH,Economics,annual,quadratic,4,0,3.15,0.1855,1.0,12235.6,4.0,,5.27,1,2,4,1,0,,3,5,16,False,
KXECONSTATU3,Economics,custom,quadratic,115,0,3.0,0.065,0.522,30.0,23.0,custom,3.86,1,3,2,2,0,,3,5,16,False,
KXELECTIONBILL,Politics,one_off,quadratic,6,0,1.0,0.07,0.833,142338.6,6.0,custom,1.92,0,5,3,1,0,,2,5,16,False,
KXEMMYCSACTR,Unknown,,quadratic,8,0,2.5,0.05,0.75,914.0,8.0,custom,3.18,1,4,2,1,0,,3,5,16,False,
KXEMMYLSACTO,Unknown,,quadratic,7,0,2.0,0.0575,0.857,1360.8,7.0,custom,2.76,1,4,2,1,0,,3,5,16,False,
KXEMMYTVMOVIE,Unknown,,quadratic,6,0,3.0,0.025,0.833,122.1,6.0,custom,3.36,1,4,2,1,0,,3,5,16,False,
KXENGAGEMENTDUNSKE,Unknown,,quadratic,1,0,1.0,0.155,1.0,6818.1,1.0,,2.84,1,4,3,0,0,,3,5,16,False,
KXENGAGEMENTTATEJACKHUGHES,Unknown,,quadratic,1,0,2.0,0.07,1.0,9910.2,1.0,,2.92,1,4,3,0,0,,3,5,16,False,
KXEUREF,Unknown,,quadratic,4,0,3.95,0.0312,1.0,1406.6,4.0,custom,4.39,1,3,3,1,0,,3,5,16,False,
KXEXUSHOME,Economics,one_off,quadratic,9,0,5.0,0.59,1.0,2170.4,9.0,greater,8.4,1,1,3,3,0,,3,5,16,False,
KXF1CHINA,Sports,custom,quadratic,1,0,4.0,0.06,1.0,10551.4,1.0,,4.8,1,3,4,0,0,,3,5,16,False,
KXFA,Companies,one_off,quadratic,11,0,5.0,0.5825,0.909,2150.0,11.0,greater,8.42,0,1,3,4,0,,3,5,16,False,
KXFEDCOMBO,Unknown,,quadratic,6,0,3.0,0.2,1.0,4.8,6.0,custom,5.24,3,2,2,1,0,,3,5,16,False,
KXFEDGOVNOM,Politics,one_off,quadratic,18,0,4.5,0.0628,1.0,1077.5,9.0,custom,5.34,3,2,3,1,0,,2,5,16,False,
KXFIG,Financials,one_off,quadratic,12,0,3.5,0.6,1.0,6.5,6.0,greater,6.86,1,2,2,3,0,,3,5,16,False,
KXFIGA,Financials,one_off,quadratic,5,0,2.0,0.53,1.0,85.0,5.0,greater,5.5,1,2,2,3,0,,3,5,16,False,
KXFL19R,Unknown,,quadratic,8,0,3.1,0.0935,1.0,3180.4,8.0,custom,4.3,1,3,3,1,0,,3,5,16,False,
KXFLPRIMARY,Unknown,,quadratic,220,0,2.0,0.1325,0.591,2535.6,4.0,custom,3.62,1,3,3,1,0,,3,5,16,False,
KXFRONTIER,Science and Technology,one_off,quadratic,5,0,1.0,0.785,1.0,4340.3,5.0,,3.38,0,4,3,1,0,,3,5,16,False,
KXFUNDRAISING,Politics,one_off,quadratic,86,0,1.0,0.5075,1.0,78.5,7.0,greater,4.5,0,3,3,3,0,,2,5,16,False,
KXFURYJOSHUA,Sports,custom,quadratic,1,0,2.0,0.73,1.0,10877.2,1.0,,4.76,1,3,4,0,0,,3,5,16,False,
KXFUTU,Financials,one_off,quadratic,17,0,5.0,0.305,0.824,279.1,8.5,greater,7.98,1,2,2,3,0,,3,5,16,False,
KXGA13S,Unknown,,quadratic,2,0,1.5,0.4775,1.0,13765.8,2.0,custom,5.0,1,2,4,1,0,,3,5,16,False,
KXGAMBLINGREPEAL,Politics,one_off,quadratic,2,0,1.5,0.1075,1.0,137280.2,2.0,custom,2.86,0,4,4,1,0,,2,5,16,False,
KXGOVHINOMR,Unknown,,quadratic,2,0,1.0,0.5,1.0,553.8,2.0,custom,4.5,1,3,3,1,0,,3,5,16,False,
KXGOVOKNOMR,Unknown,,quadratic,2,0,2.5,0.4975,1.0,317982.5,2.0,custom,6.0,1,2,4,1,0,,3,5,16,False,
KXGOVPARTYAK,Unknown,,quadratic,2,0,3.0,0.47,1.0,32676.5,2.0,structured,6.5,1,2,4,1,0,,3,5,16,False,
KXGOVSENDIFF,Unknown,,quadratic,15,0,6.0,0.195,1.0,0.0,7.5,"between,greater,greater_or_equal",8.2,1,1,2,4,0,,3,5,16,False,
KXGOVTNNOMD,Unknown,,quadratic,4,0,3.85,0.0287,1.0,1436.9,4.0,custom,4.25,1,3,3,1,0,,3,5,16,False,
KXGRAMAOTY,Unknown,,quadratic,11,0,3.0,0.095,0.636,733.9,11.0,,4.22,1,3,2,2,0,,3,5,16,False,
KXGRAMMYNOMSOTY,Unknown,,quadratic,10,0,4.5,0.665,1.0,296.0,10.0,,7.62,1,2,3,2,0,,3,5,16,False,
KXGREENTERRITORY,Politics,custom,quadratic,2,0,1.15,0.1578,1.0,1651468.9,2.0,,3.03,0,4,4,1,0,,2,5,16,False,
KXGTA6SONGS,Unknown,,quadratic,14,0,4.0,0.3225,1.0,1670.9,14.0,custom,7.06,1,2,3,2,0,,3,5,16,False,
KXHOUSEMO5,Unknown,,quadratic,2,0,2.0,0.5,1.0,10511.8,2.0,structured,5.5,1,2,4,1,0,,3,5,16,False,
KXHOUSENC11,Unknown,,quadratic,2,0,2.5,0.4975,1.0,10549.1,2.0,structured,6.0,1,2,4,1,0,,3,5,16,False,
KXHOUSERACE,Unknown,,quadratic,706,0,3.0,0.4,0.999,1117.0,2.0,"custom,structured",6.36,1,2,4,1,0,,3,5,16,False,
KXHOUSETX9,Unknown,,quadratic,2,0,1.5,0.5025,1.0,5913.0,2.0,structured,5.0,1,3,3,1,0,,3,5,16,False,
KXHOUSINGSTART,Economics,custom,quadratic,10,0,6.0,0.21,1.0,42.5,10.0,greater,8.34,1,1,2,4,0,,3,5,16,False,
KXHURCTOT,Unknown,,quadratic,9,0,4.0,0.15,0.889,3143.8,9.0,greater,5.8,1,2,2,3,0,,3,5,16,False,
KXIMFRECESS,Economics,custom,quadratic,1,0,2.0,0.18,1.0,52339.7,1.0,,4.08,1,3,4,0,0,,3,5,16,False,
KXIPOBEASTINDUSTRIES,Financials,one_off,quadratic,11,0,6.5,0.09,0.909,263.0,11.0,custom,7.66,1,2,3,2,0,,3,5,16,False,
KXIPOBLOOMBERG,Financials,one_off,quadratic,7,0,1.0,0.185,1.0,6.0,7.0,custom,3.12,1,4,2,1,0,,3,5,16,False,
KXIPOOPENAI,Financials,one_off,quadratic,11,0,3.0,0.31,0.818,70761.6,11.0,custom,6.0,1,2,3,2,0,,3,5,16,False,
KXIRANCRUDE,Economics,monthly,quadratic,11,0,5.0,0.4725,0.727,121.0,11.0,greater_or_equal,8.5,1,1,2,4,0,,3,5,16,False,
KXISRAELGOVT,Unknown,,quadratic,15,0,4.0,0.355,1.0,828.0,15.0,custom,7.22,1,2,3,2,0,,3,5,16,False,
KXISRAELKNESSET,Unknown,,quadratic,6,0,3.25,0.0452,1.0,4024.6,6.0,custom,3.87,1,3,3,1,0,,3,5,16,False,
KXJIMMYKIMMELFIRED,Unknown,,quadratic,1,0,3.0,0.145,1.0,48071.3,1.0,,4.74,1,3,4,0,0,,3,5,16,False,
KXJOINLEAGUE,Sports,custom,quadratic,16,0,4.0,0.07,1.0,305.1,8.0,custom,4.92,1,3,3,1,0,,3,5,16,False,
KXKAMALARUN,Unknown,,quadratic,4,0,1.0,0.58,1.0,8283.1,4.0,custom,4.42,1,3,3,1,0,,3,5,16,False,
KXKASHOUT,Politics,one_off,quadratic,5,0,1.0,0.105,1.0,15647.2,5.0,custom,2.32,0,4,4,1,0,,2,5,16,False,
KXKOSPI,Financials,one_off,quadratic,2,0,7.5,0.2375,1.0,617.3,2.0,greater_or_equal,10.04,1,1,3,3,0,,3,5,16,False,
KXKSSENGOVCOMBO,Unknown,,quadratic,4,0,3.0,0.12,1.0,1257.2,4.0,custom,4.48,1,3,3,1,0,,3,5,16,False,
KXKXMEDIAGUESTTINYDESK,Unknown,,quadratic,25,0,6.0,0.1,1.0,25.7,25.0,,7.26,1,2,3,2,0,,3,5,16,False,
KXLAMOV,Unknown,,quadratic,10,0,6.0,0.295,1.0,293.6,5.0,greater_or_equal,8.92,1,1,3,3,0,,3,5,16,False,
KXLATVIAPARLIAMENT,Unknown,,quadratic,9,0,4.2,0.051,1.0,1297.0,9.0,custom,4.88,1,3,3,1,0,,3,5,16,False,
KXLEADERMLBSTEALS,Sports,annual,quadratic,50,0,4.0,0.04,0.1,150.1,50.0,custom,4.54,1,3,2,2,0,,3,5,16,False,
KXLEADERNFLINT,Sports,annual,quadratic,24,0,3.0,0.025,0.125,37.3,24.0,structured,3.36,1,4,1,2,0,,3,5,16,False,
KXLEADERNFLRTDS,Sports,annual,quadratic,26,0,5.0,0.06,0.808,415.6,26.0,structured,5.8,1,2,3,2,0,,3,5,16,False,
KXLEADERNFLRYDS,Sports,annual,quadratic,26,0,4.0,0.06,0.5,650.0,26.0,structured,4.8,1,3,2,2,0,,3,5,16,False,
KXLEAVELISACOOK,Politics,one_off,quadratic,2,0,2.0,0.05,1.0,21768.2,2.0,custom,2.68,0,4,4,1,0,,2,5,16,False,
KXLEBANONPARLI,Unknown,,quadratic,10,0,4.65,0.0295,1.0,116.0,10.0,custom,5.07,1,2,3,2,0,,3,5,16,False,
KXLIGAMXSPREAD,Sports,custom,quadratic,36,0,8.0,0.1475,1.0,1.0,4.0,greater,9.78,1,1,3,3,0,,3,5,16,False,
KXLIMAMAYOR,Unknown,,quadratic,10,0,6.0,0.095,1.0,1030.0,10.0,custom,7.22,1,2,3,2,0,,3,5,16,False,
KXLONDONMAYOR,Unknown,,quadratic,8,0,4.3,0.045,1.0,1533.0,8.0,custom,4.92,1,3,3,1,0,,3,5,16,False,
KXLOWTDC,Unknown,,quadratic,6,0,7.5,0.1125,1.0,76.4,6.0,"between,greater,less",8.9,1,1,2,4,0,,3,5,16,False,
KXLOWTLV,Unknown,,quadratic,12,0,5.0,0.045,0.417,210.9,6.0,"between,greater,less",5.62,1,2,1,4,0,,3,5,16,False,
KXLPGATOUR,Sports,custom,quadratic,146,0,4.1,0.0305,0.199,757.6,146.0,structured,4.52,1,3,2,2,0,,3,5,16,False,
KXLUVA,Companies,one_off,quadratic,13,0,1.0,0.415,1.0,24.6,6.5,greater,4.4,0,3,2,3,0,,3,5,16,False,
KXLYFT,Financials,one_off,quadratic,16,0,3.0,0.4375,1.0,48.5,8.0,greater,6.46,1,2,2,3,0,,3,5,16,False,
KXLYFTA,Companies,one_off,quadratic,10,0,2.0,0.345,1.0,35.6,10.0,greater,5.18,0,2,2,4,0,,3,5,16,False,
KXMAR,Financials,one_off,quadratic,5,0,5.0,0.535,1.0,897.8,5.0,greater,8.5,1,1,3,3,0,,3,5,16,False,
KXMEAD,Unknown,,quadratic,8,0,6.0,0.7425,1.0,379.1,8.0,greater,8.68,1,1,3,3,0,,3,5,16,False,
KXMEDIAGUESTERICADAMS,Unknown,,quadratic,1,0,2.0,0.08,1.0,1601.8,1.0,,3.04,1,4,3,0,0,,3,5,16,False,
KXMEDIAGUESTKIMMEL,Unknown,,quadratic,31,0,8.0,0.1,1.0,139.6,31.0,,9.26,1,1,4,2,0,,3,5,16,False,
KXMEDIARELEASEDUNE3,Unknown,,quadratic,3,0,3.0,0.045,1.0,3555.0,3.0,,3.62,1,3,3,1,0,,3,5,16,False,
KXMELI,Financials,one_off,quadratic,6,0,5.5,0.715,1.0,4322.7,6.0,greater,8.36,1,1,3,3,0,,3,5,16,False,
KXMETAA,Companies,one_off,quadratic,21,0,5.0,0.52,1.0,468.0,8.0,greater,8.5,0,1,4,3,0,,3,5,16,False,
KXMETXCOMBO,Unknown,,quadratic,6,0,1.5,0.2675,0.667,54289.4,6.0,custom,4.26,1,3,3,1,0,,3,5,16,False,
KXMISENATE,Unknown,,quadratic,4,0,2.0,0.31,0.75,84312.2,4.0,custom,5.0,1,3,3,1,0,,3,5,16,False,
KXMISENGOVCOMBO,Unknown,,quadratic,4,0,2.0,0.1375,1.0,7493.5,4.0,custom,3.68,1,3,3,1,0,,3,5,16,False,
KXMLBEXTRAS,Sports,custom,quadratic,40,0,2.0,0.09,1.0,1.0,1.0,,3.16,1,4,3,0,0,,3,5,16,False,
KXMLBF5,Sports,custom,quadratic,30,0,4.0,0.39,1.0,127.0,3.0,structured,7.34,1,2,4,1,0,,3,5,16,False,
KXMLBGAME,Sports,custom,quadratic_with_maker_fees,80,0,3.0,0.495,1.0,285.1,2.0,structured,6.5,1,2,4,1,0,,3,5,16,False,
KXMLBHR,Sports,custom,quadratic,33,0,1.0,0.1275,0.788,62.4,3.0,structured,2.56,1,4,2,1,0,,3,5,16,False,
KXMNSENGOVCOMBO,Unknown,,quadratic,4,0,2.0,0.05,0.75,3495.9,4.0,custom,2.68,1,4,2,1,0,,3,5,16,False,
KXMO,Financials,one_off,quadratic,7,0,7.0,0.64,1.0,6550.9,7.0,greater,10.24,1,1,3,3,0,,3,5,16,False,
KXMO01D,Unknown,,quadratic,2,0,2.0,0.5,1.0,281295.8,2.0,custom,5.5,1,2,4,1,0,,3,5,16,False,
KXMOA,Companies,one_off,quadratic,14,0,6.0,0.715,0.929,1077.3,14.0,greater,8.86,0,1,3,4,0,,3,5,16,False,
KXMONGOLIAPRES,Unknown,,quadratic,5,0,3.5,0.0425,1.0,2793.0,5.0,custom,4.08,1,3,3,1,0,,3,5,16,False,
KXMOTOGPTEAMS,Sports,one_off,quadratic,11,0,2.0,0.08,0.273,165.8,11.0,custom,3.04,1,4,1,2,0,,3,5,16,False,
KXMRBEASTMENTION,Unknown,,quadratic,13,0,3.0,0.195,1.0,204.6,13.0,custom,5.2,1,2,3,2,0,,3,5,16,False,
KXMTCHA,Financials,one_off,quadratic,8,0,5.0,0.3725,1.0,3120.3,8.0,greater,8.28,1,1,3,3,0,,3,5,16,False,
KXNAMEDSTORM,Unknown,,quadratic,14,0,7.0,0.6575,1.0,277.6,7.0,greater,10.16,1,1,3,3,0,,3,5,16,False,
KXNASCARAUTOPARTSSERIES,Sports,annual,quadratic,40,0,3.0,0.05,0.275,2302.6,40.0,"custom,structured",3.68,1,3,2,2,0,,3,5,16,False,
KXNASCARTRUCKSERIES,Sports,annual,quadratic,35,0,3.0,0.0775,0.171,1340.6,35.0,"custom,structured",4.02,1,3,2,2,0,,3,5,16,False,
KXNBADRAFTPICK,Sports,annual,quadratic,15,0,2.5,0.0475,0.533,31.2,15.0,custom,3.14,1,4,1,2,0,,3,5,16,False,
KXNBAEAST1SEED,Sports,annual,quadratic,15,0,3.0,0.08,0.733,4033.0,15.0,structured,4.04,1,3,2,2,0,,3,5,16,False,
KXNBAPLAYOFF,Sports,annual,quadratic,30,0,5.5,0.5825,1.0,1320.0,30.0,structured,8.92,1,1,4,2,0,,3,5,16,False,
KXNBASOUTHEAST,Sports,annual,quadratic,5,0,3.0,0.16,1.0,1763.0,5.0,structured,4.9,1,3,3,1,0,,3,5,16,False,
KXNBERRECESSQ,Economics,one_off,quadratic,6,0,5.65,0.0305,1.0,83410.1,6.0,,6.07,1,2,4,1,0,,3,5,16,False,
KXNCAAFCUSA,Sports,annual,quadratic,10,0,3.0,0.105,0.7,429.9,10.0,structured,4.32,1,3,2,2,0,,3,5,16,False,
KXNCAAFGAME,Sports,custom,quadratic_with_maker_fees,30,0,3.0,0.5025,1.0,3955.6,2.0,structured,6.5,1,2,4,1,0,,3,5,16,False,
KXNCAAFSBELT,Sports,annual,quadratic,14,0,3.0,0.0675,0.857,680.5,14.0,structured,3.9,1,3,2,2,0,,3,5,16,False,
KXNDXADDQ,Financials,one_off,quadratic,11,0,5.0,0.05,1.0,327.0,11.0,custom,5.68,1,2,3,2,0,,3,5,16,False,
KXNEWTAYLOR,Unknown,,quadratic,2,0,1.5,0.3925,1.0,14622.6,1.0,,4.84,1,3,4,0,0,,3,5,16,False,
KXNEXTDEF,Politics,one_off,quadratic,17,0,2.8,0.0232,0.941,884.0,17.0,custom,3.12,0,4,3,2,0,,2,5,16,False,
KXNEXTTEAMNFL,Sports,custom,quadratic,418,0,3.0,0.075,0.1,275.0,32.0,"custom,structured",3.98,1,3,2,2,0,,3,5,16,False,
KXNFLEXECOTY,Sports,custom,quadratic,32,0,3.0,0.055,0.531,24.5,32.0,custom,3.74,1,3,2,2,0,,3,5,16,False,
KXNFLGAME,Sports,custom,quadratic_with_maker_fees,66,0,3.0,0.505,1.0,2542.7,2.0,structured,6.5,1,2,4,1,0,,3,5,16,False,
KXNFLWINS,Sports,custom,quadratic,547,0,6.0,0.67,0.848,94.1,17.0,greater_or_equal,9.1,1,1,2,4,0,,3,5,16,False,
KXNFLXA,Financials,one_off,quadratic,8,0,5.5,0.285,1.0,791.5,8.0,greater,8.36,1,1,3,3,0,,3,5,16,False,
KXNHSENGOVCOMBO,Unknown,,quadratic,4,0,2.5,0.115,1.0,5492.2,4.0,custom,3.94,1,3,3,1,0,,3,5,16,False,
KXNMARIANAGOV,Unknown,,quadratic,4,0,1.0,0.1525,1.0,0.5,4.0,custom,2.82,1,4,2,1,0,,3,5,16,False,
KXNOBELPEACE,Politics,custom,quadratic,21,0,2.0,0.045,0.81,2426.4,21.0,,2.62,0,4,3,2,0,,2,5,16,False,
KXNU,Financials,one_off,quadratic,9,0,6.0,0.685,1.0,630.6,9.0,greater,9.04,1,1,3,3,0,,3,5,16,False,
KXNUA,Financials,one_off,quadratic,12,0,6.0,0.37,1.0,50.0,12.0,greater,9.28,1,1,2,4,0,,3,5,16,False,
KXNVDAA,Financials,one_off,quadratic,6,0,5.0,0.3525,1.0,1957.5,6.0,greater,8.2,1,1,3,3,0,,3,5,16,False,
KXNYCSAVINGS,Unknown,,quadratic,5,0,5.0,0.455,1.0,200.0,5.0,greater,8.48,1,1,3,3,0,,3,5,16,False,
KXNYSECIRCUIT,Economics,custom,quadratic,1,0,2.5,0.1325,1.0,161437.6,1.0,,4.12,1,3,4,0,0,,3,5,16,False,
KXOAIANTH,Financials,one_off,quadratic,2,0,2.5,0.5075,1.0,159671.3,2.0,custom,6.0,1,2,4,1,0,,3,5,16,False,
KXOAIHARDWARE,Science and Technology,custom,quadratic,10,0,4.0,0.07,1.0,5302.6,10.0,custom,4.92,0,3,3,2,0,,3,5,16,False,
KXOAKLANDMAYOR,Unknown,,quadratic,2,0,1.0,0.5,1.0,945.8,2.0,custom,4.5,1,3,3,1,0,,3,5,16,False,
KXORCLA,Financials,one_off,quadratic,8,0,5.5,0.475,1.0,422.9,8.0,greater,9.0,1,1,3,3,0,,3,5,16,False,
KXOSCARDIR,Unknown,,quadratic,14,0,2.0,0.075,0.357,1601.7,14.0,custom,2.98,1,4,1,2,0,,3,5,16,False,
KXOSCARNOMINTERFILM,Unknown,,quadratic,15,0,5.0,0.205,1.0,2047.5,15.0,custom,7.3,1,2,3,2,0,,3,5,16,False,
KXOSCARNOMSPLAY,Unknown,,quadratic,14,0,5.0,0.16,1.0,1256.9,14.0,custom,6.9,1,2,3,2,0,,3,5,16,False,
KXOSCARNOMSUPACTR,Unknown,,quadratic,14,0,5.0,0.24,1.0,1275.8,14.0,custom,7.56,1,2,3,2,0,,3,5,16,False,
KXPANAMAWEEKLY,Politics,one_off,quadratic,5,0,1.0,0.195,1.0,29.0,5.0,greater,3.2,0,4,2,3,0,,2,5,16,False,
KXPARAGUAYSENATE,Unknown,,quadratic,6,0,2.7,0.0155,1.0,12.0,6.0,custom,2.92,1,4,2,1,0,,3,5,16,False,
KXPARDONSYEAR,Politics,annual,quadratic,5,0,5.0,0.1145,1.0,738.0,5.0,"between,greater",6.42,0,2,3,4,0,,2,5,16,False,
KXPCECORE,Economics,monthly,quadratic,35,0,8.0,0.61,0.886,270.0,5.0,greater,11.34,1,1,3,3,0,,3,5,16,False,
KXPERFORMBONDSONG,Unknown,,quadratic,22,0,5.0,0.035,0.773,589.7,22.0,custom,5.48,1,2,3,2,0,,3,5,16,False,
KXPERFORMROLEBPANTHER,Unknown,,quadratic,10,0,4.0,0.035,0.9,137.2,10.0,,4.48,1,3,2,2,0,,3,5,16,False,
KXPERSONPRESFUENTES,Unknown,,quadratic,1,0,2.0,0.17,1.0,52854.7,1.0,,3.98,1,3,4,0,0,,3,5,16,False,
KXPERSONPRESMAM,Unknown,,quadratic,1,0,3.7,0.0915,1.0,37574.0,1.0,,4.88,1,3,4,0,0,,3,5,16,False,
KXPLATNERENDORSE,Unknown,,quadratic,1,0,4.0,0.04,1.0,36539.3,1.0,custom,4.54,1,3,4,0,0,,3,5,16,False,
KXPLL,Sports,annual,quadratic,8,0,2.5,0.1625,1.0,4201.0,8.0,structured,4.42,1,3,3,1,0,,3,5,16,False,
KXPLTR,Financials,one_off,quadratic,9,0,6.0,0.465,1.0,2076.4,9.0,greater,9.5,1,1,3,3,0,,3,5,16,False,
KXPMA,Companies,one_off,quadratic,8,0,1.0,0.76,1.0,58.5,8.0,greater,3.56,0,3,2,3,0,,3,5,16,False,
KXPOPCHICKSAND,Economics,monthly,quadratic,6,0,4.0,0.285,0.833,1246.0,6.0,greater_or_equal,6.86,1,2,2,3,0,,3,5,16,False,
KXPREMIERLEAGUE,Sports,annual,quadratic,20,0,1.0,0.125,0.35,7700.9,20.0,structured,2.54,1,4,1,2,0,,3,5,16,False,
KXPRESCUP,Sports,custom,quadratic,3,0,2.0,0.17,1.0,997.5,3.0,custom,3.98,1,3,3,1,0,,3,5,16,False,
KXPRESPARTY,Unknown,,quadratic,4,0,3.0,0.4725,1.0,116860.5,2.0,structured,6.5,1,2,4,1,0,,3,5,16,False,
KXPRESTURKEYR1,Unknown,,quadratic,3,0,5.0,0.175,1.0,12817.0,3.0,custom,7.04,1,2,4,1,0,,3,5,16,False,
KXPROGSWEEP,Unknown,,quadratic,1,0,1.0,0.815,1.0,9819.1,1.0,,3.12,1,4,3,0,0,,3,5,16,False,
KXPUTINZELENSKYYLOCATION,Unknown,,quadratic,8,0,3.0,0.09,1.0,1367.4,8.0,custom,4.16,1,3,3,1,0,,3,5,16,False,
KXQUEBECASSEMBLY,Unknown,,quadratic,5,0,3.0,0.1345,1.0,7710.0,5.0,custom,4.64,1,3,3,1,0,,3,5,16,False,
KXRANKLISTDJMAGTOP10,Unknown,,quadratic,51,0,5.0,0.035,1.0,2.0,51.0,,5.48,1,2,3,2,0,,3,5,16,False,
KXRANKLISTFFQB,Sports,custom,quadratic,25,0,4.5,0.06,0.72,384.7,25.0,structured,5.3,1,2,3,2,0,,3,5,16,False,
KXRANKLISTGOOGLESEARCH2,Unknown,,quadratic,11,0,2.0,0.085,0.273,279.6,11.0,,3.1,1,4,1,2,0,,3,5,16,False,
KXRATECUT,Economics,annual,quadratic,1,0,2.0,0.173,1.0,854482.0,1.0,,4.02,1,3,4,0,0,,3,5,16,False,
KXRDDTA,Financials,one_off,quadratic,10,0,6.0,0.32,0.9,1255.0,10.0,greater,9.06,1,1,2,4,0,,3,5,16,False,
KXRECSSNBER,Economics,annual,quadratic,2,0,1.5,0.2675,1.0,1520515.1,1.0,,4.26,1,3,4,0,0,,3,5,16,False,
KXRELOCATIONCHI,Sports,custom,quadratic,4,0,1.0,0.355,0.75,175209.5,4.0,custom,4.22,1,3,3,1,0,,3,5,16,False,
KXRIVN,Financials,one_off,quadratic,14,0,6.0,0.6375,1.0,77.3,14.0,greater,9.24,1,1,2,4,0,,3,5,16,False,
KXROLEATEVENTCOACHELLA,Unknown,,quadratic,114,0,5.0,0.035,1.0,33.6,114.0,,5.48,1,2,3,2,0,,3,5,16,False,
KXROLEATGRAMMYS,Unknown,,quadratic,10,0,6.5,0.0925,1.0,229.4,10.0,,7.68,1,2,3,2,0,,3,5,16,False,
KXRONI,Unknown,,quadratic,16,0,6.5,0.135,0.875,638.8,5.0,"between,greater_or_equal,less",8.14,1,1,2,4,0,,3,5,16,False,
KXSATOSHIBTCYEAR,Crypto,one_off,quadratic,1,0,3.0,0.055,1.0,169513.8,1.0,,3.74,1,3,4,0,0,,3,5,16,False,
KXSBUXSAR,Economics,monthly,quadratic,6,0,5.5,0.2925,1.0,551.2,6.0,greater_or_equal,8.4,1,1,3,3,0,,3,5,16,False,
KXSCRSENS,Unknown,,quadratic,11,0,1.0,0.24,0.273,131588.9,11.0,custom,3.56,1,3,2,2,0,,3,5,16,False,
KXSEMIPRODH,Economics,annual,quadratic,9,0,5.0,0.635,1.0,225.9,9.0,greater,8.26,1,1,3,3,0,,3,5,16,False,
KXSENATEMIR,Unknown,,quadratic,5,0,0.8,0.995,0.2,552.0,5.0,custom,0.94,1,5,1,1,0,,3,5,16,False,
KXSG,Financials,one_off,quadratic,8,0,6.0,0.79,0.875,10781.5,8.0,greater,8.34,1,1,3,3,0,,3,5,16,False,
KXSHAI20PTREC,Sports,one_off,quadratic,7,0,8.0,0.37,1.0,351.2,7.0,greater_or_equal,11.28,1,1,3,3,0,,3,5,16,False,
KXSNOWFLAKE,Financials,one_off,quadratic,16,0,5.0,0.58,0.688,175.1,16.0,greater,8.42,1,1,2,4,0,,3,5,16,False,
KXSONGRELEASE,Unknown,,quadratic,35,0,7.0,0.91,1.0,302.7,35.0,custom,8.16,1,1,4,2,0,,3,5,16,False,
KXSONGRELEASEDATE,Unknown,,quadratic,3,0,1.0,0.885,1.0,3308.6,1.5,structured,2.44,1,4,3,0,0,,3,5,16,False,
KXSP500REMOVEQ,Financials,one_off,quadratic,12,0,5.0,0.05,0.917,210.0,12.0,custom,5.68,1,2,3,2,0,,3,5,16,False,
KXSPOTA,Companies,one_off,quadratic,24,0,6.0,0.325,1.0,774.9,8.0,greater,9.08,0,1,4,3,0,,3,5,16,False,
KXSTARSHIPSPACE,Science and Technology,custom,quadratic,20,0,5.0,0.1075,0.8,538.1,10.0,"greater,less",6.36,0,2,2,4,0,,3,5,16,False,
KXSUPERBOWLWHITEHOUSE,Sports,one_off,quadratic,1,0,1.0,0.335,1.0,592665.5,1.0,,4.12,1,3,4,0,0,,3,5,16,False,
KXTBCOUNT,Science and Technology,one_off,quadratic,5,0,5.0,0.78,1.0,2010.3,5.0,greater,7.42,0,2,3,3,0,,3,5,16,False,
KXTBCRUNCHWRAP,Economics,monthly,quadratic,8,0,4.5,0.5275,1.0,5370.8,8.0,greater_or_equal,8.0,1,1,3,3,0,,3,5,16,False,
KXTESLACAR,Financials,one_off,quadratic,1,0,4.0,0.05,1.0,25346.9,1.0,,4.68,1,3,4,0,0,,3,5,16,False,
KXTESLAENERGYBY,Financials,custom,quadratic,4,0,7.5,0.38,1.0,8297.8,4.0,greater,10.8,1,1,3,3,0,,3,5,16,False,
KXTESLAROADSTER,Financials,one_off,quadratic,1,0,4.0,0.06,1.0,60010.2,1.0,,4.8,1,3,4,0,0,,3,5,16,False,
KXTGT,Financials,one_off,quadratic,7,0,5.0,0.335,1.0,316.5,7.0,greater,8.12,1,1,3,3,0,,3,5,16,False,
KXTLNA,Financials,one_off,quadratic,17,0,5.0,0.915,0.765,12.0,17.0,greater,6.1,1,2,1,4,0,,3,5,16,False,
KXTNPRIMARY,Unknown,,quadratic,51,0,4.0,0.07,0.804,6351.9,4.0,custom,4.92,1,3,3,1,0,,3,5,16,False,
KXTOKENLAUNCH,Crypto,one_off,quadratic,14,0,5.0,0.11,1.0,3605.0,14.0,custom,6.38,1,2,3,2,0,,3,5,16,False,
KXTOL,Financials,one_off,quadratic,6,0,6.0,0.145,0.833,1068.5,6.0,greater,7.74,1,2,2,3,0,,3,5,16,False,
KXTOPAI,Science and Technology,custom,quadratic,12,0,4.0,0.08,0.917,12453.7,12.0,,5.04,0,2,4,2,0,,3,5,16,False,
KXTOPALBUMSPOTIFY,Unknown,,quadratic,14,0,2.5,0.0525,0.429,584.3,14.0,,3.2,1,4,1,2,0,,3,5,16,False,
KXTOPALBUMSPOTIFYUSA,Unknown,,quadratic,21,0,3.5,0.08,0.19,2379.4,21.0,,4.54,1,3,2,2,0,,3,5,16,False,
KXTOPMODEL,Science and Technology,monthly,quadratic,15,0,1.0,0.0725,0.267,16098.0,7.5,custom,1.96,0,5,2,1,0,,3,5,16,False,
KXTOPPOD,Unknown,,quadratic,10,0,3.0,0.025,0.3,714.5,10.0,,3.36,1,4,1,2,0,,3,5,16,False,
KXTOPSONG,Unknown,,quadratic,43,0,3.0,0.03,0.442,100.0,21.5,custom,3.42,1,4,1,2,0,,3,5,16,False,
KXTOSTA,Financials,one_off,quadratic,8,0,6.0,0.26,1.0,1757.8,8.0,greater,8.7,1,1,3,3,0,,3,5,16,False,
KXTROPSTORM,Unknown,,quadratic,8,0,5.5,0.1725,0.75,3871.7,8.0,greater,7.5,1,2,2,3,0,,3,5,16,False,
KXTRUFTSA,Economics,monthly,quadratic,15,0,5.0,0.97,0.6,1.0,15.0,greater,5.42,1,2,1,4,0,,3,5,16,False,
KXTRUMPACT,Politics,weekly,quadratic,10,0,1.0,0.255,0.9,1382.0,10.0,greater_or_equal,3.66,0,3,2,4,0,,2,5,16,False,
KXTRUMPAGCOUNT,Politics,custom,quadratic,4,0,5.35,0.1623,1.0,4680.2,4.0,between,7.27,0,2,3,4,0,,2,5,16,False,
KXTRUMPSNL,Unknown,,quadratic,1,0,2.0,0.16,1.0,18949.5,1.0,,3.9,1,3,4,0,0,,3,5,16,False,
KXTURKEYPRES,Unknown,,quadratic,10,0,6.2,0.034,1.0,161.0,10.0,custom,6.66,1,2,3,2,0,,3,5,16,False,
KXTWITCHSUBSKAICENAT,Unknown,,quadratic,6,0,7.0,0.085,1.0,157.6,6.0,greater_or_equal,8.1,1,1,3,3,0,,3,5,16,False,
KXTWOW,Unknown,,quadratic,1,0,3.0,0.115,1.0,31805.6,1.0,,4.44,1,3,4,0,0,,3,5,16,False,
KXTXAGCOM,Unknown,,quadratic,2,0,1.0,0.5,1.0,601.2,2.0,custom,4.5,1,3,3,1,0,,3,5,16,False,
KXUALA,Companies,one_off,quadratic,7,0,5.0,0.875,1.0,3084.5,7.0,greater,6.54,0,2,3,3,0,,3,5,16,False,
KXUEL1HTOTAL,Sports,custom,quadratic,27,0,7.0,0.3625,0.963,14.7,3.0,greater,10.24,1,1,3,3,0,,3,5,16,False,
KXUELGAME,Sports,custom,quadratic,27,0,4.0,0.27,1.0,1635.8,3.0,structured,6.76,1,2,4,1,0,,3,5,16,False,
KXUFCWELTERWEIGHTTITLE,Sports,custom,quadratic,11,0,1.5,0.1475,0.364,6585.9,11.0,,3.28,1,4,1,2,0,,3,5,16,False,
KXUKBYELECTIONCOUNT,Unknown,,quadratic,5,0,5.0,0.535,1.0,340.0,5.0,greater_or_equal,8.5,1,1,3,3,0,,3,5,16,False,
KXUKCOALITION,Unknown,,quadratic,19,0,6.0,0.05,1.0,112.0,19.0,custom,6.68,1,2,3,2,0,,3,5,16,False,
KXULTA,Financials,one_off,quadratic,9,0,6.0,0.135,0.889,507.2,9.0,greater,7.64,1,2,2,3,0,,3,5,16,False,
KXUPONLY,Unknown,,quadratic,11,0,5.0,0.0425,0.909,1103.4,11.0,,5.58,1,2,3,2,0,,3,5,16,False,
KXURYPDGAME,Sports,custom,quadratic,24,0,5.0,0.26,1.0,386.5,3.0,structured,7.7,1,2,4,1,0,,3,5,16,False,
KXURYPDTOTAL,Sports,custom,quadratic,48,0,7.0,0.345,1.0,29.0,6.0,greater,10.18,1,1,3,3,0,,3,5,16,False,
KXUSADATACENTERS,Science and Technology,one_off,quadratic,6,0,5.5,0.835,1.0,1677.1,6.0,greater_or_equal,7.44,0,2,3,3,0,,3,5,16,False,
KXUSAEXPANDTERRITORY,Politics,one_off,quadratic,3,0,1.0,0.165,1.0,88343.7,3.0,,2.94,0,4,4,1,0,,2,5,16,False,
KXUSLTOTAL,Sports,custom,quadratic,36,0,7.0,0.46,1.0,14.5,6.0,greater,10.48,1,1,3,3,0,,3,5,16,False,
KXUST10A,Financials,daily,quadratic,15,0,5.5,0.9625,0.267,335.5,15.0,greater,6.02,1,2,1,4,0,,3,5,16,False,
KXVAPRIMARY,Unknown,,quadratic,36,0,4.0,0.05,0.583,2758.9,4.0,custom,4.68,1,3,3,1,0,,3,5,16,False,
KXVENUEPERFORMANCESPHERE,Unknown,,quadratic,12,0,5.0,0.1625,1.0,5193.1,12.0,custom,6.92,1,2,3,2,0,,3,5,16,False,
KXVENUEPERFORMANCEYE,Unknown,,quadratic,20,0,5.0,0.0475,1.0,219.1,20.0,custom,5.64,1,2,3,2,0,,3,5,16,False,
KXVINE,Financials,custom,quadratic,1,0,4.0,0.06,1.0,12703.5,1.0,,4.8,1,3,4,0,0,,3,5,16,False,
KXVOTEPERCENTBINFACE,Unknown,,quadratic,8,0,5.0,0.5525,0.75,11263.0,8.0,greater_or_equal,8.48,1,1,3,3,0,,3,5,16,False,
KXWARSHOUT,Politics,one_off,quadratic,5,0,1.0,0.055,1.0,501.0,5.0,custom,1.74,0,5,3,1,0,,2,5,16,False,
KXWCHOST,Sports,custom,quadratic,14,0,3.0,0.1,0.786,475.6,14.0,custom,4.26,1,3,2,2,0,,3,5,16,False,
KXWEDDINGLOCATION,Unknown,,quadratic,6,0,1.0,0.1,1.0,7.5,6.0,custom,2.26,1,4,2,1,0,,3,5,16,False,
KXWENBACONATOR,Economics,monthly,quadratic,7,0,5.0,0.51,1.0,126.2,7.0,greater_or_equal,8.5,1,1,3,3,0,,3,5,16,False,
KXWIDGOV2ND,Unknown,,quadratic,3,0,1.0,0.305,1.0,8358.0,3.0,custom,3.98,1,3,3,1,0,,3,5,16,False,
KXWISOSNOMR,Unknown,,quadratic,2,0,1.0,0.5,1.0,167.3,2.0,custom,4.5,1,3,3,1,0,,3,5,16,False,
KXWNBADPOY,Sports,annual,quadratic,16,0,2.0,0.055,0.438,1267.0,16.0,"custom,structured",2.74,1,4,1,2,0,,3,5,16,False,
KXWNBAOT,Sports,custom,quadratic,8,0,1.0,0.0725,1.0,1.0,1.0,,1.96,1,5,2,0,0,,3,5,16,False,
KXWNBATOTAL,Sports,custom,quadratic,54,0,5.0,0.575,1.0,95.0,9.0,greater,8.44,1,1,3,3,0,,3,5,16,False,
KXWTAGRANDSLAM,Sports,custom,quadratic,15,0,4.0,0.05,0.6,2838.8,15.0,structured,4.68,1,3,2,2,0,,3,5,16,False,
KXYOUA,Financials,one_off,quadratic,8,0,7.0,0.53,1.0,2667.8,8.0,greater,10.5,1,1,3,3,0,,3,5,16,False,
KXYTUBESUBSISHOWSPEED,Unknown,,quadratic,4,0,6.5,0.6325,1.0,1239.4,4.0,greater_or_equal,9.76,1,1,3,3,0,,3,5,16,False,
KXYTVIEWS,Unknown,,quadratic,7,0,1.0,0.225,1.0,1858.0,1.0,greater,3.46,1,4,3,0,0,,3,5,16,False,
OAIAGI,Science and Technology,custom,quadratic,3,0,1.7,0.1895,1.0,206477.3,3.0,,3.86,0,3,4,1,0,,3,5,16,False,
SENATEAK,Unknown,,quadratic,4,0,3.0,0.5,1.0,108608.4,2.0,structured,6.5,1,2,4,1,0,,3,5,16,False,
SENATEGA,Unknown,,quadratic,4,0,3.1,0.49,1.0,122132.6,2.0,structured,6.6,1,2,4,1,0,,3,5,16,False,
SENATEIA,Unknown,,quadratic,4,0,3.0,0.5,1.0,222390.7,2.0,structured,6.5,1,2,4,1,0,,3,5,16,False,
SENATEKS,Unknown,,quadratic,4,0,2.0,0.49,1.0,43216.5,2.0,structured,5.5,1,2,4,1,0,,3,5,16,False,
SENATELA,Unknown,,quadratic,4,0,3.25,0.4888,1.0,20772.1,2.0,structured,6.75,1,2,4,1,0,,3,5,16,False,
SENATEMA,Unknown,,quadratic,2,0,0.5,0.5,1.0,1427.1,2.0,structured,4.0,1,3,3,1,0,,3,5,16,False,
SENATENC,Unknown,,quadratic,4,0,3.05,0.4875,1.0,76258.1,2.0,structured,6.55,1,2,4,1,0,,3,5,16,False,
SENATENE,Unknown,,quadratic,3,0,1.0,0.495,0.667,206854.5,3.0,"custom,structured",4.5,1,3,3,1,0,,3,5,16,False,
SENATENM,Unknown,,quadratic,2,0,2.2,0.4975,1.0,11404.9,2.0,structured,5.7,1,2,4,1,0,,3,5,16,False,
SENATEOHS,Unknown,,quadratic,2,0,1.5,0.5025,1.0,310726.1,2.0,structured,5.0,1,2,4,1,0,,3,5,16,False,
SENATERI,Unknown,,quadratic,2,0,0.35,0.4957,1.0,5805.6,2.0,structured,3.85,1,3,3,1,0,,3,5,16,False,
SENATESC,Unknown,,quadratic,4,0,3.0,0.4975,1.0,135437.4,2.0,structured,6.5,1,2,4,1,0,,3,5,16,False,
SENATEVA,Unknown,,quadratic,2,0,1.2,0.4955,1.0,9522.3,2.0,structured,4.7,1,3,3,1,0,,3,5,16,False,
WRECSS,Economics,custom,quadratic,4,0,6.55,0.0927,1.0,33723.9,4.0,custom,7.73,1,2,4,1,0,,3,5,16,False,
GOVPARTYAR,Unknown,,quadratic,2,0,2.95,0.4998,1.0,1384.3,2.0,custom,6.45,1,2,3,1,0,,3,5,15,False,
GOVPARTYCT,Unknown,,quadratic,2,0,2.5,0.4985,1.0,9831.6,2.0,structured,6.0,1,2,3,1,0,,3,5,15,False,
GOVPARTYHI,Unknown,,quadratic,2,0,2.45,0.4992,1.0,4364.8,2.0,structured,5.95,1,2,3,1,0,,3,5,15,False,
GOVPARTYID,Unknown,,quadratic,2,0,3.3,0.4975,1.0,1333.0,2.0,structured,6.8,1,2,3,1,0,,3,5,15,False,
GOVPARTYIN,Unknown,,quadratic,2,0,2.8,0.5,1.0,934.4,2.0,custom,6.3,1,2,3,1,0,,3,5,15,False,
GOVPARTYLA,Unknown,,quadratic,2,0,2.65,0.4873,1.0,3345.3,2.0,custom,6.15,1,2,3,1,0,,3,5,15,False,
GOVPARTYMD,Unknown,,quadratic,2,0,2.3,0.497,1.0,6397.2,2.0,structured,5.8,1,2,3,1,0,,3,5,15,False,
GOVPARTYMO,Unknown,,quadratic,2,0,1.85,0.5003,1.0,3915.4,2.0,custom,5.35,1,2,3,1,0,,3,5,15,False,
GOVPARTYMT,Unknown,,quadratic,2,0,2.5,0.5025,1.0,1721.8,2.0,custom,6.0,1,2,3,1,0,,3,5,15,False,
GOVPARTYNC,Unknown,,quadratic,2,0,2.5,0.4975,1.0,1787.5,2.0,custom,6.0,1,2,3,1,0,,3,5,15,False,
GOVPARTYND,Unknown,,quadratic,2,0,2.5,0.5025,1.0,1560.0,2.0,structured,6.0,1,2,3,1,0,,3,5,15,False,
GOVPARTYNH,Unknown,,quadratic,2,0,3.0,0.5,1.0,6285.9,2.0,structured,6.5,1,2,3,1,0,,3,5,15,False,
GOVPARTYSD,Unknown,,quadratic,2,0,3.6,0.498,1.0,2891.6,2.0,structured,7.1,1,2,3,1,0,,3,5,15,False,
GOVPARTYTN,Unknown,,quadratic,2,0,2.8,0.494,1.0,4660.1,2.0,structured,6.3,1,2,3,1,0,,3,5,15,False,
GOVPARTYUT,Unknown,,quadratic,2,0,3.0,0.5,1.0,1366.1,2.0,structured,6.5,1,2,3,1,0,,3,5,15,False,
GOVPARTYVT,Unknown,,quadratic,4,0,1.5,0.5025,1.0,8036.3,2.0,"custom,structured",5.0,1,2,3,1,0,,3,5,15,False,
GOVPARTYWY,Unknown,,quadratic,2,0,2.75,0.4972,1.0,762.8,2.0,structured,6.25,1,2,3,1,0,,3,5,15,False,
HOUSEAKAL,Unknown,,quadratic,3,0,6.4,0.15,1.0,10774.3,3.0,"custom,structured",8.2,1,1,4,1,0,,3,5,15,False,
HOUSEAZ2,Unknown,,quadratic,2,0,2.0,0.505,1.0,5092.2,2.0,structured,5.5,1,2,3,1,0,,3,5,15,False,
HOUSEAZ6,Unknown,,quadratic,2,0,3.5,0.4975,1.0,7858.4,2.0,structured,7.0,1,2,3,1,0,,3,5,15,False,
HOUSECA13,Unknown,,quadratic,2,0,4.9,0.5105,1.0,10026.4,2.0,structured,8.4,1,1,4,1,0,,3,5,15,False,
HOUSECA21,Unknown,,quadratic,2,0,3.6,0.5,1.0,6653.7,2.0,structured,7.1,1,2,3,1,0,,3,5,15,False,
HOUSECA27,Unknown,,quadratic,2,0,3.45,0.4997,1.0,3356.3,2.0,structured,6.95,1,2,3,1,0,,3,5,15,False,
HOUSECA3,Unknown,,quadratic,2,0,1.5,0.5,1.0,9397.8,2.0,structured,5.0,1,2,3,1,0,,3,5,15,False,
HOUSECA41,Unknown,,quadratic,2,0,2.0,0.495,1.0,4308.5,2.0,structured,5.5,1,2,3,1,0,,3,5,15,False,
HOUSECA45,Unknown,,quadratic,2,0,3.5,0.4825,1.0,9991.3,2.0,structured,7.0,1,2,3,1,0,,3,5,15,False,
HOUSECA47,Unknown,,quadratic,2,0,4.05,0.4962,1.0,1671.2,2.0,structured,7.55,1,2,3,1,0,,3,5,15,False,
HOUSECA49,Unknown,,quadratic,2,0,2.4,0.4985,1.0,6639.0,2.0,structured,5.9,1,2,3,1,0,,3,5,15,False,
HOUSECA9,Unknown,,quadratic,2,0,3.7,0.498,1.0,2068.3,2.0,structured,7.2,1,2,3,1,0,,3,5,15,False,
HOUSECT5,Unknown,,quadratic,2,0,3.35,0.5052,1.0,2005.1,2.0,structured,6.85,1,2,3,1,0,,3,5,15,False,
HOUSEIA1,Unknown,,quadratic,2,0,3.5,0.5225,1.0,3215.1,2.0,structured,7.0,1,2,3,1,0,,3,5,15,False,
HOUSEIL17,Unknown,,quadratic,2,0,2.35,0.4902,1.0,2540.4,2.0,structured,5.85,1,2,3,1,0,,3,5,15,False,
HOUSEIN1,Unknown,,quadratic,2,0,5.3,0.504,1.0,11341.0,2.0,structured,8.8,1,1,4,1,0,,3,5,15,False,
HOUSEME2,Unknown,,quadratic,2,0,5.0,0.5,1.0,12911.0,2.0,structured,8.5,1,1,4,1,0,,3,5,15,False,
HOUSEMI10,Unknown,,quadratic,2,0,3.5,0.5125,1.0,7743.6,2.0,structured,7.0,1,2,3,1,0,,3,5,15,False,
HOUSEMI4,Unknown,,quadratic,2,0,3.5,0.5075,1.0,3410.0,2.0,structured,7.0,1,2,3,1,0,,3,5,15,False,
HOUSEMI7,Unknown,,quadratic,2,0,4.0,0.505,1.0,5754.3,2.0,structured,7.5,1,2,3,1,0,,3,5,15,False,
HOUSEMI8,Unknown,,quadratic,2,0,3.5,0.5,1.0,1244.0,2.0,structured,7.0,1,2,3,1,0,,3,5,15,False,
HOUSEMN2,Unknown,,quadratic,2,0,4.15,0.4998,1.0,2181.1,2.0,structured,7.65,1,2,3,1,0,,3,5,15,False,
HOUSENH1,Unknown,,quadratic,2,0,4.15,0.5002,1.0,2540.3,2.0,structured,7.65,1,2,3,1,0,,3,5,15,False,
HOUSENJ7,Unknown,,quadratic,2,0,5.0,0.495,1.0,12426.2,2.0,structured,8.5,1,1,4,1,0,,3,5,15,False,
HOUSENJ9,Unknown,,quadratic,2,0,3.95,0.4998,1.0,3779.6,2.0,structured,7.45,1,2,3,1,0,,3,5,15,False,
HOUSENV1,Unknown,,quadratic,2,0,1.95,0.5002,1.0,6651.4,2.0,structured,5.45,1,2,3,1,0,,3,5,15,False,
HOUSENV3,Unknown,,quadratic,2,0,2.05,0.4948,1.0,3437.2,2.0,structured,5.55,1,2,3,1,0,,3,5,15,False,
HOUSENV4,Unknown,,quadratic,2,0,4.2,0.498,1.0,1846.0,2.0,structured,7.7,1,2,3,1,0,,3,5,15,False,
HOUSENY18,Unknown,,quadratic,2,0,3.95,0.4998,1.0,7410.4,2.0,structured,7.45,1,2,3,1,0,,3,5,15,False,
HOUSENY19,Unknown,,quadratic,2,0,3.65,0.5038,1.0,2541.0,2.0,structured,7.15,1,2,3,1,0,,3,5,15,False,
HOUSENY22,Unknown,,quadratic,2,0,1.75,0.5117,1.0,2116.0,2.0,structured,5.25,1,2,3,1,0,,3,5,15,False,
HOUSEOH13,Unknown,,quadratic,2,0,3.9,0.496,1.0,3907.5,2.0,structured,7.4,1,2,3,1,0,,3,5,15,False,
HOUSEOR5,Unknown,,quadratic,2,0,2.7,0.4975,1.0,971.0,2.0,structured,6.2,1,2,3,1,0,,3,5,15,False,
HOUSEPA1,Unknown,,quadratic,2,0,2.0,0.505,1.0,6263.1,2.0,structured,5.5,1,2,3,1,0,,3,5,15,False,
HOUSETX34,Unknown,,quadratic,2,0,6.5,0.4925,1.0,10204.1,2.0,structured,10.0,1,1,4,1,0,,3,5,15,False,
HOUSEVA1,Unknown,,quadratic,2,0,5.0,0.485,1.0,14148.0,2.0,structured,8.5,1,1,4,1,0,,3,5,15,False,
HOUSEVA2,Unknown,,quadratic,2,0,6.0,0.495,1.0,12985.8,2.0,structured,9.5,1,1,4,1,0,,3,5,15,False,
HOUSEWI1,Unknown,,quadratic,2,0,4.0,0.505,1.0,6582.7,2.0,structured,7.5,1,2,3,1,0,,3,5,15,False,
KX1SONGJUSTINBIEBER,Unknown,,quadratic,1,0,5.0,0.095,1.0,82462.8,1.0,,6.22,1,2,4,0,0,,3,5,15,False,
KX60MINUTES,Unknown,,quadratic,1,0,3.0,0.055,1.0,8906.8,1.0,,3.74,1,3,3,0,0,,3,5,15,False,
KXA100MON,Science and Technology,one_off,quadratic,20,0,7.0,0.87,0.85,107.5,20.0,greater,8.6,0,1,2,4,0,,3,5,15,False,
KXAAAGASMAXFL,Economics,custom,quadratic,7,0,6.0,0.165,1.0,2894.1,7.0,,7.94,1,2,3,1,0,,3,5,15,False,
KXAAAGASMAXTX,Economics,annual,quadratic,10,0,8.0,0.195,1.0,5592.0,10.0,,10.2,1,1,3,2,0,,3,5,15,False,
KXABRAHAMSA,Politics,custom,quadratic,13,0,3.1,0.0795,1.0,16409.7,6.5,,4.14,0,3,4,1,0,,2,5,15,False,
KXACAENROLLMENT,Unknown,,quadratic,6,0,5.0,0.465,1.0,40.0,6.0,greater,8.5,1,1,2,3,0,,3,5,15,False,
KXAFDSACHSEN,Unknown,,quadratic,7,0,6.0,0.43,1.0,30.0,7.0,greater_or_equal,9.44,1,1,2,3,0,,3,5,15,False,
KXAISONG,Unknown,,quadratic,1,0,2.0,0.31,1.0,36477.7,1.0,,5.0,1,2,4,0,0,,3,5,15,False,
KXAKSENADVANCE,Unknown,,quadratic,9,0,5.0,0.155,1.0,2652.7,9.0,custom,6.84,1,2,3,1,0,,3,5,15,False,
KXAKSENGOVCOMBO,Unknown,,quadratic,4,0,2.5,0.2975,1.0,6606.1,4.0,custom,5.44,1,2,3,1,0,,3,5,15,False,
KXALBUMRELEASETRAVYE,Unknown,,quadratic,1,0,5.0,0.105,1.0,20898.9,1.0,,6.32,1,2,4,0,0,,3,5,15,False,
KXALPRIMARY,Unknown,,quadratic,9,0,4.2,0.0563,0.667,7193.0,4.5,custom,4.96,1,3,2,1,0,,3,5,15,False,
KXAMSAVO,Economics,weekly,quadratic,11,0,7.0,0.4,0.636,2.0,11.0,greater,10.36,1,1,1,4,0,,3,5,15,False,
KXARRESTNETANYAHU,Politics,one_off,quadratic,3,0,3.0,0.045,1.0,28986.2,3.0,custom,3.62,0,3,4,1,0,,2,5,15,False,
KXARTISTCOLLABBILLIEYEAT,Unknown,,quadratic,1,0,4.0,0.05,1.0,887.2,1.0,,4.68,1,3,3,0,0,,3,5,15,False,
KXATP,Sports,custom,quadratic,74,0,4.0,0.115,0.284,387.5,29.0,structured,5.44,1,2,2,2,0,,3,5,15,False,
KXATPCHALLENGERMATCH,Sports,custom,quadratic,36,0,5.0,0.48,1.0,1195.3,2.0,structured,8.5,1,1,4,1,0,,3,5,15,False,
KXATPMATCH,Sports,custom,quadratic_with_maker_fees,14,0,3.0,0.515,1.0,6156.5,2.0,structured,6.5,1,2,3,1,0,,3,5,15,False,
KXATTYGENAR,Unknown,,quadratic,2,0,2.15,0.4977,1.0,1475.8,2.0,structured,5.65,1,2,3,1,0,,3,5,15,False,
KXATTYGENAZ,Unknown,,quadratic,2,0,1.5,0.5075,1.0,3354.6,2.0,structured,5.0,1,2,3,1,0,,3,5,15,False,
KXATTYGENFL,Unknown,,quadratic,2,0,4.5,0.5125,1.0,231.0,2.0,structured,8.0,1,2,3,1,0,,3,5,15,False,
KXATTYGENIA,Unknown,,quadratic,2,0,6.0,0.505,1.0,10645.4,2.0,structured,9.5,1,1,4,1,0,,3,5,15,False,
KXATTYGENID,Unknown,,quadratic,2,0,3.7,0.499,1.0,316.5,2.0,structured,7.2,1,2,3,1,0,,3,5,15,False,
KXATTYGENMD,Unknown,,quadratic,2,0,3.95,0.4977,1.0,161.5,2.0,structured,7.45,1,2,3,1,0,,3,5,15,False,
KXATTYGENOK,Unknown,,quadratic,2,0,4.2,0.4965,1.0,304.5,2.0,structured,7.7,1,2,3,1,0,,3,5,15,False,
KXATZ,Financials,one_off,quadratic,8,0,5.5,0.765,1.0,46.6,8.0,greater,8.02,1,1,2,3,0,,3,5,15,False,
KXAUSTRALIAHOUSE,Unknown,,quadratic,4,0,5.0,0.2485,1.0,3396.2,4.0,custom,7.62,1,2,3,1,0,,3,5,15,False,
KXAUSTRALIASENATE,Unknown,,quadratic,4,0,4.7,0.09,1.0,269.8,4.0,custom,5.86,1,2,3,1,0,,3,5,15,False,
KXAUTODELQ,Economics,custom,quadratic,8,0,7.0,0.4225,1.0,20.3,8.0,greater,10.42,1,1,2,3,0,,3,5,15,False,
KXAVGMEASLESDJT,Science and Technology,custom,quadratic,7,0,5.0,0.54,1.0,527.4,7.0,greater_or_equal,8.48,0,1,3,3,0,,3,5,15,False,
KXBBALLTEAMUSA,Sports,custom,quadratic,40,0,8.0,0.2975,1.0,86.0,40.0,"custom,structured",10.94,1,1,3,2,0,,3,5,15,False,
KXBBCHARTTOP3,Unknown,,quadratic,1,0,3.0,0.065,1.0,785.1,1.0,custom,3.86,1,3,3,0,0,,3,5,15,False,
KXBEZELR,Financials,one_off,quadratic,1,0,5.0,0.045,1.0,29582.0,1.0,,5.62,1,2,4,0,0,,3,5,15,False,
KXBIDENBOOK,Unknown,,quadratic,3,0,6.0,0.86,1.0,1895.2,3.0,custom,7.7,1,2,3,1,0,,3,5,15,False,
KXBIGBROTHERELIMINATION,Unknown,,quadratic,15,0,5.0,0.295,0.2,10625.1,15.0,structured,7.92,1,2,2,2,0,,3,5,15,False,
KXBLANCHECOUNT,Politics,one_off,quadratic,5,0,3.0,0.255,1.0,4521.1,5.0,greater,5.66,0,2,3,3,0,,2,5,15,False,
KXBLUEIOWA,Unknown,,quadratic,1,0,6.0,0.15,1.0,14724.2,1.0,between,7.8,1,2,4,0,0,,3,5,15,False,
KXBLUETSUNAMICOMBO,Unknown,,quadratic,1,0,2.0,0.41,1.0,285656.6,1.0,custom,5.4,1,2,4,0,0,,3,5,15,False,
KXBOSNIANGEN,Unknown,,quadratic,10,0,5.0,0.035,1.0,4.0,10.0,custom,5.48,1,2,2,2,0,,3,5,15,False,
KXBRAZILGDP,Economics,one_off,quadratic,14,0,7.0,0.505,1.0,3.0,7.0,greater,10.5,1,1,2,3,0,,3,5,15,False,
KXBRAZILSENATE,Unknown,,quadratic,5,0,3.0,0.065,1.0,43.0,5.0,custom,3.86,1,3,2,1,0,,3,5,15,False,
KXBRPRESADVANCE,Unknown,,quadratic,6,0,5.5,0.0875,1.0,1170.7,6.0,custom,6.62,1,2,3,1,0,,3,5,15,False,
KXCABOUT,Politics,custom,quadratic,21,0,4.0,0.03,0.81,2707.2,21.0,custom,4.42,0,3,3,2,0,,2,5,15,False,
KXCAELECTION,Unknown,,quadratic,16,0,3.0,0.4975,1.0,6978.7,2.0,structured,6.5,1,2,3,1,0,,3,5,15,False,
KXCAGOVLAMAYOR,Unknown,,quadratic,4,0,5.0,0.2125,1.0,3195.1,4.0,custom,7.36,1,2,3,1,0,,3,5,15,False,
KXCANELECTION,Unknown,,quadratic,3,0,1.0,0.365,1.0,7.0,3.0,custom,4.26,1,3,2,1,0,,3,5,15,False,
KXCBDISRAEL,Economics,custom,quadratic,5,0,2.0,0.185,0.6,3725.3,5.0,custom,4.12,1,3,2,1,0,,3,5,15,False,
KXCDUCSULEAD,Unknown,,quadratic,6,0,3.0,0.965,0.167,6942.7,6.0,custom,3.48,1,4,1,1,0,,3,5,15,False,
KXCHESSTOURNAMENT,Sports,custom,quadratic,27,0,4.0,0.0875,0.667,50.0,13.5,custom,5.12,1,2,2,2,0,,3,5,15,False,
KXCHESSWORLDCHAMPION,Sports,custom,quadratic,9,0,1.0,0.285,0.333,186429.2,9.0,custom,3.86,1,3,2,1,0,,3,5,15,False,
KXCITYCHAMPS,Sports,custom,quadratic,43,0,7.5,0.1775,0.884,1.0,4.0,greater_or_equal,9.56,1,1,2,3,0,,3,5,15,False,
KXCITYNBAEXPAND,Sports,custom,quadratic,2,0,4.0,0.775,1.0,9895.5,2.0,custom,6.46,1,2,3,1,0,,3,5,15,False,
KXCLACTON2ND,Unknown,,quadratic,15,0,3.0,0.0625,0.267,881.0,15.0,custom,3.84,1,3,1,2,0,,3,5,15,False,
KXCLACTON4TH,Unknown,,quadratic,15,0,2.5,0.125,0.4,273.0,15.0,custom,4.04,1,3,1,2,0,,3,5,15,False,
KXCLACTONBYELECTION,Unknown,,quadratic,5,0,1.0,0.5,0.4,18860.4,5.0,custom,4.5,1,3,2,1,0,,3,5,15,False,
KXCOACHONDATE,Sports,custom,quadratic,15,0,1.0,0.485,0.133,2362.1,15.0,custom,4.5,1,3,1,2,0,,3,5,15,False,
KXCOMPANYACTIONEA,Financials,one_off,quadratic,7,0,6.0,0.955,1.0,551.0,7.0,custom,6.62,1,2,3,1,0,,3,5,15,False,
KXCOMPANYACTIONRDDT,Financials,one_off,quadratic,1,0,1.0,0.325,1.0,745.6,1.0,custom,4.08,1,3,3,0,0,,3,5,15,False,
KXCOREUND,Economics,one_off,quadratic,1,0,5.0,0.255,1.0,37390.8,1.0,less,7.66,1,2,4,0,0,,3,5,15,False,
KXCOTTONCANDYLOBSTER,Unknown,,quadratic,1,0,1.0,0.295,1.0,1534.6,1.0,,3.92,1,3,3,0,0,,3,5,15,False,
KXCOVEREA,Unknown,,quadratic,5,0,5.0,0.045,1.0,4496.5,5.0,custom,5.62,1,2,3,1,0,,3,5,15,False,
KXCPCSIZE,Unknown,,quadratic,4,0,6.5,0.4675,1.0,4.0,4.0,greater,10.0,1,1,2,3,0,,3,5,15,False,
KXCRUDEEXPORTBAN,Politics,one_off,quadratic,2,0,3.0,0.09,1.0,26594.1,2.0,,4.16,0,3,4,1,0,,2,5,15,False,
KXCRYPTOPAY,Financials,custom,quadratic,1,0,3.0,0.205,1.0,25881.9,1.0,,5.3,1,2,4,0,0,,3,5,15,False,
KXDEELRIP,Financials,one_off,quadratic,2,0,4.0,0.485,1.0,4823.8,2.0,custom,7.5,1,2,3,1,0,,3,5,15,False,
KXDEFGDP,Economics,one_off,quadratic,1,0,5.0,0.105,1.0,65968.5,1.0,less,6.32,1,2,4,0,0,,3,5,15,False,
KXDIRECTORMARVEL,Unknown,,quadratic,1,0,4.0,0.18,1.0,10529.2,1.0,,6.08,1,2,4,0,0,,3,5,15,False,
KXDOLA,Financials,one_off,quadratic,7,0,5.0,0.385,1.0,99.8,7.0,greater,8.32,1,1,2,3,0,,3,5,15,False,
KXDSAWINS,Unknown,,quadratic,7,0,6.0,0.48,1.0,70.9,7.0,greater,9.5,1,1,2,3,0,,3,5,15,False,
KXDST,Politics,one_off,quadratic,3,0,1.0,0.42,1.0,11730.1,3.0,custom,4.42,0,3,4,1,0,,2,5,15,False,
KXDXYVSGOLD,Financials,annual,quadratic,2,0,3.5,0.5075,1.0,3217.7,2.0,custom,7.0,1,2,3,1,0,,3,5,15,False,
KXEARNINGSMENTIONABNB,Unknown,,quadratic,14,0,6.0,0.4,1.0,546.0,14.0,custom,9.36,1,1,3,2,0,,3,5,15,False,
KXEARNINGSMENTIONARITZIA,Unknown,,quadratic,14,0,6.0,0.6725,1.0,425.5,14.0,custom,9.1,1,1,3,2,0,,3,5,15,False,
KXEARNINGSMENTIONDASH,Unknown,,quadratic,16,0,7.0,0.3325,1.0,687.7,16.0,custom,10.12,1,1,3,2,0,,3,5,15,False,
KXEARNINGSMENTIONDKNG,Unknown,,quadratic,17,0,6.0,0.55,1.0,612.0,17.0,custom,9.48,1,1,3,2,0,,3,5,15,False,
KXEARNINGSMENTIONDPZ,Unknown,,quadratic,15,0,8.0,0.55,1.0,280.2,15.0,custom,11.48,1,1,3,2,0,,3,5,15,False,
KXEARNINGSMENTIONFIG,Unknown,,quadratic,14,0,6.5,0.495,1.0,466.5,14.0,custom,10.0,1,1,3,2,0,,3,5,15,False,
KXEARNINGSMENTIONHD,Unknown,,quadratic,15,0,7.0,0.575,1.0,475.4,15.0,custom,10.44,1,1,3,2,0,,3,5,15,False,
KXEARNINGSMENTIONKLAR,Unknown,,quadratic,16,0,6.0,0.3875,1.0,485.3,16.0,custom,9.34,1,1,3,2,0,,3,5,15,False,
KXEARNINGSMENTIONLYFT,Unknown,,quadratic,18,0,6.0,0.48,1.0,609.5,18.0,custom,9.5,1,1,3,2,0,,3,5,15,False,
KXEARNINGSMENTIONNBIS,Unknown,,quadratic,17,0,6.0,0.565,1.0,361.8,17.0,custom,9.46,1,1,3,2,0,,3,5,15,False,
KXEARNINGSMENTIONNVDA,Unknown,,quadratic,19,0,6.0,0.46,1.0,221.3,19.0,custom,9.48,1,1,3,2,0,,3,5,15,False,
KXEARNINGSMENTIONSPOT,Unknown,,quadratic,18,0,5.0,0.4025,1.0,518.5,18.0,custom,8.38,1,1,3,2,0,,3,5,15,False,
KXEARNINGSMENTIONTLN,Unknown,,quadratic,12,0,6.0,0.2225,1.0,975.1,12.0,custom,8.44,1,1,3,2,0,,3,5,15,False,
KXEARNINGSMENTIONTOL,Unknown,,quadratic,14,0,5.5,0.61,1.0,456.6,14.0,custom,8.84,1,1,3,2,0,,3,5,15,False,
KXEARNINGSMENTIONWEN,Unknown,,quadratic,16,0,6.0,0.5375,1.0,824.0,16.0,custom,9.5,1,1,3,2,0,,3,5,15,False,
KXEARNINGSMENTIONWMT,Unknown,,quadratic,14,0,6.0,0.495,1.0,904.6,14.0,custom,9.5,1,1,3,2,0,,3,5,15,False,
KXEARNINGSMENTIONYOU,Unknown,,quadratic,13,0,6.0,0.62,1.0,500.0,13.0,custom,9.3,1,1,3,2,0,,3,5,15,False,
KXECULPGAME,Sports,custom,quadratic,6,0,3.5,0.2975,1.0,902.4,3.0,structured,6.44,1,2,3,1,0,,3,5,15,False,
KXEHSALES,Economics,custom,quadratic,8,0,5.0,0.3325,1.0,97.4,8.0,greater,8.12,1,1,2,3,0,,3,5,15,False,
KXELECTIONEMERGENCY,Politics,one_off,quadratic,2,0,1.2,0.234,1.0,86881.6,2.0,,3.72,0,3,4,1,0,,2,5,15,False,
KXELECTRICM3,Financials,one_off,quadratic,1,0,5.0,0.825,1.0,18183.0,1.0,,7.04,1,2,4,0,0,,3,5,15,False,
KXEMMYCACTO,Unknown,,quadratic,6,0,2.0,0.085,0.5,4330.7,6.0,custom,3.1,1,4,1,1,0,,3,5,15,False,
KXEMMYCACTR,Unknown,,quadratic,6,0,2.0,0.06,0.5,1429.1,6.0,custom,2.8,1,4,1,1,0,,3,5,15,False,
KXEMMYCOUNT,Unknown,,quadratic,115,0,6.0,0.1,0.426,1229.0,18.5,custom,7.26,1,2,2,2,0,,3,5,15,False,
KXEMMYCSACTO,Unknown,,quadratic,8,0,3.0,0.085,0.625,1077.0,8.0,custom,4.1,1,3,2,1,0,,3,5,15,False,
KXEMMYDACTR,Unknown,,quadratic,6,0,2.0,0.12,0.5,2702.5,6.0,custom,3.48,1,4,1,1,0,,3,5,15,False,
KXEMMYDSACTR,Unknown,,quadratic,8,0,4.0,0.055,0.625,838.8,8.0,custom,4.74,1,3,2,1,0,,3,5,15,False,
KXEMMYLIMITEDACTR,Unknown,,quadratic,6,0,2.0,0.145,0.833,2505.9,6.0,custom,3.74,1,3,2,1,0,,3,5,15,False,
KXEMMYLSACTR,Unknown,,quadratic,7,0,3.0,0.105,0.714,1685.7,7.0,custom,4.32,1,3,2,1,0,,3,5,15,False,
KXEMPLOYMENTCOMBO,Unknown,,quadratic,12,0,4.0,0.11,0.667,331.0,12.0,custom,5.38,1,2,2,2,0,,3,5,15,False,
KXENDORSECOLLINS,Unknown,,quadratic,6,0,6.0,0.0575,1.0,1323.6,6.0,custom,6.76,1,2,3,1,0,,3,5,15,False,
KXENGAGEMENTISHOWSPEED,Unknown,,quadratic,1,0,3.0,0.065,1.0,7775.2,1.0,,3.86,1,3,3,0,0,,3,5,15,False,
KXENGAGEMENTTIMOTHEEKYLIE,Unknown,,quadratic,1,0,3.0,0.265,1.0,26072.8,1.0,,5.74,1,2,4,0,0,,3,5,15,False,
KXEPLRELEGATION,Sports,annual,quadratic,20,0,5.5,0.115,0.8,197.0,20.0,structured,6.94,1,2,2,2,0,,3,5,15,False,
KXEUEXITCOUNTRY,Politics,custom,quadratic,6,0,3.05,0.0263,1.0,3120.2,6.0,,3.41,0,4,3,1,0,,2,5,15,False,
KXFASTANDFURIOUSRELEASE,Unknown,,quadratic,1,0,5.0,0.085,1.0,22386.0,1.0,,6.1,1,2,4,0,0,,3,5,15,False,
KXFDAANNOUNCE,Science and Technology,one_off,quadratic,3,0,3.0,0.485,1.0,11323.2,3.0,custom,6.5,0,2,4,1,0,,3,5,15,False,
KXFDANOM,Politics,one_off,quadratic,11,0,3.5,0.0275,0.909,428.1,11.0,custom,3.88,0,3,3,2,0,,2,5,15,False,
KXFDVOPENSEA,Crypto,one_off,quadratic,6,0,8.0,0.065,0.833,5161.8,6.0,greater,8.86,1,1,2,3,0,,3,5,15,False,
KXFEATURETRAVISSCOTT,Unknown,,quadratic,10,0,7.5,0.415,1.0,175.4,10.0,custom,10.9,1,1,3,2,0,,3,5,15,False,
KXFESTIVALEVENTDNCMIDTERMS,Unknown,,quadratic,1,0,5.1,0.0655,1.0,14028.1,1.0,,5.96,1,2,4,0,0,,3,5,15,False,
KXFINLANDPARLI,Unknown,,quadratic,5,0,5.0,0.064,1.0,105.0,5.0,custom,5.84,1,2,3,1,0,,3,5,15,False,
KXFM30YMTG,Economics,one_off,quadratic,1,0,6.0,0.12,1.0,41269.6,1.0,less,7.48,1,2,4,0,0,,3,5,15,False,
KXFRPRESADVANCE,Unknown,,quadratic,13,0,6.0,0.09,1.0,0.2,13.0,custom,7.16,1,2,2,2,0,,3,5,15,False,
KXFRPRESBALLOT,Unknown,,quadratic,22,0,5.5,0.3825,1.0,48.4,22.0,custom,8.82,1,1,3,2,0,,3,5,15,False,
KXFRPSNOM,Unknown,,quadratic,7,0,6.0,0.09,1.0,180.0,7.0,custom,7.16,1,2,3,1,0,,3,5,15,False,
KXGA1ROUND,Unknown,,quadratic,9,0,4.1,0.8945,1.0,871.0,9.0,custom,5.44,1,2,3,1,0,,3,5,15,False,
KXGEMINI,Science and Technology,one_off,quadratic,3,0,1.0,0.585,1.0,9049.3,3.0,,4.4,0,3,3,1,0,,3,5,15,False,
KXGONORRHEACOUNT,Science and Technology,one_off,quadratic,9,0,7.0,0.865,1.0,2232.3,9.0,greater,8.64,0,1,3,3,0,,3,5,15,False,
KXGOVKSNOMR,Unknown,,quadratic,8,0,1.0,0.165,0.375,9912.4,8.0,custom,2.94,1,4,1,1,0,,3,5,15,False,
KXGOVMINOMR,Unknown,,quadratic,15,0,1.0,0.502,0.133,1143.0,15.0,custom,4.5,1,3,1,2,0,,3,5,15,False,
KXGOVRINOMD,Unknown,,quadratic,3,0,6.0,0.13,1.0,6347.1,3.0,custom,7.6,1,2,3,1,0,,3,5,15,False,
KXGOVTFUNDLENGTH,Politics,one_off,quadratic,5,0,2.0,0.155,1.0,90.0,5.0,greater_or_equal,3.84,0,3,2,3,0,,2,5,15,False,
KXGOVWINS,Unknown,,quadratic,3,0,5.0,0.325,1.0,10041.3,3.0,,8.08,1,1,4,1,0,,3,5,15,False,
KXGRAMMYNOMAOTY,Unknown,,quadratic,12,0,6.0,0.615,0.917,1561.6,12.0,,9.32,1,1,3,2,0,,3,5,15,False,
KXGRAMMYNOMROTY,Unknown,,quadratic,7,0,5.0,0.785,1.0,696.6,7.0,,7.38,1,2,3,1,0,,3,5,15,False,
KXGRANDSLAM,Sports,custom,quadratic,2,0,2.5,0.3925,1.0,27644.7,1.0,structured,5.84,1,2,4,0,0,,3,5,15,False,
KXGREECEPARLI,Unknown,,quadratic,3,0,5.2,0.057,1.0,1302.0,3.0,custom,5.96,1,2,3,1,0,,3,5,15,False,
KXGREYCUP,Sports,custom,quadratic,9,0,6.0,0.085,1.0,420.4,9.0,structured,7.1,1,2,3,1,0,,3,5,15,False,
KXGTEMP,Unknown,,quadratic,2,0,4.0,0.365,1.0,124067.3,1.0,greater,7.26,1,2,4,0,0,,3,5,15,False,
KXH200CHINA,Economics,custom,quadratic,1,0,5.0,0.965,1.0,16742.0,1.0,,5.48,1,2,4,0,0,,3,5,15,False,
KXHEARINGMENTION,Unknown,,quadratic,16,0,5.0,0.485,0.938,397.7,16.0,custom,8.5,1,1,3,2,0,,3,5,15,False,
KXHEGSETHANNOUNCEOUT,Politics,one_off,quadratic,2,0,1.0,0.055,0.5,12683.6,2.0,custom,1.74,0,5,2,1,0,,2,5,15,False,
KXHKANEKNIGHT,Economics,custom,quadratic,1,0,5.0,0.135,1.0,13218.4,1.0,,6.64,1,2,4,0,0,,3,5,15,False,
KXHOUSEIN7,Unknown,,quadratic,2,0,4.05,0.5088,1.0,9505.0,2.0,structured,7.55,1,2,3,1,0,,3,5,15,False,
KXHOUSETX32,Unknown,,quadratic,2,0,2.0,0.505,1.0,6050.7,2.0,structured,5.5,1,2,3,1,0,,3,5,15,False,
KXHOUSETX35,Unknown,,quadratic,2,0,2.0,0.5,1.0,8679.8,2.0,structured,5.5,1,2,3,1,0,,3,5,15,False,
KXHOUSEUT01,Unknown,,quadratic,2,0,3.0,0.498,1.0,4646.8,2.0,structured,6.5,1,2,3,1,0,,3,5,15,False,
KXHOUSEUT03,Unknown,,quadratic,2,0,2.65,0.4992,1.0,3576.1,2.0,structured,6.15,1,2,3,1,0,,3,5,15,False,
KXHOUSEVA10,Unknown,,quadratic,2,0,2.9,0.5,1.0,2112.3,2.0,structured,6.4,1,2,3,1,0,,3,5,15,False,
KXHOUSEWA8,Unknown,,quadratic,2,0,3.0,0.5,1.0,1886.5,2.0,structured,6.5,1,2,3,1,0,,3,5,15,False,
KXHOWMANYSPEAKERHOUSE,Unknown,,quadratic,3,0,4.7,0.14,1.0,2005.1,3.0,custom,6.4,1,2,3,1,0,,3,5,15,False,
KXIASENGOVCOMBO,Unknown,,quadratic,4,0,3.0,0.305,1.0,7143.9,4.0,custom,5.98,1,2,3,1,0,,3,5,15,False,
KXIBOV,Financials,one_off,quadratic,11,0,4.0,0.165,0.364,1047.7,5.5,greater_or_equal,5.94,1,2,1,3,0,,3,5,15,False,
KXINDYCARTOP10,Sports,custom,quadratic,25,0,5.0,0.315,1.0,1.4,25.0,structured,8.04,1,1,3,2,0,,3,5,15,False,
KXINTCA,Financials,one_off,quadratic,6,0,6.0,0.3275,1.0,97.6,6.0,greater,9.1,1,1,2,3,0,,3,5,15,False,
KXIPHONERELEASE,Financials,one_off,quadratic,6,0,4.0,0.955,1.0,3.1,3.0,,4.62,1,3,2,1,0,,3,5,15,False,
KXIPOANTHROPIC,Financials,one_off,quadratic,9,0,2.0,0.6475,0.889,34119.4,9.0,custom,5.2,1,2,3,1,0,,3,5,15,False,
KXIPOCLUELY,Financials,one_off,quadratic,11,0,4.0,0.03,0.545,53.0,11.0,custom,4.42,1,3,1,2,0,,3,5,15,False,
KXIRANIMPORTS,Economics,one_off,quadratic,1,0,6.0,0.169,1.0,11805.4,1.0,greater,7.98,1,2,4,0,0,,3,5,15,False,
KXIRSCOLLECT,Economics,custom,quadratic,1,0,4.0,0.85,1.0,12426.1,1.0,,5.8,1,2,4,0,0,,3,5,15,False,
KXISRAELPM,Unknown,,quadratic,18,0,2.5,0.2175,0.222,133.1,18.0,custom,4.9,1,3,1,2,0,,3,5,15,False,
KXISRNORMCOUNT,Unknown,,quadratic,5,0,6.0,0.39,1.0,10.0,5.0,greater_or_equal,9.34,1,1,2,3,0,,3,5,15,False,
KXITALYDEPUTIES,Unknown,,quadratic,5,0,4.9,0.0355,1.0,534.0,5.0,custom,5.38,1,2,3,1,0,,3,5,15,False,
KXITFWMATCH,Sports,custom,quadratic,214,0,4.0,0.495,1.0,7.5,2.0,structured,7.5,1,2,3,1,0,,3,5,15,False,
KXJOHANNESBURGMAYOR,Unknown,,quadratic,6,0,5.0,0.065,1.0,352.0,6.0,custom,5.86,1,2,3,1,0,,3,5,15,False,
KXJOINCLUB,Sports,custom,quadratic,295,0,4.0,0.2,0.166,196.2,11.5,structured,6.24,1,2,2,2,0,,3,5,15,False,
KXJPSGINFL,Economics,one_off,quadratic,1,0,1.0,0.225,1.0,4.1,1.0,,3.46,1,4,2,0,0,,3,5,15,False,
KXKPOPDH2,Financials,one_off,quadratic,1,0,5.0,0.035,1.0,77474.2,1.0,,5.48,1,2,4,0,0,,3,5,15,False,
KXKRAKENBANKPUBLIC,Financials,custom,quadratic,5,0,5.0,0.17,0.8,24556.8,5.0,custom,6.98,1,2,3,1,0,,3,5,15,False,
KXLASTEXAM,Science and Technology,one_off,quadratic,17,0,5.0,0.345,1.0,1329.1,8.5,greater_or_equal,8.18,0,1,3,3,0,,3,5,15,False,
KXLEADERMLBAVG,Sports,annual,quadratic,57,0,3.0,0.045,0.158,50.9,57.0,custom,3.62,1,3,1,2,0,,3,5,15,False,
KXLEADERMLBDOUBLES,Sports,annual,quadratic,71,0,4.0,0.05,0.239,92.0,71.0,custom,4.68,1,3,1,2,0,,3,5,15,False,
KXLEADERMLBRBI,Sports,annual,quadratic,71,0,4.5,0.06,0.141,119.7,71.0,"custom,structured",5.3,1,2,2,2,0,,3,5,15,False,
KXLEADERMLBWINS,Sports,annual,quadratic,57,0,6.0,0.07,0.298,527.1,57.0,custom,6.92,1,2,2,2,0,,3,5,15,False,
KXLLM1,Science and Technology,custom,quadratic_with_maker_fees,30,0,1.0,0.4,0.6,8746.7,7.5,custom,4.36,0,3,3,1,0,,3,5,15,False,
KXLOWTBOS,Unknown,,quadratic,6,0,5.5,0.4875,0.333,204.5,6.0,"between,greater,less",9.0,1,1,1,4,0,,3,5,15,False,
KXLOWTPHX,Unknown,,quadratic,12,0,8.0,0.24,0.417,485.1,6.0,"between,greater,less",10.56,1,1,1,4,0,,3,5,15,False,
KXMA05D,Unknown,,quadratic,3,0,5.2,0.027,1.0,846.6,3.0,custom,5.58,1,2,3,1,0,,3,5,15,False,
KXMAMDANIMENTION,Unknown,,quadratic,13,0,4.0,0.37,1.0,90.0,13.0,custom,7.28,1,2,2,2,0,,3,5,15,False,
KXMECKLENBURGVORPOMMERN,Unknown,,quadratic,7,0,4.5,0.0925,0.571,10359.0,7.0,custom,5.68,1,2,3,1,0,,3,5,15,False,
KXMEDIARELEASEDATEAHS,Unknown,,quadratic,5,0,5.0,0.045,1.0,690.5,5.0,,5.62,1,2,3,1,0,,3,5,15,False,
KXMILLENNIUM,Science and Technology,custom,quadratic,5,0,2.9,0.214,1.0,11101.7,5.0,,5.26,0,2,4,1,0,,3,5,15,False,
KXMIPRIMARY,Unknown,,quadratic,36,0,4.0,0.08,0.806,4158.0,3.0,custom,5.04,1,2,3,1,0,,3,5,15,False,
KXMJSCHEDULE,Politics,custom,quadratic,3,0,1.0,0.665,1.0,80627.4,3.0,,4.12,0,3,4,1,0,,2,5,15,False,
KXMLBALCENT,Sports,annual,quadratic,5,0,3.0,0.2825,0.8,215181.1,5.0,structured,5.84,1,2,3,1,0,,3,5,15,False,
KXMLBALEAST,Sports,annual,quadratic,5,0,2.0,0.45,0.6,175174.5,5.0,structured,5.48,1,2,3,1,0,,3,5,15,False,
KXMLBALRELOTY,Sports,annual,quadratic,22,0,6.0,0.15,0.182,665.5,22.0,"custom,structured",7.8,1,2,2,2,0,,3,5,15,False,
KXMLBALWEST,Sports,annual,quadratic,5,0,2.0,0.355,0.6,260337.3,5.0,structured,5.22,1,2,3,1,0,,3,5,15,False,
KXMLBDEBUT,Sports,custom,quadratic,141,0,8.0,0.68,0.986,159.1,7.0,custom,11.06,1,1,4,1,0,,3,5,15,False,
KXMLBKS,Sports,custom,quadratic,111,0,3.0,0.39,0.856,3.0,14.0,structured,6.34,1,2,2,2,0,,3,5,15,False,
KXMLBNLCENT,Sports,annual,quadratic,5,0,1.0,0.495,0.4,319397.8,5.0,structured,4.5,1,3,2,1,0,,3,5,15,False,
KXMLBNLMOTY,Sports,annual,quadratic,17,0,3.0,0.12,0.471,6085.8,17.0,custom,4.48,1,3,1,2,0,,3,5,15,False,
KXMLBNLWEST,Sports,annual,quadratic,5,0,4.0,0.98,0.2,116176.0,5.0,structured,4.28,1,3,2,1,0,,3,5,15,False,
KXMNPRIMARY,Unknown,,quadratic,29,0,5.0,0.305,0.759,1043.0,2.0,custom,7.98,1,2,3,1,0,,3,5,15,False,
KXMODELHIGH,Science and Technology,custom,quadratic,8,0,2.0,0.04,0.625,9155.9,8.0,,2.54,0,4,2,1,0,,3,5,15,False,
KXMOLDOVAPRES,Unknown,,quadratic,7,0,4.0,0.125,1.0,1090.0,7.0,custom,5.54,1,2,3,1,0,,3,5,15,False,
KXMOPRIMARY,Unknown,,quadratic,47,0,4.0,0.12,0.872,3204.3,3.0,custom,5.48,1,2,3,1,0,,3,5,15,False,
KXMOSTWINSEMMYS,Unknown,,quadratic,10,0,4.0,0.075,0.5,3012.1,10.0,custom,4.98,1,3,1,2,0,,3,5,15,False,
KXMOTOGP,Sports,custom,quadratic,22,0,4.0,0.115,0.227,152.0,22.0,structured,5.44,1,2,2,2,0,,3,5,15,False,
KXMPOXCOUNT,Science and Technology,one_off,quadratic,7,0,6.0,0.245,1.0,436.5,7.0,greater,8.6,0,1,3,3,0,,3,5,15,False,
KXMTLHOME,Economics,annual,quadratic,1,0,2.0,0.22,1.0,7934.5,1.0,less,4.42,1,3,3,0,0,,3,5,15,False,
KXMUSKPRIMARY,Unknown,,quadratic,5,0,6.3,0.0415,1.0,1285.0,5.0,custom,6.86,1,2,3,1,0,,3,5,15,False,
KXMUSKSPORTS,Unknown,,quadratic,1,0,3.0,0.055,1.0,9159.9,1.0,,3.74,1,3,3,0,0,,3,5,15,False,
KXNBANEWCHAMPION,Sports,custom,quadratic,1,0,2.0,0.56,1.0,29208.4,1.0,,5.46,1,2,4,0,0,,3,5,15,False,
KXNBASEATTLE,Sports,custom,quadratic,1,0,5.0,0.815,1.0,22857.3,1.0,,7.12,1,2,4,0,0,,3,5,15,False,
KXNDJOINCONF,Sports,custom,quadratic,5,0,6.0,0.05,1.0,469.4,5.0,,6.68,1,2,3,1,0,,3,5,15,False,
KXNDXREMOVEQ,Financials,one_off,quadratic,9,0,5.0,0.075,1.0,295.0,9.0,custom,5.98,1,2,3,1,0,,3,5,15,False,
KXNETFLIXRANKSHOW,Unknown,,quadratic,10,0,3.0,0.15,0.2,6463.2,10.0,custom,4.8,1,3,1,2,0,,3,5,15,False,
KXNEURALINKCOUNT,Science and Technology,custom,quadratic,6,0,5.5,0.445,1.0,1452.7,6.0,greater_or_equal,8.96,0,1,3,3,0,,3,5,15,False,
KXNEWROLEGS,Financials,one_off,quadratic,6,0,4.0,0.03,0.667,117.1,6.0,,4.42,1,3,2,1,0,,3,5,15,False,
KXNEWROLEJP,Financials,one_off,quadratic,6,0,5.5,0.1375,1.0,717.3,6.0,,7.18,1,2,3,1,0,,3,5,15,False,
KXNEXTDNCCHAIR,Unknown,,quadratic,34,0,3.4,0.0315,0.353,10.0,34.0,custom,3.84,1,3,1,2,0,,3,5,15,False,
KXNEXTJUDICIARYCHAIR,Unknown,,quadratic,5,0,5.0,0.15,1.0,710.3,5.0,custom,6.8,1,2,3,1,0,,3,5,15,False,
KXNEXTSPEAKER,Unknown,,quadratic,3,0,5.0,0.15,1.0,4747.1,3.0,,6.8,1,2,3,1,0,,3,5,15,False,
KXNFLPROOTY,Sports,custom,quadratic,39,0,3.0,0.055,0.41,1.0,39.0,structured,3.74,1,3,1,2,0,,3,5,15,False,
KXNH1D,Unknown,,quadratic,3,0,4.8,0.21,1.0,5046.2,3.0,custom,7.14,1,2,3,1,0,,3,5,15,False,
KXNIKKEI,Financials,one_off,quadratic,14,0,7.0,0.335,0.571,429.7,7.0,greater_or_equal,10.12,1,1,2,3,0,,3,5,15,False,
KXNOBELPHYSICS,Science and Technology,annual,quadratic,24,0,8.0,0.089,1.0,147.3,24.0,custom,9.14,0,1,4,2,0,,3,5,15,False,
KXNYCMAYORPERSON,Unknown,,quadratic,12,0,5.0,0.055,0.917,92.3,12.0,custom,5.74,1,2,2,2,0,,3,5,15,False,
KXNYTCHARGE,Politics,one_off,quadratic,2,0,2.0,0.13,1.0,19517.6,2.0,custom,3.6,0,3,4,1,0,,2,5,15,False,
KXNYTHEAD,Politics,monthly,quadratic,4,0,3.0,0.035,0.25,3774.7,4.0,greater,3.48,0,4,1,3,0,,2,5,15,False,
KXOHHAWKINS,Unknown,,quadratic,2,0,3.0,0.505,1.0,1304.7,2.0,custom,6.5,1,2,3,1,0,,3,5,15,False,
KXOHSENGOVCOMBO,Unknown,,quadratic,4,0,2.5,0.25,1.0,168.2,4.0,custom,5.14,1,2,3,1,0,,3,5,15,False,
KXOPENAICEOCHANGE,Financials,custom,quadratic,1,0,3.0,0.175,1.0,103807.2,1.0,,5.04,1,2,4,0,0,,3,5,15,False,
KXOSCARNOMASPLAY,Unknown,,quadratic,14,0,5.0,0.3375,1.0,1245.2,14.0,custom,8.14,1,1,3,2,0,,3,5,15,False,
KXOSCARNOMBCASTING,Unknown,,quadratic,13,0,6.0,0.205,1.0,1043.5,13.0,custom,8.3,1,1,3,2,0,,3,5,15,False,
KXOSCARNOMCIN,Unknown,,quadratic,10,0,5.0,0.4625,1.0,855.2,10.0,custom,8.5,1,1,3,2,0,,3,5,15,False,
KXOSCARNOMMAKEUP,Unknown,,quadratic,12,0,6.0,0.2625,1.0,1101.8,12.0,custom,8.72,1,1,3,2,0,,3,5,15,False,
KXOSCARNOMSCORE,Unknown,,quadratic,12,0,5.0,0.4375,1.0,1256.8,12.0,custom,8.46,1,1,3,2,0,,3,5,15,False,
KXOSCARNOMVISUAL,Unknown,,quadratic,7,0,5.0,0.73,1.0,1670.8,7.0,custom,7.76,1,2,3,1,0,,3,5,15,False,
KXOTTAWAMAYOR,Unknown,,quadratic,5,0,6.0,0.15,1.0,588.0,5.0,custom,7.8,1,2,3,1,0,,3,5,15,False,
KXPARLITURKEY,Unknown,,quadratic,4,0,5.85,0.1598,1.0,609.3,4.0,custom,7.73,1,2,3,1,0,,3,5,15,False,
KXPERFORMSTYLESMSG,Unknown,,quadratic,16,0,7.0,0.135,1.0,257.3,16.0,,8.64,1,1,3,2,0,,3,5,15,False,
KXPFAPOY,Sports,one_off,quadratic,25,0,5.0,0.115,0.12,6722.6,25.0,custom,6.44,1,2,2,2,0,,3,5,15,False,
KXPGARYDER,Sports,custom,quadratic_with_maker_fees,3,0,2.0,0.395,1.0,2379.4,3.0,custom,5.36,1,2,3,1,0,,3,5,15,False,
KXPGASOLHEIM,Sports,annual,quadratic_with_maker_fees,3,0,2.0,0.405,1.0,2235.1,3.0,custom,5.38,1,2,3,1,0,,3,5,15,False,
KXPHILIPPINESPRES,Unknown,,quadratic,5,0,6.8,0.056,1.0,345.0,5.0,custom,7.56,1,2,3,1,0,,3,5,15,False,
KXPIZZASCORE9,Unknown,,quadratic,1,0,1.0,0.375,1.0,6385.9,1.0,,4.3,1,3,3,0,0,,3,5,15,False,
KXPOPCHANGENYC,Politics,one_off,quadratic,8,0,4.5,0.08,0.75,9393.6,8.0,"between,greater_or_equal,less_or_equal",5.54,0,2,2,4,0,,2,5,15,False,
KXPRESNIGERIA,Unknown,,quadratic,4,0,5.45,0.1972,1.0,2602.4,4.0,custom,7.67,1,2,3,1,0,,3,5,15,False,
KXPRIMARYCOUNTY,Unknown,,quadratic,8,0,2.0,0.6575,1.0,791.1,8.0,custom,5.16,1,2,3,1,0,,3,5,15,False,
KXPRIMARYPLACE,Unknown,,quadratic,27,0,4.0,0.155,0.704,4108.7,4.5,custom,5.84,1,2,3,1,0,,3,5,15,False,
KXPROVIDENCEMAYOR,Unknown,,quadratic,4,0,4.0,0.25,1.0,5306.6,4.0,custom,6.64,1,2,3,1,0,,3,5,15,False,
KXRAMPBREX,Financials,one_off,quadratic,2,0,5.5,0.4575,1.0,11322.4,2.0,custom,8.98,1,1,4,1,0,,3,5,15,False,
KXRANKLIST1SONG,Unknown,,quadratic,2,0,2.0,0.03,0.5,4019.3,2.0,,2.42,1,4,1,1,0,,3,5,15,False,
KXRANKLISTFFDST,Sports,custom,quadratic,32,0,3.0,0.0625,0.438,3.0,32.0,structured,3.84,1,3,1,2,0,,3,5,15,False,
KXRECOGROC,Politics,custom,quadratic,2,0,2.75,0.0763,1.0,17215.1,2.0,,3.75,0,3,4,1,0,,2,5,15,False,
KXRGOVCOUNT,Unknown,,quadratic,8,0,5.5,0.3025,1.0,25.6,8.0,greater_or_equal,8.46,1,1,2,3,0,,3,5,15,False,
KXRIEMANN,Science and Technology,one_off,quadratic,4,0,5.0,0.1475,1.0,15667.9,4.0,,6.78,0,2,4,1,0,,3,5,15,False,
KXROLEINPRODUCTIONLI,Unknown,,quadratic,1,0,5.0,0.795,1.0,11868.1,1.0,,7.3,1,2,4,0,0,,3,5,15,False,
KXROLLINGSTONECOVER,Unknown,,quadratic,7,0,5.0,0.11,1.0,1742.9,7.0,,6.38,1,2,3,1,0,,3,5,15,False,
KXSAGDPQOQ,Economics,custom,quadratic,7,0,5.5,0.3425,0.857,362.0,7.0,greater,8.66,1,1,2,3,0,,3,5,15,False,
KXSAHM,Economics,annual,quadratic,1,0,2.0,0.18,1.0,1521.1,1.0,greater_or_equal,4.08,1,3,3,0,0,,3,5,15,False,
KXSAILGP,Sports,custom,quadratic,13,0,2.5,0.125,0.462,964.7,13.0,custom,4.04,1,3,1,2,0,,3,5,15,False,
KXSBUXFT,Financials,one_off,quadratic,9,0,7.0,0.1775,0.889,1390.7,9.0,greater,9.06,1,1,2,3,0,,3,5,15,False,
KXSENATEADJOURN,Politics,one_off,quadratic,3,0,1.0,0.925,1.0,50.0,3.0,custom,1.98,0,5,2,1,0,,2,5,15,False,
KXSENATEFLD,Unknown,,quadratic,8,0,2.4,0.08,0.375,4085.2,8.0,custom,3.44,1,4,1,1,0,,3,5,15,False,
KXSENATEMAR,Unknown,,quadratic,4,0,5.4,0.0328,1.0,932.8,4.0,custom,5.86,1,2,3,1,0,,3,5,15,False,
KXSENATEMNR,Unknown,,quadratic,9,0,1.9,0.0205,0.333,4027.6,9.0,custom,2.2,1,4,1,1,0,,3,5,15,False,
KXSENATERID,Unknown,,quadratic,2,0,3.55,0.4978,1.0,4414.7,2.0,custom,7.05,1,2,3,1,0,,3,5,15,False,
KXSERBIAPM,Unknown,,quadratic,6,0,5.0,0.0775,1.0,542.5,6.0,custom,6.02,1,2,3,1,0,,3,5,15,False,
KXSKEXPYOY,Economics,monthly,quadratic,9,0,5.0,0.4175,0.667,1927.9,9.0,greater,8.42,1,1,2,3,0,,3,5,15,False,
KXSNAPELECTIONRS,Unknown,,quadratic,3,0,6.0,0.15,1.0,1509.1,3.0,,7.8,1,2,3,1,0,,3,5,15,False,
KXSNAPUK,Unknown,,quadratic,3,0,5.0,0.115,1.0,3744.7,3.0,,6.44,1,2,3,1,0,,3,5,15,False,
KXSONICS,Sports,custom,quadratic,1,0,5.0,0.085,1.0,11299.0,1.0,,6.1,1,2,4,0,0,,3,5,15,False,
KXSP500ADDQ,Financials,one_off,quadratic,22,0,5.0,0.115,0.455,354.0,22.0,custom,6.44,1,2,2,2,0,,3,5,15,False,
KXSPANISHPM,Unknown,,quadratic,3,0,6.0,0.1,1.0,760.0,3.0,custom,7.26,1,2,3,1,0,,3,5,15,False,
KXSPOTIFYWRAPPEDRELEASE,Unknown,,quadratic,9,0,6.0,0.12,1.0,718.0,9.0,,7.48,1,2,3,1,0,,3,5,15,False,
KXSTATELEG,Unknown,,quadratic,56,0,6.0,0.4975,1.0,351.7,2.0,"custom,structured",9.5,1,1,4,1,0,,3,5,15,False,
KXSTEFONDIGGSCARDIB,Unknown,,quadratic,1,0,6.0,0.07,1.0,11960.8,1.0,,6.92,1,2,4,0,0,,3,5,15,False,
KXSTEPHDEAL,Sports,custom,quadratic,1,0,7.0,0.045,1.0,39746.1,1.0,custom,7.62,1,2,4,0,0,,3,5,15,False,
KXSTUDENTDEBT,Economics,annual,quadratic,6,0,8.0,0.585,1.0,19.7,6.0,greater,11.4,1,1,2,3,0,,3,5,15,False,
KXSTZ,Financials,one_off,quadratic,8,0,5.0,0.4075,1.0,31.7,8.0,greater,8.4,1,1,2,3,0,,3,5,15,False,
KXSTZA,Financials,one_off,quadratic,8,0,7.0,0.445,1.0,0.0,8.0,greater,10.46,1,1,2,3,0,,3,5,15,False,
KXSUEZWEEKLY,Politics,one_off,quadratic,5,0,1.0,0.645,1.0,62.4,5.0,greater,4.22,0,3,2,3,0,,2,5,15,False,
KXSWEDENPARLI,Unknown,,quadratic,5,0,5.0,0.035,1.0,117.5,5.0,custom,5.48,1,2,3,1,0,,3,5,15,False,
KXSWISSREF,Unknown,,quadratic,2,0,5.5,0.0625,1.0,956.6,2.0,custom,6.34,1,2,3,1,0,,3,5,15,False,
KXTAIWANLOCAL,Unknown,,quadratic,3,0,5.0,0.15,1.0,256.4,3.0,custom,6.8,1,2,3,1,0,,3,5,15,False,
KXTAIWANLVL4,Politics,one_off,quadratic,4,0,1.95,0.2475,1.0,27959.4,4.0,,4.57,0,3,4,1,0,,2,5,15,False,
KXTHEGAMBIAPRES,Unknown,,quadratic,4,0,4.5,0.0788,1.0,3168.7,4.0,custom,5.52,1,2,3,1,0,,3,5,15,False,
KXTIMEDECADE20S,Unknown,,quadratic,6,0,5.5,0.1525,1.0,5678.1,6.0,custom,7.32,1,2,3,1,0,,3,5,15,False,
KXTOPARTISTTHIRD,Unknown,,quadratic,12,0,4.5,0.0425,0.667,1009.9,12.0,,5.08,1,2,2,2,0,,3,5,15,False,
KXTOPSONGSPOTIFY,Unknown,,quadratic,28,0,4.0,0.14,0.179,1171.0,28.0,,5.7,1,2,2,2,0,,3,5,15,False,
KXTOPSONGTHIRD,Unknown,,quadratic,27,0,5.0,0.035,0.63,9.9,27.0,,5.48,1,2,2,2,0,,3,5,15,False,
KXTORONTOMAYOR,Unknown,,quadratic,4,0,4.45,0.1202,1.0,3758.9,4.0,custom,5.95,1,2,3,1,0,,3,5,15,False,
KXTOUR,Unknown,,quadratic,20,0,7.0,0.4,1.0,3027.6,20.0,,10.36,1,1,3,2,0,,3,5,15,False,
KXTRAVELDOWNGRADE,Politics,annual,quadratic,18,0,4.4,0.0427,1.0,1724.2,18.0,custom,4.98,0,3,3,2,0,,2,5,15,False,
KXTRUMPDCTAKEOVER,Politics,one_off,quadratic,2,0,3.5,0.0725,1.0,14208.5,2.0,,4.46,0,3,4,1,0,,2,5,15,False,
KXTRUMPENDORSE,Unknown,,quadratic,2,0,7.0,0.07,1.0,8668.6,2.0,custom,7.92,1,2,3,1,0,,3,5,15,False,
KXTRUMPIRAN,Politics,one_off,quadratic,2,0,0.8,0.045,0.5,286399.8,2.0,custom,1.42,0,5,2,1,0,,2,5,15,False,
KXTRUMPOSHEA,Unknown,,quadratic,1,0,4.0,0.05,1.0,427.0,1.0,,4.68,1,3,3,0,0,,3,5,15,False,
KXTRUMPPARDONS,Politics,one_off,quadratic,52,0,3.0,0.31,1.0,2928.3,52.0,custom,6.0,0,2,4,2,0,,2,5,15,False,
KXTRUMPPRES,Unknown,,quadratic,1,0,4.3,0.1085,1.0,33333.9,1.0,,5.66,1,2,4,0,0,,3,5,15,False,
KXTRUMPSUPREMELEADER,Politics,one_off,quadratic,3,0,2.0,0.025,0.667,22024.3,3.0,custom,2.36,0,4,3,1,0,,2,5,15,False,
KXTRUMPTHUNEOUT,Politics,one_off,quadratic,2,0,5.0,0.365,1.0,10927.1,2.0,greater_or_equal,8.26,0,1,4,3,0,,2,5,15,False,
KXTRUMPTIME,Politics,one_off,quadratic,3,0,1.0,0.165,1.0,6034.3,3.0,custom,2.94,0,4,3,1,0,,2,5,15,False,
KXTRUMPWEP,Politics,one_off,quadratic,6,0,1.0,0.02,0.833,9999.3,6.0,,1.28,0,5,2,1,0,,2,5,15,False,
KXTRYFIREWARSH,Politics,one_off,quadratic,4,0,2.0,0.05,1.0,7254.6,4.0,custom,2.68,0,4,3,1,0,,2,5,15,False,
KXTSX,Financials,one_off,quadratic,9,0,6.5,0.285,0.889,1664.0,4.5,greater_or_equal,9.36,1,1,2,3,0,,3,5,15,False,
KXTVSEASONANNOUNCE,Unknown,,quadratic,1,0,1.0,0.115,1.0,82.4,1.0,,2.44,1,4,2,0,0,,3,5,15,False,
KXTVSHOWSCANCELLED,Unknown,,quadratic,6,0,5.5,0.11,1.0,3601.0,6.0,,6.88,1,2,3,1,0,,3,5,15,False,
KXUBER,Financials,one_off,quadratic,9,0,5.0,0.45,1.0,11.0,9.0,greater,8.48,1,1,2,3,0,,3,5,15,False,
KXUBERA,Companies,one_off,quadratic,8,0,4.0,0.505,1.0,7.5,8.0,greater,7.5,0,2,2,3,0,,3,5,15,False,
KXUCTUITION,Economics,annual,quadratic,6,0,6.0,0.5,1.0,10.0,6.0,greater,9.5,1,1,2,3,0,,3,5,15,False,
KXUECLADVANCE,Sports,one_off,quadratic,84,0,5.0,0.4875,1.0,717.4,2.0,structured,8.5,1,1,4,1,0,,3,5,15,False,
KXUFCMIDDLEWEIGHTTITLE,Sports,custom,quadratic,8,0,2.0,0.185,0.5,16769.7,8.0,,4.12,1,3,2,1,0,,3,5,15,False,
KXURBN,Financials,one_off,quadratic,7,0,6.0,0.29,1.0,32.4,7.0,greater,8.9,1,1,2,3,0,,3,5,15,False,
KXUSDRESERVE,Economics,quarterly,quadratic,7,0,6.0,0.51,1.0,0.1,7.0,greater,9.5,1,1,2,3,0,,3,5,15,False,
KXUSDTTBILL,Economics,one_off,quadratic,8,0,7.0,0.52,0.75,520.5,8.0,greater,10.5,1,1,2,3,0,,3,5,15,False,
KXUSRETAIL,Economics,monthly,quadratic,9,0,6.0,0.5,1.0,44.0,9.0,greater,9.5,1,1,2,3,0,,3,5,15,False,
KXUSTESTSREADING,Science and Technology,custom,quadratic,3,0,3.1,0.44,1.0,21523.8,3.0,custom,6.56,0,2,4,1,0,,3,5,15,False,
KXVANCOUVERMAYOR,Unknown,,quadratic,12,0,5.75,0.04,1.0,2.0,12.0,custom,6.29,1,2,2,2,0,,3,5,15,False,
KXVENUEPERFORMANCEDRAKE,Unknown,,quadratic,10,0,7.0,0.1275,1.0,381.3,10.0,,8.56,1,1,3,2,0,,3,5,15,False,
KXVENUEPERFORMANCEMSG,Unknown,,quadratic,15,0,7.0,0.34,1.0,113.0,15.0,custom,10.16,1,1,3,2,0,,3,5,15,False,
KXVETOOVERRIDE,Politics,custom,quadratic,3,0,3.1,0.1145,1.0,12200.4,3.0,,4.52,0,3,4,1,0,,2,5,15,False,
KXVOTEBLANCHE,Politics,one_off,quadratic,12,0,4.0,0.665,1.0,10202.4,12.0,custom,7.12,0,2,4,2,0,,2,5,15,False,
KXVPBREAKS,Politics,custom,quadratic,9,0,7.0,0.0585,1.0,1.0,9.0,between,7.78,0,2,2,4,0,,2,5,15,False,
KXVSFANTASYBRA,Unknown,,quadratic,22,0,7.0,0.06,0.5,419.9,22.0,,7.8,1,2,2,2,0,,3,5,15,False,
KXWAPRIMARY,Unknown,,quadratic,63,0,6.0,0.1625,0.667,1366.5,6.0,custom,7.92,1,2,3,1,0,,3,5,15,False,
KXWARMING,Unknown,,quadratic,1,0,3.0,0.785,1.0,15611.2,1.0,,5.38,1,2,4,0,0,,3,5,15,False,
KXWCCAREERGOALS,Sports,custom,quadratic,3,0,4.0,0.2,1.0,633.7,3.0,structured,6.24,1,2,3,1,0,,3,5,15,False,
KXWHVISIT,Politics,annual,quadratic,25,0,4.0,0.14,1.0,3734.8,25.0,custom,5.7,0,2,4,2,0,,2,5,15,False,
KXWINSTREAKMANU,Sports,custom,quadratic,1,0,4.0,0.43,1.0,26672.0,1.0,greater,7.44,1,2,4,0,0,,3,5,15,False,
KXWIPRIMARY,Unknown,,quadratic,40,0,4.0,0.105,0.725,1206.5,3.0,custom,5.32,1,2,3,1,0,,3,5,15,False,
KXWNBA1SEED,Sports,annual,quadratic,15,0,3.5,0.115,0.267,538.6,15.0,structured,4.94,1,3,1,2,0,,3,5,15,False,
KXWNBAGAME,Sports,custom,quadratic_with_maker_fees,16,0,1.5,0.4975,1.0,3383.7,2.0,structured,5.0,1,2,3,1,0,,3,5,15,False,
KXWTA,Sports,custom,quadratic,66,0,6.5,0.13,0.576,592.6,23.0,structured,8.1,1,1,3,2,0,,3,5,15,False,
KXWTAMATCH,Sports,custom,quadratic_with_maker_fees,16,0,2.0,0.5025,1.0,5710.2,2.0,structured,5.5,1,2,3,1,0,,3,5,15,False,
KXWTATOURNWIN,Sports,custom,quadratic,1,0,4.0,0.05,1.0,1763.1,1.0,structured,4.68,1,3,3,0,0,,3,5,15,False,
KXYOUTUBESUBS,Unknown,,quadratic,1,0,4.0,0.05,1.0,3072.9,1.0,greater_or_equal,4.68,1,3,3,0,0,,3,5,15,False,
KXYTUBESUBSBEAST,Unknown,,quadratic,2,0,3.0,0.09,1.0,8479.2,1.0,greater_or_equal,4.16,1,3,3,0,0,,3,5,15,False,
KXZELENSKYPUTIN,Politics,one_off,quadratic,2,0,2.0,0.235,1.0,95555.9,2.0,custom,4.52,0,3,4,1,0,,2,5,15,False,
KXZETA,Financials,one_off,quadratic,8,0,6.0,0.425,1.0,12.0,8.0,greater,9.44,1,1,2,3,0,,3,5,15,False,
KXZETAA,Financials,one_off,quadratic,8,0,6.0,0.2475,1.0,7.5,8.0,greater,8.62,1,1,2,3,0,,3,5,15,False,
SENATEAL,Unknown,,quadratic,4,0,2.85,0.49,1.0,910.2,2.0,structured,6.35,1,2,3,1,0,,3,5,15,False,
SENATEAR,Unknown,,quadratic,4,0,4.0,0.495,1.0,1697.0,2.0,structured,7.5,1,2,3,1,0,,3,5,15,False,
SENATECO,Unknown,,quadratic,4,0,2.95,0.49,1.0,588.7,2.0,structured,6.45,1,2,3,1,0,,3,5,15,False,
SENATEDE,Unknown,,quadratic,2,0,1.55,0.4972,1.0,3191.8,2.0,structured,5.05,1,2,3,1,0,,3,5,15,False,
SENATEFL,Unknown,,quadratic,2,0,4.0,0.49,1.0,2547.5,2.0,structured,7.5,1,2,3,1,0,,3,5,15,False,
SENATEHI,Unknown,,quadratic,2,0,1.5,0.4925,1.0,3291.6,2.0,structured,5.0,1,2,3,1,0,,3,5,15,False,
SENATEID,Unknown,,quadratic,5,0,4.0,0.109,1.0,2657.9,2.5,"custom,structured",5.36,1,2,3,1,0,,3,5,15,False,
SENATEIL,Unknown,,quadratic,4,0,3.25,0.49,1.0,1005.4,2.0,structured,6.75,1,2,3,1,0,,3,5,15,False,
SENATEND,Unknown,,quadratic,2,0,3.5,0.4875,1.0,1276.5,2.0,structured,7.0,1,2,3,1,0,,3,5,15,False,
SENATEOK,Unknown,,quadratic,4,0,3.5,0.5,1.0,2311.5,2.0,structured,7.0,1,2,3,1,0,,3,5,15,False,
SENATEOR,Unknown,,quadratic,4,0,3.25,0.4898,1.0,1263.1,2.0,structured,6.75,1,2,3,1,0,,3,5,15,False,
SENATEPA,Unknown,,quadratic,3,0,3.0,0.255,1.0,2941.3,3.0,"custom,structured",5.66,1,2,3,1,0,,3,5,15,False,
SENATESD,Unknown,,quadratic,4,0,3.45,0.49,1.0,3019.5,2.0,structured,6.95,1,2,3,1,0,,3,5,15,False,
SENATEWA,Unknown,,quadratic,2,0,3.9,0.492,1.0,1828.5,2.0,structured,7.4,1,2,3,1,0,,3,5,15,False,
SENATEWV,Unknown,,quadratic,2,0,1.6,0.5015,1.0,9658.5,2.0,structured,5.1,1,2,3,1,0,,3,5,15,False,
SENATEWY,Unknown,,quadratic,2,0,1.55,0.4987,1.0,5425.4,2.0,structured,5.05,1,2,3,1,0,,3,5,15,False,
BEYONCEGENRE,Unknown,,quadratic,9,0,8.0,0.16,1.0,934.0,9.0,custom,9.9,1,1,3,1,0,,3,5,14,False,
GOVPARTYKS,Unknown,,quadratic,2,0,6.0,0.495,1.0,8710.8,2.0,structured,9.5,1,1,3,1,0,,3,5,14,False,
GOVPARTYMS,Unknown,,quadratic,2,0,7.8,0.4995,1.0,1261.2,2.0,custom,11.3,1,1,3,1,0,,3,5,14,False,
HOUSECO3,Unknown,,quadratic,2,0,6.0,0.5,1.0,6949.1,2.0,structured,9.5,1,1,3,1,0,,3,5,14,False,
HOUSECO8,Unknown,,quadratic,2,0,7.0,0.5,1.0,4630.0,2.0,structured,10.5,1,1,3,1,0,,3,5,14,False,
HOUSEFL13,Unknown,,quadratic,2,0,5.0,0.495,1.0,3135.8,2.0,structured,8.5,1,1,3,1,0,,3,5,14,False,
HOUSEFL23,Unknown,,quadratic,2,0,6.95,0.4967,1.0,7659.6,2.0,structured,10.45,1,1,3,1,0,,3,5,14,False,
HOUSEIA3,Unknown,,quadratic,2,0,6.5,0.4975,1.0,7434.0,2.0,structured,10.0,1,1,3,1,0,,3,5,14,False,
HOUSEMI3,Unknown,,quadratic,2,0,4.55,0.4977,1.0,2643.2,2.0,structured,8.05,1,1,3,1,0,,3,5,14,False,
HOUSEMT1,Unknown,,quadratic,2,0,5.0,0.495,1.0,9014.1,2.0,structured,8.5,1,1,3,1,0,,3,5,14,False,
HOUSENC1,Unknown,,quadratic,2,0,6.0,0.5,1.0,8715.4,2.0,structured,9.5,1,1,3,1,0,,3,5,14,False,
HOUSENE2,Unknown,,quadratic,2,0,4.5,0.4925,1.0,9328.2,2.0,structured,8.0,1,1,3,1,0,,3,5,14,False,
HOUSENM2,Unknown,,quadratic,2,0,7.45,0.5002,1.0,9554.3,2.0,structured,10.95,1,1,3,1,0,,3,5,14,False,
HOUSENY3,Unknown,,quadratic,2,0,6.05,0.4948,1.0,2573.1,2.0,structured,9.55,1,1,3,1,0,,3,5,14,False,
HOUSENY4,Unknown,,quadratic,2,0,7.15,0.4997,1.0,4714.6,2.0,structured,10.65,1,1,3,1,0,,3,5,14,False,
HOUSEOH1,Unknown,,quadratic,2,0,6.05,0.4948,1.0,4322.9,2.0,structured,9.55,1,1,3,1,0,,3,5,14,False,
HOUSEOH9,Unknown,,quadratic,2,0,7.0,0.5,1.0,7885.0,2.0,structured,10.5,1,1,3,1,0,,3,5,14,False,
HOUSEPA10,Unknown,,quadratic,2,0,5.0,0.49,1.0,6973.9,2.0,structured,8.5,1,1,3,1,0,,3,5,14,False,
HOUSEPA8,Unknown,,quadratic,2,0,6.5,0.5025,1.0,5923.3,2.0,structured,10.0,1,1,3,1,0,,3,5,14,False,
HOUSEVA7,Unknown,,quadratic,2,0,7.3,0.4985,1.0,4829.9,2.0,structured,10.8,1,1,3,1,0,,3,5,14,False,
HOUSEWA3,Unknown,,quadratic,2,0,6.0,0.5,1.0,9897.2,2.0,structured,9.5,1,1,3,1,0,,3,5,14,False,
HOUSEWI3,Unknown,,quadratic,2,0,6.0,0.495,1.0,5280.0,2.0,structured,9.5,1,1,3,1,0,,3,5,14,False,
INDIACLIMATE,Unknown,,quadratic,1,0,5.0,0.655,1.0,11518.1,1.0,,8.18,1,1,4,0,0,,3,5,14,False,
KXACQANNOUNCEJPM,Financials,one_off,quadratic,1,0,5.0,0.725,1.0,535.6,1.0,,7.8,1,2,3,0,0,,3,5,14,False,
KXACQANNOUNCESPACEX,Financials,one_off,quadratic,1,0,6.0,0.39,1.0,11324.8,1.0,,9.34,1,1,4,0,0,,3,5,14,False,
KXAFRICALEADEROUT,Politics,custom,quadratic,10,0,5.9,0.0638,1.0,1860.5,10.0,custom,6.74,0,2,3,2,0,,2,5,14,False,
KXAGICO,Science and Technology,custom,quadratic,12,0,5.5,0.51,1.0,5007.7,12.0,custom,9.0,0,1,3,2,0,,3,5,14,False,
KXAKPRIMARY,Unknown,,quadratic,5,0,6.0,0.695,1.0,997.0,5.0,custom,8.98,1,1,3,1,0,,3,5,14,False,
KXAKSEN1,Unknown,,quadratic,4,0,1.0,0.485,0.5,2080.8,4.0,custom,4.5,1,3,1,1,0,,3,5,14,False,
KXALASKAHOUSE,Unknown,,quadratic,5,0,4.1,0.107,0.8,4224.8,5.0,custom,5.44,1,2,2,1,0,,3,5,14,False,
KXALBUMRELEASEDATEBEY,Unknown,,quadratic,3,0,6.0,0.62,1.0,852.1,3.0,,9.3,1,1,3,1,0,,3,5,14,False,
KXALBUMRELEASEDATEFRANK,Unknown,,quadratic,5,0,7.0,0.205,1.0,454.3,5.0,,9.3,1,1,3,1,0,,3,5,14,False,
KXALBUMRELEASEDATETRAVIS,Unknown,,quadratic,2,0,6.0,0.395,1.0,2058.6,2.0,,9.36,1,1,3,1,0,,3,5,14,False,
KXALBUMRELEASENBAYB,Unknown,,quadratic,1,0,5.0,0.785,1.0,3483.6,1.0,,7.38,1,2,3,0,0,,3,5,14,False,
KXALBUMVS,Unknown,,quadratic,4,0,5.0,0.785,0.75,632.4,2.0,,7.38,1,2,2,1,0,,3,5,14,False,
KXALITOANNOUNCERETIRE,Politics,one_off,quadratic,4,0,2.0,0.145,0.75,41119.7,4.0,custom,3.74,0,3,3,1,0,,2,5,14,False,
KXANITOCABTAGENE,Financials,one_off,quadratic,1,0,5.0,0.775,1.0,463.9,1.0,,7.46,1,2,3,0,0,,3,5,14,False,
KXANNARBORMAYORD,Unknown,,quadratic,2,0,4.5,0.4975,1.0,7177.9,2.0,custom,8.0,1,1,3,1,0,,3,5,14,False,
KXANTHROPICSECTOR,Financials,one_off,quadratic,12,0,6.0,0.11,0.25,1582.0,12.0,custom,7.38,1,2,1,2,0,,3,5,14,False,
KXANYDEMWINTEXAS,Unknown,,quadratic,1,0,5.0,0.465,1.0,10626.2,1.0,greater,8.5,1,1,4,0,0,,3,5,14,False,
KXAOCRUN,Unknown,,quadratic,4,0,6.0,0.285,1.0,445.7,4.0,custom,8.86,1,1,3,1,0,,3,5,14,False,
KXAPFDDHGAME,Sports,custom,quadratic,12,0,5.0,0.2625,1.0,36.9,3.0,structured,7.72,1,2,2,1,0,,3,5,14,False,
KXARTISTCOLLABDRAKEKENDRICK,Unknown,,quadratic,1,0,5.0,0.195,1.0,2762.9,1.0,,7.2,1,2,3,0,0,,3,5,14,False,
KXARTISTCOLLABDRAKEPLAYBOICARTI,Unknown,,quadratic,1,0,6.0,0.08,1.0,6451.6,1.0,,7.04,1,2,3,0,0,,3,5,14,False,
KXARTISTCOLLABTHUGANDGUNNA,Unknown,,quadratic,4,0,5.0,0.4175,1.0,428.8,4.0,,8.42,1,1,3,1,0,,3,5,14,False,
KXATPCOMPETE,Sports,custom,quadratic,1,0,5.0,0.885,1.0,3556.5,1.0,structured,6.44,1,2,3,0,0,,3,5,14,False,
KXATTYGENCO,Unknown,,quadratic,2,0,5.05,0.4902,1.0,158.3,2.0,structured,8.55,1,1,3,1,0,,3,5,14,False,
KXATTYGENCT,Unknown,,quadratic,2,0,6.75,0.4988,1.0,287.8,2.0,structured,10.25,1,1,3,1,0,,3,5,14,False,
KXATTYGENDE,Unknown,,quadratic,2,0,4.8,0.5025,1.0,135.0,2.0,structured,8.3,1,1,3,1,0,,3,5,14,False,
KXATTYGENGA,Unknown,,quadratic,2,0,7.0,0.5,1.0,763.1,2.0,structured,10.5,1,1,3,1,0,,3,5,14,False,
KXATTYGENIL,Unknown,,quadratic,2,0,6.35,0.5028,1.0,2317.8,2.0,structured,9.85,1,1,3,1,0,,3,5,14,False,
KXATTYGENKS,Unknown,,quadratic,2,0,7.0,0.5,1.0,558.4,2.0,structured,10.5,1,1,3,1,0,,3,5,14,False,
KXATTYGENMA,Unknown,,quadratic,2,0,6.6,0.501,1.0,671.9,2.0,structured,10.1,1,1,3,1,0,,3,5,14,False,
KXATTYGENMI,Unknown,,quadratic,2,0,5.0,0.495,1.0,3189.1,2.0,structured,8.5,1,1,3,1,0,,3,5,14,False,
KXATTYGENMN,Unknown,,quadratic,2,0,6.5,0.4975,1.0,4950.2,2.0,structured,10.0,1,1,3,1,0,,3,5,14,False,
KXATTYGENND,Unknown,,quadratic,2,0,7.0,0.5,1.0,163.6,2.0,structured,10.5,1,1,3,1,0,,3,5,14,False,
KXATTYGENNE,Unknown,,quadratic,2,0,7.3,0.5025,1.0,211.6,2.0,structured,10.8,1,1,3,1,0,,3,5,14,False,
KXATTYGENNM,Unknown,,quadratic,2,0,5.75,0.4962,1.0,1505.5,2.0,structured,9.25,1,1,3,1,0,,3,5,14,False,
KXATTYGENNV,Unknown,,quadratic,2,0,6.5,0.5025,1.0,1323.5,2.0,structured,10.0,1,1,3,1,0,,3,5,14,False,
KXATTYGENNY,Unknown,,quadratic,2,0,4.95,0.5058,1.0,8369.7,2.0,structured,8.45,1,1,3,1,0,,3,5,14,False,
KXATTYGENOH,Unknown,,quadratic,2,0,7.0,0.5,1.0,297.4,2.0,structured,10.5,1,1,3,1,0,,3,5,14,False,
KXATTYGENRI,Unknown,,quadratic,2,0,6.25,0.4998,1.0,161.2,2.0,structured,9.75,1,1,3,1,0,,3,5,14,False,
KXATTYGENSC,Unknown,,quadratic,2,0,5.1,0.51,1.0,544.1,2.0,structured,8.6,1,1,3,1,0,,3,5,14,False,
KXATTYGENTX,Unknown,,quadratic,2,0,6.5,0.4975,1.0,5183.8,2.0,structured,10.0,1,1,3,1,0,,3,5,14,False,
KXATTYGENVT,Unknown,,quadratic,2,0,7.0,0.5,1.0,1756.0,2.0,structured,10.5,1,1,3,1,0,,3,5,14,False,
KXATTYGENWI,Unknown,,quadratic,2,0,6.5,0.5025,1.0,9292.0,2.0,structured,10.0,1,1,3,1,0,,3,5,14,False,
KXAUSTPM,Unknown,,quadratic,7,0,6.0,0.04,1.0,28.9,7.0,custom,6.54,1,2,2,1,0,,3,5,14,False,
KXBANDANTES,Unknown,,quadratic,1,0,6.0,0.14,1.0,1401.0,1.0,,7.7,1,2,3,0,0,,3,5,14,False,
KXBERLINSTATE,Unknown,,quadratic,7,0,7.0,0.17,1.0,541.0,7.0,custom,8.98,1,1,3,1,0,,3,5,14,False,
KXBEZELRO,Financials,one_off,quadratic,1,0,5.0,0.055,1.0,6096.1,1.0,,5.74,1,2,3,0,0,,3,5,14,False,
KXBIZAPPS,Economics,one_off,quadratic,1,0,5.0,0.405,1.0,10227.9,1.0,greater,8.38,1,1,4,0,0,,3,5,14,False,
KXBRASILEIRO1H,Sports,custom,quadratic,6,0,4.0,0.3325,1.0,56.7,3.0,structured,7.12,1,2,2,1,0,,3,5,14,False,
KXBREPOCITINIB,Financials,one_off,quadratic,1,0,6.0,0.83,1.0,1091.3,1.0,,7.98,1,2,3,0,0,,3,5,14,False,
KXBROADCASTBACHELORETTE,Unknown,,quadratic,1,0,5.0,0.585,1.0,32139.1,1.0,custom,8.4,1,1,4,0,0,,3,5,14,False,
KXCAATSA,Politics,one_off,quadratic,2,0,1.0,0.475,1.0,345.4,2.0,custom,4.5,0,3,3,1,0,,2,5,14,False,
KXCABALLOTMEASURES,Unknown,,quadratic,13,0,6.0,0.54,1.0,40.0,13.0,custom,9.48,1,1,2,2,0,,3,5,14,False,
KXCALHOME,Economics,annual,quadratic,1,0,4.0,0.47,1.0,3343.8,1.0,less,7.5,1,2,3,0,0,,3,5,14,False,
KXCALLHERDADDYCANCELED,Unknown,,quadratic,1,0,4.0,0.11,1.0,8156.4,1.0,,5.38,1,2,3,0,0,,3,5,14,False,
KXCANEUINFL,Economics,one_off,quadratic,1,0,1.0,0.385,1.0,30.0,1.0,,4.32,1,3,2,0,0,,3,5,14,False,
KXCANUSTRIPS,Economics,annual,quadratic,1,0,4.0,0.21,1.0,4721.2,1.0,greater,6.34,1,2,3,0,0,,3,5,14,False,
KXCATALOGUE,Unknown,,quadratic,1,0,5.0,0.145,1.0,1352.9,1.0,greater_or_equal,6.74,1,2,3,0,0,,3,5,14,False,
KXCBDECISIONBRAZIL,Economics,one_off,quadratic,7,0,1.0,0.495,0.286,2103.1,7.0,custom,4.5,1,3,1,1,0,,3,5,14,False,
KXCEARAGOV,Unknown,,quadratic,3,0,5.0,0.325,1.0,768.0,3.0,custom,8.08,1,1,3,1,0,,3,5,14,False,
KXCFLGAME,Sports,custom,quadratic,8,0,6.5,0.49,1.0,226.6,2.0,structured,10.0,1,1,3,1,0,,3,5,14,False,
KXCLAUDE,Science and Technology,one_off,quadratic,10,0,4.5,0.1525,0.8,139267.6,5.0,,6.32,0,2,3,1,0,,3,5,14,False,
KXCLUBWCHOST,Sports,custom,quadratic,9,0,5.0,0.07,1.0,21.1,9.0,custom,5.92,1,2,2,1,0,,3,5,14,False,
KXCOLLEGEDROP,Science and Technology,annual,quadratic,11,0,5.0,0.355,1.0,152.8,11.0,custom,8.22,0,1,3,2,0,,3,5,14,False,
KXCOMPANYACTIONLAYOFF,Financials,one_off,quadratic,1,0,8.0,0.26,1.0,11451.7,1.0,,10.7,1,1,4,0,0,,3,5,14,False,
KXCOMPANYACTIONWAYMO,Financials,one_off,quadratic,3,0,5.0,0.605,1.0,6207.5,3.0,,8.36,1,1,3,1,0,,3,5,14,False,
KXCONGRESSTESTIFY,Politics,annual,quadratic,13,0,5.3,0.145,1.0,939.0,13.0,,7.04,0,2,3,2,0,,2,5,14,False,
KXCONMEBOLSUD1HBTTS,Sports,custom,quadratic,3,0,3.0,0.165,1.0,20.0,1.0,,4.94,1,3,2,0,0,,3,5,14,False,
KXCONMEBOLSUDGAME,Sports,custom,quadratic,9,0,4.0,0.28,1.0,50.0,3.0,structured,6.84,1,2,2,1,0,,3,5,14,False,
KXCOOKPARLI,Unknown,,quadratic,4,0,5.0,0.075,0.75,253.0,4.0,custom,5.98,1,2,2,1,0,,3,5,14,False,
KXCOPPERCABLE,Politics,one_off,quadratic,2,0,1.0,0.175,1.0,34.0,2.0,custom,3.04,0,4,2,1,0,,2,5,14,False,
KXCOSTCOHOTDOG,Economics,custom,quadratic,2,0,5.5,0.3425,1.0,1553.0,2.0,,8.66,1,1,3,1,0,,3,5,14,False,
KXCPL,Sports,custom,quadratic,7,0,8.0,0.12,1.0,213.9,7.0,structured,9.48,1,1,3,1,0,,3,5,14,False,
KXCRYPTOSTRUCTURE,Politics,custom,quadratic,10,0,2.0,0.375,0.9,45678.6,10.0,custom,5.3,0,2,3,2,0,,2,5,14,False,
KXCTPRIMARY,Unknown,,quadratic,13,0,5.5,0.2025,0.615,1388.0,4.0,custom,7.78,1,2,2,1,0,,3,5,14,False,
KXDEMPROGRESSIVESENATESWEEP,Unknown,,quadratic,1,0,5.0,0.585,1.0,64747.1,1.0,,8.4,1,1,4,0,0,,3,5,14,False,
KXDIMAYORGAME,Sports,custom,quadratic,18,0,5.5,0.31,1.0,105.9,3.0,structured,8.5,1,1,3,1,0,,3,5,14,False,
KXDJTENDORSENETANYAHU,Unknown,,quadratic,2,0,5.5,0.4875,1.0,4838.2,2.0,custom,9.0,1,1,3,1,0,,3,5,14,False,
KXDROUGHTLEVEL,Unknown,,quadratic,14,0,6.0,0.055,0.5,3487.6,14.0,custom,6.74,1,2,1,2,0,,3,5,14,False,
KXDTX401,Financials,one_off,quadratic,1,0,4.0,0.66,1.0,160.9,1.0,,7.16,1,2,3,0,0,,3,5,14,False,
KXDXYDUD,Financials,one_off,quadratic,2,0,1.0,0.085,0.5,2804.6,1.0,greater,2.1,1,4,1,0,0,,3,5,14,False,
KXEARNINGSMENTIONCELH,Unknown,,quadratic,15,0,6.0,0.335,1.0,4.1,15.0,custom,9.12,1,1,2,2,0,,3,5,14,False,
KXEARNINGSMENTIONSTZ,Unknown,,quadratic,13,0,8.0,0.525,1.0,1.0,13.0,custom,11.5,1,1,2,2,0,,3,5,14,False,
KXEARNINGSMENTIONUAL,Unknown,,quadratic,15,0,7.0,0.505,1.0,7.3,15.0,custom,10.5,1,1,2,2,0,,3,5,14,False,
KXEARNINGSMENTIONULTA,Unknown,,quadratic,16,0,7.0,0.695,1.0,70.6,16.0,custom,9.98,1,1,2,2,0,,3,5,14,False,
KXECCOMPACT,Unknown,,quadratic,4,0,6.5,0.148,1.0,518.0,4.0,,8.28,1,1,3,1,0,,3,5,14,False,
KXECONSTATCORECPIYOY,Economics,custom,quadratic,64,0,8.0,0.11,0.266,104.0,16.0,custom,9.38,1,1,2,2,0,,3,5,14,False,
KXEDMHOME,Economics,annual,quadratic,1,0,5.0,0.255,1.0,5027.1,1.0,less,7.66,1,2,3,0,0,,3,5,14,False,
KXELECTUKRAINE,Unknown,,quadratic,4,0,5.0,0.44,1.0,1022.2,4.0,,8.46,1,1,3,1,0,,3,5,14,False,
KXELITESERIENGAME,Sports,custom,quadratic,12,0,3.5,0.245,1.0,5.5,3.0,structured,6.1,1,2,2,1,0,,3,5,14,False,
KXEMMYDSERIES,Unknown,,quadratic,9,0,3.0,0.105,0.333,173.0,9.0,custom,4.32,1,3,1,1,0,,3,5,14,False,
KXEMMYLIMITEDACTO,Unknown,,quadratic,6,0,5.0,0.145,0.833,2491.9,6.0,custom,6.74,1,2,2,1,0,,3,5,14,False,
KXENDORSEAOC,Unknown,,quadratic,4,0,5.0,0.57,1.0,5245.8,4.0,custom,8.44,1,1,3,1,0,,3,5,14,False,
KXENDORSEMAMDANI,Unknown,,quadratic,1,0,6.0,0.11,1.0,2794.3,1.0,,7.38,1,2,3,0,0,,3,5,14,False,
KXENGAGEMENTTRUDEAUPERRY,Unknown,,quadratic,1,0,6.0,0.29,1.0,18377.8,1.0,,8.9,1,1,4,0,0,,3,5,14,False,
KXENGAGEMENTWOODSTRUMP,Unknown,,quadratic,1,0,5.0,0.065,1.0,1460.4,1.0,,5.86,1,2,3,0,0,,3,5,14,False,
KXEPSTEINLIST,Politics,custom,quadratic,18,0,5.0,0.2575,1.0,2492.8,18.0,custom,7.68,0,2,3,2,0,,2,5,14,False,
KXF1RETIRE,Sports,custom,quadratic,4,0,6.0,0.52,1.0,653.5,4.0,custom,9.5,1,1,3,1,0,,3,5,14,False,
KXFARAGEOUTREFORM,Elections,one_off,quadratic,2,0,4.0,0.12,1.0,9939.9,2.0,custom,5.48,0,2,3,1,0,,3,5,14,False,
KXFDAAPPROVALDATECMPS,Science and Technology,one_off,quadratic,5,0,5.0,0.835,1.0,2050.8,5.0,custom,6.94,0,2,3,1,0,,3,5,14,False,
KXFDARETATRUTIDE,Science and Technology,one_off,quadratic,5,0,5.0,0.875,1.0,703.9,5.0,custom,6.54,0,2,3,1,0,,3,5,14,False,
KXFEAR,Financials,custom,quadratic,20,0,4.0,0.2,0.85,365.5,5.0,custom,6.24,1,2,2,1,0,,3,5,14,False,
KXFESTIVALEVENTRNCMIDTERMS,Unknown,,quadratic,1,0,7.0,0.955,1.0,4456.9,1.0,,7.62,1,2,3,0,0,,3,5,14,False,
KXFUSION,Science and Technology,custom,quadratic,3,0,3.9,0.4605,1.0,9024.6,3.0,,7.38,0,2,3,1,0,,3,5,14,False,
KXG7LEADEROUT,Politics,custom,quadratic,7,0,2.0,0.035,0.714,839.0,7.0,custom,2.48,0,4,2,1,0,,2,5,14,False,
KXGALLEGOOUT,Politics,one_off,quadratic,4,0,1.0,0.085,0.75,7280.3,4.0,custom,2.1,0,4,2,1,0,,2,5,14,False,
KXGASENGOVCOMBO,Unknown,,quadratic,4,0,4.0,0.28,0.75,4237.2,4.0,custom,6.84,1,2,2,1,0,,3,5,14,False,
KXGHANAPRES,Unknown,,quadratic,6,0,7.3,0.1,1.0,1910.0,6.0,custom,8.56,1,1,3,1,0,,3,5,14,False,
KXGOLFNEXTWIN,Sports,custom,quadratic,4,0,7.0,0.17,1.0,2467.1,4.0,custom,8.98,1,1,3,1,0,,3,5,14,False,
KXGOLFTENNISMAJORS,Sports,one_off,quadratic,2,0,7.0,0.49,1.0,6087.0,2.0,,10.5,1,1,3,1,0,,3,5,14,False,
KXGOVRINOMR,Unknown,,quadratic,3,0,7.0,0.325,1.0,4874.9,3.0,custom,10.08,1,1,3,1,0,,3,5,14,False,
KXGPT,Science and Technology,one_off,quadratic,5,0,3.0,0.5725,0.8,38229.9,5.0,,6.44,0,2,3,1,0,,3,5,14,False,
KXGRAMMYNOMBRA,Unknown,,quadratic,5,0,8.0,0.42,1.0,512.4,5.0,,11.42,1,1,3,1,0,,3,5,14,False,
KXGROK,Science and Technology,one_off,quadratic,2,0,3.0,0.505,1.0,7856.0,2.0,,6.5,0,2,3,1,0,,3,5,14,False,
KXGUAMGOV,Unknown,,quadratic,5,0,4.5,0.2825,0.8,9314.0,5.0,custom,7.34,1,2,2,1,0,,3,5,14,False,
KXGUATEMALACONGRESS,Unknown,,quadratic,7,0,7.0,0.047,1.0,1.0,7.0,custom,7.64,1,2,2,1,0,,3,5,14,False,
KXH5N1COUNT,Science and Technology,one_off,quadratic,8,0,6.0,0.245,1.0,89.9,8.0,greater,8.6,0,1,2,3,0,,3,5,14,False,
KXHIPRIMARY,Unknown,,quadratic,7,0,3.5,0.5,0.571,2200.0,3.5,custom,7.0,1,2,2,1,0,,3,5,14,False,
KXHMONTH,Unknown,,quadratic,2,0,5.0,0.415,1.0,36331.4,1.0,,8.4,1,1,4,0,0,,3,5,14,False,
KXHORMUZNORM,Politics,one_off,quadratic,9,0,1.0,0.255,0.889,938102.1,9.0,custom,3.66,0,3,3,1,0,,2,5,14,False,
KXHURRICANENAMES,Unknown,,quadratic,55,0,5.5,0.4325,0.618,64.0,21.0,custom,8.94,1,1,2,2,0,,3,5,14,False,
KXIASENATE,Unknown,,quadratic,2,0,5.0,0.5,1.0,4425.8,2.0,custom,8.5,1,1,3,1,0,,3,5,14,False,
KXIBERDOMIDE,Financials,one_off,quadratic,1,0,5.0,0.725,1.0,2900.0,1.0,,7.8,1,2,3,0,0,,3,5,14,False,
KXICEREFORM,Politics,one_off,quadratic,6,0,4.25,0.0535,1.0,5177.4,6.0,custom,4.97,0,3,3,1,0,,2,5,14,False,
KXIMPEACH,Politics,custom,quadratic,5,0,1.5,0.4125,0.8,472787.3,2.5,,4.9,0,3,3,1,0,,2,5,14,False,
KXINDIANAPOWELL,Unknown,,quadratic,1,0,4.0,0.27,1.0,2171.9,1.0,custom,6.76,1,2,3,0,0,,3,5,14,False,
KXINSURRECTION,Politics,custom,quadratic,2,0,3.5,0.3325,1.0,237588.8,2.0,,6.62,0,2,4,1,0,,2,5,14,False,
KXINTLPLAYAGAIN,Sports,custom,quadratic,2,0,7.5,0.7025,1.0,12089.5,1.0,structured,10.44,1,1,4,0,0,,3,5,14,False,
KXIPOANDURIL,Financials,one_off,quadratic,11,0,8.0,0.105,0.818,4860.0,11.0,custom,9.32,1,1,2,2,0,,3,5,14,False,
KXIPOOLIPOP,Financials,one_off,quadratic,11,0,7.0,0.11,0.727,231.0,11.0,custom,8.38,1,1,2,2,0,,3,5,14,False,
KXIPOPERPLEXITY,Financials,one_off,quadratic,3,0,6.0,0.37,1.0,340.0,3.0,custom,9.28,1,1,3,1,0,,3,5,14,False,
KXIPOSKIMS,Financials,one_off,quadratic,18,0,6.0,0.1775,0.889,649.8,18.0,custom,8.06,1,1,2,2,0,,3,5,14,False,
KXIRANEMBASSY,Politics,one_off,quadratic,2,0,2.4,0.047,0.5,140316.8,2.0,,3.04,0,4,2,1,0,,2,5,14,False,
KXIRONMAN,Unknown,,quadratic,1,0,5.0,0.365,1.0,29071.3,1.0,,8.26,1,1,4,0,0,,3,5,14,False,
KXITALYSENATE,Unknown,,quadratic,5,0,5.0,0.044,1.0,27.0,5.0,custom,5.6,1,2,2,1,0,,3,5,14,False,
KXITFMATCH,Sports,custom,quadratic,232,0,5.0,0.48,1.0,37.5,2.0,structured,8.5,1,1,3,1,0,,3,5,14,False,
KXJOHNNYDEPP,Unknown,,quadratic,1,0,6.0,0.57,1.0,23154.7,1.0,custom,9.44,1,1,4,0,0,,3,5,14,False,
KXJOINRONALDO,Sports,custom,quadratic,11,0,8.0,0.065,0.545,1582.4,11.0,custom,8.86,1,1,2,2,0,,3,5,14,False,
KXJUULFLAVOR,Financials,custom,quadratic,6,0,7.0,0.115,1.0,5620.5,6.0,,8.44,1,1,3,1,0,,3,5,14,False,
KXKLEAGUEGAME,Sports,custom,quadratic,9,0,4.0,0.3,1.0,17.8,3.0,structured,6.96,1,2,2,1,0,,3,5,14,False,
KXKSAMEND,Unknown,,quadratic,1,0,3.0,0.485,1.0,498.2,1.0,custom,6.5,1,2,3,0,0,,3,5,14,False,
KXKSPRIMARY,Unknown,,quadratic,19,0,4.0,0.7125,0.632,3714.3,2.0,custom,6.88,1,2,2,1,0,,3,5,14,False,
KXLA1,Unknown,,quadratic,5,0,4.5,0.0375,0.8,520.9,5.0,custom,5.02,1,2,2,1,0,,3,5,14,False,
KXLA13,Unknown,,quadratic,4,0,5.0,0.035,0.75,7529.3,4.0,custom,5.48,1,2,2,1,0,,3,5,14,False,
KXLAKECONF,Politics,one_off,quadratic,3,0,5.0,0.8,1.0,16772.4,3.0,custom,7.24,0,2,4,1,0,,2,5,14,False,
KXLAMINEYAMAL,Sports,one_off,quadratic,1,0,6.0,0.1,1.0,6129.0,1.0,structured,7.26,1,2,3,0,0,,3,5,14,False,
KXLAUNCHCOUNTM,Science and Technology,one_off,quadratic,8,0,2.0,0.645,0.5,3647.0,8.0,greater,5.22,0,2,1,3,0,,3,5,14,False,
KXLAYOFFSYPBS,Economics,annual,quadratic,1,0,5.0,0.515,1.0,58394.3,1.0,greater,8.5,1,1,4,0,0,,3,5,14,False,
KXLEAVEPOWELLGOV,Politics,one_off,quadratic,8,0,3.0,0.165,0.875,17300.1,8.0,custom,4.94,0,3,3,1,0,,2,5,14,False,
KXLIGAMX1H,Sports,custom,quadratic,27,0,5.0,0.325,1.0,13.0,3.0,structured,8.08,1,1,3,1,0,,3,5,14,False,
KXLIGAMXSCORE,Sports,custom,quadratic,270,0,6.0,0.065,0.448,56.0,30.0,custom,6.86,1,2,1,2,0,,3,5,14,False,
KXLIVOCCUR,Sports,custom,quadratic,1,0,7.0,0.945,1.0,1330.3,1.0,custom,7.74,1,2,3,0,0,,3,5,14,False,
KXLOUISVILLEMAYOR,Unknown,,quadratic,2,0,5.5,0.5025,1.0,6663.0,2.0,custom,9.0,1,1,3,1,0,,3,5,14,False,
KXLTGOVGA,Unknown,,quadratic,2,0,7.0,0.5,1.0,836.4,2.0,structured,10.5,1,1,3,1,0,,3,5,14,False,
KXLTGOVTX,Unknown,,quadratic,2,0,6.1,0.505,1.0,6120.8,2.0,structured,9.6,1,1,3,1,0,,3,5,14,False,
KXLTGOVVT,Unknown,,quadratic,2,0,5.0,0.49,1.0,6984.3,2.0,custom,8.5,1,1,3,1,0,,3,5,14,False,
KXLUCEDELIVERY,Financials,one_off,quadratic,8,0,6.0,0.895,1.0,16.0,8.0,custom,7.32,1,2,2,1,0,,3,5,14,False,
KXLUKEOUT,Politics,one_off,quadratic,2,0,1.0,0.71,1.0,1201.6,2.0,custom,3.9,0,3,3,1,0,,2,5,14,False,
KXMAMDANIRUN,Unknown,,quadratic,1,0,5.0,0.755,1.0,191.6,1.0,,7.6,1,2,3,0,0,,3,5,14,False,
KXMANCHINRUN,Unknown,,quadratic,1,0,3.0,0.235,1.0,659.9,1.0,,5.52,1,2,3,0,0,,3,5,14,False,
KXMAPRIMARY,Unknown,,quadratic,16,0,5.0,0.4925,0.75,10382.2,2.0,custom,8.5,1,1,3,1,0,,3,5,14,False,
KXMARALAGO,Politics,annual,quadratic,11,0,4.7,0.195,1.0,3242.4,11.0,,6.9,0,2,3,2,0,,2,5,14,False,
KXMARENTCONTROL,Unknown,,quadratic,1,0,7.4,0.073,1.0,30207.6,1.0,,8.36,1,1,4,0,0,,3,5,14,False,
KXMARRIAGEBELICHICKHUDSON,Unknown,,quadratic,1,0,5.0,0.205,1.0,9904.2,1.0,,7.3,1,2,3,0,0,,3,5,14,False,
KXMARRIAGESTYLESKRAVITZ,Unknown,,quadratic,3,0,3.0,0.355,1.0,79.3,3.0,,6.22,1,2,2,1,0,,3,5,14,False,
KXMAYOROFKINGSTOWN,Unknown,,quadratic,1,0,3.0,0.475,1.0,4870.4,1.0,,6.5,1,2,3,0,0,,3,5,14,False,
KXMEDIAGUESTMMARKS,Unknown,,quadratic,1,0,5.0,0.845,1.0,6339.8,1.0,,6.84,1,2,3,0,0,,3,5,14,False,
KXMEDIARELEASEPRISONBREAK,Unknown,,quadratic,5,0,2.0,0.56,1.0,66.0,5.0,,5.46,1,2,2,1,0,,3,5,14,False,
KXMEDIARELEASESPIDERMAN,Unknown,,quadratic,5,0,6.5,0.9,0.8,614.2,5.0,,7.78,1,2,2,1,0,,3,5,14,False,
KXMESENGOVCOMBO,Unknown,,quadratic,4,0,3.0,0.31,0.75,5577.9,4.0,custom,6.0,1,2,2,1,0,,3,5,14,False,
KXMEXICODEPUTIES,Unknown,,quadratic,6,0,5.3,0.0387,1.0,16.5,6.0,custom,5.84,1,2,2,1,0,,3,5,14,False,
KXMLBLSTREAK,Sports,custom,quadratic,30,0,8.0,0.06,0.1,796.7,30.0,structured,8.8,1,1,2,2,0,,3,5,14,False,
KXMLBPITCH,Sports,custom,quadratic,1,0,4.0,0.73,1.0,925.0,1.0,structured,6.76,1,2,3,0,0,,3,5,14,False,
KXMLBRFI,Sports,custom,quadratic,40,0,3.0,0.49,1.0,1.0,1.0,greater_or_equal,6.5,1,2,3,0,0,,3,5,14,False,
KXMLSSCORE,Sports,custom,quadratic,450,0,5.0,0.065,0.453,30.0,30.0,custom,5.86,1,2,1,2,0,,3,5,14,False,
KXMN2D,Unknown,,quadratic,3,0,6.0,0.18,1.0,9298.1,3.0,custom,8.08,1,1,3,1,0,,3,5,14,False,
KXMOVGANCSEN,Unknown,,quadratic,2,0,5.0,0.505,1.0,7215.4,2.0,custom,8.5,1,1,3,1,0,,3,5,14,False,
KXMTGSWITCH,Politics,annual,quadratic,6,0,4.55,0.1123,1.0,17752.0,6.0,,5.95,0,2,4,1,0,,2,5,14,False,
KXNBACONF,Sports,custom,quadratic,2,0,5.5,0.4925,1.0,195.9,2.0,structured,9.0,1,1,3,1,0,,3,5,14,False,
KXNBAPLAYERDEAL,Sports,custom,quadratic,1,0,4.0,0.08,1.0,2059.9,1.0,custom,5.04,1,2,3,0,0,,3,5,14,False,
KXNCAAFMWC,Sports,annual,quadratic,10,0,5.0,0.215,0.5,1302.9,10.0,structured,7.38,1,2,1,2,0,,3,5,14,False,
KXNCAAFSECWINS,Sports,annual,quadratic,8,0,8.0,0.38,0.75,1.5,8.0,greater_or_equal,11.3,1,1,1,3,0,,3,5,14,False,
KXNCCOURT,Unknown,,quadratic,2,0,5.5,0.5075,1.0,177.9,2.0,custom,9.0,1,1,3,1,0,,3,5,14,False,
KXNETFLIXRANKMOVIE,Unknown,,quadratic,10,0,2.0,0.495,0.2,1131.5,10.0,custom,5.5,1,2,1,2,0,,3,5,14,False,
KXNETFLIXRANKMOVIEGLOBAL,Unknown,,quadratic,10,0,3.5,0.4975,0.2,149.5,10.0,custom,7.0,1,2,1,2,0,,3,5,14,False,
KXNETFLIXRANKMOVIERUNNERUP,Unknown,,quadratic,10,0,5.0,0.06,0.4,269.0,10.0,custom,5.8,1,2,1,2,0,,3,5,14,False,
KXNETFLIXRANKSHOWRUNNERUP,Unknown,,quadratic,10,0,3.5,0.4425,0.2,996.7,10.0,custom,6.96,1,2,1,2,0,,3,5,14,False,
KXNEWSOMRUN,Unknown,,quadratic,4,0,6.0,0.575,1.0,831.6,4.0,custom,9.44,1,1,3,1,0,,3,5,14,False,
KXNEWZEALANDPARLI,Unknown,,quadratic,6,0,5.2,0.027,1.0,0.5,6.0,custom,5.58,1,2,2,1,0,,3,5,14,False,
KXNEXTNATOSECGEN,Unknown,,quadratic,8,0,7.0,0.09,1.0,290.5,8.0,custom,8.16,1,1,3,1,0,,3,5,14,False,
KXNEXTSTATE,Politics,one_off,quadratic,5,0,2.0,0.145,1.0,707.0,5.0,custom,3.74,0,3,3,1,0,,2,5,14,False,
KXNFLCOMPETE,Sports,custom,quadratic,2,0,2.0,0.7,0.5,141758.4,1.0,custom,4.94,1,3,2,0,0,,3,5,14,False,
KXNFLXINCREASE,Financials,one_off,quadratic,1,0,5.0,0.165,1.0,2191.2,1.0,,6.94,1,2,3,0,0,,3,5,14,False,
KXNFPROD,Economics,one_off,quadratic,1,0,7.0,0.495,1.0,51577.1,1.0,greater,10.5,1,1,4,0,0,,3,5,14,False,
KXNOBELLIT,Science and Technology,annual,quadratic,10,0,5.5,0.08,1.0,2.5,10.0,custom,6.54,0,2,2,2,0,,3,5,14,False,
KXNWSL,Sports,annual,quadratic,16,0,4.0,0.17,0.438,588.1,16.0,structured,5.98,1,2,1,2,0,,3,5,14,False,
KXNWSLGAME,Sports,custom,quadratic,9,0,8.0,0.29,1.0,337.2,3.0,structured,10.9,1,1,3,1,0,,3,5,14,False,
KXNYCBILLIONAIRES,Politics,custom,quadratic,6,0,6.0,0.26,1.0,4185.3,6.0,less,8.7,0,1,3,3,0,,2,5,14,False,
KXOPENAILEADLEFT,Financials,one_off,quadratic,6,0,3.5,0.1425,0.667,1765.3,6.0,custom,5.22,1,2,2,1,0,,3,5,14,False,
KXOPENAISECTOR,Financials,one_off,quadratic,12,0,6.0,0.11,0.25,2117.2,12.0,custom,7.38,1,2,1,2,0,,3,5,14,False,
KXOSCARNOMDOCU,Unknown,,quadratic,7,0,6.0,0.275,1.0,283.3,7.0,custom,8.8,1,1,3,1,0,,3,5,14,False,
KXOSCARNOMSBANIMATEDF,Unknown,,quadratic,8,0,5.0,0.48,1.0,2977.1,8.0,custom,8.5,1,1,3,1,0,,3,5,14,False,
KXOVERPOREXTON,Financials,one_off,quadratic,1,0,6.0,0.86,1.0,229.4,1.0,,7.7,1,2,3,0,0,,3,5,14,False,
KXPARAGUAYDEPUTIES,Unknown,,quadratic,6,0,5.8,0.033,1.0,34.0,6.0,custom,6.26,1,2,2,1,0,,3,5,14,False,
KXPARDONSTRUMP,Politics,monthly,quadratic,4,0,4.0,0.505,0.5,6972.0,4.0,"between,greater",7.5,0,2,1,4,0,,2,5,14,False,
KXPASEN,Unknown,,quadratic,2,0,5.5,0.5075,1.0,281.6,2.0,structured,9.0,1,1,3,1,0,,3,5,14,False,
KXPENSACOLAMAYOR,Unknown,,quadratic,5,0,6.0,0.04,1.0,1.0,5.0,custom,6.54,1,2,2,1,0,,3,5,14,False,
KXPGACURRY,Sports,one_off,quadratic,1,0,5.0,0.035,1.0,105.7,1.0,custom,5.48,1,2,3,0,0,,3,5,14,False,
KXPHILIPPINESHOUSE,Unknown,,quadratic,5,0,7.0,0.155,1.0,3677.0,5.0,custom,8.84,1,1,3,1,0,,3,5,14,False,
KXPHILIPPINESSENATE,Unknown,,quadratic,2,0,6.0,0.41,1.0,633.9,2.0,custom,9.4,1,1,3,1,0,,3,5,14,False,
KXPOILIEVREOUT,Unknown,,quadratic,1,0,6.0,0.15,1.0,8959.4,1.0,,7.8,1,2,3,0,0,,3,5,14,False,
KXPOLANDSEJM,Unknown,,quadratic,5,0,4.8,0.033,1.0,81.0,5.0,custom,5.26,1,2,2,1,0,,3,5,14,False,
KXPOPEVISIT,Politics,one_off,quadratic,12,0,5.0,0.1725,1.0,6656.6,12.0,custom,7.0,0,2,3,2,0,,2,5,14,False,
KXPRESENDORSEMUSKD,Unknown,,quadratic,1,0,4.7,0.0465,1.0,8454.8,1.0,,5.34,1,2,3,0,0,,3,5,14,False,
KXPRESNOMG,Unknown,,quadratic,6,0,6.9,0.053,1.0,93.5,6.0,custom,7.62,1,2,2,1,0,,3,5,14,False,
KXPRESTAIWAN,Unknown,,quadratic,3,0,7.3,0.0895,1.0,1798.4,3.0,custom,8.46,1,1,3,1,0,,3,5,14,False,
KXPRICEINCREASEAZICEDTEA,Financials,custom,quadratic,1,0,8.0,0.09,1.0,20925.4,1.0,,9.16,1,1,4,0,0,,3,5,14,False,
KXPRICEINCREASECLAUDE,Financials,one_off,quadratic,1,0,5.0,0.155,1.0,5179.9,1.0,,6.84,1,2,3,0,0,,3,5,14,False,
KXPRICEINCREASESPOTIFY,Financials,one_off,quadratic,1,0,5.0,0.165,1.0,691.1,1.0,,6.94,1,2,3,0,0,,3,5,14,False,
KXPRICEINCREASESPOTIFYDUO,Financials,one_off,quadratic,1,0,6.0,0.17,1.0,749.9,1.0,,7.98,1,2,3,0,0,,3,5,14,False,
KXPUTINDJTLOCATION,Unknown,,quadratic,10,0,7.0,0.095,0.7,3222.7,10.0,custom,8.22,1,1,2,2,0,,3,5,14,False,
KXRANKLISTFFWR,Sports,custom,quadratic,20,0,8.0,0.075,0.75,178.2,20.0,structured,8.98,1,1,2,2,0,,3,5,14,False,
KXRANKLISTIFPIARTIST,Unknown,,quadratic,22,0,6.0,0.11,0.182,58.5,22.0,,7.38,1,2,1,2,0,,3,5,14,False,
KXRECOGPALESTINE,Politics,custom,quadratic,13,0,6.5,0.08,1.0,6943.5,13.0,custom,7.54,0,2,3,2,0,,2,5,14,False,
KXRECOGSOMALI,Politics,custom,quadratic,2,0,4.9,0.2955,1.0,12974.7,2.0,,7.82,0,2,4,1,0,,2,5,14,False,
KXRELOCATEUNITED,Financials,one_off,quadratic,1,0,6.0,0.09,1.0,5985.6,1.0,custom,7.16,1,2,3,0,0,,3,5,14,False,
KXRENOMAYOR,Unknown,,quadratic,2,0,6.0,0.495,1.0,126.4,2.0,custom,9.5,1,1,3,1,0,,3,5,14,False,
KXREPRODUCTIVEMEASURES,Unknown,,quadratic,3,0,7.0,0.9225,1.0,4124.5,3.0,,8.02,1,1,3,1,0,,3,5,14,False,
KXRETIREBACON,Unknown,,quadratic,1,0,6.4,0.037,1.0,749.0,1.0,,6.9,1,2,3,0,0,,3,5,14,False,
KXRETIREMACE,Unknown,,quadratic,1,0,6.7,0.0485,1.0,4800.1,1.0,,7.36,1,2,3,0,0,,3,5,14,False,
KXRIPRIMARY,Unknown,,quadratic,2,0,5.5,0.4975,1.0,1393.4,2.0,custom,9.0,1,1,3,1,0,,3,5,14,False,
KXROBOTAXIAREA,Science and Technology,one_off,quadratic,4,0,3.5,0.63,1.0,5621.3,4.0,custom,6.78,0,2,3,1,0,,3,5,14,False,
KXRUBIORUN,Unknown,,quadratic,4,0,5.9,0.306,1.0,401.8,4.0,custom,8.88,1,1,3,1,0,,3,5,14,False,
KXRUSFERTIDE,Financials,one_off,quadratic,1,0,5.0,0.885,1.0,232.1,1.0,,6.44,1,2,3,0,0,,3,5,14,False,
KXSANTACATARINA,Unknown,,quadratic,5,0,5.0,0.04,0.6,353.0,5.0,custom,5.54,1,2,2,1,0,,3,5,14,False,
KXSAROGLITAZAR,Financials,one_off,quadratic,1,0,5.0,0.725,1.0,264.9,1.0,,7.8,1,2,3,0,0,,3,5,14,False,
KXSCOTTISHPREMGAME,Sports,custom,quadratic,9,0,5.0,0.26,1.0,9.5,3.0,structured,7.7,1,2,2,1,0,,3,5,14,False,
KXSCOTUSPOWER,Politics,custom,quadratic,5,0,2.9,0.0855,1.0,5286.8,5.0,,4.0,0,3,3,1,0,,2,5,14,False,
KXSCOTUSRESIGN,Politics,custom,quadratic,9,0,4.0,0.069,1.0,497.5,9.0,,4.9,0,3,3,1,0,,2,5,14,False,
KXSECSTATEAZ,Unknown,,quadratic,2,0,5.0,0.495,1.0,1125.9,2.0,structured,8.5,1,1,3,1,0,,3,5,14,False,
KXSECSTATECO,Unknown,,quadratic,2,0,5.0,0.505,1.0,8628.0,2.0,custom,8.5,1,1,3,1,0,,3,5,14,False,
KXSECSTATEGA,Unknown,,quadratic,2,0,6.5,0.4975,1.0,1665.9,2.0,structured,10.0,1,1,3,1,0,,3,5,14,False,
KXSECSTATEIN,Unknown,,quadratic,2,0,6.0,0.5,1.0,8603.6,2.0,structured,9.5,1,1,3,1,0,,3,5,14,False,
KXSECSTATEMI,Unknown,,quadratic,2,0,5.5,0.5025,1.0,7313.2,2.0,custom,9.0,1,1,3,1,0,,3,5,14,False,
KXSECSTATENV,Unknown,,quadratic,2,0,5.5,0.5025,1.0,1564.0,2.0,structured,9.0,1,1,3,1,0,,3,5,14,False,
KXSECSTATEOH,Unknown,,quadratic,2,0,7.5,0.4975,1.0,2313.0,2.0,structured,11.0,1,1,3,1,0,,3,5,14,False,
KXSECSTATEWI,Unknown,,quadratic,2,0,4.5,0.5125,1.0,1110.5,2.0,structured,8.0,1,1,3,1,0,,3,5,14,False,
KXSENATEDER,Unknown,,quadratic,2,0,5.55,0.4978,1.0,2267.6,2.0,custom,9.05,1,1,3,1,0,,3,5,14,False,
KXSENATEMAD,Unknown,,quadratic,4,0,2.5,0.4975,0.5,56460.8,4.0,custom,6.0,1,2,2,1,0,,3,5,14,False,
KXSENATEMID,Unknown,,quadratic,9,0,1.5,0.5025,0.222,4277.7,9.0,custom,5.0,1,3,1,1,0,,3,5,14,False,
KXSENATEMND,Unknown,,quadratic,9,0,1.5,0.5075,0.222,759.0,9.0,custom,5.0,1,3,1,1,0,,3,5,14,False,
KXSENATENHR,Unknown,,quadratic,4,0,2.25,0.5038,0.5,16193.4,4.0,custom,5.75,1,2,2,1,0,,3,5,14,False,
KXSENATENYD,Unknown,,quadratic,3,0,8.0,0.325,1.0,3928.8,3.0,custom,11.08,1,1,3,1,0,,3,5,14,False,
KXSENATEPAD,Unknown,,quadratic,8,0,6.6,0.0848,0.75,642.2,8.0,custom,7.7,1,2,2,1,0,,3,5,14,False,
KXSENATERIR,Unknown,,quadratic,2,0,5.75,0.4793,1.0,3502.7,2.0,custom,9.25,1,1,3,1,0,,3,5,14,False,
KXSENATEWYD,Unknown,,quadratic,2,0,6.5,0.4975,1.0,3403.7,2.0,custom,10.0,1,1,3,1,0,,3,5,14,False,
KXSNAPELECTIONFR,Unknown,,quadratic,1,0,5.0,0.145,1.0,5760.5,1.0,custom,6.74,1,2,3,0,0,,3,5,14,False,
KXSNAPELECTIONSPAIN,Unknown,,quadratic,1,0,5.0,0.285,1.0,842.6,1.0,,7.86,1,2,3,0,0,,3,5,14,False,
KXSNAPELECTIONTUR,Unknown,,quadratic,1,0,4.0,0.11,1.0,141.2,1.0,,5.38,1,2,3,0,0,,3,5,14,False,
KXSPACEDATACENTER,Science and Technology,one_off,quadratic,6,0,3.5,0.19,1.0,6569.2,6.0,custom,5.66,0,2,3,1,0,,3,5,14,False,
KXSPINOFF,Unknown,,quadratic,1,0,5.0,0.195,1.0,1773.8,1.0,,7.2,1,2,3,0,0,,3,5,14,False,
KXSTARSHIPFL,Science and Technology,custom,quadratic,3,0,3.0,0.225,0.667,16623.1,3.0,,5.46,0,2,3,1,0,,3,5,14,False,
KXSTOPTRADE,Politics,one_off,quadratic,2,0,4.0,0.095,1.0,18139.0,2.0,,5.22,0,2,4,1,0,,2,5,14,False,
KXSTPETERSBURGMAYOR,Unknown,,quadratic,7,0,6.0,0.075,0.571,2759.0,7.0,custom,6.98,1,2,2,1,0,,3,5,14,False,
KXSUPERBOWLAD,Companies,custom,quadratic,20,0,8.0,0.49,1.0,809.8,20.0,custom,11.5,0,1,3,2,0,,3,5,14,False,
KXSWEDENPM,Unknown,,quadratic,4,0,5.0,0.125,1.0,91.0,4.0,custom,6.54,1,2,2,1,0,,3,5,14,False,
KXTAKEOVERNEE,Financials,one_off,quadratic,1,0,5.0,0.715,1.0,7335.6,1.0,custom,7.86,1,2,3,0,0,,3,5,14,False,
KXTALLAHASSEEMAYOR,Unknown,,quadratic,5,0,4.5,0.2625,0.8,1661.9,5.0,custom,7.22,1,2,2,1,0,,3,5,14,False,
KXTHCHEMP,Politics,one_off,quadratic,2,0,1.0,0.525,1.0,1840.3,2.0,custom,4.5,0,3,3,1,0,,2,5,14,False,
KXTOP3WEALTH,Economics,custom,quadratic,9,0,8.0,0.18,1.0,4107.8,9.0,,10.08,1,1,3,1,0,,3,5,14,False,
KXTOPALBUMSPOTIFYRUNNERUP,Unknown,,quadratic,19,0,6.0,0.075,0.474,169.7,19.0,,6.98,1,2,1,2,0,,3,5,14,False,
KXTOPSONGRUNNERUPUSA,Unknown,,quadratic,20,0,6.0,0.115,0.25,438.8,20.0,,7.44,1,2,1,2,0,,3,5,14,False,
KXTOPSONGTHIRDUSA,Unknown,,quadratic,24,0,6.0,0.04,0.375,1.0,24.0,,6.54,1,2,1,2,0,,3,5,14,False,
KXTORCONDO,Economics,annual,quadratic,1,0,2.0,0.45,1.0,6293.7,1.0,less,5.48,1,2,3,0,0,,3,5,14,False,
KXTRADEDEALCUBA,Politics,one_off,quadratic,2,0,3.5,0.1825,1.0,54436.9,2.0,,5.6,0,2,4,1,0,,2,5,14,False,
KXTRDBAN,Politics,custom,quadratic,2,0,3.95,0.2102,1.0,60789.8,2.0,,6.29,0,2,4,1,0,,2,5,14,False,
KXTRUMPENDORSESC,Unknown,,quadratic,5,0,5.0,0.04,0.6,4090.7,5.0,custom,5.54,1,2,2,1,0,,3,5,14,False,
KXTRUMPFIRE,Politics,annual,quadratic,6,0,4.1,0.0752,1.0,15375.9,6.0,,5.08,0,2,4,1,0,,2,5,14,False,
KXTRUMPMEET,Politics,monthly,quadratic,13,0,3.0,0.045,0.692,2906.9,13.0,custom,3.62,0,3,2,2,0,,2,5,14,False,
KXTRUMPMEETING,Politics,annual,quadratic,15,0,4.0,0.145,1.0,6321.0,15.0,custom,5.74,0,2,3,2,0,,2,5,14,False,
KXTRUMPSTATES,Politics,annual,quadratic,10,0,4.0,0.48,1.0,3275.9,10.0,custom,7.5,0,2,3,2,0,,2,5,14,False,
KXTVSEASONRELEASEACOURTOFTHORNSANDROSES,Unknown,,quadratic,1,0,4.0,0.6,1.0,1590.3,1.0,,7.36,1,2,3,0,0,,3,5,14,False,
KXTVSEASONRELEASETHELASTOFUS,Unknown,,quadratic,5,0,7.0,0.175,1.0,4158.8,5.0,,9.04,1,1,3,1,0,,3,5,14,False,
KXTWITCHSUBSNINJA,Unknown,,quadratic,1,0,6.0,0.15,1.0,9377.0,1.0,,7.8,1,2,3,0,0,,3,5,14,False,
KXTX23SPECIALDATE,Unknown,,quadratic,1,0,4.0,0.12,1.0,2965.2,1.0,,5.48,1,2,3,0,0,,3,5,14,False,
KXTXHOUSE,Unknown,,quadratic,2,0,5.5,0.5125,1.0,1015.3,2.0,custom,9.0,1,1,3,1,0,,3,5,14,False,
KXTXRAILROAD,Unknown,,quadratic,2,0,6.5,0.4975,1.0,1728.4,2.0,custom,10.0,1,1,3,1,0,,3,5,14,False,
KXUECLGAME,Sports,custom,quadratic,126,0,6.0,0.245,1.0,12.5,3.0,structured,8.6,1,1,3,1,0,,3,5,14,False,
KXUELADVANCE,Sports,custom,quadratic,18,0,6.0,0.515,0.944,3065.3,2.0,structured,9.5,1,1,3,1,0,,3,5,14,False,
KXUFCHEAVYWEIGHTTITLE,Sports,custom,quadratic,11,0,5.0,0.385,0.273,18072.6,11.0,,8.32,1,1,2,2,0,,3,5,14,False,
KXUKEAINFL,Economics,one_off,quadratic,1,0,1.0,0.335,1.0,45.3,1.0,,4.12,1,3,2,0,0,,3,5,14,False,
KXUSFUNDHEAD,Politics,custom,quadratic,2,0,4.0,0.05,1.0,8724.3,2.0,,4.68,0,3,3,1,0,,2,5,14,False,
KXUSTESTSMATH,Science and Technology,custom,quadratic,3,0,8.0,0.375,1.0,19148.0,3.0,custom,11.3,0,1,4,1,0,,3,5,14,False,
KXUSUKCOREINF,Economics,one_off,quadratic,1,0,2.0,0.29,1.0,17.1,1.0,,4.9,1,3,2,0,0,,3,5,14,False,
KXVALORANTGAME,Sports,custom,quadratic,50,0,6.0,0.5025,1.0,87.0,2.0,structured,9.5,1,1,3,1,0,,3,5,14,False,
KXVANCERUN,Unknown,,quadratic,4,0,5.5,0.5125,1.0,448.7,4.0,custom,9.0,1,1,3,1,0,,3,5,14,False,
KXVANCONDO,Economics,annual,quadratic,1,0,5.0,0.155,1.0,988.3,1.0,less,6.84,1,2,3,0,0,,3,5,14,False,
KXVENEZDEFACTO,Politics,one_off,quadratic,8,0,1.5,0.0225,0.5,2768.3,8.0,custom,1.82,0,5,1,1,0,,2,5,14,False,
KXVETOCOUNT,Politics,annual,quadratic,5,0,5.0,0.315,1.0,4700.7,5.0,greater_or_equal,8.04,0,1,3,3,0,,2,5,14,False,
KXVICTORIANSTATE,Unknown,,quadratic,3,0,5.0,0.32,1.0,1071.4,3.0,custom,8.06,1,1,3,1,0,,3,5,14,False,
KXVOTECLARITY,Politics,one_off,quadratic,8,0,6.0,0.31,1.0,1123.2,8.0,greater,9.0,0,1,3,3,0,,2,5,14,False,
KXVTPRIMARY,Unknown,,quadratic,2,0,5.0,0.495,1.0,1256.5,2.0,custom,8.5,1,1,3,1,0,,3,5,14,False,
KXWA4PRIMARY,Unknown,,quadratic,6,0,6.3,0.115,0.833,3078.1,6.0,custom,7.74,1,2,2,1,0,,3,5,14,False,
KXWAYMO,Financials,one_off,quadratic,18,0,7.0,0.1325,0.778,310.0,18.0,custom,8.62,1,1,2,2,0,,3,5,14,False,
KXWAYMOCITY,Science and Technology,custom,quadratic,10,0,5.0,0.5025,1.0,4819.4,10.0,custom,8.5,0,1,3,2,0,,3,5,14,False,
KXWCTEAMS,Sports,custom,quadratic,1,0,3.0,0.775,1.0,343.1,1.0,,5.46,1,2,3,0,0,,3,5,14,False,
KXWITHDRAW,Politics,custom,quadratic,10,0,4.35,0.1425,1.0,1041.0,10.0,,6.07,0,2,3,2,0,,2,5,14,False,
KXWNBA6POY,Sports,annual,quadratic,28,0,8.0,0.17,0.107,179.5,28.0,"custom,structured",9.98,1,1,2,2,0,,3,5,14,False,
KXWNBAALLROOKIE,Sports,custom,quadratic,18,0,5.0,0.915,0.389,307.5,18.0,structured,6.1,1,2,1,2,0,,3,5,14,False,
KXWNBACOY,Sports,annual,quadratic,16,0,6.0,0.07,0.438,2420.5,16.0,custom,6.92,1,2,1,2,0,,3,5,14,False,
KXWNBADUNK,Sports,custom,quadratic,1,0,3.0,0.355,1.0,4733.9,1.0,custom,6.22,1,2,3,0,0,,3,5,14,False,
KXWNBAFINALSMVP,Sports,custom,quadratic,22,0,4.5,0.045,0.455,79.7,22.0,"custom,structured",5.12,1,2,1,2,0,,3,5,14,False,
KXXITAIWAN,Politics,one_off,quadratic,4,0,3.95,0.1353,1.0,12229.2,4.0,custom,5.59,0,2,4,1,0,,2,5,14,False,
KXXIUSA,Politics,one_off,quadratic,2,0,5.0,0.88,1.0,10873.5,2.0,custom,6.48,0,2,4,1,0,,2,5,14,False,
SENATEAZ,Unknown,,quadratic,2,0,4.5,0.4875,1.0,7301.7,2.0,structured,8.0,1,1,3,1,0,,3,5,14,False,
SENATECA,Unknown,,quadratic,2,0,4.5,0.4925,1.0,924.9,2.0,structured,8.0,1,1,3,1,0,,3,5,14,False,
SENATECT,Unknown,,quadratic,2,0,5.45,0.4968,1.0,120.0,2.0,structured,8.95,1,1,3,1,0,,3,5,14,False,
SENATEMD,Unknown,,quadratic,2,0,5.5,0.4925,1.0,843.8,2.0,structured,9.0,1,1,3,1,0,,3,5,14,False,
SENATEMO,Unknown,,quadratic,2,0,5.4,0.483,1.0,769.4,2.0,structured,8.9,1,1,3,1,0,,3,5,14,False,
SENATENV,Unknown,,quadratic,2,0,4.5,0.4925,1.0,1072.2,2.0,structured,8.0,1,1,3,1,0,,3,5,14,False,
SENATENY,Unknown,,quadratic,2,0,4.75,0.4842,1.0,981.5,2.0,structured,8.25,1,1,3,1,0,,3,5,14,False,
SENATEOH,Unknown,,quadratic,2,0,5.0,0.495,1.0,7801.7,2.0,structured,8.5,1,1,3,1,0,,3,5,14,False,
SENATEUT,Unknown,,quadratic,2,0,5.0,0.49,1.0,1275.4,2.0,structured,8.5,1,1,3,1,0,,3,5,14,False,
SENATEVT,Unknown,,quadratic,2,0,5.0,0.49,1.0,3257.8,2.0,structured,8.5,1,1,3,1,0,,3,5,14,False,
SENATEWI,Unknown,,quadratic,2,0,6.0,0.49,1.0,3755.2,2.0,structured,9.5,1,1,3,1,0,,3,5,14,False,
EUCLIMATE,Unknown,,quadratic,1,0,5.7,0.4415,1.0,3548.3,1.0,,9.16,1,1,3,0,0,,3,5,13,False,
GOVPARTYDE,Unknown,,quadratic,2,0,7.05,0.4998,1.0,57.5,2.0,structured,10.55,1,1,2,1,0,,3,5,13,False,
KXACQANNOUNCEOPENR,Financials,one_off,quadratic,1,0,6.0,0.64,1.0,290.6,1.0,custom,9.24,1,1,3,0,0,,3,5,13,False,
KXACQLETTERBOXD,Financials,one_off,quadratic,3,0,6.0,0.24,1.0,19.0,3.0,custom,8.56,1,1,2,1,0,,3,5,13,False,
KXACQPYPL,Financials,one_off,quadratic,1,0,5.0,0.495,1.0,6228.3,1.0,custom,8.5,1,1,3,0,0,,3,5,13,False,
KXACTORTOMCRUZ,Unknown,,quadratic,1,0,5.0,0.425,1.0,861.0,1.0,custom,8.44,1,1,3,0,0,,3,5,13,False,
KXAIPACLOSEPRIMARY,Unknown,,quadratic,1,0,6.0,0.41,1.0,2271.3,1.0,greater_or_equal,9.4,1,1,3,0,0,,3,5,13,False,
KXAIREVIEW,Politics,one_off,quadratic,2,0,5.0,0.205,1.0,4307.4,2.0,,7.3,0,2,3,1,0,,2,5,13,False,
KXALBUMRELEASEDATEJB,Unknown,,quadratic,2,0,4.0,0.09,0.5,3045.3,2.0,,5.16,1,2,1,1,0,,3,5,13,False,
KXALBUMRELEASEDATEUZI,Unknown,,quadratic,6,0,5.0,0.38,0.833,1132.2,3.0,,8.3,1,1,2,1,0,,3,5,13,False,
KXAMERICAPARTY2028,Unknown,,quadratic,1,0,8.0,0.15,1.0,2720.9,1.0,,9.8,1,1,3,0,0,,3,5,13,False,
KXANTHROPICLEADLEFT,Financials,one_off,quadratic,6,0,4.0,0.46,0.5,394.1,6.0,custom,7.48,1,2,1,1,0,,3,5,13,False,
KXARTISTCOLLABDRAKEMETRO,Unknown,,quadratic,1,0,7.0,0.115,1.0,1613.7,1.0,,8.44,1,1,3,0,0,,3,5,13,False,
KXATTYGENSD,Unknown,,quadratic,2,0,5.1,0.4915,1.0,69.0,2.0,structured,8.6,1,1,2,1,0,,3,5,13,False,
KXAUCTIONRECORD,Unknown,,quadratic,6,0,7.5,0.1125,1.0,8069.3,1.0,greater,8.9,1,1,3,0,0,,3,5,13,False,
KXBBP418,Financials,one_off,quadratic,1,0,5.0,0.915,1.0,18.4,1.0,,6.1,1,2,2,0,0,,3,5,13,False,
KXBICTEGRAVIR,Financials,one_off,quadratic,1,0,5.0,0.925,1.0,11.7,1.0,,5.98,1,2,2,0,0,,3,5,13,False,
KXBIRTHTOURISMVOTE,Politics,one_off,quadratic,2,0,5.0,0.13,1.0,360.5,2.0,custom,6.6,0,2,3,1,0,,2,5,13,False,
KXBLANCHEJUDICIARY,Politics,one_off,quadratic,4,0,3.0,0.615,0.75,11775.1,4.0,custom,6.32,0,2,3,1,0,,2,5,13,False,
KXBOLOJANOUT,Politics,one_off,quadratic,3,0,5.0,0.225,1.0,1247.4,3.0,custom,7.46,0,2,3,1,0,,2,5,13,False,
KXBRASILEIROBTTS,Sports,custom,quadratic,2,0,5.0,0.475,1.0,616.9,1.0,,8.5,1,1,3,0,0,,3,5,13,False,
KXBURNHAMJUL,Politics,one_off,quadratic,16,0,5.0,0.04,0.625,268.3,16.0,custom,5.54,0,2,2,2,0,,2,5,13,False,
KXCA14SWINNER,Unknown,,quadratic,7,0,4.0,0.485,0.286,2888.0,7.0,custom,7.5,1,2,1,1,0,,3,5,13,False,
KXCA17PERSON,Unknown,,quadratic,6,0,4.1,0.4945,0.333,1203.5,6.0,custom,7.6,1,2,1,1,0,,3,5,13,False,
KXCAPEVERDEPRES,Unknown,,quadratic,3,0,6.0,0.34,1.0,1.0,3.0,custom,9.16,1,1,2,1,0,,3,5,13,False,
KXCASECESSION,Unknown,,quadratic,1,0,7.0,0.205,1.0,1649.8,1.0,,9.3,1,1,3,0,0,,3,5,13,False,
KXCAVOTERID,Unknown,,quadratic,1,0,6.0,0.37,1.0,4018.2,1.0,,9.28,1,1,3,0,0,,3,5,13,False,
KXCBDECISIONKOREA,Economics,custom,quadratic,5,0,6.0,0.38,0.6,241.0,5.0,custom,9.3,1,1,2,1,0,,3,5,13,False,
KXCDCCONF,Politics,one_off,quadratic,2,0,2.0,0.94,0.5,5310.2,2.0,,2.8,0,4,1,1,0,,2,5,13,False,
KXCHAICUTS,Economics,monthly,quadratic,1,0,5.0,0.485,1.0,1629.0,1.0,greater_or_equal,8.5,1,1,3,0,0,,3,5,13,False,
KXCHINAHUKOU,Politics,one_off,quadratic,4,0,4.5,0.115,1.0,1014.2,4.0,custom,5.94,0,2,3,1,0,,2,5,13,False,
KXCHINALIST,Politics,one_off,quadratic,6,0,1.0,0.25,1.0,17.5,6.0,custom,3.64,0,3,2,1,0,,2,5,13,False,
KXCOMPANYLAYOFF,Companies,one_off,quadratic,8,0,5.5,0.3175,1.0,1318.9,8.0,custom,8.54,0,1,3,1,0,,3,5,13,False,
KXCRITICALITY,Science and Technology,custom,quadratic,7,0,4.5,0.065,0.571,5800.0,7.0,custom,5.36,0,2,2,1,0,,3,5,13,False,
KXDATASET13,Politics,one_off,quadratic,2,0,7.7,0.078,1.0,24136.2,2.0,custom,8.72,0,1,4,1,0,,2,5,13,False,
KXDEMSCHUMER,Politics,one_off,quadratic,3,0,5.0,0.245,1.0,2813.0,3.0,,7.6,0,2,3,1,0,,2,5,13,False,
KXDESANTISRUN,Unknown,,quadratic,1,0,7.0,0.125,1.0,363.0,1.0,custom,8.54,1,1,3,0,0,,3,5,13,False,
KXDOMINICANREPUBLICDEPUTIES,Unknown,,quadratic,3,0,7.8,0.165,1.0,22.6,3.0,custom,9.74,1,1,2,1,0,,3,5,13,False,
KXDONATEMRBEAST,Sports,one_off,quadratic,1,0,8.0,0.31,1.0,1412.6,1.0,,11.0,1,1,3,0,0,,3,5,13,False,
KXEMMYCSERIES,Unknown,,quadratic,9,0,4.5,0.4925,0.222,1268.8,9.0,custom,8.0,1,2,1,1,0,,3,5,13,False,
KXEMMYDACTO,Unknown,,quadratic,6,0,4.5,0.4925,0.333,260.2,6.0,custom,8.0,1,2,1,1,0,,3,5,13,False,
KXEMMYDSACTO,Unknown,,quadratic,8,0,3.0,0.24,0.5,2046.9,8.0,custom,5.56,1,2,1,1,0,,3,5,13,False,
KXEMMYLSERIES,Unknown,,quadratic,6,0,3.0,0.395,0.5,4269.8,6.0,custom,6.36,1,2,1,1,0,,3,5,13,False,
KXENGAGEMENTBOBBIALTHOFF,Unknown,,quadratic,1,0,7.0,0.095,1.0,353.0,1.0,,8.22,1,1,3,0,0,,3,5,13,False,
KXENGAGEMENTBOSAAILIFF,Unknown,,quadratic,1,0,7.0,0.105,1.0,995.0,1.0,,8.32,1,1,3,0,0,,3,5,13,False,
KXENGAGEMENTKIMLEWIS,Unknown,,quadratic,1,0,7.0,0.155,1.0,6479.0,1.0,,8.84,1,1,3,0,0,,3,5,13,False,
KXENGAGEMENTSWEENEYBRUAN,Unknown,,quadratic,1,0,6.0,0.24,1.0,8931.6,1.0,,8.56,1,1,3,0,0,,3,5,13,False,
KXEUROVISIONHOST,Entertainment,custom,quadratic,2,0,4.5,0.5575,1.0,653.1,2.0,custom,7.96,0,2,3,1,0,,2,5,13,False,
KXEUUK,Politics,one_off,quadratic,3,0,5.0,0.07,1.0,194.9,3.0,custom,5.92,0,2,3,1,0,,2,5,13,False,
KXFABLEDISABLED,Science and Technology,one_off,quadratic,2,0,3.0,0.055,0.5,7705.7,2.0,custom,3.74,0,3,1,1,0,,3,5,13,False,
KXFBUSTER,Politics,annual,quadratic,3,0,5.0,0.225,1.0,1725.5,3.0,,7.46,0,2,3,1,0,,2,5,13,False,
KXFDAAPPROVALDATENTLA,Science and Technology,one_off,quadratic,3,0,5.0,0.56,1.0,929.8,3.0,custom,8.46,0,1,3,1,0,,3,5,13,False,
KXFDAAPPROVE,Science and Technology,one_off,quadratic,16,0,6.0,0.5225,1.0,497.3,3.5,custom,9.5,0,1,3,1,0,,3,5,13,False,
KXFDAVERVE102,Science and Technology,one_off,quadratic,6,0,5.0,0.725,1.0,70.9,6.0,custom,7.8,0,2,2,1,0,,3,5,13,False,
KXFISAEXTEND,Politics,one_off,quadratic,5,0,3.0,0.2375,0.8,36345.6,5.0,custom,5.54,0,2,3,1,0,,2,5,13,False,
KXFLPROPERTYTAX,Unknown,,quadratic,1,0,5.0,0.475,1.0,9736.5,1.0,,8.5,1,1,3,0,0,,3,5,13,False,
KXFLRGOVEXACT,Unknown,,quadratic,6,0,7.0,0.155,0.833,1899.8,6.0,custom,8.84,1,1,2,1,0,,3,5,13,False,
KXFTACOUNTRIES,Politics,custom,quadratic,9,0,5.0,0.13,1.0,261.8,9.0,custom,6.6,0,2,3,1,0,,2,5,13,False,
KXFUJIMORIOUT,Politics,one_off,quadratic,3,0,6.0,0.08,1.0,599.6,3.0,custom,7.04,0,2,3,1,0,,2,5,13,False,
KXGOVFLNOMD,Unknown,,quadratic,9,0,2.35,0.4877,0.222,1477.6,9.0,custom,5.85,1,2,1,1,0,,3,5,13,False,
KXGOVMANOMR,Unknown,,quadratic,8,0,3.85,0.4977,0.25,1003.5,8.0,custom,7.35,1,2,1,1,0,,3,5,13,False,
KXGOVMNNOMR,Unknown,,quadratic,8,0,2.0,0.34,0.375,7464.4,8.0,custom,5.16,1,2,1,1,0,,3,5,13,False,
KXHI01D,Unknown,,quadratic,4,0,4.0,0.505,0.5,4637.2,4.0,custom,7.5,1,2,1,1,0,,3,5,13,False,
KXICELANDREF,Unknown,,quadratic,1,0,6.0,0.5,1.0,820.1,1.0,custom,9.5,1,1,3,0,0,,3,5,13,False,
KXIMPEACHCABINET,Politics,one_off,quadratic,3,0,5.0,0.655,1.0,32973.0,3.0,,8.18,0,1,4,1,0,,2,5,13,False,
KXIPOCANVA,Financials,one_off,quadratic,18,0,6.0,0.2,0.833,69.0,18.0,custom,8.24,1,1,1,2,0,,3,5,13,False,
KXIVONESCIMAB,Financials,one_off,quadratic,1,0,5.0,0.655,1.0,3630.0,1.0,,8.18,1,1,3,0,0,,3,5,13,False,
KXJPMCEONEW,Financials,custom,quadratic,4,0,7.0,0.325,0.75,3189.5,4.0,,10.08,1,1,2,1,0,,3,5,13,False,
KXKASHANNOUNCEOUT,Politics,one_off,quadratic,5,0,2.5,0.18,0.8,1534.6,5.0,custom,4.58,0,3,2,1,0,,2,5,13,False,
KXLABORSECCONF,Politics,one_off,quadratic,3,0,3.0,0.175,1.0,5865.2,3.0,custom,5.04,0,2,3,1,0,,2,5,13,False,
KXLEAVEGROUP,Unknown,,quadratic,1,0,6.0,0.25,1.0,333.6,1.0,,8.64,1,1,3,0,0,,3,5,13,False,
KXLEAVEGROUPKATSEYE,Unknown,,quadratic,6,0,7.0,0.595,0.833,3234.9,6.0,,10.38,1,1,2,1,0,,3,5,13,False,
KXLEAVEGROUPRAMI,Unknown,,quadratic,1,0,7.0,0.225,1.0,343.3,1.0,,9.46,1,1,3,0,0,,3,5,13,False,
KXLEAVEMILLS,Politics,one_off,quadratic,3,0,5.0,0.28,1.0,376.0,3.0,custom,7.84,0,2,3,1,0,,2,5,13,False,
KXLEBUSFLIGHT,Politics,one_off,quadratic,2,0,4.5,0.2325,1.0,4103.3,2.0,custom,7.0,0,2,3,1,0,,2,5,13,False,
KXLEGISLATIVECOMBO,Unknown,,quadratic,2,0,6.0,0.24,0.5,11246.9,2.0,custom,8.56,1,1,2,1,0,,3,5,13,False,
KXMANCHESTERMAYOR,Unknown,,quadratic,6,0,2.5,0.5025,0.333,9906.4,6.0,custom,6.0,1,2,1,1,0,,3,5,13,False,
KXMATHAI,Science and Technology,one_off,quadratic,7,0,1.5,0.5025,0.286,3595.0,7.0,,5.0,0,3,1,1,0,,3,5,13,False,
KXMEDIAGUESTJAKESHANE,Unknown,,quadratic,1,0,6.0,0.2,1.0,2813.9,1.0,,8.24,1,1,3,0,0,,3,5,13,False,
KXMEDIARELEASEQUIETPLACE3,Unknown,,quadratic,1,0,8.0,0.71,1.0,1032.3,1.0,,10.9,1,1,3,0,0,,3,5,13,False,
KXMEDIARELEASESCREAM8,Unknown,,quadratic,1,0,7.0,0.555,1.0,241.3,1.0,,10.46,1,1,3,0,0,,3,5,13,False,
KXMEXCUBOIL,Economics,one_off,quadratic,3,0,6.5,0.2175,0.667,1444.9,3.0,,8.9,1,1,2,1,0,,3,5,13,False,
KXMICHELINNYC3,Unknown,,quadratic,1,0,7.0,0.355,1.0,3510.2,1.0,,10.22,1,1,3,0,0,,3,5,13,False,
KXMICONSTITUTION,Unknown,,quadratic,1,0,6.0,0.18,1.0,827.6,1.0,,8.08,1,1,3,0,0,,3,5,13,False,
KXMLBALCPOTY,Sports,annual,quadratic,11,0,6.5,0.4325,0.182,550.8,11.0,custom,9.94,1,1,1,2,0,,3,5,13,False,
KXMLBEOTY,Sports,custom,quadratic,31,0,7.0,0.085,0.226,25.0,31.0,custom,8.1,1,1,1,2,0,,3,5,13,False,
KXMLBNLCPOTY,Sports,annual,quadratic,11,0,7.0,0.105,0.273,222.7,11.0,custom,8.32,1,1,1,2,0,,3,5,13,False,
KXMLBOUTS,Sports,custom,quadratic,13,0,7.0,0.475,1.0,25.7,2.0,structured,10.5,1,1,2,1,0,,3,5,13,False,
KXMLBSTAT,Sports,custom,quadratic,10,0,5.0,0.155,0.9,3961.8,1.0,custom,6.84,1,2,2,0,0,,3,5,13,False,
KXMLSBTTS,Sports,custom,quadratic,15,0,4.0,0.63,1.0,32.1,1.0,,7.28,1,2,2,0,0,,3,5,13,False,
KXMOAMD4,Unknown,,quadratic,1,0,8.0,0.12,1.0,2839.8,1.0,,9.48,1,1,3,0,0,,3,5,13,False,
KXMOCTRUMP25,Politics,one_off,quadratic,2,0,5.5,0.0775,1.0,5317.2,2.0,,6.52,0,2,3,1,0,,2,5,13,False,
KXMOVIEDELAYDUNEPT3,Unknown,,quadratic,1,0,8.0,0.11,1.0,2526.3,1.0,,9.38,1,1,3,0,0,,3,5,13,False,
KXNAURURENAME,Unknown,,quadratic,1,0,5.0,0.605,1.0,5058.6,1.0,custom,8.36,1,1,3,0,0,,3,5,13,False,
KXNAVAJOPRES,Unknown,,quadratic,16,0,4.5,0.4975,0.125,534.1,16.0,custom,8.0,1,1,1,2,0,,3,5,13,False,
KXNBAATLANTIC,Sports,annual,quadratic,5,0,3.0,0.265,0.8,93.5,5.0,structured,5.74,1,2,1,1,0,,3,5,13,False,
KXNBARULE,Sports,custom,quadratic,1,0,5.0,0.045,1.0,26.0,1.0,,5.62,1,2,2,0,0,,3,5,13,False,
KXNETWORTHKAICENAT,Economics,one_off,quadratic,1,0,8.0,0.12,1.0,1539.8,1.0,,9.48,1,1,3,0,0,,3,5,13,False,
KXNEWDRUGAPPBEAM,Science and Technology,one_off,quadratic,6,0,8.0,0.455,1.0,670.4,6.0,custom,11.48,0,1,3,1,0,,3,5,13,False,
KXNEWDRUGAPPLICATIONCMPS,Science and Technology,one_off,quadratic,6,0,6.5,0.7025,1.0,1596.8,6.0,custom,9.44,0,1,3,1,0,,3,5,13,False,
KXNEWDRUGAPPNTLA,Science and Technology,one_off,quadratic,6,0,7.5,0.7025,1.0,791.9,6.0,custom,10.44,0,1,3,1,0,,3,5,13,False,
KXNEWGLENN,Science and Technology,custom,quadratic,6,0,4.0,0.12,0.5,24336.8,6.0,,5.48,0,2,2,1,0,,3,5,13,False,
KXNEWROLEX,Financials,custom,quadratic,8,0,6.0,0.09,0.375,4247.6,8.0,,7.16,1,2,1,1,0,,3,5,13,False,
KXNFLDIVLEASTWINS,Sports,custom,quadratic,8,0,6.0,0.14,0.625,5.5,8.0,custom,7.7,1,2,1,1,0,,3,5,13,False,
KXNGUARDCITY,Politics,one_off,quadratic,5,0,5.0,0.195,1.0,3789.1,5.0,custom,7.2,0,2,3,1,0,,2,5,13,False,
KXNHPRIMARY,Unknown,,quadratic,10,0,5.0,0.49,0.6,2382.1,4.0,custom,8.5,1,1,2,1,0,,3,5,13,False,
KXNIGERIASENATE,Unknown,,quadratic,3,0,6.0,0.385,1.0,3.0,3.0,custom,9.32,1,1,2,1,0,,3,5,13,False,
KXNPB,Sports,custom,quadratic,12,0,7.5,0.12,0.333,278.8,12.0,structured,8.98,1,1,1,2,0,,3,5,13,False,
KXOBAMAENDORSE,Unknown,,quadratic,7,0,6.0,0.71,1.0,55.7,7.0,custom,8.9,1,1,2,1,0,,3,5,13,False,
KXOSSOFFRUN,Unknown,,quadratic,4,0,6.5,0.275,1.0,22.7,4.0,custom,9.3,1,1,2,1,0,,3,5,13,False,
KXPEPTIDEAPPROVE,Politics,one_off,quadratic,7,0,2.0,0.78,1.0,45.0,7.0,custom,4.42,0,3,2,1,0,,2,5,13,False,
KXPERLIGA1GAME,Sports,custom,quadratic,12,0,7.0,0.275,1.0,2.6,3.0,structured,9.8,1,1,2,1,0,,3,5,13,False,
KXPERSONAWARD,Unknown,,quadratic,1,0,7.0,0.225,1.0,810.7,1.0,,9.46,1,1,3,0,0,,3,5,13,False,
KXPERSONPUBLICCULTURE,Unknown,,quadratic,1,0,6.0,0.23,1.0,472.3,1.0,custom,8.48,1,1,3,0,0,,3,5,13,False,
KXPOKEMON,Unknown,,quadratic,20,0,6.0,0.115,0.8,1957.0,1.0,greater,7.44,1,2,2,0,0,,3,5,13,False,
KXPOLISOUT,Politics,one_off,quadratic,2,0,5.5,0.0775,1.0,333.0,2.0,custom,6.52,0,2,3,1,0,,2,5,13,False,
KXPRESSBRIEFINGCOUNT,Politics,one_off,quadratic,3,0,5.0,0.195,0.333,1844.0,3.0,greater_or_equal,7.2,0,2,1,3,0,,2,5,13,False,
KXPRICEINCREASESPOTIFYFAMILY,Financials,one_off,quadratic,1,0,6.0,0.2,1.0,476.7,1.0,,8.24,1,1,3,0,0,,3,5,13,False,
KXQUANTUM,Science and Technology,custom,quadratic,4,0,5.75,0.4708,1.0,9411.7,4.0,,9.25,0,1,3,1,0,,3,5,13,False,
KXRKLBLAUNCH,Science and Technology,one_off,quadratic,7,0,4.5,0.19,0.857,1409.3,7.0,custom,6.66,0,2,2,1,0,,3,5,13,False,
KXRYDERCUPCAPTAIN,Sports,custom,quadratic,18,0,6.0,0.07,0.333,432.0,9.0,"custom,structured",6.92,1,2,1,1,0,,3,5,13,False,
KXSECQUARTERLY,Politics,one_off,quadratic,2,0,6.0,0.33,1.0,20324.6,2.0,,9.1,0,1,4,1,0,,2,5,13,False,
KXSENATEVAR,Unknown,,quadratic,8,0,4.1,0.51,0.25,3647.4,8.0,custom,7.6,1,2,1,1,0,,3,5,13,False,
KXSERBIAPARLI,Unknown,,quadratic,2,0,6.5,0.4925,1.0,48.5,2.0,custom,10.0,1,1,2,1,0,,3,5,13,False,
KXSHOWENDFAMILYGUY,Unknown,,quadratic,1,0,7.0,0.435,1.0,1162.1,1.0,,10.46,1,1,3,0,0,,3,5,13,False,
KXSHOWENDHAUNTEDHOTEL,Unknown,,quadratic,1,0,6.0,0.3,1.0,6941.0,1.0,,8.96,1,1,3,0,0,,3,5,13,False,
KXSHOWENDSIMPSONS,Unknown,,quadratic,1,0,6.0,0.63,1.0,7057.3,1.0,,9.28,1,1,3,0,0,,3,5,13,False,
KXSLOVAKIAPARLI,Unknown,,quadratic,3,0,6.0,0.405,1.0,10.0,3.0,custom,9.38,1,1,2,1,0,,3,5,13,False,
KXSNL,Unknown,,quadratic,9,0,7.0,0.1225,0.889,5076.9,9.0,,8.52,1,1,2,1,0,,3,5,13,False,
KXSPCELAUNCH,Science and Technology,one_off,quadratic,5,0,5.0,0.785,1.0,67.2,5.0,custom,7.38,0,2,2,1,0,,3,5,13,False,
KXSPCXLAUNCH,Science and Technology,one_off,quadratic,15,0,7.0,0.485,1.0,258.0,7.5,custom,10.5,0,1,3,1,0,,3,5,13,False,
KXSPGOV,Unknown,,quadratic,6,0,4.5,0.4825,0.333,1111.0,6.0,custom,8.0,1,2,1,1,0,,3,5,13,False,
KXSPINOFFTELLMELIES,Unknown,,quadratic,1,0,7.0,0.165,1.0,656.0,1.0,,8.94,1,1,3,0,0,,3,5,13,False,
KXSPORTSOWNERLBJ,Sports,custom,quadratic,1,0,8.0,0.11,1.0,8598.7,1.0,,9.38,1,1,3,0,0,,3,5,13,False,
KXSTATELAW,Politics,one_off,quadratic,6,0,5.5,0.1675,1.0,320.8,6.0,custom,7.46,0,2,3,1,0,,2,5,13,False,
KXSTRMRSOTY,Unknown,,quadratic,8,0,5.0,0.09,0.5,1969.3,8.0,custom,6.16,1,2,1,1,0,,3,5,13,False,
KXSUBWAY,Politics,custom,quadratic,2,0,4.5,0.3475,1.0,4953.8,2.0,,7.68,0,2,3,1,0,,2,5,13,False,
KXSUPERBALLONDOR,Sports,custom,quadratic,1,0,8.0,0.54,1.0,1123.5,1.0,,11.48,1,1,3,0,0,,3,5,13,False,
KXSVOTECLARITY,Politics,one_off,quadratic,12,0,6.0,0.4775,1.0,707.6,12.0,custom,9.5,0,1,3,2,0,,2,5,13,False,
KXTARIFFRATEINDIA,Politics,one_off,quadratic,4,0,6.0,0.285,1.0,0.6,4.0,greater_or_equal,8.86,0,1,2,3,0,,2,5,13,False,
KXTECHLAYOFF,Economics,monthly,quadratic,1,0,7.0,0.465,1.0,295.1,1.0,greater,10.5,1,1,3,0,0,,3,5,13,False,
KXTHOMASANNOUNCERETIRE,Politics,one_off,quadratic,3,0,1.0,0.315,1.0,8.0,3.0,custom,4.04,0,3,2,1,0,,2,5,13,False,
KXTOPARTISTRUNNERUP,Unknown,,quadratic,9,0,5.0,0.225,0.333,1256.9,9.0,,7.46,1,2,1,1,0,,3,5,13,False,
KXTRUMPMOJTABA,Politics,one_off,quadratic,3,0,3.0,0.105,0.667,7467.0,3.0,custom,4.32,0,3,2,1,0,,2,5,13,False,
KXTRUMPNOMNUM,Politics,one_off,quadratic,4,0,7.0,0.19,1.0,18.5,4.0,greater_or_equal,9.16,0,1,2,3,0,,2,5,13,False,
KXTRUMPTALKSCOTUS,Politics,one_off,quadratic,2,0,3.0,0.305,1.0,5533.3,2.0,custom,5.98,0,2,3,1,0,,2,5,13,False,
KXTRUMPTRADEGAP,Economics,annual,quadratic,1,0,5.0,0.825,1.0,4.8,1.0,less,7.04,1,2,2,0,0,,3,5,13,False,
KXUELBTTS,Sports,custom,quadratic,9,0,6.0,0.555,1.0,111.1,1.0,,9.46,1,1,3,0,0,,3,5,13,False,
KXUFCFEATHERWEIGHTTITLE,Sports,custom,quadratic,11,0,6.0,0.345,0.273,4651.0,11.0,,9.18,1,1,1,2,0,,3,5,13,False,
KXUFCFIGHTOCCUR,Sports,custom,quadratic,1,0,6.0,0.5,1.0,5497.4,1.0,structured,9.5,1,1,3,0,0,,3,5,13,False,
KXUFCFLYWEIGHTTITLE,Sports,custom,quadratic,9,0,5.0,0.445,0.333,14258.1,9.0,,8.46,1,1,2,1,0,,3,5,13,False,
KXUSLGAME,Sports,custom,quadratic,18,0,6.0,0.2675,1.0,18.6,3.0,structured,8.76,1,1,2,1,0,,3,5,13,False,
KXUSMDLFRDM,Politics,one_off,quadratic,9,0,5.0,0.145,1.0,1272.0,9.0,custom,6.74,0,2,3,1,0,,2,5,13,False,
KXUSVIGOV,Unknown,,quadratic,7,0,5.0,0.175,0.429,9357.0,7.0,custom,7.04,1,2,1,1,0,,3,5,13,False,
KXVACCINEREC,Politics,custom,quadratic,6,0,6.0,0.0693,1.0,594.0,6.0,custom,6.92,0,2,3,1,0,,2,5,13,False,
KXVANCERUBIORUN,Unknown,,quadratic,1,0,6.0,0.48,1.0,7744.9,1.0,custom,9.5,1,1,3,0,0,,3,5,13,False,
KXVENGLUSTAT,Financials,one_off,quadratic,1,0,6.0,0.83,1.0,7.0,1.0,,7.98,1,2,2,0,0,,3,5,13,False,
KXVISITGREENLAND,Politics,one_off,quadratic,3,0,3.0,0.26,1.0,687.7,3.0,custom,5.7,0,2,3,1,0,,2,5,13,False,
KXVOTESAVEAMERICA,Politics,one_off,quadratic,3,0,5.0,0.245,1.0,4771.8,3.0,custom,7.6,0,2,3,1,0,,2,5,13,False,
KXWNBAROY,Sports,annual,quadratic,20,0,5.0,0.495,0.1,1718.2,20.0,"custom,structured",8.5,1,1,1,2,0,,3,5,13,False,
KXWWEFIGHTOCCUR,Sports,custom,quadratic,1,0,5.0,0.395,1.0,1702.5,1.0,custom,8.36,1,1,3,0,0,,3,5,13,False,
KXZAMBIAASSEMBLY,Unknown,,quadratic,3,0,5.0,0.4705,0.667,5301.2,3.0,custom,8.5,1,1,2,1,0,,3,5,13,False,
KX1DREUNION,Unknown,,quadratic,1,0,7.0,0.085,1.0,10.6,1.0,,8.1,1,1,2,0,0,,3,5,12,False,
KXACTBLUETOP,Unknown,,quadratic,9,0,7.0,0.085,0.333,4029.7,9.0,custom,8.1,1,1,1,1,0,,3,5,12,False,
KXAGCONF,Politics,one_off,quadratic,5,0,2.0,0.5925,0.8,8087.8,5.0,custom,5.4,0,2,2,1,0,,2,5,12,False,
KXBEPIROVIRSEN,Financials,one_off,quadratic,1,0,6.0,0.73,1.0,75.2,1.0,,8.76,1,1,2,0,0,,3,5,12,False,
KXBLUESLIP,Politics,one_off,quadratic,3,0,6.0,0.31,1.0,1995.1,3.0,custom,9.0,0,1,3,1,0,,2,5,12,False,
KXBOLAUNCH,Science and Technology,one_off,quadratic,2,0,6.0,0.31,1.0,67.2,2.0,custom,9.0,0,1,2,1,0,,3,5,12,False,
KXBOUGAINVILLEIND,Politics,one_off,quadratic,2,0,6.0,0.495,1.0,6791.6,2.0,,9.5,0,1,3,1,0,,2,5,12,False,
KXBRIANCONF,Politics,one_off,quadratic,3,0,4.0,0.42,0.667,764.5,3.0,custom,7.42,0,2,2,1,0,,2,5,12,False,
KXBURNHAMOUT,Politics,one_off,quadratic,6,0,4.0,0.1,0.833,6637.4,6.0,custom,5.26,0,2,2,1,0,,2,5,12,False,
KXCABLEAVE,Politics,annual,quadratic,6,0,5.0,0.46,1.0,879.1,6.0,,8.48,0,1,3,1,0,,2,5,12,False,
KXCALIFORNIALEAVE,Politics,one_off,quadratic,7,0,7.2,0.134,1.0,3182.2,7.0,custom,8.84,0,1,3,1,0,,2,5,12,False,
KXCALLIMPEACHRCONGRESS,Politics,custom,quadratic,3,0,6.0,0.39,1.0,1840.6,3.0,,9.34,0,1,3,1,0,,2,5,12,False,
KXCASEN26,Unknown,,quadratic,8,0,7.5,0.4975,0.25,2191.2,8.0,custom,11.0,1,1,1,1,0,,3,5,12,False,
KXCBDECISIONEU,Economics,custom,quadratic,5,0,7.5,0.4875,0.4,132.8,5.0,custom,11.0,1,1,1,1,0,,3,5,12,False,
KXCBPAIRPORT,Politics,one_off,quadratic,3,0,4.5,0.0775,0.667,4845.9,3.0,custom,5.52,0,2,2,1,0,,2,5,12,False,
KXCHINABIRTHLIMITS,Politics,one_off,quadratic,4,0,5.0,0.33,1.0,451.0,4.0,custom,8.1,0,1,3,1,0,,2,5,12,False,
KXCHINAEUV,Politics,one_off,quadratic,4,0,5.5,0.4475,1.0,392.7,4.0,,8.98,0,1,3,1,0,,2,5,12,False,
KXCMSDEFERRAL,Politics,one_off,quadratic,2,0,7.0,0.19,1.0,273.5,2.0,custom,9.16,0,1,3,1,0,,2,5,12,False,
KXCODEAI,Science and Technology,one_off,quadratic,8,0,2.5,0.4975,0.25,5504.9,8.0,,6.0,0,2,1,1,0,,3,5,12,False,
KXCONGRESSPAYINCREASE,Politics,one_off,quadratic,4,0,3.0,0.3525,1.0,7.0,4.0,custom,6.2,0,2,2,1,0,,2,5,12,False,
KXDEFAPPROP,Politics,one_off,quadratic,2,0,5.0,0.565,1.0,925.8,2.0,custom,8.46,0,1,3,1,0,,2,5,12,False,
KXDNC28HOST,Entertainment,one_off,quadratic,5,0,6.0,0.28,1.0,2536.2,5.0,custom,8.84,0,1,3,1,0,,2,5,12,False,
KXDUTERTEOUT,Politics,one_off,quadratic,2,0,5.5,0.2525,1.0,6087.1,2.0,custom,8.16,0,1,3,1,0,,2,5,12,False,
KXEKSTRAKLASABTTS,Sports,custom,quadratic,4,0,7.0,0.5725,1.0,0.5,1.0,,10.44,1,1,2,0,0,,3,5,12,False,
KXELITESERIENBTTS,Sports,custom,quadratic,4,0,7.5,0.5875,1.0,1.6,1.0,,10.9,1,1,2,0,0,,3,5,12,False,
KXFARMBILL,Politics,one_off,quadratic,3,0,5.0,0.17,0.667,2983.3,3.0,custom,6.98,0,2,2,1,0,,2,5,12,False,
KXFCCBIG4,Politics,one_off,quadratic,3,0,5.5,0.2025,0.667,6949.3,3.0,custom,7.78,0,2,2,1,0,,2,5,12,False,
KXFETTERMANSWITCH,Politics,custom,quadratic,6,0,4.0,0.25,0.833,5038.1,6.0,custom,6.64,0,2,2,1,0,,2,5,12,False,
KXFISALENGTH,Politics,one_off,quadratic,5,0,6.0,0.485,1.0,5304.8,5.0,custom,9.5,0,1,3,1,0,,2,5,12,False,
KXIFINATAMAB,Financials,one_off,quadratic,1,0,6.0,0.78,1.0,30.4,1.0,,8.42,1,1,2,0,0,,3,5,12,False,
KXKLEAGUEBTTS,Sports,custom,quadratic,3,0,6.0,0.495,1.0,0.4,1.0,,9.5,1,1,2,0,0,,3,5,12,False,
KXLIGAMXBTTS,Sports,custom,quadratic,9,0,6.0,0.57,1.0,91.3,1.0,,9.44,1,1,2,0,0,,3,5,12,False,
KXMACHADOVENEZUELA,Politics,one_off,quadratic,3,0,4.5,0.4225,0.667,2378.3,3.0,custom,7.92,0,2,2,1,0,,2,5,12,False,
KXMANCHESTER2ND,Unknown,,quadratic,6,0,4.5,0.5025,0.333,1806.5,6.0,custom,8.0,1,1,1,1,0,,3,5,12,False,
KXMARTINDNCOUT,Politics,one_off,quadratic,8,0,6.5,0.23,1.0,138.0,8.0,custom,8.98,0,1,3,1,0,,2,5,12,False,
KXMCDONALDCONF,Politics,one_off,quadratic,3,0,4.5,0.1275,0.667,2564.4,3.0,custom,6.06,0,2,2,1,0,,2,5,12,False,
KXMUSICREUNION,Unknown,,quadratic,1,0,8.0,0.17,1.0,85.9,1.0,,9.98,1,1,2,0,0,,3,5,12,False,
KXNDAA,Politics,one_off,quadratic,7,0,6.0,0.385,1.0,206.8,7.0,custom,9.32,0,1,3,1,0,,2,5,12,False,
KXNEXTLABORSEC,Politics,one_off,quadratic,16,0,4.5,0.4825,0.125,1666.6,16.0,custom,8.0,0,2,1,2,0,,2,5,12,False,
KXRESTOREDEFERRAL,Politics,one_off,quadratic,2,0,5.0,0.585,1.0,850.1,2.0,custom,8.4,0,1,3,1,0,,2,5,12,False,
KXRIOGOV,Unknown,,quadratic,4,0,6.0,0.52,0.5,441.9,4.0,custom,9.5,1,1,1,1,0,,3,5,12,False,
KXSANCTIONRUSSIA,Politics,one_off,quadratic,3,0,7.0,0.48,1.0,1472.4,3.0,,10.5,0,1,3,1,0,,2,5,12,False,
KXSCOTUSN,Politics,annual,quadratic,5,0,6.0,0.215,1.0,9114.4,5.0,,8.38,0,1,3,1,0,,2,5,12,False,
KXSECSTATEVISIT,Politics,custom,quadratic,9,0,7.0,0.255,1.0,4248.2,9.0,custom,9.66,0,1,3,1,0,,2,5,12,False,
KXSENATENHD,Unknown,,quadratic,6,0,6.0,0.49,0.333,154.8,6.0,custom,9.5,1,1,1,1,0,,3,5,12,False,
KXTARIFFSECTOR,Politics,one_off,quadratic,4,0,8.0,0.215,1.0,7424.1,4.0,custom,10.38,0,1,3,1,0,,2,5,12,False,
KXTECHRANKLISTAICODE,Science and Technology,one_off,quadratic,9,0,4.0,0.48,0.222,200.0,9.0,,7.5,0,2,1,1,0,,3,5,12,False,
KXTRUMPBALLROOM,Politics,one_off,quadratic,4,0,5.5,0.2672,1.0,8495.2,4.0,,8.26,0,1,3,1,0,,2,5,12,False,
KXTRYFIRECOOK,Politics,one_off,quadratic,3,0,3.5,0.1225,0.667,349.0,3.0,custom,5.02,0,2,2,1,0,,2,5,12,False,
KXUAPFILES,Politics,annual,quadratic,5,0,7.0,0.565,1.0,146.0,5.0,,10.46,0,1,3,1,0,,2,5,12,False,
KXUFCBANTAMWEIGHTTITLE,Sports,custom,quadratic,9,0,7.0,0.26,0.444,4871.7,9.0,,9.7,1,1,1,1,0,,3,5,12,False,
KXUKSOCIALBAN,Politics,one_off,quadratic,3,0,5.0,0.575,1.0,586.0,3.0,custom,8.44,0,1,3,1,0,,2,5,12,False,
KXUNSEC,Elections,one_off,quadratic,8,0,5.5,0.1525,0.5,6590.3,8.0,,7.32,0,2,1,1,0,,3,5,12,False,
KXVA2D,Unknown,,quadratic,7,0,5.35,0.4958,0.286,205.0,7.0,custom,8.85,1,1,1,1,0,,3,5,12,False,
KXVOTELAKE,Politics,one_off,quadratic,8,0,4.0,0.29,0.875,4271.9,8.0,custom,6.9,0,2,2,1,0,,2,5,12,False,
KXWHPRESSBRIEFING,Politics,one_off,quadratic,9,0,8.0,0.245,1.0,3918.3,9.0,custom,10.6,0,1,3,1,0,,2,5,12,False,
KXANTHROPICRESCIND,Politics,one_off,quadratic,2,0,4.0,0.6,0.5,2604.4,2.0,custom,7.36,0,2,1,1,0,,2,5,11,False,
KXCARRIEDINTEREST,Politics,one_off,quadratic,4,0,6.0,0.225,1.0,0.6,4.0,custom,8.46,0,1,2,1,0,,2,5,11,False,
KXCHINAUNBANBTC,Politics,one_off,quadratic,4,0,6.0,0.14,0.75,56.6,4.0,custom,7.7,0,2,1,1,0,,2,5,11,False,
KXDOJPOWELL,Politics,one_off,quadratic,2,0,5.0,0.085,0.5,9069.6,2.0,,6.1,0,2,1,1,0,,2,5,11,False,
KXEACNOM,Politics,one_off,quadratic,3,0,6.0,0.26,0.667,256.9,3.0,custom,8.7,0,1,2,1,0,,2,5,11,False,
KXEXPUNGEIMPEACH,Politics,one_off,quadratic,3,0,5.5,0.0575,0.667,34.0,3.0,custom,6.26,0,2,1,1,0,,2,5,11,False,
KXICECONF,Politics,one_off,quadratic,4,0,7.0,0.655,0.75,129.0,4.0,custom,10.18,0,1,2,1,0,,2,5,11,False,
KXNYCCORPORATETAX,Politics,one_off,quadratic,4,0,5.5,0.305,1.0,11.6,4.0,,8.48,0,1,2,1,0,,2,5,11,False,
KXSBUDGETRES,Politics,custom,quadratic,3,0,6.5,0.2875,0.667,3129.0,3.0,custom,9.38,0,1,2,1,0,,2,5,11,False,
KXSENATECONFIRM,Politics,one_off,quadratic,6,0,3.5,0.5075,0.333,2501.3,6.0,custom,7.0,0,2,1,1,0,,2,5,11,False,
KXSENATEREC,Politics,one_off,quadratic,6,0,6.0,0.195,0.833,1006.5,6.0,custom,8.2,0,1,2,1,0,,2,5,11,False,
KXTARIFFBILL,Politics,one_off,quadratic,3,0,5.0,0.595,0.667,6895.6,3.0,custom,8.38,0,1,2,1,0,,2,5,11,False,
KXUSLBTTS,Sports,custom,quadratic,6,0,8.0,0.525,0.833,18.2,1.0,,11.5,1,1,1,0,0,,3,5,11,False,
KXUSMCAOUTCOMES,Politics,one_off,quadratic,8,0,6.5,0.3025,1.0,0.5,8.0,custom,9.46,0,1,2,1,0,,2,5,11,False,
KXUSOPENAIANTH,Politics,one_off,quadratic,3,0,5.0,0.365,1.0,26.4,3.0,custom,8.26,0,1,2,1,0,,2,5,11,False,
KXVOTEMILLSEXPEL,Politics,one_off,quadratic,2,0,5.0,0.105,0.5,931.6,2.0,custom,6.32,0,2,1,1,0,,2,5,11,False,
KXWITKOFFRUSSIA,Politics,one_off,quadratic,3,0,5.5,0.4275,0.667,1739.6,3.0,custom,8.94,0,1,2,1,0,,2,5,11,False,
KXTEMPAUSH,Unknown,,quadratic,20,5168,1.0,0.995,0.3,0.0,10.0,greater,1.14,5,5,0,4,5,,5,5,29,True,no liquidity: zero median volume or quotes mostly absent
KXTEMPCHIH,Unknown,,quadratic,20,5171,1.0,0.995,0.35,0.0,10.0,greater,1.14,5,5,0,4,5,,5,5,29,True,no liquidity: zero median volume or quotes mostly absent
KXTEMPDCH,Unknown,,quadratic,20,5186,1.0,0.995,0.4,0.0,10.0,greater,1.14,5,5,0,4,5,,5,5,29,True,no liquidity: zero median volume or quotes mostly absent
KXTEMPLAXH,Unknown,,quadratic,20,5192,1.0,0.995,0.35,0.0,10.0,greater,1.14,5,5,0,4,5,,5,5,29,True,no liquidity: zero median volume or quotes mostly absent
KXETHD,Crypto,hourly,quadratic,90,60000,3.0,0.9775,0.578,0.0,45.0,greater,3.32,3,4,0,4,5,,5,5,26,True,no liquidity: zero median volume or quotes mostly absent
KXBTC,Crypto,hourly,quadratic,130,60000,8.5,0.095,0.123,0.0,65.0,"between,greater,less",9.72,3,1,0,5,5,,5,5,24,True,median spread 8.5c exceeds any plausible edge; no liquidity: zero median volume or quotes mostly absent
KXSOLD,Crypto,hourly,quadratic,125,60000,5.0,0.975,0.56,0.0,62.5,greater,5.36,3,2,0,4,5,,5,5,24,True,no liquidity: zero median volume or quotes mostly absent
KXTEMPNYCH,Unknown,,quadratic,20,0,1.0,0.995,0.35,0.0,10.0,greater,1.14,5,5,0,4,0,,5,5,24,True,no liquidity: zero median volume or quotes mostly absent
KXDOGED,Crypto,hourly,quadratic,69,60000,1.0,0.995,0.29,0.0,34.5,custom,1.14,3,5,0,2,5,,3,5,23,True,no liquidity: zero median volume or quotes mostly absent
KXETH,Crypto,hourly,quadratic,90,60000,49.0,0.2825,0.044,0.0,45.0,"between,greater,less",51.84,3,0,0,5,5,,5,5,23,True,median spread 49.0c exceeds any plausible edge; no liquidity: zero median volume or quotes mostly absent
KXINX,Financials,daily,quadratic,60,1380,16.0,0.12,0.2,1.0,30.0,"between,greater,less",17.48,3,0,1,5,4,,5,5,23,True,median spread 16.0c exceeds any plausible edge
KXFED,Economics,custom,quadratic_with_maker_fees,87,22,5.0,0.9,0.908,2492.7,14.5,greater,6.26,3,2,4,4,1,,3,5,22,True,only 22 settlements available (<50)
KXHIGHTHOU,Unknown,,quadratic,6,0,9.0,0.15,0.833,872.7,6.0,"between,greater,less",10.8,5,1,2,4,0,,5,5,22,True,median spread 9.0c exceeds any plausible edge
KXINXU,Financials,hourly,quadratic,420,60000,74.0,0.495,0.552,0.0,60.0,greater_or_equal,77.5,3,0,0,4,5,,5,5,22,True,median spread 74.0c exceeds any plausible edge; no liquidity: zero median volume or quotes mostly absent
KXNASDAQ100,Financials,daily,quadratic,60,1380,17.0,0.115,0.35,0.0,30.0,"between,greater,less",18.44,3,0,0,5,4,,5,5,22,True,median spread 17.0c exceeds any plausible edge; no liquidity: zero median volume or quotes mostly absent
KXNASDAQ100U,Financials,hourly,quadratic,2800,60000,59.0,0.705,0.454,0.0,400.0,greater_or_equal,61.92,3,0,0,4,5,,5,5,22,True,median spread 59.0c exceeds any plausible edge; no liquidity: zero median volume or quotes mostly absent
KXDJI,Financials,one_off,quadratic,420,4910,9.0,0.55,1.0,0.0,60.0,greater_or_equal,12.48,3,0,0,4,4,,5,5,21,True,median spread 9.0c exceeds any plausible edge; no liquidity: zero median volume or quotes mostly absent
KXHIGHTNOLA,Unknown,,quadratic,6,0,10.0,0.18,0.833,322.6,6.0,"between,greater,less",12.08,5,0,2,4,0,,5,5,21,True,median spread 10.0c exceeds any plausible edge
KXCPI,Economics,monthly,quadratic_with_maker_fees,50,23,31.0,0.745,0.74,2059.0,10.0,greater,33.66,4,0,3,4,1,,3,5,20,True,median spread 31.0c exceeds any plausible edge; only 23 settlements available (<50)
KXCPIYOY,Economics,monthly,quadratic_with_maker_fees,89,48,5.0,0.655,0.348,515.0,21.0,greater,8.18,4,1,2,4,1,,3,5,20,True,only 48 settlements available (<50)
KXHIGHINFLATION,Economics,one_off,quadratic,9,0,20.0,0.33,0.889,3703.8,9.0,greater,23.1,5,0,2,3,0,,5,5,20,True,median spread 20.0c exceeds any plausible edge
KXINXDIRY,Financials,annual,quadratic,17,0,11.0,0.415,1.0,116.0,17.0,greater_or_equal,14.4,3,0,3,4,0,,5,5,20,True,median spread 11.0c exceeds any plausible edge
KXNASDAQ100MINY,Financials,annual,quadratic,5,0,9.0,0.18,1.0,5160.4,5.0,less,11.08,3,1,3,3,0,,5,5,20,True,median spread 9.0c exceeds any plausible edge
KXXRPD,Crypto,hourly,quadratic,90,60000,36.5,0.7425,0.578,0.0,45.0,greater,39.18,3,0,0,4,5,,3,5,20,True,median spread 36.5c exceeds any plausible edge; no liquidity: zero median volume or quotes mostly absent
KXCPINDEX,Economics,monthly,quadratic,18,0,8.5,0.53,0.556,2980.7,18.0,greater,12.0,4,1,2,4,0,,3,5,19,True,median spread 8.5c exceeds any plausible edge
KXNASDAQ100MAXY,Financials,annual,quadratic,7,0,10.0,0.37,1.0,823.5,7.0,greater,13.28,3,0,3,3,0,,5,5,19,True,median spread 10.0c exceeds any plausible edge
KXSOLMINY,Crypto,annual,quadratic,8,0,10.0,0.475,1.0,134.1,8.0,less,13.5,3,0,3,3,0,,5,5,19,True,median spread 10.0c exceeds any plausible edge
KXXRPY,Crypto,annual,quadratic,24,0,4.0,0.045,0.375,0.0,24.0,"between,greater,less",4.62,3,3,0,5,0,,3,5,19,True,no liquidity: zero median volume or quotes mostly absent
KXZECY,Crypto,annual,quadratic,16,0,4.0,0.06,0.688,0.0,16.0,"between,greater,less",4.8,3,3,0,5,0,,3,5,19,True,no liquidity: zero median volume or quotes mostly absent
KXBTCHALF,Crypto,custom,quadratic,4,0,8.5,0.6025,1.0,5116.4,4.0,,11.86,3,1,3,1,0,,5,5,18,True,median spread 8.5c exceeds any plausible edge
KXCPICOREYOY,Economics,monthly,quadratic,61,0,30.5,0.6,0.459,2031.0,15.0,greater,33.86,4,0,2,4,0,,3,5,18,True,median spread 30.5c exceeds any plausible edge
KXDOGEY,Crypto,annual,quadratic,21,0,4.0,0.195,0.19,0.0,21.0,"between,greater,less",6.2,3,2,0,5,0,,3,5,18,True,no liquidity: zero median volume or quotes mostly absent
KXGDPNOM,Economics,one_off,quadratic,158,0,10.0,0.65,0.791,30.5,12.0,greater,13.2,4,0,2,4,0,,3,5,18,True,median spread 10.0c exceeds any plausible edge
KXHYPEY,Crypto,annual,quadratic,20,0,5.5,0.0775,0.2,0.0,20.0,"between,greater,less",6.52,3,2,0,5,0,,3,5,18,True,no liquidity: zero median volume or quotes mostly absent
KXNEARMAXY,Crypto,annual,quadratic,8,0,8.0,0.435,1.0,202.6,8.0,greater,11.46,3,1,3,3,0,,3,5,18,True,median spread 8.0c exceeds any plausible edge
KXNEARY,Crypto,annual,quadratic,21,0,4.0,0.1,0.333,0.0,21.0,"between,greater,less",5.26,3,2,0,5,0,,3,5,18,True,no liquidity: zero median volume or quotes mostly absent
KXSHIBAD,Crypto,daily,quadratic,29,0,1.0,0.995,0.172,0.0,29.0,custom,1.14,3,5,0,2,0,,3,5,18,True,no liquidity: zero median volume or quotes mostly absent
KXSOLE,Crypto,hourly,quadratic,125,0,51.0,0.315,0.04,0.0,62.5,"between,greater,less",54.04,3,0,0,5,0,,5,5,18,True,median spread 51.0c exceeds any plausible edge; no liquidity: zero median volume or quotes mostly absent
KXSOLMAXMON,Crypto,monthly,quadratic,7,0,52.0,0.27,0.143,11926.5,7.0,greater,54.76,3,0,2,3,0,,5,5,18,True,median spread 52.0c exceeds any plausible edge
JPMCEOCHANGE,Companies,custom,quadratic,1,0,1.0,0.075,1.0,13839.0,1.0,,1.98,0,5,4,0,0,,3,5,17,True,no ground truth and no structural check (pure opinion)
KXBRAZILINF,Economics,custom,quadratic,22,0,56.0,0.445,1.0,298.5,10.0,"greater,less",59.46,1,0,4,4,0,,3,5,17,True,median spread 56.0c exceeds any plausible edge
KXBRENTMON,Unknown,,quadratic,30,0,9.0,0.875,0.833,6500.3,30.0,greater,10.54,1,1,3,4,0,,3,5,17,True,median spread 9.0c exceeds any plausible edge
KXCOPPERD,Unknown,,quadratic,50,0,2.5,0.965,1.0,0.0,50.0,greater,2.98,1,4,0,4,0,,3,5,17,True,no liquidity: zero median volume or quotes mostly absent
KXCPICORE,Economics,monthly,quadratic,55,0,28.5,0.8025,0.291,80.0,11.0,greater,30.72,4,0,1,4,0,,3,5,17,True,median spread 28.5c exceeds any plausible edge
KXDJIA,Financials,one_off,quadratic,15,0,12.0,0.37,0.467,274.2,7.5,greater_or_equal,15.28,3,0,1,3,0,,5,5,17,True,median spread 12.0c exceeds any plausible edge
KXDJIAREMOVE,Financials,one_off,quadratic,28,0,5.0,0.07,0.25,0.0,28.0,custom,5.92,3,2,0,2,0,,5,5,17,True,no liquidity: zero median volume or quotes mostly absent
KXDOGEMAXY,Crypto,annual,quadratic,8,0,10.5,0.4075,1.0,361.8,8.0,greater,13.9,3,0,3,3,0,,3,5,17,True,median spread 10.5c exceeds any plausible edge
KXGENERICBALLOTVOTEHUB,Elections,one_off,quadratic,1,0,1.0,0.965,1.0,13674.3,1.0,greater,1.48,0,5,4,0,0,,3,5,17,True,no ground truth and no structural check (pure opinion)
KXGOLDD,Unknown,,quadratic,40,0,10.0,0.625,0.975,597.9,40.0,greater,13.3,1,0,4,4,0,,3,5,17,True,median spread 10.0c exceeds any plausible edge
KXINXVSINXEW,Financials,annual,quadratic,2,0,13.5,0.4675,1.0,1345.2,2.0,custom,17.0,3,0,3,1,0,,5,5,17,True,median spread 13.5c exceeds any plausible edge
KXLCPIMAXYOY,Economics,one_off,quadratic,6,0,10.2,0.111,1.0,25679.8,6.0,greater,11.6,1,1,4,3,0,,3,5,17,True,median spread 10.2c exceeds any plausible edge
KXNEWOUTBREAKHANTA,Science and Technology,one_off,quadratic,1,0,1.2,0.057,1.0,1623011.1,1.0,,1.96,0,5,4,0,0,,3,5,17,True,no ground truth and no structural check (pure opinion)
KXPGAROUNDSCORE,Sports,custom,quadratic,19,0,13.0,0.55,1.0,16515.6,19.0,less,16.48,1,0,4,4,0,,3,5,17,True,median spread 13.0c exceeds any plausible edge
KXSILVERD,Unknown,,quadratic,40,0,8.0,0.525,0.875,790.8,40.0,greater,11.5,1,1,3,4,0,,3,5,17,True,median spread 8.0c exceeds any plausible edge
KXZECMAXY,Crypto,annual,quadratic,8,0,9.5,0.715,1.0,257.5,8.0,greater,12.36,3,0,3,3,0,,3,5,17,True,median spread 9.5c exceeds any plausible edge
TESLACEOCHANGE,Companies,custom,quadratic,1,0,1.0,0.065,1.0,78456.4,1.0,,1.86,0,5,4,0,0,,3,5,17,True,no ground truth and no structural check (pure opinion)
KX250DOLLARBILL,Politics,one_off,quadratic,1,0,0.7,0.0655,1.0,827427.0,1.0,,1.56,0,5,4,0,0,,2,5,16,True,no ground truth and no structural check (pure opinion)
KXAAAGASED,Economics,one_off,quadratic,11,0,12.0,0.54,1.0,5446.1,11.0,greater,15.48,1,0,3,4,0,,3,5,16,True,median spread 12.0c exceeds any plausible edge
KXAIRFARECPI,Economics,monthly,quadratic,19,0,24.0,0.535,1.0,584.8,19.0,greater,27.5,1,0,3,4,0,,3,5,16,True,median spread 24.0c exceeds any plausible edge
KXATPFINALSQUAL,Sports,one_off,quadratic,26,0,1.0,0.995,0.115,0.0,26.0,structured,1.14,1,5,0,2,0,,3,5,16,True,no liquidity: zero median volume or quotes mostly absent
KXBALANCESHEET,Economics,custom,quadratic,12,0,98.0,0.5,1.0,238.8,12.0,greater,101.5,1,0,3,4,0,,3,5,16,True,median spread 98.0c exceeds any plausible edge
KXBESTLLMCHINA,Science and Technology,custom,quadratic,1,0,2.0,0.12,1.0,116190.0,1.0,,3.48,0,4,4,0,0,,3,5,16,True,no ground truth and no structural check (pure opinion)
KXBNB,Crypto,hourly,quadratic,90,0,,,0.0,0.0,45.0,"between,greater,less",,3,0,0,5,0,,3,5,16,True,no two-sided quotes: unpriceable and unfillable; no liquidity: zero median volume or quotes mostly absent
KXBNBMINY,Crypto,annual,quadratic,8,0,4.0,0.565,1.0,0.0,8.0,less,7.46,3,2,0,3,0,,3,5,16,True,no liquidity: zero median volume or quotes mostly absent
KXBNBY,Crypto,annual,quadratic,18,0,,,0.0,0.0,18.0,"between,greater,less",,3,0,0,5,0,,3,5,16,True,no two-sided quotes: unpriceable and unfillable; no liquidity: zero median volume or quotes mostly absent
KXBRENTW,Unknown,,quadratic,30,0,54.5,0.625,0.6,2533.3,30.0,greater,57.8,1,0,3,4,0,,3,5,16,True,median spread 54.5c exceeds any plausible edge
KXCCLIMIT,Politics,custom,quadratic,1,0,0.9,0.0755,1.0,390661.8,1.0,,1.88,0,5,4,0,0,,2,5,16,True,no ground truth and no structural check (pure opinion)
KXCOACHOUTNFL,Sports,custom,quadratic,22,0,1.0,0.025,0.045,2938.4,22.0,,1.36,1,5,0,2,0,,3,5,16,True,no liquidity: zero median volume or quotes mostly absent
KXCOLONIZEMARS,Science and Technology,custom,quadratic,1,0,0.6,0.176,1.0,23193.0,1.0,,2.64,0,4,4,0,0,,3,5,16,True,no ground truth and no structural check (pure opinion)
KXCONSTAMEND,Politics,custom,quadratic,1,0,0.9,0.0855,1.0,37575.0,1.0,,2.0,0,5,4,0,0,,2,5,16,True,no ground truth and no structural check (pure opinion)
KXCOPPERW,Unknown,,quadratic,40,0,77.0,0.615,0.95,65.0,40.0,greater,80.32,1,0,3,4,0,,3,5,16,True,median spread 77.0c exceeds any plausible edge
KXCORPTAXCUT,Politics,custom,quadratic,1,0,0.8,0.085,1.0,55545.4,1.0,less,1.9,0,5,4,0,0,,2,5,16,True,no ground truth and no structural check (pure opinion)
KXCRYPTOCAPGAIN,Politics,custom,quadratic,1,0,1.2,0.032,1.0,67117.3,1.0,,1.64,0,5,4,0,0,,2,5,16,True,no ground truth and no structural check (pure opinion)
KXETHMINMON,Crypto,monthly,quadratic,6,0,,,0.0,7248.6,6.0,less,,3,0,0,3,0,,5,5,16,True,no two-sided quotes: unpriceable and unfillable; no liquidity: zero median volume or quotes mostly absent
KXFEATURETRIPPIERED,Unknown,,quadratic,22,0,8.0,0.3325,1.0,1243.0,22.0,custom,11.12,1,1,4,2,0,,3,5,16,True,median spread 8.0c exceeds any plausible edge
KXFERT,Economics,one_off,quadratic,7,0,10.0,0.155,1.0,2423.3,7.0,greater,11.84,1,1,3,3,0,,3,5,16,True,median spread 10.0c exceeds any plausible edge
KXFISHBACKBALLOT,Elections,one_off,quadratic,1,0,1.0,0.025,1.0,9386.3,1.0,,1.36,0,5,3,0,0,,3,5,16,True,no ground truth and no structural check (pure opinion)
KXFYREFESTPRICE,Financials,one_off,quadratic,10,0,9.0,0.495,1.0,140.0,10.0,greater_or_equal,12.5,1,0,3,4,0,,3,5,16,True,median spread 9.0c exceeds any plausible edge
KXGOLDMON,Unknown,,quadratic,40,0,25.0,0.875,0.575,798.5,40.0,greater,26.54,1,0,3,4,0,,3,5,16,True,median spread 25.0c exceeds any plausible edge
KXHYPE,Crypto,hourly,quadratic,90,0,,,0.0,0.0,45.0,"between,greater,less",,3,0,0,5,0,,3,5,16,True,no two-sided quotes: unpriceable and unfillable; no liquidity: zero median volume or quotes mostly absent
KXINXDUD,Financials,daily,quadratic,1,0,33.0,0.705,1.0,1708.9,1.0,greater,35.92,3,0,3,0,0,,5,5,16,True,median spread 33.0c exceeds any plausible edge
KXLOWTDEN,Unknown,,quadratic,12,0,9.0,0.1875,0.667,296.9,6.0,"between,greater,less",11.14,1,1,2,4,0,,3,5,16,True,median spread 9.0c exceeds any plausible edge
KXLOWTSFO,Unknown,,quadratic,12,0,9.0,0.13,0.583,229.4,6.0,"between,greater,less",10.6,1,1,2,4,0,,3,5,16,True,median spread 9.0c exceeds any plausible edge
KXMAMDANIEO,Politics,one_off,quadratic,1,0,1.0,0.045,1.0,10342.2,1.0,greater,1.62,0,5,4,0,0,,2,5,16,True,no ground truth and no structural check (pure opinion)
KXMANUCON,Economics,one_off,quadratic,10,0,9.0,0.24,1.0,46.5,10.0,greater,11.56,1,1,2,4,0,,3,5,16,True,median spread 9.0c exceeds any plausible edge
KXMEDNOMJUL,Unknown,,quadratic,21,0,1.0,0.995,0.048,81848.8,21.0,custom,1.14,1,5,0,2,0,,3,5,16,True,no liquidity: zero median volume or quotes mostly absent
KXMLBALMVP,Sports,annual,quadratic,47,0,1.0,0.0725,0.085,23241.3,47.0,"custom,structured",1.96,1,5,0,2,0,,3,5,16,True,no liquidity: zero median volume or quotes mostly absent
KXMLBWINS,Unknown,,quadratic,212,0,9.0,0.795,0.783,5063.2,7.0,greater_or_equal,11.3,1,1,3,3,0,,3,5,16,True,median spread 9.0c exceeds any plausible edge
KXNETANYAHUOUT,Politics,one_off,quadratic,1,0,1.0,0.015,1.0,18393.8,1.0,custom,1.22,0,5,4,0,0,,2,5,16,True,no ground truth and no structural check (pure opinion)
KXNEWOUTBREAKEBOLA,Science and Technology,one_off,quadratic,1,0,2.0,0.04,1.0,58381.5,1.0,,2.54,0,4,4,0,0,,3,5,16,True,no ground truth and no structural check (pure opinion)
KXNWSAYLOR,Economics,annual,quadratic,11,0,39.0,0.735,1.0,1901.0,11.0,greater_or_equal,41.74,1,0,3,4,0,,3,5,16,True,median spread 39.0c exceeds any plausible edge
KXNYCRENTSY,Economics,annual,quadratic,8,0,8.5,0.8575,1.0,153.5,8.0,greater,10.22,1,1,3,3,0,,3,5,16,True,median spread 8.5c exceeds any plausible edge
KXOILRIGS,Economics,custom,quadratic,12,0,8.0,0.8,1.0,6.1,12.0,greater_or_equal,10.26,1,1,2,4,0,,3,5,16,True,median spread 8.0c exceeds any plausible edge
KXPAHLAVIHEAD,Politics,one_off,quadratic,1,0,1.0,0.045,1.0,1796189.3,1.0,,1.62,0,5,4,0,0,,2,5,16,True,no ground truth and no structural check (pure opinion)
KXPAHLAVIVISITA,Politics,one_off,quadratic,1,0,0.3,0.0765,1.0,1505004.4,1.0,,1.3,0,5,4,0,0,,2,5,16,True,no ground truth and no structural check (pure opinion)
KXPOPESWIFT,Politics,custom,quadratic,1,0,1.0,0.045,1.0,20648.8,1.0,,1.62,0,5,4,0,0,,2,5,16,True,no ground truth and no structural check (pure opinion)
KXPSAVERT,Economics,annual,quadratic,6,0,27.5,0.1775,1.0,645.1,3.0,"between,greater_or_equal,less",29.56,1,0,3,4,0,,3,5,16,True,median spread 27.5c exceeds any plausible edge
KXPUREALBUMS,Unknown,,quadratic,157,0,9.0,0.605,0.847,106.5,10.0,"greater,structured",12.36,1,0,3,4,0,,3,5,16,True,median spread 9.0c exceeds any plausible edge
KXRANKLISTSONGSPOTUSA,Unknown,,quadratic,52,0,1.0,0.02,0.096,2219.3,52.0,,1.28,1,5,0,2,0,,3,5,16,True,no liquidity: zero median volume or quotes mostly absent
KXREACTOR,Science and Technology,custom,quadratic,1,0,1.2,0.104,1.0,701573.1,1.0,,2.52,0,4,4,0,0,,3,5,16,True,no ground truth and no structural check (pure opinion)
KXRECOGPERSONIRAN,Politics,custom,quadratic,1,0,0.4,0.063,1.0,998499.5,1.0,,1.24,0,5,4,0,0,,2,5,16,True,no ground truth and no structural check (pure opinion)
KXROLEATEVENTLOLLA,Unknown,,quadratic,16,0,1.0,0.975,0.062,16036.8,16.0,,1.36,1,5,0,2,0,,3,5,16,True,no liquidity: zero median volume or quotes mostly absent
KXSAVEACT,Politics,one_off,quadratic,1,0,0.2,0.071,1.0,10127703.7,1.0,,1.14,0,5,4,0,0,,2,5,16,True,no ground truth and no structural check (pure opinion)
KXSCHUMEROUT,Politics,custom,quadratic,1,0,1.6,0.028,1.0,41992.4,1.0,,2.0,0,5,4,0,0,,2,5,16,True,no ground truth and no structural check (pure opinion)
KXSILVERMON,Unknown,,quadratic,40,0,25.0,0.875,0.525,1300.2,40.0,greater,26.54,1,0,3,4,0,,3,5,16,True,median spread 25.0c exceeds any plausible edge
KXSOCIALMEDIABAN,Politics,one_off,quadratic,1,0,1.2,0.034,1.0,18460.2,1.0,,1.66,0,5,4,0,0,,2,5,16,True,no ground truth and no structural check (pure opinion)
KXTOKENUST,Economics,one_off,quadratic,6,0,9.0,0.24,1.0,178.0,6.0,greater,11.56,1,1,3,3,0,,3,5,16,True,median spread 9.0c exceeds any plausible edge
KXTORNADO,Unknown,,quadratic,22,0,21.5,0.505,0.636,299.3,11.0,greater,25.0,1,0,3,4,0,,3,5,16,True,median spread 21.5c exceeds any plausible edge
KXTRADEDEFICIT,Economics,custom,quadratic,12,0,6.0,0.85,0.083,903.8,12.0,"between,greater,less",7.8,1,2,0,5,0,,3,5,16,True,no liquidity: zero median volume or quotes mostly absent
KXTRUMPUAP,Politics,one_off,quadratic,1,0,1.0,0.035,1.0,14819.9,1.0,,1.48,0,5,4,0,0,,2,5,16,True,no ground truth and no structural check (pure opinion)
KXTSAW,Economics,weekly,quadratic,21,0,4.0,0.97,0.905,0.0,21.0,greater,4.42,1,3,0,4,0,,3,5,16,True,no liquidity: zero median volume or quotes mostly absent
KXUSDBRLMAX,Financials,annual,quadratic,8,0,18.5,0.1175,1.0,43823.5,8.0,greater,19.96,1,0,4,3,0,,3,5,16,True,median spread 18.5c exceeds any plausible edge
KXUSDJPY,Financials,daily,quadratic,15,0,4.0,0.095,0.467,0.0,15.0,"between,greater,less",5.22,1,2,0,5,0,,3,5,16,True,no liquidity: zero median volume or quotes mostly absent
KXUSMINE,Politics,custom,quadratic,1,0,1.0,0.055,1.0,51137.3,1.0,,1.74,0,5,4,0,0,,2,5,16,True,no ground truth and no structural check (pure opinion)
KXUST30A,Financials,daily,quadratic,15,0,15.0,0.875,1.0,473.0,15.0,greater,16.54,1,0,3,4,0,,3,5,16,True,median spread 15.0c exceeds any plausible edge
KXXRP,Crypto,hourly,quadratic,90,0,78.0,0.45,0.078,0.0,45.0,"between,greater,less",81.48,3,0,0,5,0,,3,5,16,True,median spread 78.0c exceeds any plausible edge; no liquidity: zero median volume or quotes mostly absent
STARSHIPMARS,Companies,one_off,quadratic,1,0,1.0,0.135,1.0,50907.2,1.0,,2.64,0,4,4,0,0,,3,5,16,True,no ground truth and no structural check (pure opinion)
TESLAOPTIMUS,Companies,custom,quadratic,1,0,1.0,0.125,1.0,341044.2,1.0,,2.54,0,4,4,0,0,,3,5,16,True,no ground truth and no structural check (pure opinion)
APPLEUS,Companies,custom,quadratic,1,0,1.0,0.235,1.0,57988.8,1.0,,3.52,0,3,4,0,0,,3,5,15,True,no ground truth and no structural check (pure opinion)
EUEXIT,World,custom,quadratic,1,0,2.0,0.15,1.0,28754.3,1.0,,3.8,0,3,4,0,0,,3,5,15,True,no ground truth and no structural check (pure opinion)
KX10SONG,Unknown,,quadratic,108,0,11.0,0.115,1.0,314.3,108.0,custom,12.44,1,0,4,2,0,,3,5,15,True,median spread 11.0c exceeds any plausible edge
KX10Y2Y,Financials,custom,quadratic,4,0,13.5,0.445,1.0,110.3,4.0,greater,16.96,1,0,3,3,0,,3,5,15,True,median spread 13.5c exceeds any plausible edge
KX20SONG,Unknown,,quadratic,90,0,11.0,0.115,1.0,248.7,90.0,,12.44,1,0,4,2,0,,3,5,15,True,median spread 11.0c exceeds any plausible edge
KXAAAGASMIN,Economics,annual,quadratic,9,0,14.0,0.21,1.0,1479.0,9.0,less,16.34,1,0,3,3,0,,3,5,15,True,median spread 14.0c exceeds any plausible edge
KXACAEXT,Politics,one_off,quadratic,1,0,1.9,0.0695,1.0,237386.9,1.0,,2.82,0,4,4,0,0,,2,5,15,True,no ground truth and no structural check (pure opinion)
KXAIBILL,Politics,one_off,quadratic,1,0,1.0,0.075,1.0,3930.1,1.0,custom,1.98,0,5,3,0,0,,2,5,15,True,no ground truth and no structural check (pure opinion)
KXAILEGISLATION,Politics,one_off,quadratic,1,0,1.0,0.145,1.0,51267.7,1.0,,2.74,0,4,4,0,0,,2,5,15,True,no ground truth and no structural check (pure opinion)
KXAIPAUSE,Science and Technology,custom,quadratic,1,0,1.0,0.385,1.0,72916.4,1.0,,4.32,0,3,4,0,0,,3,5,15,True,no ground truth and no structural check (pure opinion)
KXAMBMALAY,Politics,one_off,quadratic,1,0,0.7,0.0145,1.0,4969.0,1.0,,0.92,0,5,3,0,0,,2,5,15,True,no ground truth and no structural check (pure opinion)
KXANTHROPICBANKPUBLIC,Financials,one_off,quadratic,15,0,8.0,0.16,1.0,270.0,15.0,custom,9.9,1,1,3,2,0,,3,5,15,True,median spread 8.0c exceeds any plausible edge
KXATPGTOTAL,Sports,custom,quadratic,12,0,9.0,0.4875,1.0,141.4,3.0,greater,12.5,1,0,3,3,0,,3,5,15,True,median spread 9.0c exceeds any plausible edge
KXBANTRANS,World,one_off,quadratic,1,0,2.0,0.23,1.0,40291.0,1.0,,4.48,0,3,4,0,0,,3,5,15,True,no ground truth and no structural check (pure opinion)
KXBNBD,Crypto,hourly,quadratic,90,0,99.0,0.505,0.089,0.0,45.0,greater,102.5,3,0,0,4,0,,3,5,15,True,median spread 99.0c exceeds any plausible edge; no liquidity: zero median volume or quotes mostly absent
KXBRASILEIROSPREAD,Sports,custom,quadratic,8,0,3.0,0.0775,1.0,0.0,4.0,greater,4.02,1,3,0,3,0,,3,5,15,True,no liquidity: zero median volume or quotes mostly absent
KXBRINFHIGH,Economics,annual,quadratic,10,0,18.5,0.23,0.8,1397.4,10.0,greater,20.98,1,0,2,4,0,,3,5,15,True,median spread 18.5c exceeds any plausible edge
KXCAFRAUD,Politics,one_off,quadratic,1,0,0.8,0.086,1.0,3733.1,1.0,,1.92,0,5,3,0,0,,2,5,15,True,no ground truth and no structural check (pure opinion)
KXCNIMPORT,Economics,one_off,quadratic,5,0,9.0,0.565,1.0,182.2,5.0,less,12.46,1,0,3,3,0,,3,5,15,True,median spread 9.0c exceeds any plausible edge
KXCOMEYREINSTATE,Politics,one_off,quadratic,1,0,2.0,0.11,1.0,13006.0,1.0,,3.38,0,4,4,0,0,,2,5,15,True,no ground truth and no structural check (pure opinion)
KXCOMPANYACTIONANTH,Science and Technology,one_off,quadratic,1,0,1.0,0.135,1.0,3489.9,1.0,custom,2.64,0,4,3,0,0,,3,5,15,True,no ground truth and no structural check (pure opinion)
KXDEBTGROWTH,Economics,custom,quadratic,6,0,24.5,0.705,1.0,4706.1,6.0,greater_or_equal,27.42,1,0,3,3,0,,3,5,15,True,median spread 24.5c exceeds any plausible edge
KXDHOUSESEATSDIR,Unknown,,quadratic,14,0,3.5,0.5025,1.0,0.0,14.0,greater,7.0,1,2,0,4,0,,3,5,15,True,no liquidity: zero median volume or quotes mostly absent
KXDIMAYORSPREAD,Sports,custom,quadratic,24,0,43.5,0.3225,1.0,0.5,4.0,greater,46.56,1,0,3,3,0,,3,5,15,True,median spread 43.5c exceeds any plausible edge
KXDOGEMINY,Crypto,annual,quadratic,6,0,10.0,0.415,0.5,398.1,6.0,less,13.4,3,0,1,3,0,,3,5,15,True,median spread 10.0c exceeds any plausible edge
KXDOL,Financials,one_off,quadratic,6,0,95.0,0.5125,1.0,360.7,6.0,greater,98.5,1,0,3,3,0,,3,5,15,True,median spread 95.0c exceeds any plausible edge
KXELONMARS,Politics,custom,quadratic,1,0,1.0,0.125,1.0,114563.3,1.0,,2.54,0,4,4,0,0,,2,5,15,True,no ground truth and no structural check (pure opinion)
KXEURUSD,Financials,daily,quadratic,15,0,10.5,0.095,0.667,0.0,15.0,"between,greater,less",11.72,1,1,0,5,0,,3,5,15,True,median spread 10.5c exceeds any plausible edge; no liquidity: zero median volume or quotes mostly absent
KXFEDDISSENT,Economics,one_off,quadratic,12,0,5.5,0.155,1.0,0.0,12.0,,7.34,3,2,0,2,0,,3,5,15,True,no liquidity: zero median volume or quotes mostly absent
KXFIJIPM,Unknown,,quadratic,5,0,1.0,0.055,1.0,0.0,5.0,custom,1.74,1,5,0,1,0,,3,5,15,True,no liquidity: zero median volume or quotes mostly absent
KXFSLRA,Financials,one_off,quadratic,9,0,1.0,0.585,1.0,0.0,9.0,greater,4.4,1,3,0,3,0,,3,5,15,True,no liquidity: zero median volume or quotes mostly absent
KXFTSE,Financials,one_off,quadratic,5,0,20.0,0.89,1.0,1035.0,5.0,greater_or_equal,21.38,1,0,3,3,0,,3,5,15,True,median spread 20.0c exceeds any plausible edge
KXGOLDH,Unknown,,quadratic,40,0,7.0,0.965,0.125,0.0,40.0,greater,7.48,1,2,0,4,0,,3,5,15,True,no liquidity: zero median volume or quotes mostly absent
KXGOVTSPEND,Economics,custom,quadratic,9,0,11.2,0.8025,1.0,531.2,9.0,greater,13.42,1,0,3,3,0,,3,5,15,True,median spread 11.2c exceeds any plausible edge
KXGRAB,Financials,one_off,quadratic,6,0,96.0,0.5075,1.0,288.2,6.0,greater,99.5,1,0,3,3,0,,3,5,15,True,median spread 96.0c exceeds any plausible edge
KXGRAMBNA,Unknown,,quadratic,67,0,1.5,0.0425,0.09,835.0,67.0,,2.08,1,4,0,2,0,,3,5,15,True,no liquidity: zero median volume or quotes mostly absent
KXHERMESKELLY,Unknown,,quadratic,12,0,9.0,0.31,0.667,74.0,12.0,greater,12.0,1,1,1,4,0,,3,5,15,True,median spread 9.0c exceeds any plausible edge
KXHLS,Science and Technology,custom,quadratic,1,0,3.0,0.085,1.0,17050.0,1.0,,4.1,0,3,4,0,0,,3,5,15,True,no ground truth and no structural check (pure opinion)
KXHMONTHRANGE,Unknown,,quadratic,12,0,62.5,0.37,0.833,137.5,6.0,"between,greater,less",65.78,1,0,2,4,0,,3,5,15,True,median spread 62.5c exceeds any plausible edge
KXHORMUZAVG,Unknown,,quadratic,9,0,15.0,0.21,1.0,7237.2,9.0,greater,17.34,1,0,3,3,0,,3,5,15,True,median spread 15.0c exceeds any plausible edge
KXHOWMANYUKPM,Unknown,,quadratic,6,0,6.0,0.09,0.833,0.0,6.0,"between,greater",7.16,1,2,0,4,0,,3,5,15,True,no liquidity: zero median volume or quotes mostly absent
KXHYPED,Crypto,hourly,quadratic,100,0,79.0,0.605,0.25,0.0,50.0,greater,82.36,3,0,0,4,0,,3,5,15,True,median spread 79.0c exceeds any plausible edge; no liquidity: zero median volume or quotes mostly absent
KXHYPEMAXMON,Crypto,monthly,quadratic,4,0,14.5,0.1025,0.5,2490.7,4.0,greater,15.8,3,0,1,3,0,,3,5,15,True,median spread 14.5c exceeds any plausible edge
KXINTERSTELLAR,Science and Technology,custom,quadratic,1,0,2.0,0.23,1.0,258540.3,1.0,,4.48,0,3,4,0,0,,3,5,15,True,no ground truth and no structural check (pure opinion)
KXIPORAMP,Financials,one_off,quadratic,11,0,8.5,0.1175,0.909,323.0,11.0,custom,9.96,1,1,3,2,0,,3,5,15,True,median spread 8.5c exceeds any plausible edge
KXLOWTCHI,Unknown,,quadratic,6,0,9.5,0.24,0.667,1137.5,6.0,"between,greater,less",12.06,1,0,2,4,0,,3,5,15,True,median spread 9.5c exceeds any plausible edge
KXLOWTDAL,Unknown,,quadratic,6,0,14.0,0.155,0.833,208.1,6.0,"between,greater,less",15.84,1,0,2,4,0,,3,5,15,True,median spread 14.0c exceeds any plausible edge
KXLOWTHOU,Unknown,,quadratic,6,0,21.0,0.135,0.833,198.1,6.0,"between,greater,less",22.64,1,0,2,4,0,,3,5,15,True,median spread 21.0c exceeds any plausible edge
KXLOWTNOLA,Unknown,,quadratic,6,0,19.0,0.2,0.667,298.6,6.0,"between,greater,less",21.24,1,0,2,4,0,,3,5,15,True,median spread 19.0c exceeds any plausible edge
KXLOWTNYC,Unknown,,quadratic,6,0,21.0,0.21,0.833,931.5,6.0,"between,greater,less",23.34,1,0,2,4,0,,3,5,15,True,median spread 21.0c exceeds any plausible edge
KXLOWTOKC,Unknown,,quadratic,6,0,25.0,0.155,0.833,470.6,6.0,"between,greater,less",26.84,1,0,2,4,0,,3,5,15,True,median spread 25.0c exceeds any plausible edge
KXLOWTSEA,Unknown,,quadratic,12,0,36.0,0.295,0.583,402.4,6.0,"between,greater,less",38.92,1,0,2,4,0,,3,5,15,True,median spread 36.0c exceeds any plausible edge
KXMANCHESTERMOV,Unknown,,quadratic,10,0,10.0,0.625,0.9,408.0,10.0,greater_or_equal,13.3,1,0,2,4,0,,3,5,15,True,median spread 10.0c exceeds any plausible edge
KXMLBHRR,Sports,custom,quadratic,85,0,4.0,0.325,0.976,0.0,10.0,greater,7.08,1,2,0,4,0,,3,5,15,True,no liquidity: zero median volume or quotes mostly absent
KXMLBTEAMTOTAL,Sports,custom,quadratic,140,0,4.0,0.4525,1.0,0.0,14.0,greater,7.48,1,2,0,4,0,,3,5,15,True,no liquidity: zero median volume or quotes mostly absent
KXMOVIECAST,Unknown,,quadratic,27,0,12.0,0.25,1.0,747.1,27.0,custom,14.64,1,0,4,2,0,,3,5,15,True,median spread 12.0c exceeds any plausible edge
KXMTCH,Financials,one_off,quadratic,7,0,29.0,0.715,1.0,153.9,7.0,greater,31.86,1,0,3,3,0,,3,5,15,True,median spread 29.0c exceeds any plausible edge
KXNATIONALIZESPACEX,Politics,custom,quadratic,1,0,2.0,0.04,1.0,20772.1,1.0,,2.54,0,4,4,0,0,,2,5,15,True,no ground truth and no structural check (pure opinion)
KXNBAWINS,Sports,custom,quadratic,312,0,11.0,0.615,0.869,20.0,10.0,greater_or_equal,14.32,1,0,2,4,0,,3,5,15,True,median spread 11.0c exceeds any plausible edge
KXNCAAMBUNDEFEATED,Sports,annual,quadratic,43,0,3.0,0.025,0.07,0.0,43.0,structured,3.36,1,4,0,2,0,,3,5,15,True,no liquidity: zero median volume or quotes mostly absent
KXNDQDIRY,Financials,annual,quadratic,17,0,15.5,0.1175,0.941,55.0,17.0,greater,16.96,1,0,2,4,0,,3,5,15,True,median spread 15.5c exceeds any plausible edge
KXNETFLIXRANKSHOWGLOBAL,Unknown,,quadratic,10,0,2.0,0.11,0.3,4.1,10.0,custom,3.38,1,4,0,2,0,,3,5,15,True,no liquidity: zero median volume or quotes mostly absent
KXNEXTNBACOACH,Sports,custom,quadratic,14,0,3.0,0.965,0.071,1736.1,14.0,custom,3.48,1,4,0,2,0,,3,5,15,True,no liquidity: zero median volume or quotes mostly absent
KXNGASMAX,Economics,annual,quadratic,7,0,33.0,0.495,1.0,2431.0,7.0,greater,36.5,1,0,3,3,0,,3,5,15,True,median spread 33.0c exceeds any plausible edge
KXNGASMIN,Economics,annual,quadratic,5,0,18.0,0.12,1.0,378.0,5.0,less,19.48,1,0,3,3,0,,3,5,15,True,median spread 18.0c exceeds any plausible edge
KXNGDPQ,Economics,custom,quadratic,7,0,15.0,0.14,1.0,139.0,7.0,greater,16.7,1,0,3,3,0,,3,5,15,True,median spread 15.0c exceeds any plausible edge
KXNOTE10Y,Financials,annual,quadratic,4,0,22.0,0.215,1.0,3344.0,4.0,greater,24.38,1,0,3,3,0,,3,5,15,True,median spread 22.0c exceeds any plausible edge
KXNWSLTOTAL,Sports,custom,quadratic,18,0,8.0,0.4875,1.0,25.4,6.0,greater,11.5,1,1,2,3,0,,3,5,15,True,median spread 8.0c exceeds any plausible edge
KXNYCAFFORDABLE,Unknown,,quadratic,5,0,1.0,0.725,1.0,0.0,5.0,greater,3.8,1,3,0,3,0,,3,5,15,True,no liquidity: zero median volume or quotes mostly absent
KXOBERGEFELL,Politics,custom,quadratic,1,0,1.4,0.073,1.0,95789.7,1.0,,2.36,0,4,4,0,0,,2,5,15,True,no ground truth and no structural check (pure opinion)
KXPODCASTGUESTCALLHERDADDY,Unknown,,quadratic,41,0,8.0,0.13,1.0,62.8,41.0,custom,9.6,1,1,3,2,0,,3,5,15,True,median spread 8.0c exceeds any plausible edge
KXPS6,Entertainment,custom,quadratic,1,0,2.0,0.1,1.0,150239.3,1.0,,3.26,0,4,4,0,0,,2,5,15,True,no ground truth and no structural check (pure opinion)
KXRAINCHIM,Unknown,,quadratic,17,0,8.5,0.7375,0.824,1643.0,8.5,greater,11.22,1,1,2,3,0,,3,5,15,True,median spread 8.5c exceeds any plausible edge
KXRPRESPRIMARY,Unknown,,quadratic,10,0,3.0,0.035,1.0,0.0,10.0,custom,3.48,1,4,0,2,0,,3,5,15,True,no liquidity: zero median volume or quotes mostly absent
KXSCOTUSCHANGE,Politics,custom,quadratic,1,0,1.7,0.0215,1.0,5338.0,1.0,,2.0,0,5,3,0,0,,2,5,15,True,no ground truth and no structural check (pure opinion)
KXSERIEA,Sports,annual,quadratic_with_maker_fees,20,0,2.0,0.12,0.35,0.0,20.0,structured,3.48,1,4,0,2,0,,3,5,15,True,no liquidity: zero median volume or quotes mostly absent
KXSHELTERCPI,Economics,monthly,quadratic,7,0,95.0,0.505,1.0,189.0,7.0,greater,98.5,1,0,3,3,0,,3,5,15,True,median spread 95.0c exceeds any plausible edge
KXSILVERH,Unknown,,quadratic,40,0,7.0,0.965,0.4,0.0,40.0,greater,7.48,1,2,0,4,0,,3,5,15,True,no liquidity: zero median volume or quotes mostly absent
KXSOTHLEAVE,Politics,custom,quadratic,1,0,1.6,0.058,1.0,45784.5,1.0,,2.38,0,4,4,0,0,,2,5,15,True,no ground truth and no structural check (pure opinion)
KXSPACEXMARS,Science and Technology,custom,quadratic,1,0,2.0,0.23,1.0,84435.8,1.0,,4.48,0,3,4,0,0,,3,5,15,True,no ground truth and no structural check (pure opinion)
KXSPAINBULLFIGHTING,Politics,one_off,quadratic,1,0,1.0,0.045,1.0,2317.2,1.0,,1.62,0,5,3,0,0,,2,5,15,True,no ground truth and no structural check (pure opinion)
KXSTATE,Politics,custom,quadratic,1,0,2.1,0.0875,1.0,80348.1,1.0,,3.22,0,4,4,0,0,,2,5,15,True,no ground truth and no structural check (pure opinion)
KXSTRIPEIPO,Financials,one_off,quadratic,11,0,9.0,0.0825,0.909,2815.0,11.0,custom,10.06,1,1,3,2,0,,3,5,15,True,median spread 9.0c exceeds any plausible edge
KXSUPREMECOURTCHARGE,Politics,one_off,quadratic,1,0,1.0,0.045,1.0,5406.6,1.0,,1.62,0,5,3,0,0,,2,5,15,True,no ground truth and no structural check (pure opinion)
KXSWIFTWEDDING,Unknown,,quadratic,30,0,2.0,0.98,0.033,7805.8,30.0,custom,2.28,1,4,0,2,0,,3,5,15,True,no liquidity: zero median volume or quotes mostly absent
KXTAXWAIVE,Politics,custom,quadratic,1,0,1.9,0.0395,1.0,72510.0,1.0,,2.44,0,4,4,0,0,,2,5,15,True,no ground truth and no structural check (pure opinion)
KXTEAMSINWS,Sports,custom,quadratic,225,0,1.9,0.0243,0.098,0.0,225.0,custom,2.24,1,4,0,2,0,,3,5,15,True,no liquidity: zero median volume or quotes mostly absent
KXTITLEDTUESDAY,Sports,custom,quadratic,57,0,2.0,0.06,0.088,0.0,57.0,custom,2.8,1,4,0,2,0,,3,5,15,True,no liquidity: zero median volume or quotes mostly absent
KXTOPALBUM,Unknown,,quadratic,41,0,1.0,0.225,0.073,0.0,20.5,custom,3.46,1,4,0,2,0,,3,5,15,True,no liquidity: zero median volume or quotes mostly absent
KXTRUFGAS,Economics,monthly,quadratic,15,0,74.5,0.6175,0.933,3.0,15.0,greater,77.82,1,0,2,4,0,,3,5,15,True,median spread 74.5c exceeds any plausible edge
KXTRUFPDEBT,Economics,monthly,quadratic,15,0,81.0,0.585,1.0,10.0,15.0,greater,84.4,1,0,2,4,0,,3,5,15,True,median spread 81.0c exceeds any plausible edge
KXTRUMPAPOLOGY,Politics,one_off,quadratic,1,0,2.0,0.1,1.0,20639.3,1.0,,3.26,0,4,4,0,0,,2,5,15,True,no ground truth and no structural check (pure opinion)
KXTRUMPREMOVE,Politics,custom,quadratic,1,0,1.0,0.185,1.0,532582.5,1.0,,3.12,0,4,4,0,0,,2,5,15,True,no ground truth and no structural check (pure opinion)
KXTRUMPUFC,Politics,one_off,quadratic,1,0,1.0,0.145,1.0,62644.2,1.0,,2.74,0,4,4,0,0,,2,5,15,True,no ground truth and no structural check (pure opinion)
KXUE,Economics,monthly,quadratic,78,0,94.5,0.505,0.744,5.0,10.0,"greater,less",98.0,1,0,2,4,0,,3,5,15,True,median spread 94.5c exceeds any plausible edge
KXUSEDCARCPI,Economics,monthly,quadratic,8,0,34.5,0.8075,1.0,381.0,8.0,greater,36.68,1,0,3,3,0,,3,5,15,True,median spread 34.5c exceeds any plausible edge
KXUSPPIYOY,Economics,monthly,quadratic,24,0,13.0,0.155,0.458,751.5,24.0,greater,14.84,1,0,2,4,0,,3,5,15,True,median spread 13.0c exceeds any plausible edge
KXUST5A,Financials,daily,quadratic,15,0,9.0,0.52,0.733,455.0,15.0,greater,12.5,1,0,2,4,0,,3,5,15,True,median spread 9.0c exceeds any plausible edge
KXUST7A,Financials,daily,quadratic,15,0,9.0,0.5025,0.667,104.0,15.0,greater,12.5,1,0,2,4,0,,3,5,15,True,median spread 9.0c exceeds any plausible edge
KXVSANGLES,Unknown,,quadratic,38,0,9.0,0.6175,1.0,301.0,38.0,,12.32,1,0,4,2,0,,3,5,15,True,median spread 9.0c exceeds any plausible edge
KXWEFTWEETS,Economics,weekly,quadratic,6,0,6.0,0.105,0.5,0.0,6.0,"between,greater,less",7.32,1,2,0,4,0,,3,5,15,True,no liquidity: zero median volume or quotes mostly absent
KXWMARMAD,Sports,custom,quadratic,35,0,2.0,0.04,0.314,0.0,35.0,structured,2.54,1,4,0,2,0,,3,5,15,True,no liquidity: zero median volume or quotes mostly absent
KXWNBAWINS,Sports,custom,quadratic,49,0,10.0,0.7525,0.694,2287.0,3.0,greater_or_equal,12.62,1,0,3,3,0,,3,5,15,True,median spread 10.0c exceeds any plausible edge
KXWTIH,Unknown,,quadratic,40,0,6.0,0.97,0.25,0.0,40.0,greater,6.42,1,2,0,4,0,,3,5,15,True,no liquidity: zero median volume or quotes mostly absent
KXZECMINMON,Crypto,monthly,quadratic,7,0,45.0,0.325,0.286,729.4,7.0,less,48.08,3,0,1,3,0,,3,5,15,True,median spread 45.0c exceeds any plausible edge
KXZELENSKYYOUT,Politics,one_off,quadratic,1,0,2.2,0.082,1.0,41495.4,1.0,custom,3.26,0,4,4,0,0,,2,5,15,True,no ground truth and no structural check (pure opinion)
APPLEFOLD,Companies,custom,quadratic,1,0,4.0,0.91,1.0,115630.7,1.0,,5.16,0,2,4,0,0,,3,5,14,True,no ground truth and no structural check (pure opinion)
KXA100MAX,Science and Technology,annual,quadratic,9,0,16.0,0.12,1.0,1769.6,9.0,greater,17.48,0,0,3,3,0,,3,5,14,True,median spread 16.0c exceeds any plausible edge
KXAAAGASMINCA,Economics,annual,quadratic,4,0,8.5,0.1025,1.0,7250.7,4.0,,9.8,1,1,3,1,0,,3,5,14,True,median spread 8.5c exceeds any plausible edge
KXAINEURALESE,Science and Technology,custom,quadratic,1,0,4.0,0.4,1.0,11546.0,1.0,,7.36,0,2,4,0,0,,3,5,14,True,no ground truth and no structural check (pure opinion)
KXARGPREMDIVTOTAL,Sports,custom,quadratic,54,0,4.0,0.2975,1.0,0.0,6.0,greater,6.94,1,2,0,3,0,,3,5,14,True,no liquidity: zero median volume or quotes mostly absent
KXATPGSPREAD,Sports,custom,quadratic,12,0,31.5,0.38,1.0,14.7,3.0,greater,34.8,1,0,2,3,0,,3,5,14,True,median spread 31.5c exceeds any plausible edge
KXBLUESPACEX,Science and Technology,custom,quadratic,1,0,2.0,0.65,1.0,90262.8,1.0,,5.2,0,2,4,0,0,,3,5,14,True,no ground truth and no structural check (pure opinion)
KXBRASILEIRO1HTOTAL,Sports,custom,quadratic,9,0,5.0,0.2625,0.667,0.0,3.0,greater,7.72,1,2,0,3,0,,3,5,14,True,no liquidity: zero median volume or quotes mostly absent
KXBRASILEIROSCORE,Sports,custom,quadratic,60,0,4.0,0.065,0.433,0.0,30.0,custom,4.86,1,3,0,2,0,,3,5,14,True,no liquidity: zero median volume or quotes mostly absent
KXBURBANKBALLOT,Politics,one_off,quadratic,1,0,2.0,0.02,1.0,9932.1,1.0,,2.28,0,4,3,0,0,,2,5,14,True,no ground truth and no structural check (pure opinion)
KXCANAL,Politics,custom,quadratic,1,0,2.0,0.23,1.0,565922.8,1.0,,4.48,0,3,4,0,0,,2,5,14,True,no ground truth and no structural check (pure opinion)
KXCANTERRITORY,Politics,custom,quadratic,1,0,3.0,0.115,1.0,134003.3,1.0,,4.44,0,3,4,0,0,,2,5,14,True,no ground truth and no structural check (pure opinion)
KXCBDCBAN,Politics,one_off,quadratic,1,0,4.0,0.97,1.0,13139.1,1.0,,4.42,0,3,4,0,0,,2,5,14,True,no ground truth and no structural check (pure opinion)
KXCLUBFGAME,Sports,custom,quadratic,72,0,18.0,0.425,0.986,110.7,3.0,structured,21.44,1,0,4,1,0,,3,5,14,True,median spread 18.0c exceeds any plausible edge
KXCOACHOUTMLB,Sports,custom,quadratic,27,0,93.0,0.505,1.0,20.0,27.0,custom,96.5,1,0,3,2,0,,3,5,14,True,median spread 93.0c exceeds any plausible edge
KXCOLLEGEGAMEDAYGUEST,Sports,custom,quadratic,1,0,8.0,0.23,1.0,29383.0,1.0,,10.48,1,1,4,0,0,,3,5,14,True,median spread 8.0c exceeds any plausible edge
KXCONMEBOLSUDADVANCE,Sports,custom,quadratic,6,0,8.5,0.4075,1.0,1303.2,2.0,structured,11.9,1,1,3,1,0,,3,5,14,True,median spread 8.5c exceeds any plausible edge
KXDODRENAME,Politics,one_off,quadratic,1,0,1.0,0.405,1.0,20878.0,1.0,,4.38,0,3,4,0,0,,2,5,14,True,no ground truth and no structural check (pure opinion)
KXDOED,Politics,custom,quadratic,1,0,2.0,0.14,1.0,157933.7,1.0,,3.7,0,3,4,0,0,,2,5,14,True,no ground truth and no structural check (pure opinion)
KXDOGEMAXMON,Crypto,monthly,quadratic,8,0,,,0.0,4412.1,8.0,greater,,3,0,0,3,0,,3,5,14,True,no two-sided quotes: unpriceable and unfillable; no liquidity: zero median volume or quotes mostly absent
KXDOMINICANREPUBLICSENATE,Unknown,,quadratic,3,0,8.8,0.1445,1.0,483.6,3.0,custom,10.54,1,1,3,1,0,,3,5,14,True,median spread 8.8c exceeds any plausible edge
KXDPRESPRIMARY,Unknown,,quadratic,15,0,3.0,0.095,0.733,0.0,15.0,custom,4.22,1,3,0,2,0,,3,5,14,True,no liquidity: zero median volume or quotes mostly absent
KXEARNINGSMENTIONAMD,Unknown,,quadratic,17,0,9.0,0.59,1.0,946.1,17.0,custom,12.4,1,0,3,2,0,,3,5,14,True,median spread 9.0c exceeds any plausible edge
KXEARNINGSMENTIONCAVA,Unknown,,quadratic,17,0,11.0,0.37,1.0,409.2,17.0,custom,14.28,1,0,3,2,0,,3,5,14,True,median spread 11.0c exceeds any plausible edge
KXEARNINGSMENTIONCCL,Unknown,,quadratic,15,0,53.0,0.35,1.0,404.0,15.0,custom,56.2,1,0,3,2,0,,3,5,14,True,median spread 53.0c exceeds any plausible edge
KXEARNINGSMENTIONEBAY,Unknown,,quadratic,15,0,11.0,0.53,1.0,1068.9,15.0,custom,14.5,1,0,3,2,0,,3,5,14,True,median spread 11.0c exceeds any plausible edge
KXEARNINGSMENTIONFUTU,Unknown,,quadratic,12,0,19.0,0.2075,1.0,729.9,12.0,custom,21.32,1,0,3,2,0,,3,5,14,True,median spread 19.0c exceeds any plausible edge
KXEARNINGSMENTIONLLY,Unknown,,quadratic,15,0,21.0,0.29,1.0,1014.0,15.0,custom,23.9,1,0,3,2,0,,3,5,14,True,median spread 21.0c exceeds any plausible edge
KXEARNINGSMENTIONMELI,Unknown,,quadratic,14,0,10.0,0.29,1.0,540.8,14.0,custom,12.9,1,0,3,2,0,,3,5,14,True,median spread 10.0c exceeds any plausible edge
KXEARNINGSMENTIONZETA,Unknown,,quadratic,14,0,36.5,0.415,1.0,386.0,14.0,custom,39.9,1,0,3,2,0,,3,5,14,True,median spread 36.5c exceeds any plausible edge
KXECONSTATCPIYOY,Economics,custom,quadratic,84,0,9.0,0.085,0.179,225.0,21.0,custom,10.1,1,1,2,2,0,,3,5,14,True,median spread 9.0c exceeds any plausible edge
KXEFFR,Economics,custom,quadratic,5,0,23.0,0.75,1.0,16.1,5.0,greater,25.64,1,0,2,3,0,,3,5,14,True,median spread 23.0c exceeds any plausible edge
KXELECTFRAUD,Politics,one_off,quadratic,1,0,4.2,0.048,1.0,48483.5,1.0,,4.84,0,3,4,0,0,,2,5,14,True,no ground truth and no structural check (pure opinion)
KXEPLTOP,Sports,custom,quadratic,60,0,11.0,0.305,0.75,123.8,20.0,structured,13.98,1,0,3,2,0,,3,5,14,True,median spread 11.0c exceeds any plausible edge
KXEXPELL,Politics,annual,quadratic,1,0,3.5,0.0925,1.0,22017.1,1.0,,4.68,0,3,4,0,0,,2,5,14,True,no ground truth and no structural check (pure opinion)
KXF1ACTION,Sports,custom,quadratic,23,0,4.0,0.04,0.478,0.0,23.0,"custom,structured",4.54,1,3,0,2,0,,3,5,14,True,no liquidity: zero median volume or quotes mostly absent
KXF1NEXTTEAM,Sports,custom,quadratic,12,0,2.5,0.2125,0.333,6.4,12.0,structured,4.86,1,3,0,2,0,,3,5,14,True,no liquidity: zero median volume or quotes mostly absent
KXFDAAPPROVALPSYCHEDELIC,Science and Technology,custom,quadratic,1,0,3.0,0.365,1.0,357108.4,1.0,,6.26,0,2,4,0,0,,3,5,14,True,no ground truth and no structural check (pure opinion)
KXFREDDIE,Financials,one_off,quadratic,11,0,9.0,0.06,0.636,642.0,11.0,custom,9.8,1,1,2,2,0,,3,5,14,True,median spread 9.0c exceeds any plausible edge
KXFREEIVF,Politics,custom,quadratic,1,0,2.0,0.14,1.0,35765.7,1.0,,3.7,0,3,4,0,0,,2,5,14,True,no ground truth and no structural check (pure opinion)
KXGHANAPARLI,Unknown,,quadratic,2,0,8.5,0.4875,1.0,7495.8,2.0,custom,12.0,1,1,3,1,0,,3,5,14,True,median spread 8.5c exceeds any plausible edge
KXGPTCOST,Science and Technology,custom,quadratic,1,0,5.0,0.125,1.0,74104.6,1.0,,6.54,0,2,4,0,0,,3,5,14,True,no ground truth and no structural check (pure opinion)
KXH100MAX,Science and Technology,annual,quadratic,6,0,10.0,0.3375,1.0,433.9,6.0,greater,13.14,0,0,3,3,0,,3,5,14,True,median spread 10.0c exceeds any plausible edge
KXICERENAME,Politics,one_off,quadratic,1,0,2.0,0.17,1.0,22080.5,1.0,,3.98,0,3,4,0,0,,2,5,14,True,no ground truth and no structural check (pure opinion)
KXIMFTWEETS,Economics,weekly,quadratic,6,0,10.0,0.29,0.5,172.0,6.0,"between,greater,less",12.9,1,0,1,4,0,,3,5,14,True,median spread 10.0c exceeds any plausible edge
KXINEQUALITY,Economics,custom,quadratic,1,0,8.0,0.28,1.0,14738.6,1.0,,10.84,1,1,4,0,0,,3,5,14,True,median spread 8.0c exceeds any plausible edge
KXIPOAIRTABLE,Financials,one_off,quadratic,4,0,9.0,0.245,1.0,553.6,4.0,custom,11.6,1,1,3,1,0,,3,5,14,True,median spread 9.0c exceeds any plausible edge
KXIPOAPPSFLYER,Financials,one_off,quadratic,11,0,9.0,0.115,0.909,24.0,11.0,custom,10.44,1,1,2,2,0,,3,5,14,True,median spread 9.0c exceeds any plausible edge
KXIPODEEL,Financials,one_off,quadratic,11,0,9.0,0.145,0.727,735.0,11.0,custom,10.74,1,1,2,2,0,,3,5,14,True,median spread 9.0c exceeds any plausible edge
KXIPOOURA,Financials,one_off,quadratic,6,0,9.0,0.695,1.0,4290.4,6.0,custom,11.98,1,1,3,1,0,,3,5,14,True,median spread 9.0c exceeds any plausible edge
KXISMPMI,Economics,custom,quadratic,8,0,10.5,0.845,0.75,2003.4,8.0,greater_or_equal,12.34,1,0,2,3,0,,3,5,14,True,median spread 10.5c exceeds any plausible edge
KXITGDPQOQA,Economics,custom,quadratic,15,0,21.5,0.7675,0.667,33.0,15.0,greater,24.0,1,0,1,4,0,,3,5,14,True,median spread 21.5c exceeds any plausible edge
KXITGDPYOYA,Economics,custom,quadratic,15,0,35.5,0.7875,0.8,64.0,15.0,greater,37.86,1,0,1,4,0,,3,5,14,True,median spread 35.5c exceeds any plausible edge
KXKENYAASSEMBLY,Unknown,,quadratic,3,0,8.0,0.485,1.0,751.0,3.0,custom,11.5,1,1,3,1,0,,3,5,14,True,median spread 8.0c exceeds any plausible edge
KXKLEAGUE1HTOTAL,Sports,custom,quadratic,9,0,5.0,0.305,0.889,0.0,3.0,greater,7.98,1,2,0,3,0,,3,5,14,True,no liquidity: zero median volume or quotes mostly absent
KXLAIOUT,Unknown,,quadratic,3,0,8.5,0.135,1.0,4312.4,3.0,,10.14,1,1,3,1,0,,3,5,14,True,median spread 8.5c exceeds any plausible edge
KXLEADERMLBHITS,Sports,annual,quadratic,72,0,3.0,0.075,0.069,37.5,72.0,custom,3.98,1,3,0,2,0,,3,5,14,True,no liquidity: zero median volume or quotes mostly absent
KXLIGUE1,Sports,annual,quadratic_with_maker_fees,18,0,3.5,0.035,0.333,0.0,18.0,structured,3.98,1,3,0,2,0,,3,5,14,True,no liquidity: zero median volume or quotes mostly absent
KXLIVCOMPETE,Sports,custom,quadratic,15,0,9.0,0.105,1.0,62.2,15.0,structured,10.32,1,1,2,2,0,,3,5,14,True,median spread 9.0c exceeds any plausible edge
KXLLAMA5,Science and Technology,one_off,quadratic,1,0,4.0,0.08,1.0,75032.6,1.0,,5.04,0,2,4,0,0,,3,5,14,True,no ground truth and no structural check (pure opinion)
KXLOWTLAX,Unknown,,quadratic,12,0,11.5,0.1825,0.5,743.9,6.0,"between,greater,less",13.6,1,0,1,4,0,,3,5,14,True,median spread 11.5c exceeds any plausible edge
KXLOWTPHIL,Unknown,,quadratic,6,0,14.5,0.4925,0.333,217.9,6.0,"between,greater,less",18.0,1,0,1,4,0,,3,5,14,True,median spread 14.5c exceeds any plausible edge
KXM2GROWTH,Economics,annual,quadratic,5,0,6.0,0.195,1.0,0.0,5.0,"between,greater_or_equal,less",8.2,1,1,0,4,0,,3,5,14,True,no liquidity: zero median volume or quotes mostly absent
KXMACBOOKPRICE,Unknown,,quadratic,7,0,47.0,0.365,1.0,82.0,7.0,less,50.26,1,0,2,3,0,,3,5,14,True,median spread 47.0c exceeds any plausible edge
KXMACRONOWENSLONG,Politics,one_off,quadratic,1,0,1.0,0.535,1.0,14243.1,1.0,,4.5,0,3,4,0,0,,2,5,14,True,no ground truth and no structural check (pure opinion)
KXMARIJUANA280E,Politics,one_off,quadratic,1,0,2.0,0.21,1.0,11405.3,1.0,,4.34,0,3,4,0,0,,2,5,14,True,no ground truth and no structural check (pure opinion)
KXMARTIAL,Politics,custom,quadratic,1,0,1.0,0.355,1.0,51492.3,1.0,,4.22,0,3,4,0,0,,2,5,14,True,no ground truth and no structural check (pure opinion)
KXME,Financials,one_off,quadratic,6,0,38.0,0.795,0.833,220.7,6.0,greater_or_equal,40.3,1,0,2,3,0,,3,5,14,True,median spread 38.0c exceeds any plausible edge
KXMEISSNER,Science and Technology,custom,quadratic,1,0,4.0,0.05,1.0,2716.4,1.0,,4.68,0,3,3,0,0,,3,5,14,True,no ground truth and no structural check (pure opinion)
KXMETEOR,Science and Technology,custom,quadratic,1,0,1.6,0.532,1.0,134775.6,1.0,,5.1,0,2,4,0,0,,3,5,14,True,no ground truth and no structural check (pure opinion)
KXMIFEPRISTONEMAIL,Politics,one_off,quadratic,1,0,2.0,0.09,1.0,1381.0,1.0,,3.16,0,4,3,0,0,,2,5,14,True,no ground truth and no structural check (pure opinion)
KXMILLEROUT,Politics,one_off,quadratic,1,0,1.0,0.165,1.0,5942.9,1.0,custom,2.94,0,4,3,0,0,,2,5,14,True,no ground truth and no structural check (pure opinion)
KXMLBF5SPREAD,Sports,custom,quadratic,40,0,4.0,0.2525,1.0,0.0,4.0,greater,6.66,1,2,0,3,0,,3,5,14,True,no liquidity: zero median volume or quotes mostly absent
KXMLBPITCHEROTM,Sports,custom,quadratic,46,0,3.0,0.0925,0.13,0.0,23.0,structured,4.18,1,3,0,2,0,,3,5,14,True,no liquidity: zero median volume or quotes mostly absent
KXMLBSEASONHR,Sports,custom,quadratic,179,0,11.0,0.3625,0.514,1255.0,37.0,structured,14.24,1,0,3,2,0,,3,5,14,True,median spread 11.0c exceeds any plausible edge
KXMLBTB,Sports,custom,quadratic,76,0,3.0,0.225,0.961,0.0,8.0,greater,5.46,1,2,0,3,0,,3,5,14,True,no liquidity: zero median volume or quotes mostly absent
KXMLSJOIN,Sports,custom,quadratic,16,0,10.0,0.115,0.812,350.2,16.0,custom,11.44,1,1,2,2,0,,3,5,14,True,median spread 10.0c exceeds any plausible edge
KXMOBILEGAMEAD,Unknown,,quadratic,10,0,8.0,0.1,1.0,7.7,10.0,custom,9.26,1,1,2,2,0,,3,5,14,True,median spread 8.0c exceeds any plausible edge
KXNBAPLAYIN,Sports,annual,quadratic,30,0,28.5,0.305,1.0,91.6,15.0,structured,31.48,1,0,3,2,0,,3,5,14,True,median spread 28.5c exceeds any plausible edge
KXNETANYAHUNYC,Politics,one_off,quadratic,1,0,1.0,0.835,1.0,2256.0,1.0,,2.94,0,4,3,0,0,,2,5,14,True,no ground truth and no structural check (pure opinion)
KXNEXTMANAGERMLB,Sports,custom,quadratic,43,0,9.0,0.055,0.372,134.0,14.0,custom,9.74,1,1,2,2,0,,3,5,14,True,median spread 9.0c exceeds any plausible edge
KXNFLENDSTREAK,Sports,custom,quadratic,5,0,9.0,0.135,1.0,151.9,5.0,custom,10.64,1,1,3,1,0,,3,5,14,True,median spread 9.0c exceeds any plausible edge
KXNHPRIMARY28,Elections,one_off,quadratic,1,0,1.0,0.695,1.0,617.8,1.0,,3.98,0,3,3,0,0,,3,5,14,True,no ground truth and no structural check (pure opinion)
KXNHSALES,Economics,custom,quadratic,8,0,10.0,0.5375,1.0,75.0,8.0,greater,13.5,1,0,2,3,0,,3,5,14,True,median spread 10.0c exceeds any plausible edge
KXNORDSTREAM2,Politics,custom,quadratic,1,0,1.8,0.032,1.0,8304.0,1.0,,2.24,0,4,3,0,0,,2,5,14,True,no ground truth and no structural check (pure opinion)
KXNRLCHAMP,Sports,annual,quadratic,17,0,4.0,0.065,0.294,78.0,17.0,"custom,structured",4.86,1,3,0,2,0,,3,5,14,True,no liquidity: zero median volume or quotes mostly absent
KXNYCTAXBILLIONS,Politics,one_off,quadratic,1,0,3.8,0.071,1.0,70188.1,1.0,,4.74,0,3,4,0,0,,2,5,14,True,no ground truth and no structural check (pure opinion)
KXNYCTAXMILLIONS,Politics,one_off,quadratic,1,0,3.6,0.067,1.0,39083.6,1.0,,4.48,0,3,4,0,0,,2,5,14,True,no ground truth and no structural check (pure opinion)
KXNYQSBS,Politics,one_off,quadratic,1,0,1.5,0.0675,1.0,2563.2,1.0,,2.4,0,4,3,0,0,,2,5,14,True,no ground truth and no structural check (pure opinion)
KXOAISCREEN,Science and Technology,custom,quadratic,1,0,5.0,0.095,1.0,21902.4,1.0,,6.22,0,2,4,0,0,,3,5,14,True,no ground truth and no structural check (pure opinion)
KXOPENAIBANKPUBLIC,Financials,one_off,quadratic,15,0,9.0,0.14,1.0,64.7,15.0,custom,10.7,1,1,2,2,0,,3,5,14,True,median spread 9.0c exceeds any plausible edge
KXPERFORMROLE007,Unknown,,quadratic,50,0,9.0,0.1,0.86,237.3,7.5,,10.26,1,1,3,1,0,,3,5,14,True,median spread 9.0c exceeds any plausible edge
KXPERFORMROLEBRITNEY,Unknown,,quadratic,10,0,9.0,0.075,0.9,409.0,10.0,,9.98,1,1,2,2,0,,3,5,14,True,median spread 9.0c exceeds any plausible edge
KXPERFORMVS,Unknown,,quadratic,134,0,4.0,0.03,0.94,0.0,134.0,,4.42,1,3,0,2,0,,3,5,14,True,no liquidity: zero median volume or quotes mostly absent
KXPGAR3LEAD,Sports,custom,quadratic,147,0,4.0,0.04,0.007,0.0,147.0,structured,4.54,1,3,0,2,0,,3,5,14,True,no liquidity: zero median volume or quotes mostly absent
KXPOLIOELIM,Science and Technology,custom,quadratic,1,0,4.6,0.083,1.0,39911.0,1.0,,5.68,0,2,4,0,0,,3,5,14,True,no ground truth and no structural check (pure opinion)
KXPOWERKWH,Economics,monthly,quadratic,7,0,14.0,0.63,0.714,736.0,7.0,greater,17.28,1,0,2,3,0,,3,5,14,True,median spread 14.0c exceeds any plausible edge
KXPUBLICBECKHAM,Politics,one_off,quadratic,1,0,2.0,0.11,1.0,4988.4,1.0,custom,3.38,0,4,3,0,0,,2,5,14,True,no ground truth and no structural check (pure opinion)
KXRAINAUSM,Unknown,,quadratic,14,0,85.0,0.4475,0.857,333.1,7.0,greater,88.48,1,0,2,3,0,,3,5,14,True,median spread 85.0c exceeds any plausible edge
KXRAINDALM,Unknown,,quadratic,14,0,98.0,0.5,0.571,294.0,7.0,greater,101.5,1,0,2,3,0,,3,5,14,True,median spread 98.0c exceeds any plausible edge
KXRAINDENM,Unknown,,quadratic,14,0,97.5,0.5,0.714,1354.0,7.0,greater,101.0,1,0,2,3,0,,3,5,14,True,median spread 97.5c exceeds any plausible edge
KXRAINHOUM,Unknown,,quadratic,14,0,73.0,0.5,0.857,3129.7,7.0,greater,76.5,1,0,2,3,0,,3,5,14,True,median spread 73.0c exceeds any plausible edge
KXRAINMIAM,Unknown,,quadratic,17,0,22.5,0.5075,0.824,499.7,8.5,greater,26.0,1,0,2,3,0,,3,5,14,True,median spread 22.5c exceeds any plausible edge
KXRAINNYCM,Unknown,,quadratic,17,0,15.0,0.605,0.765,134.0,8.5,greater,18.36,1,0,2,3,0,,3,5,14,True,median spread 15.0c exceeds any plausible edge
KXRAINSEAM,Unknown,,quadratic,14,0,96.5,0.5,0.571,3263.8,7.0,greater,100.0,1,0,2,3,0,,3,5,14,True,median spread 96.5c exceeds any plausible edge
KXRANKLISTDJMAGCLUBS,Unknown,,quadratic,20,0,3.5,0.03,1.0,0.0,20.0,,3.92,1,3,0,2,0,,3,5,14,True,no liquidity: zero median volume or quotes mostly absent
KXRELEASEMAXWELL,Politics,one_off,quadratic,1,0,2.6,0.084,1.0,65752.0,1.0,,3.68,0,3,4,0,0,,2,5,14,True,no ground truth and no structural check (pure opinion)
KXROBOTMARS,Science and Technology,custom,quadratic,1,0,3.9,0.4805,1.0,51472.8,1.0,,7.4,0,2,4,0,0,,3,5,14,True,no ground truth and no structural check (pure opinion)
KXSAMOMINF,Economics,monthly,quadratic,9,0,6.0,0.09,1.0,0.0,9.0,greater,7.16,1,2,0,3,0,,3,5,14,True,no liquidity: zero median volume or quotes mostly absent
KXSARETAIL,Economics,monthly,quadratic,10,0,6.0,0.44,1.0,0.0,10.0,greater,9.46,1,1,0,4,0,,3,5,14,True,no liquidity: zero median volume or quotes mostly absent
KXSNAPRESTRICT,Politics,one_off,quadratic,1,0,3.0,0.155,1.0,34006.6,1.0,,4.84,0,3,4,0,0,,2,5,14,True,no ground truth and no structural check (pure opinion)
KXSOCCERTRANSFER,Sports,custom,quadratic,16,0,10.0,0.19,0.938,1291.8,16.0,custom,12.16,1,0,3,2,0,,3,5,14,True,median spread 10.0c exceeds any plausible edge
KXSONGRELEASEDATEPC,Unknown,,quadratic,2,0,10.0,0.38,1.0,16118.3,2.0,,13.3,1,0,4,1,0,,3,5,14,True,median spread 10.0c exceeds any plausible edge
KXSTARSHIPDOCK,Science and Technology,custom,quadratic,1,0,3.0,0.645,1.0,52880.2,1.0,,6.22,0,2,4,0,0,,3,5,14,True,no ground truth and no structural check (pure opinion)
KXSUMMERHOUSECAST,Unknown,,quadratic,6,0,9.5,0.155,1.0,9475.3,6.0,custom,11.34,1,1,3,1,0,,3,5,14,True,median spread 9.5c exceeds any plausible edge
KXSUSPENDGASTAX,Politics,one_off,quadratic,1,0,1.0,0.255,1.0,138306.3,1.0,custom,3.66,0,3,4,0,0,,2,5,14,True,no ground truth and no structural check (pure opinion)
KXSWISSLEAGUESPREAD,Sports,custom,quadratic,12,0,4.5,0.2725,0.167,0.0,4.0,greater,7.28,1,2,0,3,0,,3,5,14,True,no liquidity: zero median volume or quotes mostly absent
KXSYRIA,Politics,custom,quadratic,1,0,1.0,0.395,1.0,20328.8,1.0,,4.36,0,3,4,0,0,,2,5,14,True,no ground truth and no structural check (pure opinion)
KXTREASBLOCKCHAIN,Politics,custom,quadratic,1,0,3.7,0.0805,1.0,11384.2,1.0,,4.74,0,3,4,0,0,,2,5,14,True,no ground truth and no structural check (pure opinion)
KXTRUMPRESIGN,Politics,one_off,quadratic,1,0,2.0,0.19,1.0,301778.1,1.0,,4.16,0,3,4,0,0,,2,5,14,True,no ground truth and no structural check (pure opinion)
KXTRUMPSAYNICKNAME,Unknown,,quadratic,18,0,10.5,0.3075,1.0,4387.8,18.0,custom,13.5,1,0,3,2,0,,3,5,14,True,median spread 10.5c exceeds any plausible edge
KXTRUMPVH,Politics,one_off,quadratic,1,0,3.0,0.025,1.0,4645.3,1.0,greater,3.36,0,4,3,0,0,,2,5,14,True,no ground truth and no structural check (pure opinion)
KXTRYFIREPOWELL,Politics,one_off,quadratic,1,0,3.2,0.078,1.0,67728.6,1.0,custom,4.22,0,3,4,0,0,,2,5,14,True,no ground truth and no structural check (pure opinion)
KXUAL,Financials,one_off,quadratic,19,0,6.0,0.64,0.947,0.0,19.0,greater,9.24,1,1,0,4,0,,3,5,14,True,no liquidity: zero median volume or quotes mostly absent
KXUECLSPREAD,Sports,custom,quadratic,168,0,5.0,0.1375,1.0,0.0,4.0,greater,6.68,1,2,0,3,0,,3,5,14,True,no liquidity: zero median volume or quotes mostly absent
KXUELSPREAD,Sports,custom,quadratic,36,0,6.0,0.125,1.0,0.0,4.0,greater,7.54,1,2,0,3,0,,3,5,14,True,no liquidity: zero median volume or quotes mostly absent
KXUSDX,Financials,annual,quadratic,5,0,32.5,0.6,0.8,4066.4,5.0,greater,35.86,1,0,2,3,0,,3,5,14,True,median spread 32.5c exceeds any plausible edge
KXUSHOME,Economics,one_off,quadratic,12,0,6.0,0.62,0.917,0.0,12.0,greater,9.3,1,1,0,4,0,,3,5,14,True,no liquidity: zero median volume or quotes mostly absent
KXUST2A,Financials,daily,quadratic,15,0,70.5,0.6375,0.4,667.0,15.0,greater,73.74,1,0,1,4,0,,3,5,14,True,median spread 70.5c exceeds any plausible edge
KXVEI4,Unknown,,quadratic,3,0,35.0,0.355,0.667,3247.9,3.0,greater_or_equal,38.22,1,0,2,3,0,,3,5,14,True,median spread 35.0c exceeds any plausible edge
KXWCQUAL,Sports,custom,quadratic,76,0,9.0,0.665,1.0,0.2,76.0,structured,12.12,1,0,3,2,0,,3,5,14,True,median spread 9.0c exceeds any plausible edge
KXWINGA,Financials,one_off,quadratic,16,0,12.0,0.615,1.0,53.5,8.0,greater,15.32,1,0,2,3,0,,3,5,14,True,median spread 12.0c exceeds any plausible edge
KXWTACHALLENGERMATCH,Sports,custom,quadratic,14,0,8.5,0.495,1.0,253.3,2.0,structured,12.0,1,1,3,1,0,,3,5,14,True,median spread 8.5c exceeds any plausible edge
KXZECMINY,Crypto,annual,quadratic,2,0,,,0.0,19.1,2.0,less,,3,0,0,3,0,,3,5,14,True,no two-sided quotes: unpriceable and unfillable; no liquidity: zero median volume or quotes mostly absent
NYTOAI,Science and Technology,custom,quadratic,1,0,4.6,0.39,1.0,59414.5,1.0,,7.94,0,2,4,0,0,,3,5,14,True,no ground truth and no structural check (pure opinion)
SENATENH,Unknown,,quadratic,4,0,20.5,0.4975,1.0,30215.5,2.0,structured,24.0,1,0,4,1,0,,3,5,14,True,median spread 20.5c exceeds any plausible edge
EUEXPANSION,World,custom,quadratic,1,0,5.0,0.705,1.0,8272.9,1.0,custom,7.92,0,2,3,0,0,,3,5,13,True,no ground truth and no structural check (pure opinion)
KXAAAGASMINFL,Economics,custom,quadratic,4,0,14.0,0.1,1.0,4793.4,4.0,,15.26,1,0,3,1,0,,3,5,13,True,median spread 14.0c exceeds any plausible edge
KXABRAHAMQ,Politics,custom,quadratic,2,0,5.6,0.1145,1.0,48930.6,1.0,,7.02,0,2,4,0,0,,2,5,13,True,no ground truth and no structural check (pure opinion)
KXACAREPEAL,Politics,custom,quadratic,1,0,2.0,0.2,1.0,8680.2,1.0,,4.24,0,3,3,0,0,,2,5,13,True,no ground truth and no structural check (pure opinion)
KXAFLGAME,Sports,custom,quadratic,18,0,9.5,0.5125,1.0,230.9,2.0,structured,13.0,1,0,3,1,0,,3,5,13,True,median spread 9.5c exceeds any plausible edge
KXALBUMRELEASEDATE,Unknown,,quadratic,6,0,8.0,0.315,0.833,1427.5,6.0,,11.04,1,1,2,1,0,,3,5,13,True,median spread 8.0c exceeds any plausible edge
KXALLSVENSKANTOTAL,Sports,custom,quadratic,6,0,4.5,0.5325,1.0,0.0,6.0,greater,8.0,1,1,0,3,0,,3,5,13,True,no liquidity: zero median volume or quotes mostly absent
KXAMEND25,Politics,custom,quadratic,1,0,4.0,0.31,1.0,162879.6,1.0,,7.0,0,2,4,0,0,,2,5,13,True,no ground truth and no structural check (pure opinion)
KXAPFDDHTOTAL,Sports,custom,quadratic,24,0,6.0,0.3425,1.0,0.0,6.0,greater,9.16,1,1,0,3,0,,3,5,13,True,no liquidity: zero median volume or quotes mostly absent
KXARGPREMDIVSPREAD,Sports,custom,quadratic,36,0,9.5,0.1025,1.0,0.0,4.0,greater,10.8,1,1,0,3,0,,3,5,13,True,median spread 9.5c exceeds any plausible edge; no liquidity: zero median volume or quotes mostly absent
KXASEANGAME,Sports,custom,quadratic,36,0,76.0,0.415,1.0,1.8,3.0,structured,79.4,1,0,3,1,0,,3,5,13,True,median spread 76.0c exceeds any plausible edge
KXATPRETIRE,Sports,custom,quadratic,2,0,22.0,0.345,1.0,637.6,2.0,structured,25.18,1,0,3,1,0,,3,5,13,True,median spread 22.0c exceeds any plausible edge
KXATPRETURN,Sports,custom,quadratic,7,0,16.0,0.775,1.0,2007.2,7.0,custom,18.46,1,0,3,1,0,,3,5,13,True,median spread 16.0c exceeds any plausible edge
KXAUDUSDAW,Financials,weekly,quadratic,20,0,,,0.0,0.0,20.0,greater,,1,0,0,4,0,,3,5,13,True,no two-sided quotes: unpriceable and unfillable; no liquidity: zero median volume or quotes mostly absent
KXBRASILEIROGAME,Sports,custom,quadratic,18,0,18.0,0.44,1.0,216.2,3.0,structured,21.46,1,0,3,1,0,,3,5,13,True,median spread 18.0c exceeds any plausible edge
KXBRASILEIROTEAMTOTAL,Sports,custom,quadratic,12,0,5.0,0.34,1.0,0.0,6.0,greater,8.16,1,1,0,3,0,,3,5,13,True,no liquidity: zero median volume or quotes mostly absent
KXBRAZILU,Economics,custom,quadratic,1,0,10.0,0.55,1.0,13749.9,1.0,less,13.48,1,0,4,0,0,,3,5,13,True,median spread 10.0c exceeds any plausible edge
KXBRICS,Politics,custom,quadratic,1,0,2.0,0.16,1.0,6963.5,1.0,,3.9,0,3,3,0,0,,2,5,13,True,no ground truth and no structural check (pure opinion)
KXBRPRESIDENT2,Unknown,,quadratic,13,0,6.0,0.17,0.231,0.0,13.0,custom,7.98,1,2,0,2,0,,3,5,13,True,no liquidity: zero median volume or quotes mostly absent
KXBRPRESIDENT3,Unknown,,quadratic,13,0,6.0,0.1575,0.308,92.0,13.0,custom,7.86,1,2,0,2,0,,3,5,13,True,no liquidity: zero median volume or quotes mostly absent
KXBRSENMOSTSEATS,Unknown,,quadratic,11,0,6.5,0.0875,0.364,0.0,11.0,custom,7.62,1,2,0,2,0,,3,5,13,True,no liquidity: zero median volume or quotes mostly absent
KXBUNDESLIGA,Sports,annual,quadratic_with_maker_fees,18,0,4.5,0.055,0.222,0.0,18.0,structured,5.24,1,2,0,2,0,,3,5,13,True,no liquidity: zero median volume or quotes mostly absent
KXCANCARBON,Politics,custom,quadratic,1,0,4.1,0.0375,1.0,4481.2,1.0,,4.62,0,3,3,0,0,,2,5,13,True,no ground truth and no structural check (pure opinion)
KXCANHOUSTART,Economics,annual,quadratic,1,0,8.0,0.34,1.0,1893.4,1.0,greater,11.16,1,1,3,0,0,,3,5,13,True,median spread 8.0c exceeds any plausible edge
KXCAPCONTROL,Politics,custom,quadratic,1,0,2.0,0.18,1.0,5745.1,1.0,,4.08,0,3,3,0,0,,2,5,13,True,no ground truth and no structural check (pure opinion)
KXCBDECISIONRUSSIA,Economics,one_off,quadratic,7,0,4.0,0.03,1.0,0.0,7.0,custom,4.42,1,3,0,1,0,,3,5,13,True,no liquidity: zero median volume or quotes mostly absent
KXCBRATEHIKE,Economics,annual,quadratic,7,0,74.0,0.52,1.0,894.5,7.0,,77.5,1,0,3,1,0,,3,5,13,True,median spread 74.0c exceeds any plausible edge
KXCFLSPREAD,Sports,custom,quadratic,40,0,67.0,0.4175,1.0,0.0,10.0,greater,70.42,1,0,0,4,0,,3,5,13,True,median spread 67.0c exceeds any plausible edge; no liquidity: zero median volume or quotes mostly absent
KXCHESSOLYMPIAD,Sports,custom,quadratic,40,0,6.0,0.075,0.175,0.0,40.0,custom,6.98,1,2,0,2,0,,3,5,13,True,no liquidity: zero median volume or quotes mostly absent
KXCHESSOLYMPIADUSA,Sports,one_off,quadratic,15,0,5.0,0.975,0.467,100.0,15.0,custom,5.36,1,2,0,2,0,,3,5,13,True,no liquidity: zero median volume or quotes mostly absent
KXCHLLDPTOTAL,Sports,custom,quadratic,30,0,6.0,0.36,1.0,0.0,6.0,greater,9.24,1,1,0,3,0,,3,5,13,True,no liquidity: zero median volume or quotes mostly absent
KXCHNSLTOTAL,Sports,custom,quadratic,30,0,6.0,0.5125,1.0,0.0,6.0,greater,9.5,1,1,0,3,0,,3,5,13,True,no liquidity: zero median volume or quotes mostly absent
KXCLARITYVOTE,Politics,one_off,quadratic,1,0,4.0,0.52,1.0,169070.5,1.0,custom,7.5,0,2,4,0,0,,2,5,13,True,no ground truth and no structural check (pure opinion)
KXCLUBCHANGEMBAPPE,Sports,custom,quadratic,1,0,9.0,0.075,1.0,4310.9,1.0,structured,9.98,1,1,3,0,0,,3,5,13,True,median spread 9.0c exceeds any plausible edge
KXCOACHOUTNBADATE,Sports,custom,quadratic,9,0,14.0,0.26,1.0,3009.2,3.0,custom,16.7,1,0,3,1,0,,3,5,13,True,median spread 14.0c exceeds any plausible edge
KXCONCEALEDRECIPROCITY,Politics,one_off,quadratic,1,0,2.8,0.074,1.0,8874.2,1.0,,3.76,0,3,3,0,0,,2,5,13,True,no ground truth and no structural check (pure opinion)
KXCONMEBOLSUD1HSPREAD,Sports,custom,quadratic,6,0,6.0,0.23,0.167,0.0,2.0,greater,8.48,1,1,0,3,0,,3,5,13,True,no liquidity: zero median volume or quotes mostly absent
KXCONMEBOLSUD1HTOTAL,Sports,custom,quadratic,9,0,6.0,0.335,0.889,0.0,3.0,greater,9.12,1,1,0,3,0,,3,5,13,True,no liquidity: zero median volume or quotes mostly absent
KXCONMEBOLSUDTOTAL,Sports,custom,quadratic,18,0,5.5,0.3775,1.0,0.0,6.0,greater,8.8,1,1,0,3,0,,3,5,13,True,no liquidity: zero median volume or quotes mostly absent
KXCOPADOBRASIL1HTOTAL,Sports,custom,quadratic,6,0,6.0,0.475,0.333,0.0,3.0,greater,9.5,1,1,0,3,0,,3,5,13,True,no liquidity: zero median volume or quotes mostly absent
KXCOPADOBRASILGAME,Sports,custom,quadratic,6,0,9.0,0.295,1.0,14.3,3.0,structured,11.92,1,1,2,1,0,,3,5,13,True,median spread 9.0c exceeds any plausible edge
KXCS2GAME,Sports,custom,quadratic,152,0,39.0,0.475,1.0,12.5,2.0,structured,42.5,1,0,3,1,0,,3,5,13,True,median spread 39.0c exceeds any plausible edge
KXDDR5EWS,Financials,weekly,quadratic,120,0,81.0,0.585,0.167,0.0,20.0,greater,84.4,1,0,0,4,0,,3,5,13,True,median spread 81.0c exceeds any plausible edge; no liquidity: zero median volume or quotes mostly absent
KXDDR5WS,Financials,weekly,quadratic,120,0,81.0,0.585,0.167,0.0,20.0,greater,84.4,1,0,0,4,0,,3,5,13,True,median spread 81.0c exceeds any plausible edge; no liquidity: zero median volume or quotes mostly absent
KXDEGDPQOQF,Economics,custom,quadratic,15,0,50.5,0.7375,0.133,79.0,15.0,greater,53.22,1,0,0,4,0,,3,5,13,True,median spread 50.5c exceeds any plausible edge; no liquidity: zero median volume or quotes mostly absent
KXDEGDPYOYF,Economics,custom,quadratic,15,0,39.5,0.8,0.267,74.0,15.0,greater,41.74,1,0,0,4,0,,3,5,13,True,median spread 39.5c exceeds any plausible edge; no liquidity: zero median volume or quotes mostly absent
KXDENSUPERLIGATOTAL,Sports,custom,quadratic,6,0,6.0,0.4675,1.0,0.0,6.0,greater,9.5,1,1,0,3,0,,3,5,13,True,no liquidity: zero median volume or quotes mostly absent
KXDIMAYORTOTAL,Sports,custom,quadratic,36,0,7.0,0.4225,1.0,0.0,6.0,greater,10.42,1,1,0,3,0,,3,5,13,True,no liquidity: zero median volume or quotes mostly absent
KXDOGE,Crypto,hourly,quadratic,69,0,93.0,0.495,0.029,0.0,34.5,custom,96.5,3,0,0,2,0,,3,5,13,True,median spread 93.0c exceeds any plausible edge; no liquidity: zero median volume or quotes mostly absent
KXDOJPARDONS,Politics,custom,quadratic,1,0,4.7,0.1165,1.0,12441.8,1.0,,6.16,0,2,4,0,0,,2,5,13,True,no ground truth and no structural check (pure opinion)
KXDOTA2GAME,Sports,custom,quadratic,60,0,20.5,0.4425,1.0,20.4,2.0,structured,23.96,1,0,3,1,0,,3,5,13,True,median spread 20.5c exceeds any plausible edge
KXDOTPLOT,Economics,custom,quadratic,12,0,88.0,0.54,0.75,0.0,12.0,greater,91.48,1,0,0,4,0,,3,5,13,True,median spread 88.0c exceeds any plausible edge; no liquidity: zero median volume or quotes mostly absent
KXDOTPLOTPUB,Economics,one_off,quadratic,1,0,10.0,0.9,1.0,5586.8,1.0,,11.28,1,1,3,0,0,,3,5,13,True,median spread 10.0c exceeds any plausible edge
KXDRAINTHESWAMP,Politics,one_off,quadratic,1,0,3.7,0.0405,1.0,572.6,1.0,,4.26,0,3,3,0,0,,2,5,13,True,no ground truth and no structural check (pure opinion)
KXEARNINGSMENTIONBULL,Unknown,,quadratic,17,0,22.0,0.35,1.0,45.1,17.0,custom,25.2,1,0,2,2,0,,3,5,13,True,median spread 22.0c exceeds any plausible edge
KXEARNINGSMENTIONTGT,Unknown,,quadratic,14,0,31.0,0.425,0.857,771.0,14.0,custom,34.44,1,0,2,2,0,,3,5,13,True,median spread 31.0c exceeds any plausible edge
KXECULPTOTAL,Sports,custom,quadratic,12,0,7.0,0.425,1.0,0.0,6.0,greater,10.44,1,1,0,3,0,,3,5,13,True,no liquidity: zero median volume or quotes mostly absent
KXEFLCUP1HTOTAL,Sports,custom,quadratic,3,0,7.0,0.305,1.0,0.0,3.0,greater,9.98,1,1,0,3,0,,3,5,13,True,no liquidity: zero median volume or quotes mostly absent
KXEFLCUPTEAMTOTAL,Sports,custom,quadratic,6,0,7.5,0.36,1.0,0.0,6.0,greater,10.74,1,1,0,3,0,,3,5,13,True,no liquidity: zero median volume or quotes mostly absent
KXEFLCUPTOTAL,Sports,custom,quadratic,6,0,7.0,0.35,1.0,0.0,6.0,greater,10.2,1,1,0,3,0,,3,5,13,True,no liquidity: zero median volume or quotes mostly absent
KXEKSTRAKLASATOTAL,Sports,custom,quadratic,24,0,5.0,0.4475,1.0,0.0,6.0,greater,8.48,1,1,0,3,0,,3,5,13,True,no liquidity: zero median volume or quotes mostly absent
KXELITESERIENTOTAL,Sports,custom,quadratic,24,0,5.0,0.5325,1.0,0.0,6.0,greater,8.5,1,1,0,3,0,,3,5,13,True,no liquidity: zero median volume or quotes mostly absent
KXERUPTSUPER,Unknown,,quadratic,1,0,10.0,0.239,1.0,33394.7,1.0,,12.56,1,0,4,0,0,,3,5,13,True,median spread 10.0c exceeds any plausible edge
KXFLOYDTYSONFIGHT,Sports,custom,quadratic,1,0,14.0,0.23,1.0,41690.2,1.0,,16.48,1,0,4,0,0,,3,5,13,True,median spread 14.0c exceeds any plausible edge
KXFRAUD2020,Politics,one_off,quadratic,1,0,4.1,0.0895,1.0,46377.1,1.0,,5.26,0,2,4,0,0,,2,5,13,True,no ground truth and no structural check (pure opinion)
KXFREEBUSES,Politics,one_off,quadratic,1,0,5.1,0.0685,1.0,28793.9,1.0,,6.0,0,2,4,0,0,,2,5,13,True,no ground truth and no structural check (pure opinion)
KXFREYOUT,Politics,one_off,quadratic,1,0,6.0,0.043,1.0,30528.9,1.0,custom,6.58,0,2,4,0,0,,2,5,13,True,no ground truth and no structural check (pure opinion)
KXFTAPRC,Politics,custom,quadratic,1,0,4.0,0.18,1.0,67971.8,1.0,,6.08,0,2,4,0,0,,2,5,13,True,no ground truth and no structural check (pure opinion)
KXGBPUSDAW,Financials,weekly,quadratic,20,0,,,0.0,0.0,20.0,greater,,1,0,0,4,0,,3,5,13,True,no two-sided quotes: unpriceable and unfillable; no liquidity: zero median volume or quotes mostly absent
KXGENERICTARIFF,Politics,one_off,quadratic,1,0,1.0,0.415,1.0,2205.5,1.0,,4.4,0,3,3,0,0,,2,5,13,True,no ground truth and no structural check (pure opinion)
KXGEORGIAPARLI,Unknown,,quadratic,5,0,10.0,0.07,1.0,7.6,5.0,custom,10.92,1,1,2,1,0,,3,5,13,True,median spread 10.0c exceeds any plausible edge
KXGOLDVSSILVER,Unknown,,quadratic,2,0,15.5,0.5375,1.0,5727.3,2.0,custom,19.0,1,0,3,1,0,,3,5,13,True,median spread 15.5c exceeds any plausible edge
KXGOOGLESEARCH,Unknown,,quadratic,41,0,5.0,0.075,0.415,0.0,11.5,,5.98,1,2,0,2,0,,3,5,13,True,no liquidity: zero median volume or quotes mostly absent
KXGOVTSHUTDOWN,Politics,one_off,quadratic,1,0,2.0,0.39,1.0,57810.0,1.0,,5.34,0,2,4,0,0,,2,5,13,True,no ground truth and no structural check (pure opinion)
KXGRAMMYNOMNAOTY,Unknown,,quadratic,67,0,5.0,0.035,1.0,0.0,67.0,,5.48,1,2,0,2,0,,3,5,13,True,no liquidity: zero median volume or quotes mostly absent
KXH1B,Politics,custom,quadratic,1,0,5.0,0.235,1.0,122043.5,1.0,,7.52,0,2,4,0,0,,2,5,13,True,no ground truth and no structural check (pure opinion)
KXHNLTOTAL,Sports,custom,quadratic,18,0,7.0,0.4475,1.0,0.0,6.0,greater,10.48,1,1,0,3,0,,3,5,13,True,no liquidity: zero median volume or quotes mostly absent
KXHOBBYTEMP,Unknown,,quadratic,1,0,36.0,0.22,1.0,25909.6,1.0,,38.42,1,0,4,0,0,,3,5,13,True,median spread 36.0c exceeds any plausible edge
KXHOUSEUT02,Unknown,,quadratic,2,0,11.8,0.524,1.0,3157.7,2.0,structured,15.3,1,0,3,1,0,,3,5,13,True,median spread 11.8c exceeds any plausible edge
KXIMPEACHJUDGE,Politics,custom,quadratic,1,0,3.2,0.076,1.0,7400.0,1.0,,4.2,0,3,3,0,0,,2,5,13,True,no ground truth and no structural check (pure opinion)
KXINDYCARTOP3,Sports,custom,quadratic,25,0,4.0,0.175,0.52,0.0,25.0,structured,6.04,1,2,0,2,0,,3,5,13,True,no liquidity: zero median volume or quotes mostly absent
KXIPOBREX,Financials,one_off,quadratic,11,0,6.5,0.0425,0.182,19.0,11.0,custom,7.08,1,2,0,2,0,,3,5,13,True,no liquidity: zero median volume or quotes mostly absent
KXIPODISCORD,Financials,one_off,quadratic,11,0,9.0,0.505,0.818,1321.2,11.0,custom,12.5,1,0,2,2,0,,3,5,13,True,median spread 9.0c exceeds any plausible edge
KXIPOGLEAN,Financials,one_off,quadratic,11,0,9.0,0.135,0.727,34.0,11.0,custom,10.64,1,1,1,2,0,,3,5,13,True,median spread 9.0c exceeds any plausible edge
KXIPORIPPLING,Financials,one_off,quadratic,11,0,9.0,0.115,0.636,23.0,11.0,custom,10.44,1,1,1,2,0,,3,5,13,True,median spread 9.0c exceeds any plausible edge
KXIPOWHOOP,Financials,one_off,quadratic,6,0,9.0,0.195,0.833,663.6,6.0,custom,11.2,1,1,2,1,0,,3,5,13,True,median spread 9.0c exceeds any plausible edge
KXKASHRUSSIA,Politics,one_off,quadratic,1,0,1.0,0.675,1.0,7749.8,1.0,,4.08,0,3,3,0,0,,2,5,13,True,no ground truth and no structural check (pure opinion)
KXKENYASENATE,Unknown,,quadratic,3,0,92.9,0.5045,1.0,1779.0,3.0,custom,96.4,1,0,3,1,0,,3,5,13,True,median spread 92.9c exceeds any plausible edge
KXKIMIBAN,Politics,one_off,quadratic,1,0,1.0,0.265,1.0,1587.8,1.0,custom,3.74,0,3,3,0,0,,2,5,13,True,no ground truth and no structural check (pure opinion)
KXKLEAGUETOTAL,Sports,custom,quadratic,18,0,5.0,0.3525,1.0,0.0,6.0,greater,8.2,1,1,0,3,0,,3,5,13,True,no liquidity: zero median volume or quotes mostly absent
KXLALIGA,Sports,annual,quadratic_with_maker_fees,20,0,2.0,0.47,0.15,93.6,20.0,structured,5.5,1,2,0,2,0,,3,5,13,True,no liquidity: zero median volume or quotes mostly absent
KXLEADERMLBTRIPLES,Sports,annual,quadratic,40,0,4.5,0.4725,0.05,19.0,40.0,custom,8.0,1,2,0,2,0,,3,5,13,True,no liquidity: zero median volume or quotes mostly absent
KXLEADERMLBWAR,Sports,annual,quadratic,57,0,5.0,0.305,0.053,501.0,57.0,custom,7.98,1,2,0,2,0,,3,5,13,True,no liquidity: zero median volume or quotes mostly absent
KXLEADERWNBAAST,Sports,annual,quadratic,20,0,5.0,0.05,0.35,16.4,20.0,structured,5.68,1,2,0,2,0,,3,5,13,True,no liquidity: zero median volume or quotes mostly absent
KXLEADERWNBAPTS,Sports,annual,quadratic,30,0,5.0,0.05,0.167,0.0,30.0,structured,5.68,1,2,0,2,0,,3,5,13,True,no liquidity: zero median volume or quotes mostly absent
KXLEADERWNBAREB,Sports,annual,quadratic,17,0,4.0,0.51,0.118,0.0,17.0,structured,7.5,1,2,0,2,0,,3,5,13,True,no liquidity: zero median volume or quotes mostly absent
KXLEAVEDUNN,Politics,one_off,quadratic,1,0,6.1,0.0695,1.0,21316.6,1.0,,7.02,0,2,4,0,0,,2,5,13,True,no ground truth and no structural check (pure opinion)
KXLEAVEOPEC,Politics,one_off,quadratic,1,0,6.0,0.17,1.0,17515.8,1.0,,7.98,0,2,4,0,0,,2,5,13,True,no ground truth and no structural check (pure opinion)
KXLEAVETISCH,Politics,one_off,quadratic,1,0,5.0,0.285,1.0,25553.5,1.0,,7.86,0,2,4,0,0,,2,5,13,True,no ground truth and no structural check (pure opinion)
KXLIGAEXPGAME,Sports,custom,quadratic,21,0,9.0,0.31,1.0,2.3,3.0,structured,12.0,1,0,3,1,0,,3,5,13,True,median spread 9.0c exceeds any plausible edge
KXLIGAMX1HTOTAL,Sports,custom,quadratic,27,0,7.0,0.37,1.0,0.0,3.0,greater,10.28,1,1,0,3,0,,3,5,13,True,no liquidity: zero median volume or quotes mostly absent
KXLIGAMXTEAMTOTAL,Sports,custom,quadratic,54,0,6.0,0.4175,1.0,0.0,6.0,greater,9.42,1,1,0,3,0,,3,5,13,True,no liquidity: zero median volume or quotes mostly absent
KXLOLGAME,Sports,custom,quadratic,150,0,13.0,0.46,0.993,71.5,2.0,structured,16.48,1,0,3,1,0,,3,5,13,True,median spread 13.0c exceeds any plausible edge
KXLUTNICKOUT,Politics,one_off,quadratic,1,0,6.9,0.0575,1.0,73171.8,1.0,custom,7.66,0,2,4,0,0,,2,5,13,True,no ground truth and no structural check (pure opinion)
KXMACCELL,Companies,custom,quadratic,1,0,8.0,0.21,1.0,38233.3,1.0,,10.34,0,1,4,0,0,,3,5,13,True,no ground truth and no structural check (pure opinion)
KXMALAYSIAPARLI,Unknown,,quadratic,3,0,9.0,0.38,1.0,4952.9,3.0,custom,12.3,1,0,3,1,0,,3,5,13,True,median spread 9.0c exceeds any plausible edge
KXMARSVRAIL,Science and Technology,custom,quadratic,1,0,6.0,0.32,1.0,14929.0,1.0,,9.06,0,1,4,0,0,,3,5,13,True,no ground truth and no structural check (pure opinion)
KXMAYORCHI,Unknown,,quadratic,7,0,16.0,0.1,1.0,2563.5,7.0,custom,17.26,1,0,3,1,0,,3,5,13,True,median spread 16.0c exceeds any plausible edge
KXMIDTERMMOV,Unknown,,quadratic,3935,0,7.0,0.435,0.988,0.0,9.0,greater_or_equal,10.46,1,1,0,3,0,,3,5,13,True,no liquidity: zero median volume or quotes mostly absent
KXMIDTERMVOTETURN,Unknown,,quadratic,2756,0,7.0,0.505,0.987,0.0,5.0,greater,10.5,1,1,0,3,0,,3,5,13,True,no liquidity: zero median volume or quotes mostly absent
KXMLBALHAARON,Sports,annual,quadratic,41,0,4.0,0.79,0.024,0.0,41.0,custom,6.34,1,2,0,2,0,,3,5,13,True,no liquidity: zero median volume or quotes mostly absent
KXMLBNLMVP,Sports,annual,quadratic,53,0,2.0,0.4,0.057,5591.4,53.0,"custom,structured",5.36,1,2,0,2,0,,3,5,13,True,no liquidity: zero median volume or quotes mostly absent
KXMLBPLAYEROTM,Sports,custom,quadratic,53,0,5.5,0.19,0.113,0.0,26.5,structured,7.66,1,2,0,2,0,,3,5,13,True,no liquidity: zero median volume or quotes mostly absent
KXMLBWSTREAK,Sports,custom,quadratic,30,0,9.0,0.41,0.1,598.0,30.0,structured,12.4,1,0,2,2,0,,3,5,13,True,median spread 9.0c exceeds any plausible edge
KXMLS1HTOTAL,Sports,custom,quadratic,45,0,6.0,0.415,1.0,0.0,3.0,greater,9.4,1,1,0,3,0,,3,5,13,True,no liquidity: zero median volume or quotes mostly absent
KXMLSTEAMTOTAL,Sports,custom,quadratic,90,0,6.5,0.4775,1.0,0.0,6.0,greater,10.0,1,1,0,3,0,,3,5,13,True,no liquidity: zero median volume or quotes mostly absent
KXMMAFIGHT,Sports,custom,quadratic,8,0,17.5,0.43,1.0,413.9,2.0,structured,20.94,1,0,3,1,0,,3,5,13,True,median spread 17.5c exceeds any plausible edge
KXMOVIEDELAY,Unknown,,quadratic,1,0,9.0,0.235,1.0,1266.1,1.0,,11.52,1,1,3,0,0,,3,5,13,True,median spread 9.0c exceeds any plausible edge
KXMTRUSHMORE,Politics,custom,quadratic,1,0,5.0,0.115,1.0,20243.5,1.0,,6.44,0,2,4,0,0,,2,5,13,True,no ground truth and no structural check (pure opinion)
KXNASCARCUPSEASON,Sports,annual,quadratic,38,0,5.0,0.135,0.079,0.0,38.0,structured,6.64,1,2,0,2,0,,3,5,13,True,no liquidity: zero median volume or quotes mostly absent
KXNATGASD,Unknown,,quadratic,90,0,60.0,0.34,0.411,0.0,90.0,greater,63.16,1,0,0,4,0,,3,5,13,True,median spread 60.0c exceeds any plausible edge; no liquidity: zero median volume or quotes mostly absent
KXNCAAFH2HWINS,Sports,custom,quadratic,21,0,29.0,0.345,1.0,1.7,3.0,structured,32.18,1,0,3,1,0,,3,5,13,True,median spread 29.0c exceeds any plausible edge
KXNCAAFMWCQUAL,Sports,annual,quadratic,10,0,80.0,0.41,1.0,1.5,10.0,structured,83.4,1,0,2,2,0,,3,5,13,True,median spread 80.0c exceeds any plausible edge
KXNETANYAHUPARDON,Politics,one_off,quadratic,1,0,5.0,0.135,1.0,21289.1,1.0,,6.64,0,2,4,0,0,,2,5,13,True,no ground truth and no structural check (pure opinion)
KXNETFLIXRANKSHOWGLOBAL2,Unknown,,quadratic,10,0,5.0,0.235,0.2,10.4,10.0,custom,7.52,1,2,0,2,0,,3,5,13,True,no liquidity: zero median volume or quotes mostly absent
KXNEXTPRESSEC,Unknown,,quadratic,8,0,11.9,0.0695,1.0,3302.1,8.0,custom,12.82,1,0,3,1,0,,3,5,13,True,median spread 11.9c exceeds any plausible edge
KXNFLRETIRE,Sports,custom,quadratic,27,0,11.0,0.28,1.0,11.0,4.0,structured,13.84,1,0,3,1,0,,3,5,13,True,median spread 11.0c exceeds any plausible edge
KXNFLSEASONPASSYDS,Sports,custom,quadratic,120,0,19.0,0.325,0.6,6.7,30.0,structured,22.08,1,0,2,2,0,,3,5,13,True,median spread 19.0c exceeds any plausible edge
KXNFLSEASONRECYDS,Sports,custom,quadratic,195,0,15.0,0.26,0.503,6.3,45.0,structured,17.7,1,0,2,2,0,,3,5,13,True,median spread 15.0c exceeds any plausible edge
KXNFLSEASONRSHYDS,Sports,custom,quadratic,116,0,23.5,0.2975,0.672,9.1,25.0,structured,26.44,1,0,2,2,0,,3,5,13,True,median spread 23.5c exceeds any plausible edge
KXNFLTEAMDPTS,Sports,custom,quadratic,32,0,5.5,0.1425,0.188,0.0,32.0,structured,7.22,1,2,0,2,0,,3,5,13,True,no liquidity: zero median volume or quotes mostly absent
KXNFLTRADE,Sports,custom,quadratic,53,0,12.0,0.16,0.698,26.0,53.0,custom,13.9,1,0,2,2,0,,3,5,13,True,median spread 12.0c exceeds any plausible edge
KXNICKELSTOP,Politics,one_off,quadratic,1,0,3.9,0.0435,1.0,1185.1,1.0,,4.5,0,3,3,0,0,,2,5,13,True,no ground truth and no structural check (pure opinion)
KXNYAIBILL,Politics,one_off,quadratic,1,0,6.4,0.047,1.0,19392.7,1.0,,7.04,0,2,4,0,0,,2,5,13,True,no ground truth and no structural check (pure opinion)
KXNYCCHILDCARE,Politics,one_off,quadratic,1,0,4.1,0.0995,1.0,34960.8,1.0,,5.36,0,2,4,0,0,,2,5,13,True,no ground truth and no structural check (pure opinion)
KXNYCDEPTSAFETY,Politics,one_off,quadratic,1,0,5.0,0.125,1.0,29676.3,1.0,,6.54,0,2,4,0,0,,2,5,13,True,no ground truth and no structural check (pure opinion)
KXNYCGROCERY,Politics,one_off,quadratic,1,0,4.0,0.79,1.0,32810.6,1.0,,6.34,0,2,4,0,0,,2,5,13,True,no ground truth and no structural check (pure opinion)
KXNYCMINWAGE,Politics,one_off,quadratic,1,0,6.3,0.0885,1.0,17924.9,1.0,,7.44,0,2,4,0,0,,2,5,13,True,no ground truth and no structural check (pure opinion)
KXNYCPROPERTYTAX,Politics,one_off,quadratic,1,0,4.9,0.1155,1.0,11938.2,1.0,,6.34,0,2,4,0,0,,2,5,13,True,no ground truth and no structural check (pure opinion)
KXNZDUSD,Financials,weekly,quadratic,20,0,,,0.0,0.0,20.0,greater,,1,0,0,4,0,,3,5,13,True,no two-sided quotes: unpriceable and unfillable; no liquidity: zero median volume or quotes mostly absent
KXNZNBLGAME,Sports,custom,quadratic,2,0,13.5,0.4975,1.0,7343.0,2.0,structured,17.0,1,0,3,1,0,,3,5,13,True,median spread 13.5c exceeds any plausible edge
KXOAIDAMAGE,Science and Technology,custom,quadratic,1,0,4.0,0.6,1.0,8438.4,1.0,,7.36,0,2,3,0,0,,3,5,13,True,no ground truth and no structural check (pure opinion)
KXOHBRUNNER,Unknown,,quadratic,2,0,1.0,0.495,1.0,0.0,2.0,custom,4.5,1,3,0,1,0,,3,5,13,True,no liquidity: zero median volume or quotes mostly absent
KXOWGAME,Sports,custom,quadratic,16,0,17.0,0.565,1.0,529.9,2.0,structured,20.46,1,0,3,1,0,,3,5,13,True,median spread 17.0c exceeds any plausible edge
KXPAHOUSE,Unknown,,quadratic,4,0,52.95,0.4955,1.0,323.6,2.0,"custom,structured",56.45,1,0,3,1,0,,3,5,13,True,median spread 53.0c exceeds any plausible edge
KXPATIENTSMONOPOLIES,Politics,one_off,quadratic,1,0,3.3,0.0465,1.0,2160.1,1.0,,3.94,0,3,3,0,0,,2,5,13,True,no ground truth and no structural check (pure opinion)
KXPERFORMROLEMILESMORALES,Unknown,,quadratic,7,0,8.5,0.0925,0.857,273.4,7.0,,9.68,1,1,2,1,0,,3,5,13,True,median spread 8.5c exceeds any plausible edge
KXPERLIGA1TOTAL,Sports,custom,quadratic,24,0,6.0,0.3475,1.0,0.0,6.0,greater,9.18,1,1,0,3,0,,3,5,13,True,no liquidity: zero median volume or quotes mostly absent
KXPERSONMENTION,Unknown,,quadratic,12,0,12.0,0.1375,1.0,42.1,12.0,custom,13.68,1,0,2,2,0,,3,5,13,True,median spread 12.0c exceeds any plausible edge
KXPFCANCEL,Elections,one_off,quadratic,1,0,4.0,0.86,1.0,514.1,1.0,,5.7,0,2,3,0,0,,3,5,13,True,no ground truth and no structural check (pure opinion)
KXPGAPLAYOFF,Sports,custom,quadratic,1,0,9.0,0.195,1.0,1041.4,1.0,,11.2,1,1,3,0,0,,3,5,13,True,median spread 9.0c exceeds any plausible edge
KXPGAR1TOP10,Sports,custom,quadratic,147,0,4.0,0.16,0.034,0.0,147.0,structured,5.9,1,2,0,2,0,,3,5,13,True,no liquidity: zero median volume or quotes mostly absent
KXPLAYERDEAL,Sports,one_off,quadratic,6,0,10.0,0.315,1.0,132.0,6.0,custom,13.04,1,0,3,1,0,,3,5,13,True,median spread 10.0c exceeds any plausible edge
KXPOLIO,Science and Technology,custom,quadratic,1,0,4.0,0.12,1.0,9859.5,1.0,greater,5.48,0,2,3,0,0,,3,5,13,True,no ground truth and no structural check (pure opinion)
KXRAINLAXM,Unknown,,quadratic,14,0,98.0,0.5,0.5,1411.5,7.0,greater,101.5,1,0,1,3,0,,3,5,13,True,median spread 98.0c exceeds any plausible edge
KXRAINSFOM,Unknown,,quadratic,14,0,98.0,0.5,0.5,1304.7,7.0,greater,101.5,1,0,1,3,0,,3,5,13,True,median spread 98.0c exceeds any plausible edge
KXRANKLISTFFTE,Sports,custom,quadratic,16,0,9.0,0.075,0.562,31.1,16.0,structured,9.98,1,1,1,2,0,,3,5,13,True,median spread 9.0c exceeds any plausible edge
KXRANKLISTSONGTOP10,Unknown,,quadratic,43,0,5.0,0.96,0.302,0.0,21.5,custom,5.54,1,2,0,2,0,,3,5,13,True,no liquidity: zero median volume or quotes mostly absent
KXRENTFREEZEEFFECT,Politics,one_off,quadratic,1,0,2.0,0.71,1.0,629.2,1.0,,4.9,0,3,3,0,0,,2,5,13,True,no ground truth and no structural check (pure opinion)
KXRKLBCOUNT,Science and Technology,one_off,quadratic,13,0,6.0,0.65,1.0,0.0,13.0,greater,9.2,0,1,0,4,0,,3,5,13,True,no liquidity: zero median volume or quotes mostly absent
KXRMALEAVE,Sports,custom,quadratic,1,0,8.0,0.1,1.0,9524.4,1.0,custom,9.26,1,1,3,0,0,,3,5,13,True,median spread 8.0c exceeds any plausible edge
KXRUGBYNRLMATCH,Sports,custom,quadratic,27,0,57.0,0.355,1.0,7.5,3.0,structured,60.22,1,0,3,1,0,,3,5,13,True,median spread 57.0c exceeds any plausible edge
KXRUT,Financials,one_off,quadratic,14,0,,,0.0,121.0,14.0,greater_or_equal,,1,0,0,4,0,,3,5,13,True,no two-sided quotes: unpriceable and unfillable; no liquidity: zero median volume or quotes mostly absent
KXSCHWA,Financials,one_off,quadratic,9,0,6.0,0.43,1.0,0.0,9.0,greater,9.44,1,1,0,3,0,,3,5,13,True,no liquidity: zero median volume or quotes mostly absent
KXSCOTTISHPREM1HTOTAL,Sports,custom,quadratic,9,0,6.0,0.42,0.556,0.0,3.0,greater,9.42,1,1,0,3,0,,3,5,13,True,no liquidity: zero median volume or quotes mostly absent
KXSCOTTISHPREMTOTAL,Sports,custom,quadratic,18,0,6.0,0.455,1.0,0.0,6.0,greater,9.48,1,1,0,3,0,,3,5,13,True,no liquidity: zero median volume or quotes mostly absent
KXSHIBA,Crypto,daily,quadratic,28,0,,,0.0,0.0,28.0,custom,,3,0,0,2,0,,3,5,13,True,no two-sided quotes: unpriceable and unfillable; no liquidity: zero median volume or quotes mostly absent
KXSINNERFINISH,Sports,custom,quadratic,1,0,9.0,0.225,1.0,264.0,1.0,structured,11.46,1,1,3,0,0,,3,5,13,True,median spread 9.0c exceeds any plausible edge
KXSORONDO,Sports,one_off,quadratic,1,0,9.0,0.145,1.0,3151.2,1.0,,10.74,1,1,3,0,0,,3,5,13,True,median spread 9.0c exceeds any plausible edge
KXSWISSLEAGUETOTAL,Sports,custom,quadratic,18,0,5.0,0.61,0.944,0.0,6.0,greater,8.34,1,1,0,3,0,,3,5,13,True,no liquidity: zero median volume or quotes mostly absent
KXT20CANADAMATCH,Sports,custom,quadratic,6,0,16.5,0.4975,1.0,347.1,2.0,structured,20.0,1,0,3,1,0,,3,5,13,True,median spread 16.5c exceeds any plausible edge
KXTALARICOMENTION,Unknown,,quadratic,12,0,13.0,0.52,1.0,55.3,12.0,custom,16.5,1,0,2,2,0,,3,5,13,True,median spread 13.0c exceeds any plausible edge
KXTERMLIMITS,Politics,custom,quadratic,1,0,3.2,0.037,1.0,8415.8,1.0,,3.7,0,3,3,0,0,,2,5,13,True,no ground truth and no structural check (pure opinion)
KXTHUNEOUT,Politics,one_off,quadratic,1,0,4.0,0.03,1.0,233.6,1.0,,4.42,0,3,3,0,0,,2,5,13,True,no ground truth and no structural check (pure opinion)
KXTOPALBUMRECORDSWAG,Unknown,,quadratic,10,0,,,0.0,9116.4,10.0,greater,,1,0,0,4,0,,3,5,13,True,no two-sided quotes: unpriceable and unfillable; no liquidity: zero median volume or quotes mostly absent
KXTOPALBUMRUNNERUPUSA,Unknown,,quadratic,18,0,5.0,0.08,0.444,78.6,18.0,,6.04,1,2,0,2,0,,3,5,13,True,no liquidity: zero median volume or quotes mostly absent
KXTOPALBUMTHIRD,Unknown,,quadratic,17,0,9.0,0.09,0.471,307.0,17.0,,10.16,1,1,1,2,0,,3,5,13,True,median spread 9.0c exceeds any plausible edge
KXTOPSONGSPOTIFYUSA,Unknown,,quadratic,24,0,2.5,0.4425,0.083,2061.0,24.0,,5.96,1,2,0,2,0,,3,5,13,True,no liquidity: zero median volume or quotes mostly absent
KXTRUFCCI,Economics,monthly,quadratic,15,0,85.0,0.565,1.0,0.0,15.0,greater,88.46,1,0,0,4,0,,3,5,13,True,median spread 85.0c exceeds any plausible edge; no liquidity: zero median volume or quotes mostly absent
KXTRUFCMC,Economics,monthly,quadratic,15,0,85.0,0.565,1.0,0.0,15.0,greater,88.46,1,0,0,4,0,,3,5,13,True,median spread 85.0c exceeds any plausible edge; no liquidity: zero median volume or quotes mostly absent
KXTRUFEGGS,Economics,monthly,quadratic,10,0,85.0,0.565,1.0,0.0,10.0,greater,88.46,1,0,0,4,0,,3,5,13,True,median spread 85.0c exceeds any plausible edge; no liquidity: zero median volume or quotes mostly absent
KXTRUFHOUCPI,Economics,monthly,quadratic,15,0,85.0,0.565,1.0,0.0,15.0,greater,88.46,1,0,0,4,0,,3,5,13,True,median spread 85.0c exceeds any plausible edge; no liquidity: zero median volume or quotes mostly absent
KXTRUMPDELETE,Politics,one_off,quadratic,7,0,12.0,0.805,1.0,462.0,7.0,greater_or_equal,14.2,0,0,3,3,0,,2,5,13,True,median spread 12.0c exceeds any plausible edge
KXTRUMPPARDONFAMILY,Politics,one_off,quadratic,1,0,3.0,0.695,1.0,20484.4,1.0,,5.98,0,2,4,0,0,,2,5,13,True,no ground truth and no structural check (pure opinion)
KXTRUMPTARIFFHEAR,Politics,one_off,quadratic,1,0,5.0,0.165,1.0,30395.5,1.0,,6.94,0,2,4,0,0,,2,5,13,True,no ground truth and no structural check (pure opinion)
KXTSLAYOFF,Economics,one_off,quadratic,1,0,9.0,0.135,1.0,7586.9,1.0,,10.64,1,1,3,0,0,,3,5,13,True,median spread 9.0c exceeds any plausible edge
KXTVSEASONANNOUNCEEUP,Unknown,,quadratic,3,0,15.0,0.215,1.0,1319.2,3.0,,17.38,1,0,3,1,0,,3,5,13,True,median spread 15.0c exceeds any plausible edge
KXTXCOMPTROLLER,Unknown,,quadratic,2,0,1.0,0.5,1.0,0.0,2.0,custom,4.5,1,3,0,1,0,,3,5,13,True,no liquidity: zero median volume or quotes mostly absent
KXTXGLO,Unknown,,quadratic,2,0,1.0,0.5,1.0,0.0,2.0,custom,4.5,1,3,0,1,0,,3,5,13,True,no liquidity: zero median volume or quotes mostly absent
KXUECL1HSPREAD,Sports,custom,quadratic,84,0,8.0,0.25,0.143,0.0,2.0,greater,10.64,1,1,0,3,0,,3,5,13,True,no liquidity: zero median volume or quotes mostly absent
KXUECL1HTOTAL,Sports,custom,quadratic,126,0,8.0,0.3775,0.952,0.0,3.0,greater,11.3,1,1,0,3,0,,3,5,13,True,no liquidity: zero median volume or quotes mostly absent
KXUECLSCORE,Sports,custom,quadratic,1260,0,5.0,0.065,0.337,0.0,30.0,custom,5.86,1,2,0,2,0,,3,5,13,True,no liquidity: zero median volume or quotes mostly absent
KXUECLTOTAL,Sports,custom,quadratic,252,0,6.0,0.46,1.0,0.0,6.0,greater,9.48,1,1,0,3,0,,3,5,13,True,no liquidity: zero median volume or quotes mostly absent
KXUEFAEURO,Sports,custom,quadratic,30,0,4.5,0.08,0.333,0.0,30.0,structured,5.54,1,2,0,2,0,,3,5,13,True,no liquidity: zero median volume or quotes mostly absent
KXUEL1HSPREAD,Sports,custom,quadratic,18,0,5.0,0.335,0.056,0.0,2.0,greater,8.12,1,1,0,3,0,,3,5,13,True,no liquidity: zero median volume or quotes mostly absent
KXUELSCORE,Sports,custom,quadratic,270,0,6.0,0.06,0.352,0.0,30.0,custom,6.8,1,2,0,2,0,,3,5,13,True,no liquidity: zero median volume or quotes mostly absent
KXUKRETAIL,Economics,monthly,quadratic,8,0,7.0,0.33,1.0,0.0,8.0,greater,10.1,1,1,0,3,0,,3,5,13,True,no liquidity: zero median volume or quotes mostly absent
KXUMICHOVR,Economics,one_off,quadratic,1,0,10.0,0.13,1.0,4988.6,1.0,greater,11.6,1,1,3,0,0,,3,5,13,True,median spread 10.0c exceeds any plausible edge
KXUSAKIM,Politics,custom,quadratic,1,0,5.0,0.145,1.0,13704.3,1.0,,6.74,0,2,4,0,0,,2,5,13,True,no ground truth and no structural check (pure opinion)
KXUSDBRLAW,Financials,weekly,quadratic,20,0,,,0.0,0.0,20.0,greater,,1,0,0,4,0,,3,5,13,True,no two-sided quotes: unpriceable and unfillable; no liquidity: zero median volume or quotes mostly absent
KXUSDCADAW,Financials,weekly,quadratic,20,0,40.0,0.8,0.05,0.0,20.0,greater,42.24,1,0,0,4,0,,3,5,13,True,median spread 40.0c exceeds any plausible edge; no liquidity: zero median volume or quotes mostly absent
KXUSDCCAPACITY,Economics,annual,quadratic,9,0,6.0,0.82,1.0,0.0,9.0,greater,8.08,1,1,0,3,0,,3,5,13,True,no liquidity: zero median volume or quotes mostly absent
KXUSDCHFAW,Financials,weekly,quadratic,20,0,,,0.0,0.0,20.0,greater,,1,0,0,4,0,,3,5,13,True,no two-sided quotes: unpriceable and unfillable; no liquidity: zero median volume or quotes mostly absent
KXUSDINRAW,Financials,weekly,quadratic,20,0,,,0.0,0.0,20.0,greater,,1,0,0,4,0,,3,5,13,True,no two-sided quotes: unpriceable and unfillable; no liquidity: zero median volume or quotes mostly absent
KXUSDINTLPAY,Economics,annual,quadratic,7,0,7.0,0.535,1.0,0.0,7.0,greater,10.5,1,1,0,3,0,,3,5,13,True,no liquidity: zero median volume or quotes mostly absent
KXUSDJPYAW,Financials,weekly,quadratic,20,0,,,0.0,0.0,20.0,greater,,1,0,0,4,0,,3,5,13,True,no two-sided quotes: unpriceable and unfillable; no liquidity: zero median volume or quotes mostly absent
KXUSDMXNAW,Financials,weekly,quadratic,20,0,,,0.0,0.0,20.0,greater,,1,0,0,4,0,,3,5,13,True,no two-sided quotes: unpriceable and unfillable; no liquidity: zero median volume or quotes mostly absent
KXUSDNOKAW,Financials,weekly,quadratic,20,0,,,0.0,0.0,20.0,greater,,1,0,0,4,0,,3,5,13,True,no two-sided quotes: unpriceable and unfillable; no liquidity: zero median volume or quotes mostly absent
KXUSDSEKAW,Financials,weekly,quadratic,20,0,,,0.0,0.0,20.0,greater,,1,0,0,4,0,,3,5,13,True,no two-sided quotes: unpriceable and unfillable; no liquidity: zero median volume or quotes mostly absent
KXUSFUND,Politics,custom,quadratic,1,0,4.0,0.15,1.0,33239.4,1.0,,5.8,0,2,4,0,0,,2,5,13,True,no ground truth and no structural check (pure opinion)
KXUSINDEPENDENTCONGRESS,Unknown,,quadratic,1,0,8.0,0.47,1.0,5725.9,1.0,,11.5,1,1,3,0,0,,3,5,13,True,median spread 8.0c exceeds any plausible edge
KXUSL1HTOTAL,Sports,custom,quadratic,18,0,7.0,0.4,0.833,0.0,3.0,greater,10.36,1,1,0,3,0,,3,5,13,True,no liquidity: zero median volume or quotes mostly absent
KXUSMCA,Politics,custom,quadratic,1,0,4.9,0.0955,1.0,11522.8,1.0,,6.12,0,2,4,0,0,,2,5,13,True,no ground truth and no structural check (pure opinion)
KXVISITAREAKANYE,Unknown,,quadratic,1,0,29.0,0.205,1.0,11879.8,1.0,custom,31.3,1,0,4,0,0,,3,5,13,True,median spread 29.0c exceeds any plausible edge
KXWBCLIGHTWEIGHTTITLE,Sports,custom,quadratic,17,0,93.0,0.48,1.0,11.2,17.0,"custom,structured",96.5,1,0,2,2,0,,3,5,13,True,median spread 93.0c exceeds any plausible edge
KXWBCMIDDLEWEIGHTTITLE,Sports,custom,quadratic,19,0,94.0,0.48,1.0,3.0,19.0,"custom,structured",97.5,1,0,2,2,0,,3,5,13,True,median spread 94.0c exceeds any plausible edge
KXWCW,Sports,custom,quadratic,32,0,6.2,0.114,0.219,0.0,32.0,structured,7.62,1,2,0,2,0,,3,5,13,True,no liquidity: zero median volume or quotes mostly absent
KXWTIVSBRENT,Financials,custom,quadratic,2,0,19.0,0.505,1.0,7719.4,2.0,custom,22.5,1,0,3,1,0,,3,5,13,True,median spread 19.0c exceeds any plausible edge
SCOTREF,Politics,custom,quadratic,1,0,4.4,0.048,1.0,22178.6,1.0,,5.04,0,2,4,0,0,,2,5,13,True,no ground truth and no structural check (pure opinion)
SENATEIN,Unknown,,quadratic,2,0,38.95,0.4947,1.0,1214.6,2.0,structured,42.45,1,0,3,1,0,,3,5,13,True,median spread 39.0c exceeds any plausible edge
AMAZONFTC,Politics,custom,quadratic,1,0,5.0,0.465,1.0,29704.2,1.0,,8.5,0,1,4,0,0,,2,5,12,True,no ground truth and no structural check (pure opinion)
KXAAAGASMINNY,Politics,custom,quadratic,5,0,11.0,0.075,1.0,2578.7,5.0,,11.98,0,1,3,1,0,,2,5,12,True,median spread 11.0c exceeds any plausible edge
KXABRAHAMSY,Politics,custom,quadratic,1,0,7.0,0.205,1.0,37140.9,1.0,,9.3,0,1,4,0,0,,2,5,12,True,no ground truth and no structural check (pure opinion)
KXALBUMRELEASEDATETRIPPIE,Unknown,,quadratic,4,0,15.0,0.91,0.75,2860.9,4.0,,16.16,1,0,2,1,0,,3,5,12,True,median spread 15.0c exceeds any plausible edge
KXALLSVENSKANSPREAD,Sports,custom,quadratic,4,0,82.0,0.42,1.0,0.0,4.0,greater,85.42,1,0,0,3,0,,3,5,12,True,median spread 82.0c exceeds any plausible edge; no liquidity: zero median volume or quotes mostly absent
KXANTHROPICDOD,Politics,one_off,quadratic,1,0,6.0,0.55,1.0,17999.2,1.0,,9.48,0,1,4,0,0,,2,5,12,True,no ground truth and no structural check (pure opinion)
KXAPFDDHBTTS,Sports,custom,quadratic,4,0,8.0,0.46,1.0,2.1,1.0,,11.48,1,1,2,0,0,,3,5,12,True,median spread 8.0c exceeds any plausible edge
KXAPFDDHSPREAD,Sports,custom,quadratic,16,0,40.5,0.26,1.0,0.0,4.0,greater,43.2,1,0,0,3,0,,3,5,12,True,median spread 40.5c exceeds any plausible edge; no liquidity: zero median volume or quotes mostly absent
KXARGNACBSPREAD,Sports,custom,quadratic,36,0,97.0,0.495,1.0,0.0,4.0,greater,100.5,1,0,0,3,0,,3,5,12,True,median spread 97.0c exceeds any plausible edge; no liquidity: zero median volume or quotes mostly absent
KXARGNACBTOTAL,Sports,custom,quadratic,54,0,53.5,0.46,1.0,0.0,6.0,greater,56.98,1,0,0,3,0,,3,5,12,True,median spread 53.5c exceeds any plausible edge; no liquidity: zero median volume or quotes mostly absent
KXATPDOUBLES,Sports,custom,quadratic,6,0,34.5,0.51,1.0,5.2,2.0,structured,38.0,1,0,2,1,0,,3,5,12,True,median spread 34.5c exceeds any plausible edge
KXBEZELP,Financials,one_off,quadratic,1,0,12.0,0.07,1.0,9118.3,1.0,,12.92,1,0,3,0,0,,3,5,12,True,median spread 12.0c exceeds any plausible edge
KXBIDENAMBIEN,Politics,one_off,quadratic,1,0,3.0,0.205,1.0,8024.1,1.0,,5.3,0,2,3,0,0,,2,5,12,True,no ground truth and no structural check (pure opinion)
KXBILLBOARDRUNNERUPSONG,Unknown,,quadratic,43,0,83.0,0.425,0.419,50.0,21.5,custom,86.44,1,0,1,2,0,,3,5,12,True,median spread 83.0c exceeds any plausible edge
KXBLANCHEDISBAR,Politics,one_off,quadratic,1,0,5.0,0.105,1.0,258.3,1.0,,6.32,0,2,3,0,0,,2,5,12,True,no ground truth and no structural check (pure opinion)
KXBRASILEIRO1HSPREAD,Sports,custom,quadratic,4,0,,,0.0,1.0,2.0,greater,,1,0,0,3,0,,3,5,12,True,no two-sided quotes: unpriceable and unfillable; no liquidity: zero median volume or quotes mostly absent
KXBRDEP,Unknown,,quadratic,15,0,8.0,0.1175,0.267,0.0,15.0,custom,9.46,1,1,0,2,0,,3,5,12,True,median spread 8.0c exceeds any plausible edge; no liquidity: zero median volume or quotes mostly absent
KXBRGOVMOSTSEATS,Unknown,,quadratic,8,0,5.0,0.045,1.0,0.0,8.0,custom,5.62,1,2,0,1,0,,3,5,12,True,no liquidity: zero median volume or quotes mostly absent
KXBRPRES1MOV,Unknown,,quadratic,11,0,6.0,0.18,0.455,1.0,11.0,custom,8.08,1,1,0,2,0,,3,5,12,True,no liquidity: zero median volume or quotes mostly absent
KXCAC40,Financials,one_off,quadratic,4,0,,,0.0,589.4,4.0,greater_or_equal,,1,0,0,3,0,,3,5,12,True,no two-sided quotes: unpriceable and unfillable; no liquidity: zero median volume or quotes mostly absent
KXCANADACUP,Sports,custom,quadratic,1,0,33.0,0.475,1.0,6778.8,1.0,,36.5,1,0,3,0,0,,3,5,12,True,median spread 33.0c exceeds any plausible edge
KXCANHOME,Economics,annual,quadratic,1,0,10.0,0.24,1.0,232.0,1.0,greater,12.56,1,0,3,0,0,,3,5,12,True,median spread 10.0c exceeds any plausible edge
KXCANPLGAME,Sports,custom,quadratic,9,0,9.0,0.415,1.0,11.9,3.0,structured,12.4,1,0,2,1,0,,3,5,12,True,median spread 9.0c exceeds any plausible edge
KXCANPLSPREAD,Sports,custom,quadratic,12,0,45.5,0.385,1.0,0.0,4.0,greater,48.82,1,0,0,3,0,,3,5,12,True,median spread 45.5c exceeds any plausible edge; no liquidity: zero median volume or quotes mostly absent
KXCANPLTOTAL,Sports,custom,quadratic,16,0,56.5,0.48,1.0,0.0,6.0,greater,60.0,1,0,0,3,0,,3,5,12,True,median spread 56.5c exceeds any plausible edge; no liquidity: zero median volume or quotes mostly absent
KXCARROUT,Politics,one_off,quadratic,1,0,4.9,0.1055,1.0,2093.2,1.0,,6.24,0,2,3,0,0,,2,5,12,True,no ground truth and no structural check (pure opinion)
KXCBDECISIONINDIA,Economics,custom,quadratic,5,0,8.0,0.87,0.2,1097.5,5.0,custom,9.6,1,1,1,1,0,,3,5,12,True,median spread 8.0c exceeds any plausible edge
KXCFLTOTAL,Sports,custom,quadratic,15,0,57.0,0.535,1.0,0.0,5.0,greater,60.5,1,0,0,3,0,,3,5,12,True,median spread 57.0c exceeds any plausible edge; no liquidity: zero median volume or quotes mostly absent
KXCHESSGRANDTOUR,Sports,custom,quadratic,18,0,7.0,0.135,0.278,77.3,18.0,custom,8.64,1,1,0,2,0,,3,5,12,True,no liquidity: zero median volume or quotes mostly absent
KXCHLLDPSPREAD,Sports,custom,quadratic,20,0,86.0,0.4475,1.0,0.0,4.0,greater,89.48,1,0,0,3,0,,3,5,12,True,median spread 86.0c exceeds any plausible edge; no liquidity: zero median volume or quotes mostly absent
KXCHNSLSPREAD,Sports,custom,quadratic,20,0,19.5,0.295,1.0,0.0,4.0,greater,22.42,1,0,0,3,0,,3,5,12,True,median spread 19.5c exceeds any plausible edge; no liquidity: zero median volume or quotes mostly absent
KXCLUBFSPREAD,Sports,custom,quadratic,96,0,74.0,0.38,0.969,0.0,4.0,greater,77.3,1,0,0,3,0,,3,5,12,True,median spread 74.0c exceeds any plausible edge; no liquidity: zero median volume or quotes mostly absent
KXCLUBFTOTAL,Sports,custom,quadratic,144,0,72.0,0.45,1.0,0.0,6.0,greater,75.48,1,0,0,3,0,,3,5,12,True,median spread 72.0c exceeds any plausible edge; no liquidity: zero median volume or quotes mostly absent
KXCOACHOUTMLBDATE,Sports,custom,quadratic,3,0,15.5,0.2675,0.667,448.2,3.0,custom,18.26,1,0,2,1,0,,3,5,12,True,median spread 15.5c exceeds any plausible edge
KXCOLLEGERANK,Science and Technology,one_off,quadratic,8,0,19.5,0.57,1.0,1325.7,8.0,custom,22.94,0,0,3,1,0,,3,5,12,True,median spread 19.5c exceeds any plausible edge
KXCONGESTIONEND,Politics,custom,quadratic,1,0,6.3,0.0545,1.0,996.7,1.0,,7.04,0,2,3,0,0,,2,5,12,True,no ground truth and no structural check (pure opinion)
KXCONGRESSTRADES,Politics,annual,quadratic,10,0,30.1,0.1645,1.0,1116.8,10.0,custom,32.04,0,0,3,2,0,,2,5,12,True,median spread 30.1c exceeds any plausible edge
KXCONMEBOLLIB,Sports,custom,quadratic,16,0,9.0,0.055,0.438,11.7,16.0,structured,9.74,1,1,0,2,0,,3,5,12,True,median spread 9.0c exceeds any plausible edge; no liquidity: zero median volume or quotes mostly absent
KXCOPADOBRASIL1HSPREAD,Sports,custom,quadratic,4,0,,,0.0,0.0,2.0,greater,,1,0,0,3,0,,3,5,12,True,no two-sided quotes: unpriceable and unfillable; no liquidity: zero median volume or quotes mostly absent
KXCOPADOBRASILSPREAD,Sports,custom,quadratic,8,0,97.0,0.495,1.0,0.0,4.0,greater,100.5,1,0,0,3,0,,3,5,12,True,median spread 97.0c exceeds any plausible edge; no liquidity: zero median volume or quotes mostly absent
KXCOPADOBRASILTOTAL,Sports,custom,quadratic,12,0,92.5,0.5,1.0,0.0,6.0,greater,96.0,1,0,0,3,0,,3,5,12,True,median spread 92.5c exceeds any plausible edge; no liquidity: zero median volume or quotes mostly absent
KXCPICOREHEAD,Economics,monthly,quadratic,1,0,,,0.0,7283.6,1.0,,,4,0,0,0,0,,3,5,12,True,no two-sided quotes: unpriceable and unfillable; no liquidity: zero median volume or quotes mostly absent
KXCZEFLSPREAD,Sports,custom,quadratic,20,0,97.0,0.495,1.0,0.0,4.0,greater,100.5,1,0,0,3,0,,3,5,12,True,median spread 97.0c exceeds any plausible edge; no liquidity: zero median volume or quotes mostly absent
KXCZEFLTOTAL,Sports,custom,quadratic,30,0,10.0,0.5425,1.0,0.0,6.0,greater,13.48,1,0,0,3,0,,3,5,12,True,median spread 10.0c exceeds any plausible edge; no liquidity: zero median volume or quotes mostly absent
KXDATACENTER,Science and Technology,custom,quadratic,1,0,7.0,0.495,1.0,9552.4,1.0,,10.5,0,1,3,0,0,,3,5,12,True,no ground truth and no structural check (pure opinion)
KXDCEILEND,Politics,custom,quadratic,1,0,5.2,0.042,1.0,511.8,1.0,,5.78,0,2,3,0,0,,2,5,12,True,no ground truth and no structural check (pure opinion)
KXDEALR,Unknown,,quadratic,4,0,30.8,0.156,0.75,2015.8,4.0,custom,32.66,1,0,2,1,0,,3,5,12,True,median spread 30.8c exceeds any plausible edge
KXDENSUPERLIGAGAME,Sports,custom,quadratic,3,0,5.0,0.275,1.0,0.0,3.0,structured,7.8,1,2,0,1,0,,3,5,12,True,no liquidity: zero median volume or quotes mostly absent
KXDENSUPERLIGASPREAD,Sports,custom,quadratic,4,0,81.5,0.4175,1.0,0.0,4.0,greater,84.92,1,0,0,3,0,,3,5,12,True,median spread 81.5c exceeds any plausible edge; no liquidity: zero median volume or quotes mostly absent
KXDJTATTACKWARSH,Politics,one_off,quadratic,1,0,5.0,0.415,1.0,14551.3,1.0,,8.4,0,1,4,0,0,,2,5,12,True,no ground truth and no structural check (pure opinion)
KXDJTBBC,Politics,one_off,quadratic,1,0,5.0,0.195,1.0,1993.5,1.0,,7.2,0,2,3,0,0,,2,5,12,True,no ground truth and no structural check (pure opinion)
KXECONSTATCPI,Economics,custom,quadratic,46,0,9.0,0.1525,0.435,85.5,9.0,custom,10.82,1,1,1,1,0,,3,5,12,True,median spread 9.0c exceeds any plausible edge
KXECONSTATCPICORE,Economics,custom,quadratic,45,0,11.0,0.2275,0.444,220.0,8.0,custom,13.48,1,0,2,1,0,,3,5,12,True,median spread 11.0c exceeds any plausible edge
KXECULPSPREAD,Sports,custom,quadratic,8,0,70.0,0.4,1.0,0.0,4.0,greater,73.36,1,0,0,3,0,,3,5,12,True,median spread 70.0c exceeds any plausible edge; no liquidity: zero median volume or quotes mostly absent
KXEDWARDSOUT,Politics,one_off,quadratic,1,0,5.0,0.275,1.0,4175.6,1.0,custom,7.8,0,2,3,0,0,,2,5,12,True,no ground truth and no structural check (pure opinion)
KXEFLCUP1HSPREAD,Sports,custom,quadratic,2,0,,,0.0,0.0,2.0,greater,,1,0,0,3,0,,3,5,12,True,no two-sided quotes: unpriceable and unfillable; no liquidity: zero median volume or quotes mostly absent
KXEFLCUPSCORE,Sports,custom,quadratic,30,0,9.0,0.075,0.233,0.0,30.0,custom,9.98,1,1,0,2,0,,3,5,12,True,median spread 9.0c exceeds any plausible edge; no liquidity: zero median volume or quotes mostly absent
KXEFLCUPSPREAD,Sports,custom,quadratic,4,0,90.5,0.4625,1.0,0.0,4.0,greater,94.0,1,0,0,3,0,,3,5,12,True,median spread 90.5c exceeds any plausible edge; no liquidity: zero median volume or quotes mostly absent
KXEGGS,Economics,custom,quadratic_with_maker_fees,1,0,20.0,0.11,1.0,3892.8,1.0,greater,21.38,1,0,3,0,0,,3,5,12,True,median spread 20.0c exceeds any plausible edge
KXEKSTRAKLASASPREAD,Sports,custom,quadratic,16,0,90.0,0.4625,1.0,0.0,4.0,greater,93.5,1,0,0,3,0,,3,5,12,True,median spread 90.0c exceeds any plausible edge; no liquidity: zero median volume or quotes mostly absent
KXELITESERIENSPREAD,Sports,custom,quadratic,16,0,20.0,0.3675,1.0,0.0,4.0,greater,23.26,1,0,0,3,0,,3,5,12,True,median spread 20.0c exceeds any plausible edge; no liquidity: zero median volume or quotes mostly absent
KXEVERIFY,Politics,custom,quadratic,1,0,3.0,0.315,1.0,550.1,1.0,,6.04,0,2,3,0,0,,2,5,12,True,no ground truth and no structural check (pure opinion)
KXFDATYPE1DIABETES,Science and Technology,custom,quadratic,1,0,8.0,0.41,1.0,9239.2,1.0,,11.4,0,1,3,0,0,,3,5,12,True,no ground truth and no structural check (pure opinion); median spread 8.0c exceeds any plausible edge
KXFIREWORKRECORD,Politics,one_off,quadratic,1,0,6.0,0.83,1.0,827.6,1.0,custom,7.98,0,2,3,0,0,,2,5,12,True,no ground truth and no structural check (pure opinion)
KXFLIGHTSRUSSIA,Politics,custom,quadratic,1,0,4.9,0.1155,1.0,9904.4,1.0,,6.34,0,2,3,0,0,,2,5,12,True,no ground truth and no structural check (pure opinion)
KXFTA,Politics,custom,quadratic,1,0,7.0,0.435,1.0,24409.0,1.0,,10.46,0,1,4,0,0,,2,5,12,True,no ground truth and no structural check (pure opinion)
KXFULLTERMSKPRES,Politics,custom,quadratic,1,0,8.0,0.62,1.0,20114.5,1.0,,11.3,0,1,4,0,0,,2,5,12,True,no ground truth and no structural check (pure opinion); median spread 8.0c exceeds any plausible edge
KXGADST,Politics,one_off,quadratic,1,0,5.0,0.155,1.0,1874.6,1.0,,6.84,0,2,3,0,0,,2,5,12,True,no ground truth and no structural check (pure opinion)
KXHABEAS,Politics,one_off,quadratic,1,0,4.9,0.1055,1.0,3064.2,1.0,,6.24,0,2,3,0,0,,2,5,12,True,no ground truth and no structural check (pure opinion)
KXHNLSPREAD,Sports,custom,quadratic,12,0,89.5,0.495,1.0,0.0,4.0,greater,93.0,1,0,0,3,0,,3,5,12,True,median spread 89.5c exceeds any plausible edge; no liquidity: zero median volume or quotes mostly absent
KXHORMUZPEAK,Politics,one_off,quadratic,12,0,31.5,0.5125,0.833,696.7,6.0,greater,35.0,0,0,2,3,0,,2,5,12,True,median spread 31.5c exceeds any plausible edge
KXHURCAT,Unknown,,quadratic,8,0,,,0.0,25845.3,4.0,greater_or_equal,,1,0,0,3,0,,3,5,12,True,no two-sided quotes: unpriceable and unfillable; no liquidity: zero median volume or quotes mostly absent
KXICENICE,Politics,one_off,quadratic,1,0,6.0,0.11,1.0,373.0,1.0,,7.38,0,2,3,0,0,,2,5,12,True,no ground truth and no structural check (pure opinion)
KXINDJUDICIARY,Politics,one_off,quadratic,1,0,4.0,0.2,1.0,2721.8,1.0,,6.24,0,2,3,0,0,,2,5,12,True,no ground truth and no structural check (pure opinion)
KXIPOFANNIE,Financials,one_off,quadratic,11,0,74.0,0.385,0.273,2083.0,11.0,custom,77.32,1,0,1,2,0,,3,5,12,True,median spread 74.0c exceeds any plausible edge
KXJAN6CASES,Politics,custom,quadratic,1,0,5.0,0.215,1.0,6682.4,1.0,,7.38,0,2,3,0,0,,2,5,12,True,no ground truth and no structural check (pure opinion)
KXJAPANFOODTAX,Politics,one_off,quadratic,1,0,4.0,0.75,1.0,5511.1,1.0,,6.64,0,2,3,0,0,,2,5,12,True,no ground truth and no structural check (pure opinion)
KXJONESACTREPEAL,Politics,one_off,quadratic,1,0,4.8,0.086,1.0,7502.8,1.0,,5.92,0,2,3,0,0,,2,5,12,True,no ground truth and no structural check (pure opinion)
KXJUMANJI3DELAY,Unknown,,quadratic,1,0,11.0,0.245,1.0,2614.3,1.0,,13.6,1,0,3,0,0,,3,5,12,True,median spread 11.0c exceeds any plausible edge
KXKANYEISRAEL,Politics,one_off,quadratic,1,0,6.6,0.127,1.0,57890.7,1.0,,8.16,0,1,4,0,0,,2,5,12,True,no ground truth and no structural check (pure opinion)
KXKBO,Sports,custom,quadratic,10,0,25.5,0.2025,0.6,19.3,10.0,structured,27.78,1,0,1,2,0,,3,5,12,True,median spread 25.5c exceeds any plausible edge
KXKBOSPREAD,Sports,custom,quadratic,80,0,75.0,0.455,1.0,0.0,4.0,greater,78.48,1,0,0,3,0,,3,5,12,True,median spread 75.0c exceeds any plausible edge; no liquidity: zero median volume or quotes mostly absent
KXKBOTOTAL,Sports,custom,quadratic,80,0,67.0,0.585,1.0,0.0,4.0,greater,70.4,1,0,0,3,0,,3,5,12,True,median spread 67.0c exceeds any plausible edge; no liquidity: zero median volume or quotes mostly absent
KXKLEAGUE1H,Sports,custom,quadratic,9,0,4.0,0.34,1.0,0.0,3.0,structured,7.16,1,2,0,1,0,,3,5,12,True,no liquidity: zero median volume or quotes mostly absent
KXKLEAGUE1HSPREAD,Sports,custom,quadratic,6,0,,,0.0,0.0,2.0,greater,,1,0,0,3,0,,3,5,12,True,no two-sided quotes: unpriceable and unfillable; no liquidity: zero median volume or quotes mostly absent
KXKLEAGUESPREAD,Sports,custom,quadratic,12,0,12.0,0.165,0.917,0.0,4.0,greater,13.94,1,0,0,3,0,,3,5,12,True,median spread 12.0c exceeds any plausible edge; no liquidity: zero median volume or quotes mostly absent
KXKOSA,Politics,custom,quadratic,1,0,6.0,0.17,1.0,2220.2,1.0,,7.98,0,2,3,0,0,,2,5,12,True,no ground truth and no structural check (pure opinion)
KXKXSPOTIFYNUM1GLB,Unknown,,quadratic,9,0,,,0.0,3257.9,4.5,greater_or_equal,,1,0,0,3,0,,3,5,12,True,no two-sided quotes: unpriceable and unfillable; no liquidity: zero median volume or quotes mostly absent
KXLEADERMLBKS,Sports,custom,quadratic,27,0,7.0,0.145,0.111,0.0,27.0,structured,8.74,1,1,0,2,0,,3,5,12,True,no liquidity: zero median volume or quotes mostly absent
KXLEADERWNBA3PT,Sports,custom,quadratic,25,0,61.5,0.42,0.16,83.0,25.0,structured,64.92,1,0,1,2,0,,3,5,12,True,median spread 61.5c exceeds any plausible edge
KXLEAGUESCUP1HSPREAD,Sports,custom,quadratic,4,0,,,0.0,0.0,2.0,greater,,1,0,0,3,0,,3,5,12,True,no two-sided quotes: unpriceable and unfillable; no liquidity: zero median volume or quotes mostly absent
KXLEAGUESCUP1HTOTAL,Sports,custom,quadratic,6,0,,,0.0,0.0,3.0,greater,,1,0,0,3,0,,3,5,12,True,no two-sided quotes: unpriceable and unfillable; no liquidity: zero median volume or quotes mostly absent
KXLEAGUESCUPSPREAD,Sports,custom,quadratic,8,0,,,0.0,0.0,4.0,greater,,1,0,0,3,0,,3,5,12,True,no two-sided quotes: unpriceable and unfillable; no liquidity: zero median volume or quotes mostly absent
KXLEAGUESCUPTEAMTOTAL,Sports,custom,quadratic,12,0,,,0.0,0.0,6.0,greater,,1,0,0,3,0,,3,5,12,True,no two-sided quotes: unpriceable and unfillable; no liquidity: zero median volume or quotes mostly absent
KXLEAGUESCUPTOTAL,Sports,custom,quadratic,12,0,,,0.0,0.0,6.0,greater,,1,0,0,3,0,,3,5,12,True,no two-sided quotes: unpriceable and unfillable; no liquidity: zero median volume or quotes mostly absent
KXLEAVEHOUSECOMBO,Politics,one_off,quadratic,1,0,6.0,0.14,1.0,7404.0,1.0,,7.7,0,2,3,0,0,,2,5,12,True,no ground truth and no structural check (pure opinion)
KXLEAVESOCOMCOMMANDER,Politics,one_off,quadratic,1,0,7.1,0.0385,1.0,9307.0,1.0,,7.62,0,2,3,0,0,,2,5,12,True,no ground truth and no structural check (pure opinion)
KXLIGAEXP1HSPREAD,Sports,custom,quadratic,14,0,95.5,0.4975,0.143,0.0,2.0,greater,99.0,1,0,0,3,0,,3,5,12,True,median spread 95.5c exceeds any plausible edge; no liquidity: zero median volume or quotes mostly absent
KXLIGAEXP1HTOTAL,Sports,custom,quadratic,21,0,12.0,0.485,0.429,0.0,3.0,greater,15.5,1,0,0,3,0,,3,5,12,True,median spread 12.0c exceeds any plausible edge; no liquidity: zero median volume or quotes mostly absent
KXLIGAEXPSPREAD,Sports,custom,quadratic,28,0,98.0,0.5,1.0,0.0,4.0,greater,101.5,1,0,0,3,0,,3,5,12,True,median spread 98.0c exceeds any plausible edge; no liquidity: zero median volume or quotes mostly absent
KXLIGAEXPTOTAL,Sports,custom,quadratic,42,0,51.0,0.5,1.0,0.0,6.0,greater,54.5,1,0,0,3,0,,3,5,12,True,median spread 51.0c exceeds any plausible edge; no liquidity: zero median volume or quotes mostly absent
KXLIGAMX1HSPREAD,Sports,custom,quadratic,18,0,57.0,0.3025,1.0,0.0,2.0,greater,59.96,1,0,0,3,0,,3,5,12,True,median spread 57.0c exceeds any plausible edge; no liquidity: zero median volume or quotes mostly absent
KXLIGAMXFTTS,Sports,custom,quadratic,27,0,10.0,0.435,0.778,20.0,3.0,structured,13.46,1,0,2,1,0,,3,5,12,True,median spread 10.0c exceeds any plausible edge
KXMANAGEROUTDATE,Sports,custom,quadratic,5,0,9.0,0.495,0.6,3616.9,5.0,custom,12.5,1,0,2,1,0,,3,5,12,True,median spread 9.0c exceeds any plausible edge
KXMAXSHIPSHORMUZ,Unknown,,quadratic,6,0,,,0.0,5998.7,6.0,greater_or_equal,,1,0,0,3,0,,3,5,12,True,no two-sided quotes: unpriceable and unfillable; no liquidity: zero median volume or quotes mostly absent
KXMEDIAGUESTTBPN,Unknown,,quadratic,7,0,9.0,0.41,1.0,53.8,7.0,,12.4,1,0,2,1,0,,3,5,12,True,median spread 9.0c exceeds any plausible edge
KXMLBFASTPITCH,Sports,custom,quadratic,7,0,97.0,0.505,0.286,0.0,7.0,greater_or_equal,100.5,1,0,0,3,0,,3,5,12,True,median spread 97.0c exceeds any plausible edge; no liquidity: zero median volume or quotes mostly absent
KXMLBNLRELOTY,Sports,annual,quadratic,21,0,8.5,0.4725,0.095,26.0,21.0,custom,12.0,1,1,0,2,0,,3,5,12,True,median spread 8.5c exceeds any plausible edge; no liquidity: zero median volume or quotes mostly absent
KXMLBTEAMSTAT,Sports,custom,quadratic,120,0,8.0,0.085,0.175,0.0,30.0,structured,9.1,1,1,0,2,0,,3,5,12,True,median spread 8.0c exceeds any plausible edge; no liquidity: zero median volume or quotes mostly absent
KXMLS1HSPREAD,Sports,custom,quadratic,30,0,58.0,0.3,0.2,0.0,2.0,greater,60.94,1,0,0,3,0,,3,5,12,True,median spread 58.0c exceeds any plausible edge; no liquidity: zero median volume or quotes mostly absent
KXMLSFTTS,Sports,custom,quadratic,45,0,9.0,0.42,0.822,2.0,3.0,structured,12.42,1,0,2,1,0,,3,5,12,True,median spread 9.0c exceeds any plausible edge
KXMOVIERELEASEDATE,Unknown,,quadratic,9,0,9.0,0.605,1.0,45.0,3.0,,12.36,1,0,2,1,0,,3,5,12,True,median spread 9.0c exceeds any plausible edge
KXMUSICREPORT,Unknown,,quadratic,164,0,8.0,0.3,0.079,3068.4,24.0,custom,10.94,1,1,0,2,0,,3,5,12,True,no liquidity: zero median volume or quotes mostly absent
KXMUSKCHARGE,Politics,one_off,quadratic,1,0,5.5,0.1125,1.0,8479.4,1.0,,6.9,0,2,3,0,0,,2,5,12,True,no ground truth and no structural check (pure opinion)
KXNBAFIRSTOPPONENT,Sports,custom,quadratic,145,0,8.0,0.145,0.131,0.0,29.0,structured,9.74,1,1,0,2,0,,3,5,12,True,median spread 8.0c exceeds any plausible edge; no liquidity: zero median volume or quotes mostly absent
KXNBAMVPDPOY,Sports,custom,quadratic,1,0,10.0,0.33,1.0,950.9,1.0,structured,13.1,1,0,3,0,0,,3,5,12,True,median spread 10.0c exceeds any plausible edge
KXNBANEXTTEAM,Sports,custom,quadratic,155,0,9.0,0.15,0.135,0.0,31.0,structured,10.8,1,1,0,2,0,,3,5,12,True,median spread 9.0c exceeds any plausible edge; no liquidity: zero median volume or quotes mostly absent
KXNBANORTHWEST,Sports,annual,quadratic,5,0,17.0,0.1225,0.8,217.8,5.0,structured,18.52,1,0,2,1,0,,3,5,12,True,median spread 17.0c exceeds any plausible edge
KXNBAPACIFIC,Sports,annual,quadratic,5,0,10.0,0.185,0.8,651.4,5.0,structured,12.12,1,0,2,1,0,,3,5,12,True,median spread 10.0c exceeds any plausible edge
KXNBARELOCATION,Sports,custom,quadratic,11,0,6.0,0.46,0.182,0.0,11.0,custom,9.48,1,1,0,2,0,,3,5,12,True,no liquidity: zero median volume or quotes mostly absent
KXNBARETIRE,Sports,custom,quadratic,29,0,12.0,0.445,0.793,79.1,4.0,structured,15.46,1,0,2,1,0,,3,5,12,True,median spread 12.0c exceeds any plausible edge
KXNBASTARTERS,Sports,custom,quadratic,133,0,9.0,0.755,0.684,0.0,12.0,structured,11.6,1,1,0,2,0,,3,5,12,True,median spread 9.0c exceeds any plausible edge; no liquidity: zero median volume or quotes mostly absent
KXNBATRADE,Sports,custom,quadratic,46,0,57.0,0.485,0.5,22.8,46.0,structured,60.5,1,0,1,2,0,,3,5,12,True,median spread 57.0c exceeds any plausible edge
KXNBAWHATTEND,Sports,custom,quadratic,1,0,32.0,0.62,1.0,7876.1,1.0,,35.3,1,0,3,0,0,,3,5,12,True,median spread 32.0c exceeds any plausible edge
KXNBAXMASOPPONENT,Sports,custom,quadratic,150,0,9.0,0.13,0.187,0.0,30.0,"custom,structured",10.6,1,1,0,2,0,,3,5,12,True,median spread 9.0c exceeds any plausible edge; no liquidity: zero median volume or quotes mostly absent
KXNCAAFACCWINS,Sports,annual,quadratic,4,0,98.0,0.5,1.0,0.0,4.0,greater_or_equal,101.5,1,0,0,3,0,,3,5,12,True,median spread 98.0c exceeds any plausible edge; no liquidity: zero median volume or quotes mostly absent
KXNCAAFBIG12WINS,Sports,annual,quadratic,5,0,98.0,0.5,1.0,0.0,5.0,greater_or_equal,101.5,1,0,0,3,0,,3,5,12,True,median spread 98.0c exceeds any plausible edge; no liquidity: zero median volume or quotes mostly absent
KXNCAAFBIGTENWINS,Sports,annual,quadratic,7,0,18.5,0.365,0.857,0.0,7.0,greater_or_equal,21.76,1,0,0,3,0,,3,5,12,True,median spread 18.5c exceeds any plausible edge; no liquidity: zero median volume or quotes mostly absent
KXNCAAFPAC12QUAL,Sports,annual,quadratic,8,0,16.0,0.2675,1.0,1.0,8.0,structured,18.76,1,0,2,1,0,,3,5,12,True,median spread 16.0c exceeds any plausible edge
KXNCAAFTOPAPRANK,Sports,custom,quadratic,170,0,10.0,0.87,0.347,0.0,40.0,structured,11.6,1,1,0,2,0,,3,5,12,True,median spread 10.0c exceeds any plausible edge; no liquidity: zero median volume or quotes mostly absent
KXNCAAFWINS,Sports,annual,quadratic,583,0,19.0,0.5,0.907,0.0,8.0,greater_or_equal,22.5,1,0,0,3,0,,3,5,12,True,median spread 19.0c exceeds any plausible edge; no liquidity: zero median volume or quotes mostly absent
KXNCAAMBAPRANK,Sports,custom,quadratic,223,0,7.5,0.1575,0.054,0.0,11.0,structured,9.36,1,1,0,2,0,,3,5,12,True,no liquidity: zero median volume or quotes mostly absent
KXNCAAMBSEC,Sports,custom,quadratic,16,0,22.0,0.155,0.75,15.0,16.0,structured,23.84,1,0,1,2,0,,3,5,12,True,median spread 22.0c exceeds any plausible edge
KXNCAAMBWINS,Sports,custom,quadratic,100,0,97.0,0.495,1.0,0.0,5.0,greater_or_equal,100.5,1,0,0,3,0,,3,5,12,True,median spread 97.0c exceeds any plausible edge; no liquidity: zero median volume or quotes mostly absent
KXNCAAWBWINS,Sports,custom,quadratic,30,0,40.0,0.8,0.3,0.0,5.0,greater_or_equal,42.24,1,0,0,3,0,,3,5,12,True,median spread 40.0c exceeds any plausible edge; no liquidity: zero median volume or quotes mostly absent
KXNEXTTEAMMLB,Sports,custom,quadratic,372,0,9.0,0.1275,0.086,291.5,31.0,structured,10.56,1,1,0,2,0,,3,5,12,True,median spread 9.0c exceeds any plausible edge; no liquidity: zero median volume or quotes mostly absent
KXNFLDIVISIONWINS,Sports,custom,quadratic,64,0,23.0,0.7425,0.781,0.0,8.0,greater_or_equal,25.68,1,0,0,3,0,,3,5,12,True,median spread 23.0c exceeds any plausible edge; no liquidity: zero median volume or quotes mostly absent
KXNFLH2HWINS,Sports,custom,quadratic,22,0,15.0,0.56,0.773,50.1,2.0,structured,18.46,1,0,2,1,0,,3,5,12,True,median spread 15.0c exceeds any plausible edge
KXNFLNEXTTEAM,Sports,custom,quadratic,33,0,23.5,0.1675,0.242,42.5,33.0,structured,25.46,1,0,1,2,0,,3,5,12,True,median spread 23.5c exceeds any plausible edge
KXNFLTIES,Sports,custom,quadratic,4,0,97.0,0.505,0.75,0.0,4.0,greater_or_equal,100.5,1,0,0,3,0,,3,5,12,True,median spread 97.0c exceeds any plausible edge; no liquidity: zero median volume or quotes mostly absent
KXNFLWORSTTOFIRST,Sports,custom,quadratic,1,0,12.0,0.62,1.0,222.7,1.0,,15.3,1,0,3,0,0,,3,5,12,True,median spread 12.0c exceeds any plausible edge
KXNHLHART,Sports,annual,quadratic,28,0,8.5,0.0485,0.25,0.0,28.0,structured,9.16,1,1,0,2,0,,3,5,12,True,median spread 8.5c exceeds any plausible edge; no liquidity: zero median volume or quotes mostly absent
KXNPBSPREAD,Sports,custom,quadratic,72,0,63.0,0.435,1.0,0.0,4.0,greater,66.46,1,0,0,3,0,,3,5,12,True,median spread 63.0c exceeds any plausible edge; no liquidity: zero median volume or quotes mostly absent
KXNPBTOTAL,Sports,custom,quadratic,72,0,50.0,0.5,1.0,0.0,4.0,greater,53.5,1,0,0,3,0,,3,5,12,True,median spread 50.0c exceeds any plausible edge; no liquidity: zero median volume or quotes mostly absent
KXNWSLSPREAD,Sports,custom,quadratic,12,0,72.0,0.39,1.0,0.0,4.0,greater,75.34,1,0,0,3,0,,3,5,12,True,median spread 72.0c exceeds any plausible edge; no liquidity: zero median volume or quotes mostly absent
KXNYTRESTAURANTS,Unknown,,quadratic,36,0,9.0,0.115,1.0,0.0,36.0,,10.44,1,1,0,2,0,,3,5,12,True,median spread 9.0c exceeds any plausible edge; no liquidity: zero median volume or quotes mostly absent
KXONTARIOMINWAGE,Politics,one_off,quadratic,1,0,5.0,0.955,1.0,184.4,1.0,,5.62,0,2,3,0,0,,2,5,12,True,no ground truth and no structural check (pure opinion)
KXOTTAWAHOME,Economics,annual,quadratic,1,0,17.0,0.625,1.0,3021.8,1.0,less,20.3,1,0,3,0,0,,3,5,12,True,median spread 17.0c exceeds any plausible edge
KXOWGRRANK,Sports,custom,quadratic,70,0,20.5,0.8825,0.371,10.0,35.0,structured,21.96,1,0,1,2,0,,3,5,12,True,median spread 20.5c exceeds any plausible edge
KXPARLIAMENTARIAN,Politics,custom,quadratic,1,0,6.0,0.04,1.0,4566.8,1.0,,6.54,0,2,3,0,0,,2,5,12,True,no ground truth and no structural check (pure opinion)
KXPARTYLEAVE,Politics,annual,quadratic,1,0,3.0,0.255,1.0,924.1,1.0,,5.66,0,2,3,0,0,,2,5,12,True,no ground truth and no structural check (pure opinion)
KXPAVIAPRESEASON,Sports,custom,quadratic,1,0,10.0,0.36,1.0,3182.7,1.0,custom,13.24,1,0,3,0,0,,3,5,12,True,median spread 10.0c exceeds any plausible edge
KXPERFORMSUPERBOWL,Unknown,,quadratic,220,0,8.0,0.09,0.095,0.0,110.0,,9.16,1,1,0,2,0,,3,5,12,True,no liquidity: zero median volume or quotes mostly absent
KXPERLIGA1SPREAD,Sports,custom,quadratic,16,0,73.0,0.3775,1.0,0.0,4.0,greater,76.3,1,0,0,3,0,,3,5,12,True,median spread 73.0c exceeds any plausible edge; no liquidity: zero median volume or quotes mostly absent
KXPERSONUNRETIRE,Sports,custom,quadratic,1,0,11.0,0.245,1.0,6570.7,1.0,custom,13.6,1,0,3,0,0,,3,5,12,True,median spread 11.0c exceeds any plausible edge
KXPGAFUTURE,Sports,custom,quadratic,8,0,88.0,0.47,1.0,0.0,4.0,greater_or_equal,91.5,1,0,0,3,0,,3,5,12,True,median spread 88.0c exceeds any plausible edge; no liquidity: zero median volume or quotes mostly absent
KXPGAR1TOP5,Sports,custom,quadratic,147,0,11.0,0.075,0.007,0.0,147.0,structured,11.98,1,1,0,2,0,,3,5,12,True,median spread 11.0c exceeds any plausible edge; no liquidity: zero median volume or quotes mostly absent
KXPLLGAME,Sports,custom,quadratic,10,0,22.0,0.5075,1.0,21.3,2.0,structured,25.5,1,0,2,1,0,,3,5,12,True,median spread 22.0c exceeds any plausible edge
KXPOPCHANGESTATE10,Politics,one_off,quadratic,1,0,5.0,0.205,1.0,3158.7,1.0,,7.3,0,2,3,0,0,,2,5,12,True,no ground truth and no structural check (pure opinion)
KXPUBLICSWIFTLIVELY,Entertainment,one_off,quadratic,1,0,5.0,0.095,1.0,9209.6,1.0,custom,6.22,0,2,3,0,0,,2,5,12,True,no ground truth and no structural check (pure opinion)
KXQUEBEC,Unknown,,quadratic,1,0,10.0,0.23,1.0,3645.8,1.0,,12.48,1,0,3,0,0,,3,5,12,True,median spread 10.0c exceeds any plausible edge
KXRIPPLINGDEEL,Companies,custom,quadratic,1,0,8.0,0.61,1.0,2899.3,1.0,,11.34,0,1,3,0,0,,3,5,12,True,no ground truth and no structural check (pure opinion); median spread 8.0c exceeds any plausible edge
KXSAFEBANK,Politics,one_off,quadratic,1,0,4.0,0.15,1.0,5200.8,1.0,,5.8,0,2,3,0,0,,2,5,12,True,no ground truth and no structural check (pure opinion)
KXSBHOST,Sports,custom,quadratic,26,0,9.0,0.0825,0.231,0.0,26.0,custom,10.06,1,1,0,2,0,,3,5,12,True,median spread 9.0c exceeds any plausible edge; no liquidity: zero median volume or quotes mostly absent
KXSCOTTISHPREM1HSPREAD,Sports,custom,quadratic,6,0,,,0.0,0.0,2.0,greater,,1,0,0,3,0,,3,5,12,True,no two-sided quotes: unpriceable and unfillable; no liquidity: zero median volume or quotes mostly absent
KXSCOTTISHPREMSPREAD,Sports,custom,quadratic,12,0,83.0,0.425,1.0,0.0,4.0,greater,86.44,1,0,0,3,0,,3,5,12,True,median spread 83.0c exceeds any plausible edge; no liquidity: zero median volume or quotes mostly absent
KXSCOTUSAICOPYRIGHT,Politics,custom,quadratic,1,0,5.8,0.121,1.0,9660.0,1.0,,7.3,0,2,3,0,0,,2,5,12,True,no ground truth and no structural check (pure opinion)
KXSCOTUSAR15,Politics,one_off,quadratic,1,0,5.0,0.815,1.0,3847.6,1.0,,7.12,0,2,3,0,0,,2,5,12,True,no ground truth and no structural check (pure opinion)
KXSCOTUSCASE,Politics,one_off,quadratic,24,0,7.0,0.665,1.0,200.0,1.0,,10.12,0,1,4,0,0,,2,5,12,True,no ground truth and no structural check (pure opinion)
KXSCOTUSCERT3RD,Politics,custom,quadratic,1,0,5.9,0.1005,1.0,8270.7,1.0,,7.18,0,2,3,0,0,,2,5,12,True,no ground truth and no structural check (pure opinion)
KXSCOTUSCERTFLAG,Politics,one_off,quadratic,1,0,4.9,0.0545,1.0,3503.7,1.0,,5.64,0,2,3,0,0,,2,5,12,True,no ground truth and no structural check (pure opinion)
KXSENPARL,Politics,one_off,quadratic,1,0,5.0,0.115,1.0,7987.9,1.0,,6.44,0,2,3,0,0,,2,5,12,True,no ground truth and no structural check (pure opinion)
KXSOCIALSECURITYDEPLETE,Politics,one_off,quadratic,1,0,4.0,0.17,1.0,2160.8,1.0,custom,5.98,0,2,3,0,0,,2,5,12,True,no ground truth and no structural check (pure opinion)
KXSPOTIFYALBUMRELEASEDATEBABYBOI,Unknown,,quadratic,1,0,10.0,0.22,1.0,4936.9,1.0,,12.42,1,0,3,0,0,,3,5,12,True,median spread 10.0c exceeds any plausible edge
KXSTARTINGQBWEEK1,Sports,custom,quadratic,131,0,5.0,0.4925,0.137,0.0,15.0,custom,8.5,1,1,0,2,0,,3,5,12,True,no liquidity: zero median volume or quotes mostly absent
KXSUPERSONIC,Politics,custom,quadratic,1,0,5.0,0.645,1.0,19026.4,1.0,,8.22,0,1,4,0,0,,2,5,12,True,no ground truth and no structural check (pure opinion)
KXSWISSLEAGUEGAME,Sports,custom,quadratic,9,0,5.0,0.28,1.0,0.0,3.0,structured,7.84,1,2,0,1,0,,3,5,12,True,no liquidity: zero median volume or quotes mostly absent
KXTBTGAME,Sports,custom,quadratic,2,0,20.0,0.56,1.0,32.0,2.0,structured,23.46,1,0,2,1,0,,3,5,12,True,median spread 20.0c exceeds any plausible edge
KXTFWORLDRECORD,Sports,custom,quadratic,20,0,13.5,0.3075,0.9,11.8,10.0,,16.5,1,0,1,2,0,,3,5,12,True,median spread 13.5c exceeds any plausible edge
KXTITLEDTUESTOP,Sports,custom,quadratic,172,0,8.0,0.0825,0.686,0.0,57.0,custom,9.06,1,1,0,2,0,,3,5,12,True,no liquidity: zero median volume or quotes mostly absent
KXTOPALBUMTHIRDUSA,Unknown,,quadratic,17,0,9.5,0.0725,0.471,44.0,17.0,,10.46,1,1,0,2,0,,3,5,12,True,median spread 9.5c exceeds any plausible edge; no liquidity: zero median volume or quotes mostly absent
KXTWITCHSUBSPLAQUEBOYMAX,Unknown,,quadratic,4,0,17.0,0.285,0.75,0.0,4.0,greater,19.86,1,0,0,3,0,,3,5,12,True,median spread 17.0c exceeds any plausible edge; no liquidity: zero median volume or quotes mostly absent
KXUCL1HSPREAD,Sports,custom,quadratic,8,0,96.0,0.49,1.0,0.0,2.0,greater,99.5,1,0,0,3,0,,3,5,12,True,median spread 96.0c exceeds any plausible edge; no liquidity: zero median volume or quotes mostly absent
KXUCL1HTOTAL,Sports,custom,quadratic,12,0,94.0,0.48,1.0,0.0,3.0,greater,97.5,1,0,0,3,0,,3,5,12,True,median spread 94.0c exceeds any plausible edge; no liquidity: zero median volume or quotes mostly absent
KXUCLGAME,Sports,custom,quadratic_with_maker_fees,12,0,41.0,0.375,1.0,39.0,3.0,structured,44.3,1,0,2,1,0,,3,5,12,True,median spread 41.0c exceeds any plausible edge
KXUCLSPREAD,Sports,custom,quadratic,16,0,95.0,0.495,1.0,0.0,4.0,greater,98.5,1,0,0,3,0,,3,5,12,True,median spread 95.0c exceeds any plausible edge; no liquidity: zero median volume or quotes mostly absent
KXUCLTOTAL,Sports,custom,quadratic,24,0,95.0,0.485,1.0,0.0,6.0,greater,98.5,1,0,0,3,0,,3,5,12,True,median spread 95.0c exceeds any plausible edge; no liquidity: zero median volume or quotes mostly absent
KXUCSAT,Politics,one_off,quadratic,1,0,5.0,0.775,1.0,1200.1,1.0,,7.46,0,2,3,0,0,,2,5,12,True,no ground truth and no structural check (pure opinion)
KXUECLTEAMTOTAL,Sports,custom,quadratic,252,0,11.0,0.4875,0.881,0.0,6.0,greater,14.5,1,0,0,3,0,,3,5,12,True,median spread 11.0c exceeds any plausible edge; no liquidity: zero median volume or quotes mostly absent
KXUELTEAMTOTAL,Sports,custom,quadratic,54,0,9.0,0.435,0.981,0.0,6.0,greater,12.46,1,0,0,3,0,,3,5,12,True,median spread 9.0c exceeds any plausible edge; no liquidity: zero median volume or quotes mostly absent
KXUKRAINEEU,Politics,one_off,quadratic,1,0,4.0,0.11,1.0,3032.0,1.0,,5.38,0,2,3,0,0,,2,5,12,True,no ground truth and no structural check (pure opinion)
KXUKRENEWOB,Politics,one_off,quadratic,3,0,9.0,0.2,1.0,416.0,3.0,custom,11.24,0,1,3,1,0,,2,5,12,True,median spread 9.0c exceeds any plausible edge
KXURYPDSPREAD,Sports,custom,quadratic,32,0,44.0,0.3275,1.0,0.0,4.0,greater,47.1,1,0,0,3,0,,3,5,12,True,median spread 44.0c exceeds any plausible edge; no liquidity: zero median volume or quotes mostly absent
KXUSAMEASLESELIMINATE,Science and Technology,one_off,quadratic,1,0,6.0,0.82,1.0,2331.8,1.0,,8.08,0,1,3,0,0,,3,5,12,True,no ground truth and no structural check (pure opinion)
KXUSDBRLMAXM,Financials,monthly,quadratic,6,0,,,0.0,152.1,6.0,greater,,1,0,0,3,0,,3,5,12,True,no two-sided quotes: unpriceable and unfillable; no liquidity: zero median volume or quotes mostly absent
KXUSL1HSPREAD,Sports,custom,quadratic,12,0,96.0,0.5,0.083,0.0,2.0,greater,99.5,1,0,0,3,0,,3,5,12,True,median spread 96.0c exceeds any plausible edge; no liquidity: zero median volume or quotes mostly absent
KXUSLSPREAD,Sports,custom,quadratic,24,0,73.0,0.375,0.958,0.0,4.0,greater,76.3,1,0,0,3,0,,3,5,12,True,median spread 73.0c exceeds any plausible edge; no liquidity: zero median volume or quotes mostly absent
KXUSPSELECTION,Politics,one_off,quadratic,1,0,6.0,0.17,1.0,146.9,1.0,,7.98,0,2,3,0,0,,2,5,12,True,no ground truth and no structural check (pure opinion)
KXUSSAUDINUCLEAR,Politics,one_off,quadratic,1,0,5.0,0.245,1.0,5170.3,1.0,custom,7.6,0,2,3,0,0,,2,5,12,True,no ground truth and no structural check (pure opinion)
KXVENFUTVESPREAD,Sports,custom,quadratic,4,0,,,0.0,0.0,4.0,greater,,1,0,0,3,0,,3,5,12,True,no two-sided quotes: unpriceable and unfillable; no liquidity: zero median volume or quotes mostly absent
KXVENFUTVETOTAL,Sports,custom,quadratic,6,0,,,0.0,0.0,6.0,greater,,1,0,0,3,0,,3,5,12,True,no two-sided quotes: unpriceable and unfillable; no liquidity: zero median volume or quotes mostly absent
KXVFILMFESTIVAL,Unknown,,quadratic,191,0,7.0,0.105,0.11,0.0,21.0,custom,8.32,1,1,0,2,0,,3,5,12,True,no liquidity: zero median volume or quotes mostly absent
KXWAGESAT,Economics,custom,quadratic,1,0,27.0,0.845,1.0,331.1,1.0,less,28.84,1,0,3,0,0,,3,5,12,True,median spread 27.0c exceeds any plausible edge
KXWNBAFINAL,Sports,custom,quadratic,15,0,18.0,0.25,0.467,116.0,15.0,structured,20.64,1,0,1,2,0,,3,5,12,True,median spread 18.0c exceeds any plausible edge
KXWNBAPTSRECORD,Sports,custom,quadratic,1,0,85.0,0.495,1.0,132.2,1.0,greater_or_equal,88.5,1,0,3,0,0,,3,5,12,True,median spread 85.0c exceeds any plausible edge
KXWNBASEMIFINAL,Sports,custom,quadratic,15,0,22.0,0.475,0.467,200.0,15.0,structured,25.5,1,0,1,2,0,,3,5,12,True,median spread 22.0c exceeds any plausible edge
KXWTADOUBLES,Sports,one_off,quadratic,2,0,80.0,0.495,1.0,9.0,2.0,structured,83.5,1,0,2,1,0,,3,5,12,True,median spread 80.0c exceeds any plausible edge
KXWTAFINALSQUAL,Sports,custom,quadratic,20,0,17.5,0.72,0.5,150.0,20.0,structured,20.34,1,0,1,2,0,,3,5,12,True,median spread 17.5c exceeds any plausible edge
KXWTIWHEN,Unknown,,quadratic,13,0,24.0,0.27,0.846,502.0,6.5,,26.76,1,0,2,1,0,,3,5,12,True,median spread 24.0c exceeds any plausible edge
KX48ETAXCREDIT,Politics,one_off,quadratic,1,0,4.0,0.78,1.0,83.4,1.0,,6.42,0,2,2,0,0,,2,5,11,True,no ground truth and no structural check (pure opinion)
KXA100W,Science and Technology,weekly,quadratic,1,0,31.0,0.405,1.0,989.7,1.0,greater,34.38,0,0,3,0,0,,3,5,11,True,no ground truth and no structural check (pure opinion); median spread 31.0c exceeds any plausible edge
KXAAAGASMAXNY,Politics,custom,quadratic,8,0,10.85,0.1938,1.0,7491.5,8.0,,13.05,0,0,3,1,0,,2,5,11,True,median spread 10.9c exceeds any plausible edge
KXACAHSAFSA,Politics,one_off,quadratic,1,0,6.9,0.1055,1.0,3292.0,1.0,custom,8.24,0,1,3,0,0,,2,5,11,True,no ground truth and no structural check (pure opinion)
KXAFCA,Sports,custom,quadratic,24,0,19.5,0.1175,0.25,0.0,24.0,structured,20.96,1,0,0,2,0,,3,5,11,True,median spread 19.5c exceeds any plausible edge; no liquidity: zero median volume or quotes mostly absent
KXAFCON,Sports,custom,quadratic,27,0,24.0,0.135,0.185,0.0,27.0,structured,25.64,1,0,0,2,0,,3,5,11,True,median spread 24.0c exceeds any plausible edge; no liquidity: zero median volume or quotes mostly absent
KXALBERTAMINWAGE,Politics,one_off,quadratic,1,0,6.0,0.06,1.0,1.0,1.0,,6.8,0,2,2,0,0,,2,5,11,True,no ground truth and no structural check (pure opinion)
KXALBUMRELEASEDATEDUALIPA,Unknown,,quadratic,3,0,8.0,0.15,1.0,0.0,3.0,,9.8,1,1,0,1,0,,3,5,11,True,no liquidity: zero median volume or quotes mostly absent
KXALLSVENSKANGAME,Sports,custom,quadratic,3,0,6.0,0.22,1.0,0.0,3.0,structured,8.42,1,1,0,1,0,,3,5,11,True,no liquidity: zero median volume or quotes mostly absent
KXANDREWSUCCESSION,Politics,one_off,quadratic,1,0,9.0,0.535,1.0,14860.7,1.0,,12.5,0,0,4,0,0,,2,5,11,True,no ground truth and no structural check (pure opinion); median spread 9.0c exceeds any plausible edge
KXARGNACBGAME,Sports,custom,quadratic,27,0,7.0,0.335,1.0,0.0,3.0,structured,10.12,1,1,0,1,0,,3,5,11,True,no liquidity: zero median volume or quotes mostly absent
KXARGPREMDIVBTTS,Sports,custom,quadratic,9,0,9.0,0.415,1.0,1.6,1.0,,12.4,1,0,2,0,0,,3,5,11,True,median spread 9.0c exceeds any plausible edge
KXATPEXACTMATCH,Sports,custom,quadratic,28,0,9.0,0.265,0.964,0.0,4.0,custom,11.74,1,1,0,1,0,,3,5,11,True,median spread 9.0c exceeds any plausible edge; no liquidity: zero median volume or quotes mostly absent
KXB200W,Science and Technology,weekly,quadratic,1,0,21.0,0.205,1.0,969.8,1.0,greater,23.3,0,0,3,0,0,,3,5,11,True,no ground truth and no structural check (pure opinion); median spread 21.0c exceeds any plausible edge
KXBBCHARTPOSITIONALBUM,Unknown,,quadratic,280,0,,,0.0,0.0,10.0,structured,,1,0,0,2,0,,3,5,11,True,no two-sided quotes: unpriceable and unfillable; no liquidity: zero median volume or quotes mostly absent
KXBBCHARTPOSITIONSONG,Unknown,,quadratic,40,0,,,0.0,0.0,10.0,structured,,1,0,0,2,0,,3,5,11,True,no two-sided quotes: unpriceable and unfillable; no liquidity: zero median volume or quotes mostly absent
KXBIG3,Sports,custom,quadratic,8,0,59.0,0.335,0.875,33.3,8.0,structured,62.12,1,0,1,1,0,,3,5,11,True,median spread 59.0c exceeds any plausible edge
KXBILLBOARDRUNNERUPALBUM,Unknown,,quadratic,42,0,12.5,0.365,0.143,0.0,21.0,custom,15.76,1,0,0,2,0,,3,5,11,True,median spread 12.5c exceeds any plausible edge; no liquidity: zero median volume or quotes mostly absent
KXBOXINGMOV,Sports,custom,quadratic,15,0,6.5,0.39,0.4,0.0,5.0,custom,9.84,1,1,0,1,0,,3,5,11,True,no liquidity: zero median volume or quotes mostly absent
KXBRASILEIRO,Sports,annual,quadratic,20,0,10.0,0.41,0.15,26.6,20.0,structured,13.4,1,0,0,2,0,,3,5,11,True,median spread 10.0c exceeds any plausible edge; no liquidity: zero median volume or quotes mostly absent
KXBRASILEIRO1HBTTS,Sports,custom,quadratic,2,0,6.0,0.155,1.0,0.0,1.0,,7.84,1,2,0,0,0,,3,5,11,True,no liquidity: zero median volume or quotes mostly absent
KXBRASILEIROTOPX,Sports,annual,quadratic,40,0,77.0,0.4,0.75,0.0,20.0,structured,80.36,1,0,0,2,0,,3,5,11,True,median spread 77.0c exceeds any plausible edge; no liquidity: zero median volume or quotes mostly absent
KXBUNDESLIGARELEGATION,Sports,annual,quadratic,18,0,97.0,0.505,0.278,0.0,18.0,structured,100.5,1,0,0,2,0,,3,5,11,True,median spread 97.0c exceeds any plausible edge; no liquidity: zero median volume or quotes mostly absent
KXCANMIN19,Politics,one_off,quadratic,1,0,6.0,0.11,1.0,3.0,1.0,,7.38,0,2,2,0,0,,2,5,11,True,no ground truth and no structural check (pure opinion)
KXCANTARIFFSEFFECT,Politics,one_off,quadratic,1,0,8.0,0.35,1.0,1151.1,1.0,,11.2,0,1,3,0,0,,2,5,11,True,no ground truth and no structural check (pure opinion); median spread 8.0c exceeds any plausible edge
KXCASTRONG,Politics,one_off,quadratic,1,0,5.0,0.285,1.0,9.1,1.0,,7.86,0,2,2,0,0,,2,5,11,True,no ground truth and no structural check (pure opinion)
KXCBDECISIONCANADA,Economics,custom,quadratic,15,0,10.5,0.5075,0.4,233.0,5.0,custom,14.0,1,0,1,1,0,,3,5,11,True,median spread 10.5c exceeds any plausible edge
KXCBDECISIONMEXICO,Economics,custom,quadratic,7,0,13.5,0.5425,0.286,1508.5,7.0,custom,16.98,1,0,1,1,0,,3,5,11,True,median spread 13.5c exceeds any plausible edge
KXCBDECISIONNZ,Economics,custom,quadratic,5,0,15.0,0.455,0.4,2229.0,5.0,custom,18.48,1,0,1,1,0,,3,5,11,True,median spread 15.0c exceeds any plausible edge
KXCBDSA,Economics,custom,quadratic,5,0,12.0,0.285,0.6,66.0,5.0,custom,14.86,1,0,1,1,0,,3,5,11,True,median spread 12.0c exceeds any plausible edge
KXCHAMPTOURR1LEAD,Sports,custom,quadratic,79,0,,,0.0,0.0,79.0,structured,,1,0,0,2,0,,3,5,11,True,no two-sided quotes: unpriceable and unfillable; no liquidity: zero median volume or quotes mostly absent
KXCHLLDP,Sports,annual,quadratic,16,0,19.5,0.1925,0.25,0.0,16.0,structured,21.68,1,0,0,2,0,,3,5,11,True,median spread 19.5c exceeds any plausible edge; no liquidity: zero median volume or quotes mostly absent
KXCHLLDPGAME,Sports,custom,quadratic,15,0,5.0,0.34,1.0,0.0,3.0,structured,8.16,1,1,0,1,0,,3,5,11,True,no liquidity: zero median volume or quotes mostly absent
KXCHNSL,Sports,custom,quadratic,16,0,19.0,0.54,0.125,50.1,16.0,structured,22.48,1,0,0,2,0,,3,5,11,True,median spread 19.0c exceeds any plausible edge; no liquidity: zero median volume or quotes mostly absent
KXCHNSLGAME,Sports,custom,quadratic,15,0,6.0,0.25,1.0,0.0,3.0,structured,8.64,1,1,0,1,0,,3,5,11,True,no liquidity: zero median volume or quotes mostly absent
KXCOLLEGEGAMEDAY,Sports,custom,quadratic,83,0,33.0,0.495,0.277,0.0,14.5,custom,36.5,1,0,0,2,0,,3,5,11,True,median spread 33.0c exceeds any plausible edge; no liquidity: zero median volume or quotes mostly absent
KXCONCACAFGC,Sports,custom,quadratic,23,0,50.0,0.34,0.13,0.0,23.0,structured,53.16,1,0,0,2,0,,3,5,11,True,median spread 50.0c exceeds any plausible edge; no liquidity: zero median volume or quotes mostly absent
KXCONCACAFNL,Sports,custom,quadratic,41,0,19.0,0.475,0.073,0.0,16.0,structured,22.5,1,0,0,2,0,,3,5,11,True,median spread 19.0c exceeds any plausible edge; no liquidity: zero median volume or quotes mostly absent
KXCONMEBOLSUD1H,Sports,custom,quadratic,9,0,6.0,0.34,1.0,0.0,3.0,structured,9.16,1,1,0,1,0,,3,5,11,True,no liquidity: zero median volume or quotes mostly absent
KXCOPAAMERICA,Sports,custom,quadratic,22,0,20.0,0.225,0.273,0.0,22.0,structured,22.46,1,0,0,2,0,,3,5,11,True,median spread 20.0c exceeds any plausible edge; no liquidity: zero median volume or quotes mostly absent
KXCOPADOBRASIL,Sports,custom,quadratic,16,0,19.0,0.19,0.125,0.0,16.0,structured,21.16,1,0,0,2,0,,3,5,11,True,median spread 19.0c exceeds any plausible edge; no liquidity: zero median volume or quotes mostly absent
KXCROCKETTCAMPAIGN,Politics,one_off,quadratic,1,0,5.0,0.675,1.0,1898.8,1.0,custom,8.08,0,1,3,0,0,,2,5,11,True,no ground truth and no structural check (pure opinion)
KXCZEFLGAME,Sports,custom,quadratic,15,0,6.0,0.235,1.0,0.0,3.0,structured,8.52,1,1,0,1,0,,3,5,11,True,no liquidity: zero median volume or quotes mostly absent
KXDATACENTERMORATORIUM,Politics,one_off,quadratic,1,0,5.0,0.525,1.0,3615.9,1.0,,8.5,0,1,3,0,0,,2,5,11,True,no ground truth and no structural check (pure opinion)
KXEARNINGSMENTIONDUOL,Unknown,,quadratic,14,0,58.0,0.385,1.0,0.0,14.0,custom,61.32,1,0,0,2,0,,3,5,11,True,median spread 58.0c exceeds any plausible edge; no liquidity: zero median volume or quotes mostly absent
KXEARNINGSMENTIONSNAP,Unknown,,quadratic,15,0,41.0,0.325,1.0,0.0,15.0,custom,44.08,1,0,0,2,0,,3,5,11,True,median spread 41.0c exceeds any plausible edge; no liquidity: zero median volume or quotes mostly absent
KXEARNINGSMENTIONUBER,Unknown,,quadratic,20,0,67.5,0.38,1.0,0.0,20.0,custom,70.8,1,0,0,2,0,,3,5,11,True,median spread 67.5c exceeds any plausible edge; no liquidity: zero median volume or quotes mostly absent
KXEARNINGSMENTIONURBN,Unknown,,quadratic,14,0,53.5,0.3325,1.0,0.0,14.0,custom,56.62,1,0,0,2,0,,3,5,11,True,median spread 53.5c exceeds any plausible edge; no liquidity: zero median volume or quotes mostly absent
KXECULP,Sports,custom,quadratic,16,0,36.0,0.2025,0.5,0.0,16.0,structured,38.28,1,0,0,2,0,,3,5,11,True,median spread 36.0c exceeds any plausible edge; no liquidity: zero median volume or quotes mostly absent
KXEFLCUP1H,Sports,custom,quadratic,3,0,7.0,0.3,1.0,0.0,3.0,structured,9.96,1,1,0,1,0,,3,5,11,True,no liquidity: zero median volume or quotes mostly absent
KXEFLCUPGAME,Sports,custom,quadratic,3,0,7.0,0.295,1.0,0.0,3.0,structured,9.92,1,1,0,1,0,,3,5,11,True,no liquidity: zero median volume or quotes mostly absent
KXEKSTRAKLASAGAME,Sports,custom,quadratic,12,0,5.0,0.325,1.0,0.0,3.0,structured,8.08,1,1,0,1,0,,3,5,11,True,no liquidity: zero median volume or quotes mostly absent
KXEUROVISIONPARTICIPANTS,Unknown,,quadratic,37,0,11.0,0.915,1.0,0.0,37.0,custom,12.1,1,0,0,2,0,,3,5,11,True,median spread 11.0c exceeds any plausible edge; no liquidity: zero median volume or quotes mostly absent
KXFAINOUT,Politics,one_off,quadratic,1,0,4.0,0.33,1.0,18.0,1.0,custom,7.1,0,2,2,0,0,,2,5,11,True,no ground truth and no structural check (pure opinion)
KXFERCPJM,Politics,one_off,quadratic,1,0,5.0,0.385,1.0,390.1,1.0,custom,8.32,0,1,3,0,0,,2,5,11,True,no ground truth and no structural check (pure opinion)
KXFLINTMAYOR,Unknown,,quadratic,5,0,8.0,0.05,1.0,0.0,5.0,custom,8.68,1,1,0,1,0,,3,5,11,True,no liquidity: zero median volume or quotes mostly absent
KXGAVOTECHARGE,Politics,one_off,quadratic,1,0,6.0,0.28,1.0,9645.8,1.0,,8.84,0,1,3,0,0,,2,5,11,True,no ground truth and no structural check (pure opinion)
KXGOLFMAJOR,Sports,custom,quadratic,171,0,94.0,0.49,0.532,0.0,85.5,structured,97.5,1,0,0,2,0,,3,5,11,True,median spread 94.0c exceeds any plausible edge; no liquidity: zero median volume or quotes mostly absent
KXH100W,Science and Technology,weekly,quadratic,1,0,10.0,0.45,1.0,1396.0,1.0,greater,13.48,0,0,3,0,0,,3,5,11,True,no ground truth and no structural check (pure opinion); median spread 10.0c exceeds any plausible edge
KXH200W,Science and Technology,weekly,quadratic,1,0,20.0,0.82,1.0,2509.0,1.0,greater,22.08,0,0,3,0,0,,3,5,11,True,no ground truth and no structural check (pure opinion); median spread 20.0c exceeds any plausible edge
KXHNLGAME,Sports,custom,quadratic,9,0,6.0,0.295,1.0,0.0,3.0,structured,8.92,1,1,0,1,0,,3,5,11,True,no liquidity: zero median volume or quotes mostly absent
KXIPL,Sports,custom,quadratic,10,0,14.0,0.1125,1.0,0.0,10.0,structured,15.4,1,0,0,2,0,,3,5,11,True,median spread 14.0c exceeds any plausible edge; no liquidity: zero median volume or quotes mostly absent
KXKATZOUT,Politics,one_off,quadratic,1,0,5.0,0.465,1.0,3933.6,1.0,,8.5,0,1,3,0,0,,2,5,11,True,no ground truth and no structural check (pure opinion)
KXKFTOUR,Sports,custom,quadratic,156,0,11.0,0.081,0.032,0.0,156.0,structured,12.06,1,0,0,2,0,,3,5,11,True,median spread 11.0c exceeds any plausible edge; no liquidity: zero median volume or quotes mostly absent
KXKLEAGUE,Sports,annual,quadratic,12,0,59.0,0.405,0.25,0.0,12.0,structured,62.38,1,0,0,2,0,,3,5,11,True,median spread 59.0c exceeds any plausible edge; no liquidity: zero median volume or quotes mostly absent
KXKXMOVIEDELAYBATMANPT2,Unknown,,quadratic,1,0,10.0,0.21,1.0,6.2,1.0,,12.34,1,0,2,0,0,,3,5,11,True,median spread 10.0c exceeds any plausible edge
KXLALIGARELEGATION,Sports,annual,quadratic,20,0,97.0,0.505,0.55,0.0,20.0,structured,100.5,1,0,0,2,0,,3,5,11,True,median spread 97.0c exceeds any plausible edge; no liquidity: zero median volume or quotes mostly absent
KXLEADERMLBOPS,Sports,annual,quadratic,46,0,34.5,0.2075,0.087,8.5,46.0,custom,36.82,1,0,0,2,0,,3,5,11,True,median spread 34.5c exceeds any plausible edge; no liquidity: zero median volume or quotes mostly absent
KXLEADERMLBRUNS,Sports,annual,quadratic,62,0,10.0,0.44,0.032,1.5,62.0,custom,13.46,1,0,0,2,0,,3,5,11,True,median spread 10.0c exceeds any plausible edge; no liquidity: zero median volume or quotes mostly absent
KXLEADERNFLPINT,Sports,annual,quadratic,30,0,,,0.0,0.0,30.0,structured,,1,0,0,2,0,,3,5,11,True,no two-sided quotes: unpriceable and unfillable; no liquidity: zero median volume or quotes mostly absent
KXLEADERNFLRUSHTDS,Sports,annual,quadratic,25,0,21.0,0.155,0.6,0.0,25.0,structured,22.84,1,0,0,2,0,,3,5,11,True,median spread 21.0c exceeds any plausible edge; no liquidity: zero median volume or quotes mostly absent
KXLEAGUESCUPSCORE,Sports,custom,quadratic,60,0,,,0.0,0.0,30.0,custom,,1,0,0,2,0,,3,5,11,True,no two-sided quotes: unpriceable and unfillable; no liquidity: zero median volume or quotes mostly absent
KXLIGAEXP1HBTTS,Sports,custom,quadratic,7,0,88.0,0.49,1.0,14.0,1.0,,91.5,1,0,2,0,0,,3,5,11,True,median spread 88.0c exceeds any plausible edge
KXLIGUE1RELEGATION,Sports,annual,quadratic,18,0,,,0.0,0.0,18.0,structured,,1,0,0,2,0,,3,5,11,True,no two-sided quotes: unpriceable and unfillable; no liquidity: zero median volume or quotes mostly absent
KXLPGAR1LEAD,Sports,one_off,quadratic,146,0,22.0,0.14,0.034,0.0,146.0,structured,23.7,1,0,0,2,0,,3,5,11,True,median spread 22.0c exceeds any plausible edge; no liquidity: zero median volume or quotes mostly absent
KXLPGAR2LEAD,Sports,custom,quadratic,146,0,88.0,0.45,0.021,0.0,146.0,structured,91.48,1,0,0,2,0,,3,5,11,True,median spread 88.0c exceeds any plausible edge; no liquidity: zero median volume or quotes mostly absent
KXLPGAR3LEAD,Sports,one_off,quadratic,146,0,36.0,0.2,0.007,0.0,146.0,structured,38.24,1,0,0,2,0,,3,5,11,True,median spread 36.0c exceeds any plausible edge; no liquidity: zero median volume or quotes mostly absent
KXMANAGERSOUT,Sports,custom,quadratic,10,0,,,0.0,1374.2,10.0,custom,,1,0,0,2,0,,3,5,11,True,no two-sided quotes: unpriceable and unfillable; no liquidity: zero median volume or quotes mostly absent
KXMARMAD1SEED,Sports,annual,quadratic,71,0,38.0,0.29,0.127,0.0,71.0,structured,40.9,1,0,0,2,0,,3,5,11,True,median spread 38.0c exceeds any plausible edge; no liquidity: zero median volume or quotes mostly absent
KXMARMADROUND,Sports,annual,quadratic,560,0,66.0,0.385,0.286,0.0,112.0,structured,69.32,1,0,0,2,0,,3,5,11,True,median spread 66.0c exceeds any plausible edge; no liquidity: zero median volume or quotes mostly absent
KXMARMADSEED,Sports,annual,quadratic,444,0,,,0.0,0.0,111.0,structured,,1,0,0,2,0,,3,5,11,True,no two-sided quotes: unpriceable and unfillable; no liquidity: zero median volume or quotes mostly absent
KXMINASGOV,Unknown,,quadratic,6,0,12.0,0.335,0.333,960.7,6.0,custom,15.12,1,0,1,1,0,,3,5,11,True,median spread 12.0c exceeds any plausible edge
KXMLBCBA,Entertainment,custom,quadratic,1,0,9.0,0.085,1.0,2767.1,1.0,,10.1,0,1,3,0,0,,2,5,11,True,no ground truth and no structural check (pure opinion); median spread 9.0c exceeds any plausible edge
KXMLBNLHAARON,Sports,annual,quadratic,51,0,30.0,0.225,0.098,10.0,51.0,"custom,structured",32.46,1,0,0,2,0,,3,5,11,True,median spread 30.0c exceeds any plausible edge; no liquidity: zero median volume or quotes mostly absent
KXMLBRBI,Sports,custom,quadratic,40,0,6.5,0.165,0.95,0.0,4.0,structured,8.44,1,1,0,1,0,,3,5,11,True,no liquidity: zero median volume or quotes mostly absent
KXMLBSB,Sports,custom,quadratic,2,0,7.0,0.045,0.5,0.0,1.0,structured,7.62,1,2,0,0,0,,3,5,11,True,no liquidity: zero median volume or quotes mostly absent
KXMLS1H,Sports,custom,quadratic,45,0,5.0,0.35,1.0,0.0,3.0,structured,8.2,1,1,0,1,0,,3,5,11,True,no liquidity: zero median volume or quotes mostly absent
KXMVESPORTSMULTIGAMEEXTENDED,Unknown,,quadratic,400157,0,2.1,0.103,0.0,0.0,1.0,custom,3.4,0,4,0,0,0,,2,5,11,True,no ground truth and no structural check (pure opinion); no liquidity: zero median volume or quotes mostly absent; combo/multivariate only: legs priced elsewhere
KXNASDAQDUD,Financials,daily,quadratic,1,0,,,0.0,128.6,1.0,greater,,1,0,0,0,0,,5,5,11,True,no two-sided quotes: unpriceable and unfillable; no liquidity: zero median volume or quotes mostly absent
KXNATLEMERGENCY,Politics,one_off,quadratic,1,0,5.0,0.545,1.0,4105.0,1.0,,8.48,0,1,3,0,0,,2,5,11,True,no ground truth and no structural check (pure opinion)
KXNBACENTRAL,Sports,annual,quadratic,5,0,10.0,0.33,0.8,6.0,5.0,structured,13.1,1,0,1,1,0,,3,5,11,True,median spread 10.0c exceeds any plausible edge
KXNBACUP,Sports,annual,quadratic,30,0,20.0,0.15,0.2,0.0,30.0,structured,21.8,1,0,0,2,0,,3,5,11,True,median spread 20.0c exceeds any plausible edge; no liquidity: zero median volume or quotes mostly absent
KXNBACUPQUAL,Sports,custom,quadratic,60,0,,,0.0,0.0,30.0,structured,,1,0,0,2,0,,3,5,11,True,no two-sided quotes: unpriceable and unfillable; no liquidity: zero median volume or quotes mostly absent
KXNBADPOY,Sports,annual,quadratic,48,0,11.0,0.0825,0.25,0.0,48.0,"custom,structured",12.06,1,0,0,2,0,,3,5,11,True,median spread 11.0c exceeds any plausible edge; no liquidity: zero median volume or quotes mostly absent
KXNBAGAMESPECIALS,Sports,custom,quadratic,27,0,78.0,0.6,0.148,0.0,27.0,custom,81.36,1,0,0,2,0,,3,5,11,True,median spread 78.0c exceeds any plausible edge; no liquidity: zero median volume or quotes mostly absent
KXNBAHALLOFFAME,Sports,custom,quadratic,28,0,96.0,0.505,0.179,0.0,14.0,custom,99.5,1,0,0,2,0,,3,5,11,True,median spread 96.0c exceeds any plausible edge; no liquidity: zero median volume or quotes mostly absent
KXNBARECORD,Sports,custom,quadratic,60,0,29.5,0.1775,0.4,0.0,30.0,structured,31.56,1,0,0,2,0,,3,5,11,True,median spread 29.5c exceeds any plausible edge; no liquidity: zero median volume or quotes mostly absent
KXNCAAFAACQUAL,Sports,custom,quadratic,14,0,27.0,0.17,0.786,0.0,14.0,structured,28.98,1,0,0,2,0,,3,5,11,True,median spread 27.0c exceeds any plausible edge; no liquidity: zero median volume or quotes mostly absent
KXNCAAFACCQUAL,Sports,annual,quadratic,17,0,32.0,0.2175,0.588,0.0,17.0,structured,34.4,1,0,0,2,0,,3,5,11,True,median spread 32.0c exceeds any plausible edge; no liquidity: zero median volume or quotes mostly absent
KXNCAAFACCREGTOP,Sports,annual,quadratic,51,0,96.0,0.5,0.529,0.0,17.0,structured,99.5,1,0,0,2,0,,3,5,11,True,median spread 96.0c exceeds any plausible edge; no liquidity: zero median volume or quotes mostly absent
KXNCAAFAPANY,Sports,custom,quadratic,34,0,66.0,0.59,0.324,0.0,17.0,structured,69.4,1,0,0,2,0,,3,5,11,True,median spread 66.0c exceeds any plausible edge; no liquidity: zero median volume or quotes mostly absent
KXNCAAFAPRANK,Sports,custom,quadratic,156,0,65.0,0.345,0.186,0.0,13.0,structured,68.18,1,0,0,2,0,,3,5,11,True,median spread 65.0c exceeds any plausible edge; no liquidity: zero median volume or quotes mostly absent
KXNCAAFB10QUAL,Sports,annual,quadratic,18,0,31.0,0.255,0.611,0.0,18.0,structured,33.66,1,0,0,2,0,,3,5,11,True,median spread 31.0c exceeds any plausible edge; no liquidity: zero median volume or quotes mostly absent
KXNCAAFB12QUAL,Sports,annual,quadratic,16,0,45.5,0.2725,0.375,0.0,16.0,structured,48.28,1,0,0,2,0,,3,5,11,True,median spread 45.5c exceeds any plausible edge; no liquidity: zero median volume or quotes mostly absent
KXNCAAFB12REGTOP,Sports,annual,quadratic,48,0,98.0,0.5,0.396,0.0,16.0,structured,101.5,1,0,0,2,0,,3,5,11,True,median spread 98.0c exceeds any plausible edge; no liquidity: zero median volume or quotes mostly absent
KXNCAAFBIGTENREGTOP,Sports,annual,quadratic,54,0,94.0,0.51,0.5,0.0,18.0,structured,97.5,1,0,0,2,0,,3,5,11,True,median spread 94.0c exceeds any plausible edge; no liquidity: zero median volume or quotes mostly absent
KXNCAAFCUSAQUAL,Sports,annual,quadratic,10,0,57.0,0.3025,1.0,0.0,10.0,structured,59.96,1,0,0,2,0,,3,5,11,True,median spread 57.0c exceeds any plausible edge; no liquidity: zero median volume or quotes mostly absent
KXNCAAFMACQUAL,Sports,annual,quadratic,13,0,49.0,0.255,0.308,0.0,13.0,structured,51.66,1,0,0,2,0,,3,5,11,True,median spread 49.0c exceeds any plausible edge; no liquidity: zero median volume or quotes mostly absent
KXNCAAFQF,Sports,custom,quadratic,50,0,14.0,0.205,0.6,0.0,50.0,structured,16.3,1,0,0,2,0,,3,5,11,True,median spread 14.0c exceeds any plausible edge; no liquidity: zero median volume or quotes mostly absent
KXNCAAFSBELTQUAL,Sports,annual,quadratic,14,0,65.0,0.415,0.5,0.0,14.0,structured,68.4,1,0,0,2,0,,3,5,11,True,median spread 65.0c exceeds any plausible edge; no liquidity: zero median volume or quotes mostly absent
KXNCAAFSECQ,Sports,annual,quadratic,16,0,40.0,0.3875,0.625,0.0,16.0,structured,43.34,1,0,0,2,0,,3,5,11,True,median spread 40.0c exceeds any plausible edge; no liquidity: zero median volume or quotes mostly absent
KXNCAAFSECREGTOP,Sports,annual,quadratic,48,0,25.0,0.25,0.896,0.0,16.0,structured,27.64,1,0,0,2,0,,3,5,11,True,median spread 25.0c exceeds any plausible edge; no liquidity: zero median volume or quotes mostly absent
KXNCAAFSF,Sports,custom,quadratic,50,0,13.0,0.2675,0.24,0.0,50.0,structured,15.76,1,0,0,2,0,,3,5,11,True,median spread 13.0c exceeds any plausible edge; no liquidity: zero median volume or quotes mostly absent
KXNCAALAX,Sports,custom,quadratic,48,0,28.0,0.15,0.312,0.0,48.0,structured,29.8,1,0,0,2,0,,3,5,11,True,median spread 28.0c exceeds any plausible edge; no liquidity: zero median volume or quotes mostly absent
KXNCAAMBACC,Sports,custom,quadratic,18,0,34.0,0.205,0.167,0.0,18.0,structured,36.3,1,0,0,2,0,,3,5,11,True,median spread 34.0c exceeds any plausible edge; no liquidity: zero median volume or quotes mostly absent
KXNCAAMBACCREG,Sports,custom,quadratic,18,0,,,0.0,0.0,18.0,structured,,1,0,0,2,0,,3,5,11,True,no two-sided quotes: unpriceable and unfillable; no liquidity: zero median volume or quotes mostly absent
KXNCAAMBACCREGTOP,Sports,custom,quadratic,54,0,,,0.0,0.0,18.0,structured,,1,0,0,2,0,,3,5,11,True,no two-sided quotes: unpriceable and unfillable; no liquidity: zero median volume or quotes mostly absent
KXNCAAMBBIG10,Sports,custom,quadratic,18,0,25.0,0.145,0.611,0.0,18.0,structured,26.74,1,0,0,2,0,,3,5,11,True,median spread 25.0c exceeds any plausible edge; no liquidity: zero median volume or quotes mostly absent
KXNCAAMBBIG12,Sports,custom,quadratic,16,0,27.0,0.145,0.688,0.0,16.0,structured,28.74,1,0,0,2,0,,3,5,11,True,median spread 27.0c exceeds any plausible edge; no liquidity: zero median volume or quotes mostly absent
KXNCAAMBBIG12REG,Sports,custom,quadratic,16,0,,,0.0,0.0,16.0,structured,,1,0,0,2,0,,3,5,11,True,no two-sided quotes: unpriceable and unfillable; no liquidity: zero median volume or quotes mostly absent
KXNCAAMBBIG12REGTOP,Sports,custom,quadratic,48,0,,,0.0,0.0,16.0,structured,,1,0,0,2,0,,3,5,11,True,no two-sided quotes: unpriceable and unfillable; no liquidity: zero median volume or quotes mostly absent
KXNCAAMBBIGEAST,Sports,custom,quadratic,11,0,40.5,0.2225,0.364,0.0,11.0,structured,42.94,1,0,0,2,0,,3,5,11,True,median spread 40.5c exceeds any plausible edge; no liquidity: zero median volume or quotes mostly absent
KXNCAAMBBIGEASTREG,Sports,custom,quadratic,11,0,,,0.0,0.0,11.0,structured,,1,0,0,2,0,,3,5,11,True,no two-sided quotes: unpriceable and unfillable; no liquidity: zero median volume or quotes mostly absent
KXNCAAMBBIGEASTREGTOP,Sports,custom,quadratic,33,0,,,0.0,0.0,11.0,structured,,1,0,0,2,0,,3,5,11,True,no two-sided quotes: unpriceable and unfillable; no liquidity: zero median volume or quotes mostly absent
KXNCAAMBBIGTENREG,Sports,custom,quadratic,18,0,,,0.0,0.0,18.0,structured,,1,0,0,2,0,,3,5,11,True,no two-sided quotes: unpriceable and unfillable; no liquidity: zero median volume or quotes mostly absent
KXNCAAMBBIGTENREGTOP,Sports,custom,quadratic,54,0,,,0.0,0.0,18.0,structured,,1,0,0,2,0,,3,5,11,True,no two-sided quotes: unpriceable and unfillable; no liquidity: zero median volume or quotes mostly absent
KXNCAAMBBSKY,Sports,custom,quadratic,11,0,95.0,0.485,0.909,0.0,11.0,structured,98.5,1,0,0,2,0,,3,5,11,True,median spread 95.0c exceeds any plausible edge; no liquidity: zero median volume or quotes mostly absent
KXNCAAMBCAA,Sports,custom,quadratic,13,0,,,0.0,0.0,13.0,structured,,1,0,0,2,0,,3,5,11,True,no two-sided quotes: unpriceable and unfillable; no liquidity: zero median volume or quotes mostly absent
KXNCAAMBHOR,Sports,custom,quadratic,12,0,,,0.0,0.0,12.0,structured,,1,0,0,2,0,,3,5,11,True,no two-sided quotes: unpriceable and unfillable; no liquidity: zero median volume or quotes mostly absent
KXNCAAMBKENPOMTOP,Sports,custom,quadratic,43,0,48.0,0.74,0.023,0.0,43.0,structured,50.7,1,0,0,2,0,,3,5,11,True,median spread 48.0c exceeds any plausible edge; no liquidity: zero median volume or quotes mostly absent
KXNCAAMBNEC,Sports,custom,quadratic,10,0,94.5,0.4825,1.0,0.0,10.0,structured,98.0,1,0,0,2,0,,3,5,11,True,median spread 94.5c exceeds any plausible edge; no liquidity: zero median volume or quotes mostly absent
KXNCAAMBSECREG,Sports,custom,quadratic,16,0,,,0.0,0.0,16.0,structured,,1,0,0,2,0,,3,5,11,True,no two-sided quotes: unpriceable and unfillable; no liquidity: zero median volume or quotes mostly absent
KXNCAAMBSECREGTOP,Sports,custom,quadratic,48,0,88.0,0.54,0.021,0.0,16.0,structured,91.48,1,0,0,2,0,,3,5,11,True,median spread 88.0c exceeds any plausible edge; no liquidity: zero median volume or quotes mostly absent
KXNCAAMBSOCON,Sports,custom,quadratic,11,0,95.0,0.485,0.818,0.0,11.0,structured,98.5,1,0,0,2,0,,3,5,11,True,median spread 95.0c exceeds any plausible edge; no liquidity: zero median volume or quotes mostly absent
KXNCAAMBTOPAPRANK,Sports,custom,quadratic,118,0,78.0,0.535,0.441,0.0,43.0,structured,81.5,1,0,0,2,0,,3,5,11,True,median spread 78.0c exceeds any plausible edge; no liquidity: zero median volume or quotes mostly absent
KXNCAAWBAPRANK,Sports,custom,quadratic,224,0,,,0.0,0.0,14.0,structured,,1,0,0,2,0,,3,5,11,True,no two-sided quotes: unpriceable and unfillable; no liquidity: zero median volume or quotes mostly absent
KXNCAAWBUNDEFEATED,Sports,annual,quadratic,30,0,20.0,0.14,0.067,0.0,30.0,structured,21.7,1,0,0,2,0,,3,5,11,True,median spread 20.0c exceeds any plausible edge; no liquidity: zero median volume or quotes mostly absent
KXNCSUPREMECOURT,Unknown,,quadratic,2,0,7.0,0.5,1.0,0.0,2.0,custom,10.5,1,1,0,1,0,,3,5,11,True,no liquidity: zero median volume or quotes mostly absent
KXNETFLIXRANKMOVIEGLOBAL2,Unknown,,quadratic,10,0,25.0,0.33,0.2,0.0,10.0,custom,28.1,1,0,0,2,0,,3,5,11,True,median spread 25.0c exceeds any plausible edge; no liquidity: zero median volume or quotes mostly absent
KXNEWCITY,Politics,custom,quadratic,1,0,6.0,0.36,1.0,5677.0,1.0,,9.24,0,1,3,0,0,,2,5,11,True,no ground truth and no structural check (pure opinion)
KXNEWROLEFAZE,Financials,one_off,quadratic,12,0,93.0,0.505,0.417,14.5,12.0,,96.5,1,0,0,2,0,,3,5,11,True,median spread 93.0c exceeds any plausible edge; no liquidity: zero median volume or quotes mostly absent
KXNEXTATLFED,Unknown,,quadratic,5,0,6.0,0.22,1.0,0.0,5.0,custom,8.42,1,1,0,1,0,,3,5,11,True,no liquidity: zero median volume or quotes mostly absent
KXNEXTTEAMNHL,Sports,custom,quadratic,230,0,19.0,0.475,0.048,0.0,33.0,structured,22.5,1,0,0,2,0,,3,5,11,True,median spread 19.0c exceeds any plausible edge; no liquidity: zero median volume or quotes mostly absent
KXNFLDIVISIONORDER,Sports,custom,quadratic,192,0,57.0,0.335,0.115,0.0,24.0,custom,60.12,1,0,0,2,0,,3,5,11,True,median spread 57.0c exceeds any plausible edge; no liquidity: zero median volume or quotes mostly absent
KXNFLDIVMOSTWINS,Sports,custom,quadratic,8,0,9.0,0.215,0.5,73.4,8.0,custom,11.38,1,1,0,1,0,,3,5,11,True,median spread 9.0c exceeds any plausible edge; no liquidity: zero median volume or quotes mostly absent
KXNFLDRAFTTOP,Sports,annual,quadratic,19,0,36.0,0.27,0.789,0.0,19.0,custom,38.76,1,0,0,2,0,,3,5,11,True,median spread 36.0c exceeds any plausible edge; no liquidity: zero median volume or quotes mostly absent
KXNFLGAMESPECIALS,Sports,custom,quadratic,26,0,,,0.0,0.0,26.0,custom,,1,0,0,2,0,,3,5,11,True,no two-sided quotes: unpriceable and unfillable; no liquidity: zero median volume or quotes mostly absent
KXNFLHALLOFFAME,Sports,custom,quadratic,28,0,93.0,0.485,0.321,0.0,28.0,custom,96.5,1,0,0,2,0,,3,5,11,True,median spread 93.0c exceeds any plausible edge; no liquidity: zero median volume or quotes mostly absent
KXNFLMATCHUP,Sports,custom,quadratic,496,0,50.0,0.26,0.062,0.0,120.0,custom,52.7,1,0,0,2,0,,3,5,11,True,median spread 50.0c exceeds any plausible edge; no liquidity: zero median volume or quotes mostly absent
KXNFLOWNERSTAKE,Sports,custom,quadratic,33,0,,,0.0,0.0,33.0,structured,,1,0,0,2,0,,3,5,11,True,no two-sided quotes: unpriceable and unfillable; no liquidity: zero median volume or quotes mostly absent
KXNFLSEASONREC,Sports,custom,quadratic,169,0,17.0,0.275,0.101,0.0,45.0,structured,19.8,1,0,0,2,0,,3,5,11,True,median spread 17.0c exceeds any plausible edge; no liquidity: zero median volume or quotes mostly absent
KXNFLSEASONRECTD,Sports,custom,quadratic,181,0,24.0,0.345,0.138,0.0,45.0,structured,27.18,1,0,0,2,0,,3,5,11,True,median spread 24.0c exceeds any plausible edge; no liquidity: zero median volume or quotes mostly absent
KXNFLSEASONRSHTD,Sports,custom,quadratic,233,0,20.5,0.32,0.266,0.0,44.5,structured,23.56,1,0,0,2,0,,3,5,11,True,median spread 20.5c exceeds any plausible edge; no liquidity: zero median volume or quotes mostly absent
KXNFLT100,Sports,custom,quadratic,150,0,44.0,0.4275,0.053,0.0,50.0,structured,47.44,1,0,0,2,0,,3,5,11,True,median spread 44.0c exceeds any plausible edge; no liquidity: zero median volume or quotes mostly absent
KXNFLT100TOP,Sports,custom,quadratic,150,0,21.5,0.81,0.12,0.0,50.0,structured,23.66,1,0,0,2,0,,3,5,11,True,median spread 21.5c exceeds any plausible edge; no liquidity: zero median volume or quotes mostly absent
KXNFLTEAMPTS,Sports,custom,quadratic,64,0,13.0,0.12,0.094,0.0,32.0,structured,14.48,1,0,0,2,0,,3,5,11,True,median spread 13.0c exceeds any plausible edge; no liquidity: zero median volume or quotes mostly absent
KXNFLWPMOTY,Sports,custom,quadratic,31,0,,,0.0,0.0,31.0,structured,,1,0,0,2,0,,3,5,11,True,no two-sided quotes: unpriceable and unfillable; no liquidity: zero median volume or quotes mostly absent
KXPERLIGA1,Sports,custom,quadratic,18,0,71.0,0.465,0.056,0.0,18.0,structured,74.5,1,0,0,2,0,,3,5,11,True,median spread 71.0c exceeds any plausible edge; no liquidity: zero median volume or quotes mostly absent
KXPGACOMPETE,Sports,custom,quadratic,142,0,96.0,0.495,0.085,0.0,71.0,structured,99.5,1,0,0,2,0,,3,5,11,True,median spread 96.0c exceeds any plausible edge; no liquidity: zero median volume or quotes mostly absent
KXPGAHOLESCORE,Sports,custom,quadratic,54,0,21.0,0.1725,0.37,0.0,54.0,custom,23.0,1,0,0,2,0,,3,5,11,True,median spread 21.0c exceeds any plausible edge; no liquidity: zero median volume or quotes mostly absent
KXPGAR2LEAD,Sports,custom,quadratic,147,0,23.0,0.185,0.007,0.0,147.0,structured,25.12,1,0,0,2,0,,3,5,11,True,median spread 23.0c exceeds any plausible edge; no liquidity: zero median volume or quotes mostly absent
KXPGAR2TOP10,Sports,custom,quadratic,147,0,69.0,0.56,0.014,0.0,147.0,structured,72.46,1,0,0,2,0,,3,5,11,True,median spread 69.0c exceeds any plausible edge; no liquidity: zero median volume or quotes mostly absent
KXPGAR3TOP10,Sports,custom,quadratic,147,0,,,0.0,0.0,147.0,structured,,1,0,0,2,0,,3,5,11,True,no two-sided quotes: unpriceable and unfillable; no liquidity: zero median volume or quotes mostly absent
KXRANKLISTFFK,Sports,custom,quadratic,15,0,19.0,0.105,0.667,0.0,15.0,structured,20.32,1,0,0,2,0,,3,5,11,True,median spread 19.0c exceeds any plausible edge; no liquidity: zero median volume or quotes mostly absent
KXRANKLISTSONGSPOTGLOBAL,Unknown,,quadratic,42,0,,,0.0,10.0,42.0,,,1,0,0,2,0,,3,5,11,True,no two-sided quotes: unpriceable and unfillable; no liquidity: zero median volume or quotes mostly absent
KXRECNCH,Politics,custom,quadratic,6,0,9.0,0.2725,0.667,1586.3,6.0,,11.78,0,1,2,1,0,,2,5,11,True,median spread 9.0c exceeds any plausible edge
KXRTX5090W,Science and Technology,weekly,quadratic,1,0,60.0,0.67,1.0,1462.4,1.0,greater,63.1,0,0,3,0,0,,3,5,11,True,no ground truth and no structural check (pure opinion); median spread 60.0c exceeds any plausible edge
KXSAILGPRACE,Sports,custom,quadratic,52,0,46.0,0.25,0.25,0.0,13.0,custom,48.64,1,0,0,2,0,,3,5,11,True,median spread 46.0c exceeds any plausible edge; no liquidity: zero median volume or quotes mostly absent
KXSCOTTISHPREM1H,Sports,custom,quadratic,9,0,6.0,0.345,1.0,0.0,3.0,structured,9.18,1,1,0,1,0,,3,5,11,True,no liquidity: zero median volume or quotes mostly absent
KXSCOTUSCERT,Politics,custom,quadratic,10,0,95.5,0.51,1.0,0.5,10.0,,99.0,0,0,2,2,0,,2,5,11,True,median spread 95.5c exceeds any plausible edge
KXSERIEARELEGATION,Sports,annual,quadratic,20,0,,,0.0,0.0,20.0,structured,,1,0,0,2,0,,3,5,11,True,no two-sided quotes: unpriceable and unfillable; no liquidity: zero median volume or quotes mostly absent
KXSLRCHAMP,Sports,annual,quadratic,14,0,75.0,0.575,0.143,0.0,14.0,"custom,structured",78.44,1,0,0,2,0,,3,5,11,True,median spread 75.0c exceeds any plausible edge; no liquidity: zero median volume or quotes mostly absent
KXSOCCERRETIRE,Sports,custom,quadratic,13,0,37.0,0.795,0.077,0.0,13.0,custom,39.3,1,0,0,2,0,,3,5,11,True,median spread 37.0c exceeds any plausible edge; no liquidity: zero median volume or quotes mostly absent
KXTAFTHARTLEY,Politics,custom,quadratic,1,0,7.0,0.305,1.0,4952.1,1.0,,9.98,0,1,3,0,0,,2,5,11,True,no ground truth and no structural check (pure opinion)
KXTARIFFRATEBR,Politics,custom,quadratic,5,0,6.0,0.18,1.0,0.0,5.0,greater_or_equal,8.08,0,1,0,3,0,,2,5,11,True,no liquidity: zero median volume or quotes mostly absent
KXTARIFFRATECAN,Politics,one_off,quadratic,3,0,7.0,0.455,1.0,0.0,3.0,greater_or_equal,10.48,0,1,0,3,0,,2,5,11,True,no liquidity: zero median volume or quotes mostly absent
KXTARIFFRATEEU,Politics,one_off,quadratic,3,0,6.0,0.36,1.0,0.0,3.0,greater_or_equal,9.24,0,1,0,3,0,,2,5,11,True,no liquidity: zero median volume or quotes mostly absent
KXTARIFFRATEMEX,Politics,one_off,quadratic,3,0,7.0,0.305,1.0,0.0,3.0,greater_or_equal,9.98,0,1,0,3,0,,2,5,11,True,no liquidity: zero median volume or quotes mostly absent
KXTARIFFRATEPRC,Politics,custom,quadratic,5,0,6.0,0.225,1.0,0.0,5.0,greater_or_equal,8.46,0,1,0,3,0,,2,5,11,True,no liquidity: zero median volume or quotes mostly absent
KXTRUMPARCH,Politics,one_off,quadratic,1,0,5.0,0.385,1.0,6028.4,1.0,,8.32,0,1,3,0,0,,2,5,11,True,no ground truth and no structural check (pure opinion)
KXTXURI,Unknown,,quadratic,3,0,7.0,0.395,1.0,0.0,3.0,custom,10.36,1,1,0,1,0,,3,5,11,True,no liquidity: zero median volume or quotes mostly absent
KXUCL1HBTTS,Sports,custom,quadratic,4,0,90.0,0.5,1.0,6.8,1.0,,93.5,1,0,2,0,0,,3,5,11,True,median spread 90.0c exceeds any plausible edge
KXUCLBTTS,Sports,custom,quadratic,4,0,90.0,0.5,1.0,1.5,1.0,,93.5,1,0,2,0,0,,3,5,11,True,median spread 90.0c exceeds any plausible edge
KXUEL1H,Sports,custom,quadratic,27,0,7.0,0.35,1.0,0.0,3.0,structured,10.2,1,1,0,1,0,,3,5,11,True,no liquidity: zero median volume or quotes mostly absent
KXURYPD,Sports,custom,quadratic,16,0,74.0,0.47,0.188,0.0,16.0,structured,77.5,1,0,0,2,0,,3,5,11,True,median spread 74.0c exceeds any plausible edge; no liquidity: zero median volume or quotes mostly absent
KXURYPDBTTS,Sports,custom,quadratic,8,0,51.0,0.525,1.0,5.1,1.0,,54.5,1,0,2,0,0,,3,5,11,True,median spread 51.0c exceeds any plausible edge
KXUSL,Sports,custom,quadratic,25,0,41.0,0.2775,0.32,0.0,25.0,structured,43.82,1,0,0,2,0,,3,5,11,True,median spread 41.0c exceeds any plausible edge; no liquidity: zero median volume or quotes mostly absent
KXUSL1H,Sports,custom,quadratic,18,0,7.0,0.3725,1.0,0.0,3.0,structured,10.28,1,1,0,1,0,,3,5,11,True,no liquidity: zero median volume or quotes mostly absent
KXUSTAKEOVER,Politics,custom,quadratic,1,0,5.0,0.345,1.0,9070.6,1.0,,8.18,0,1,3,0,0,,2,5,11,True,no ground truth and no structural check (pure opinion)
KXVENFUTVE,Sports,custom,quadratic,14,0,,,0.0,0.0,14.0,structured,,1,0,0,2,0,,3,5,11,True,no two-sided quotes: unpriceable and unfillable; no liquidity: zero median volume or quotes mostly absent
KXWBCBANTAMWEIGHTTITLE,Sports,custom,quadratic,20,0,93.0,0.485,0.05,0.0,20.0,"custom,structured",96.5,1,0,0,2,0,,3,5,11,True,median spread 93.0c exceeds any plausible edge; no liquidity: zero median volume or quotes mostly absent
KXWBCCRUISERWEIGHTTITLE,Sports,custom,quadratic,18,0,32.0,0.76,0.056,0.0,18.0,"custom,structured",34.56,1,0,0,2,0,,3,5,11,True,median spread 32.0c exceeds any plausible edge; no liquidity: zero median volume or quotes mostly absent
KXWBCFEATHERWEIGHTTITLE,Sports,custom,quadratic,17,0,94.0,0.48,1.0,0.0,17.0,"custom,structured",97.5,1,0,0,2,0,,3,5,11,True,median spread 94.0c exceeds any plausible edge; no liquidity: zero median volume or quotes mostly absent
KXWBCFLYWEIGHTTITLE,Sports,custom,quadratic,19,0,,,0.0,0.0,19.0,"custom,structured",,1,0,0,2,0,,3,5,11,True,no two-sided quotes: unpriceable and unfillable; no liquidity: zero median volume or quotes mostly absent
KXWBCHEAVYWEIGHTTITLE,Sports,custom,quadratic,17,0,85.0,0.455,0.176,57.0,17.0,"custom,structured",88.48,1,0,0,2,0,,3,5,11,True,median spread 85.0c exceeds any plausible edge; no liquidity: zero median volume or quotes mostly absent
KXWBCWELTERWEIGHTTITLE,Sports,custom,quadratic,18,0,89.0,0.465,0.111,0.0,18.0,"custom,structured",92.5,1,0,0,2,0,,3,5,11,True,median spread 89.0c exceeds any plausible edge; no liquidity: zero median volume or quotes mostly absent
KXWEALTHTAXEFFECT,Politics,one_off,quadratic,1,0,7.0,0.315,1.0,8249.2,1.0,,10.04,0,1,3,0,0,,2,5,11,True,no ground truth and no structural check (pure opinion)
KXWEPFUNDEND,Politics,one_off,quadratic,1,0,5.0,0.365,1.0,3368.6,1.0,,8.26,0,1,3,0,0,,2,5,11,True,no ground truth and no structural check (pure opinion)
KXWMARMAD1SEED,Sports,annual,quadratic,35,0,37.0,0.795,0.029,0.0,35.0,structured,39.3,1,0,0,2,0,,3,5,11,True,median spread 37.0c exceeds any plausible edge; no liquidity: zero median volume or quotes mostly absent
KXWMARMADROUND,Sports,annual,quadratic,370,0,97.0,0.505,0.014,0.0,74.0,structured,100.5,1,0,0,2,0,,3,5,11,True,median spread 97.0c exceeds any plausible edge; no liquidity: zero median volume or quotes mostly absent
KXWNBAALLDEFENSE,Sports,custom,quadratic,58,0,67.5,0.6425,0.034,0.0,29.0,structured,70.72,1,0,0,2,0,,3,5,11,True,median spread 67.5c exceeds any plausible edge; no liquidity: zero median volume or quotes mostly absent
KXWNBAALLTEAM,Sports,custom,quadratic,80,0,38.0,0.79,0.037,0.0,40.0,structured,40.34,1,0,0,2,0,,3,5,11,True,median spread 38.0c exceeds any plausible edge; no liquidity: zero median volume or quotes mostly absent
KXWNBAMIMP,Sports,custom,quadratic,20,0,,,0.0,200.5,20.0,"custom,structured",,1,0,0,2,0,,3,5,11,True,no two-sided quotes: unpriceable and unfillable; no liquidity: zero median volume or quotes mostly absent
KXWNBAWORSTREC,Sports,custom,quadratic,15,0,9.5,0.5125,0.133,20.6,15.0,structured,13.0,1,0,0,2,0,,3,5,11,True,median spread 9.5c exceeds any plausible edge; no liquidity: zero median volume or quotes mostly absent
KXWTASETWINNER,Sports,custom,quadratic,32,0,5.0,0.495,1.0,0.0,2.0,structured,8.5,1,1,0,1,0,,3,5,11,True,no liquidity: zero median volume or quotes mostly absent
KXYALEDOJSETTLE,Politics,one_off,quadratic,1,0,6.0,0.45,1.0,4133.6,1.0,custom,9.48,0,1,3,0,0,,2,5,11,True,no ground truth and no structural check (pure opinion)
KXZAMBIAPRES,Unknown,,quadratic,4,0,5.0,0.49,0.5,0.0,4.0,custom,8.5,1,1,0,1,0,,3,5,11,True,no liquidity: zero median volume or quotes mostly absent
KXALBUMDEBUT,Unknown,,quadratic,14,0,96.0,0.49,0.786,5.0,1.0,custom,99.5,1,0,1,0,0,,3,5,10,True,median spread 96.0c exceeds any plausible edge
KXATPSETWINNER,Sports,custom,quadratic,28,0,36.0,0.48,1.0,0.0,2.0,structured,39.5,1,0,0,1,0,,3,5,10,True,median spread 36.0c exceeds any plausible edge; no liquidity: zero median volume or quotes mostly absent
KXBIG3GAME,Sports,custom,quadratic,8,0,83.0,0.535,1.0,0.0,2.0,structured,86.5,1,0,0,1,0,,3,5,10,True,median spread 83.0c exceeds any plausible edge; no liquidity: zero median volume or quotes mostly absent
KXBOLPDIVGAME,Sports,custom,quadratic,39,0,89.0,0.47,1.0,0.0,3.0,structured,92.5,1,0,0,1,0,,3,5,10,True,median spread 89.0c exceeds any plausible edge; no liquidity: zero median volume or quotes mostly absent
KXBRASILEIROFTTS,Sports,custom,quadratic,6,0,,,0.0,0.0,3.0,structured,,1,0,0,1,0,,3,5,10,True,no two-sided quotes: unpriceable and unfillable; no liquidity: zero median volume or quotes mostly absent
KXBSNGAME,Sports,custom,quadratic,6,0,20.0,0.5025,1.0,0.0,2.0,structured,23.5,1,0,0,1,0,,3,5,10,True,median spread 20.0c exceeds any plausible edge; no liquidity: zero median volume or quotes mostly absent
KXCEBLGAME,Sports,custom,quadratic,14,0,96.0,0.5,1.0,0.0,2.0,structured,99.5,1,0,0,1,0,,3,5,10,True,median spread 96.0c exceeds any plausible edge; no liquidity: zero median volume or quotes mostly absent
KXCHLLDPBTTS,Sports,custom,quadratic,5,0,7.0,0.54,1.0,0.0,1.0,,10.48,1,1,0,0,0,,3,5,10,True,no liquidity: zero median volume or quotes mostly absent
KXCHNSLBTTS,Sports,custom,quadratic,5,0,7.0,0.625,1.0,0.0,1.0,,10.3,1,1,0,0,0,,3,5,10,True,no liquidity: zero median volume or quotes mostly absent
KXCONMEBOLSUDBTTS,Sports,custom,quadratic,3,0,7.0,0.455,1.0,0.0,1.0,,10.48,1,1,0,0,0,,3,5,10,True,no liquidity: zero median volume or quotes mostly absent
KXCOPAAMERICAHOST,Sports,custom,quadratic,3,0,95.0,0.505,0.333,0.0,3.0,custom,98.5,1,0,0,1,0,,3,5,10,True,median spread 95.0c exceeds any plausible edge; no liquidity: zero median volume or quotes mostly absent
KXCOPADOBRASIL1H,Sports,custom,quadratic,6,0,,,0.0,0.0,3.0,structured,,1,0,0,1,0,,3,5,10,True,no two-sided quotes: unpriceable and unfillable; no liquidity: zero median volume or quotes mostly absent
KXCS2MAP,Sports,daily,quadratic,188,0,41.0,0.49,1.0,0.0,2.0,structured,44.5,1,0,0,1,0,,3,5,10,True,median spread 41.0c exceeds any plausible edge; no liquidity: zero median volume or quotes mostly absent
KXDOTA2MAP,Sports,custom,quadratic,80,0,51.5,0.48,1.0,0.0,2.0,structured,55.0,1,0,0,1,0,,3,5,10,True,median spread 51.5c exceeds any plausible edge; no liquidity: zero median volume or quotes mostly absent
KXEFLCUP1HBTTS,Sports,custom,quadratic,1,0,7.0,0.185,1.0,0.0,1.0,,9.12,1,1,0,0,0,,3,5,10,True,no liquidity: zero median volume or quotes mostly absent
KXEFLCUPADVANCE,Sports,custom,quadratic,2,0,74.0,0.43,1.0,0.0,2.0,structured,77.44,1,0,0,1,0,,3,5,10,True,median spread 74.0c exceeds any plausible edge; no liquidity: zero median volume or quotes mostly absent
KXEFLCUPBTTS,Sports,custom,quadratic,1,0,8.0,0.53,1.0,0.0,1.0,,11.5,1,1,0,0,0,,3,5,10,True,no liquidity: zero median volume or quotes mostly absent
KXEFLCUPFTTS,Sports,custom,quadratic,3,0,,,0.0,0.0,3.0,structured,,1,0,0,1,0,,3,5,10,True,no two-sided quotes: unpriceable and unfillable; no liquidity: zero median volume or quotes mostly absent
KXFISPIRITAWARDS,Unknown,,quadratic,6,0,,,0.0,0.0,6.0,custom,,1,0,0,1,0,,3,5,10,True,no two-sided quotes: unpriceable and unfillable; no liquidity: zero median volume or quotes mostly absent
KXHEISMANSPECIAL,Sports,annual,quadratic,9,0,15.0,0.255,1.0,0.0,4.5,custom,17.66,1,0,0,1,0,,3,5,10,True,median spread 15.0c exceeds any plausible edge; no liquidity: zero median volume or quotes mostly absent
KXHNLBTTS,Sports,custom,quadratic,3,0,8.0,0.505,1.0,0.0,1.0,,11.5,1,1,0,0,0,,3,5,10,True,no liquidity: zero median volume or quotes mostly absent
KXHORMUZMAX,Politics,one_off,quadratic,14,0,95.0,0.495,0.714,377.0,7.0,custom,98.5,0,0,2,1,0,,2,5,10,True,median spread 95.0c exceeds any plausible edge
KXHUNDREDMATCH,Sports,custom,quadratic,22,0,79.0,0.4725,1.0,0.0,2.0,structured,82.5,1,0,0,1,0,,3,5,10,True,median spread 79.0c exceeds any plausible edge; no liquidity: zero median volume or quotes mostly absent
KXITFDOUBLES,Sports,one_off,quadratic,100,0,67.0,0.415,0.98,0.0,2.0,structured,70.4,1,0,0,1,0,,3,5,10,True,median spread 67.0c exceeds any plausible edge; no liquidity: zero median volume or quotes mostly absent
KXITFWDOUBLES,Sports,custom,quadratic,78,0,57.0,0.465,1.0,0.0,2.0,structured,60.5,1,0,0,1,0,,3,5,10,True,median spread 57.0c exceeds any plausible edge; no liquidity: zero median volume or quotes mostly absent
KXJUDGMENT,Politics,one_off,quadratic,1,0,7.0,0.555,1.0,8.2,1.0,,10.46,0,1,2,0,0,,2,5,10,True,no ground truth and no structural check (pure opinion)
KXKBOGAME,Sports,custom,quadratic,40,0,23.0,0.44,1.0,0.0,2.0,structured,26.46,1,0,0,1,0,,3,5,10,True,median spread 23.0c exceeds any plausible edge; no liquidity: zero median volume or quotes mostly absent
KXLASTWORDMENTION,Unknown,,quadratic,3,0,,,0.0,29234.7,3.0,custom,,1,0,0,1,0,,3,5,10,True,no two-sided quotes: unpriceable and unfillable; no liquidity: zero median volume or quotes mostly absent
KXLEAGUESCUP1H,Sports,custom,quadratic,6,0,,,0.0,0.0,3.0,structured,,1,0,0,1,0,,3,5,10,True,no two-sided quotes: unpriceable and unfillable; no liquidity: zero median volume or quotes mostly absent
KXLEAGUESCUPFTTS,Sports,custom,quadratic,6,0,,,0.0,0.0,3.0,structured,,1,0,0,1,0,,3,5,10,True,no two-sided quotes: unpriceable and unfillable; no liquidity: zero median volume or quotes mostly absent
KXLEAGUESCUPGAME,Sports,custom,quadratic,6,0,91.0,0.465,0.333,0.0,3.0,structured,94.5,1,0,0,1,0,,3,5,10,True,median spread 91.0c exceeds any plausible edge; no liquidity: zero median volume or quotes mostly absent
KXLGRAM,Unknown,,quadratic,7,0,10.0,0.19,0.429,35.0,7.0,custom,12.16,1,0,0,1,0,,3,5,10,True,median spread 10.0c exceeds any plausible edge; no liquidity: zero median volume or quotes mostly absent
KXLIGAEXP1H,Sports,custom,quadratic,21,0,15.0,0.415,1.0,0.0,3.0,structured,18.4,1,0,0,1,0,,3,5,10,True,median spread 15.0c exceeds any plausible edge; no liquidity: zero median volume or quotes mostly absent
KXLIGAMX1HBTTS,Sports,custom,quadratic,9,0,9.0,0.205,1.0,0.0,1.0,,11.3,1,1,0,0,0,,3,5,10,True,median spread 9.0c exceeds any plausible edge; no liquidity: zero median volume or quotes mostly absent
KXLMBGAME,Sports,custom,quadratic,78,0,48.0,0.495,1.0,0.0,2.0,structured,51.5,1,0,0,1,0,,3,5,10,True,median spread 48.0c exceeds any plausible edge; no liquidity: zero median volume or quotes mostly absent
KXLNBPGAME,Sports,custom,quadratic,28,0,37.0,0.5,1.0,0.0,2.0,structured,40.5,1,0,0,1,0,,3,5,10,True,median spread 37.0c exceeds any plausible edge; no liquidity: zero median volume or quotes mostly absent
KXLOLMAP,Sports,custom,quadratic,216,0,40.0,0.385,1.0,0.0,2.0,structured,43.32,1,0,0,1,0,,3,5,10,True,median spread 40.0c exceeds any plausible edge; no liquidity: zero median volume or quotes mostly absent
KXLPL,Sports,custom,quadratic,5,0,,,0.0,0.0,5.0,structured,,1,0,0,1,0,,3,5,10,True,no two-sided quotes: unpriceable and unfillable; no liquidity: zero median volume or quotes mostly absent
KXLPLMATCH,Sports,custom,quadratic,6,0,39.5,0.59,1.0,0.0,2.0,structured,42.9,1,0,0,1,0,,3,5,10,True,median spread 39.5c exceeds any plausible edge; no liquidity: zero median volume or quotes mostly absent
KXMLBF3,Sports,custom,quadratic,30,0,15.5,0.3075,1.0,0.0,3.0,structured,18.5,1,0,0,1,0,,3,5,10,True,median spread 15.5c exceeds any plausible edge; no liquidity: zero median volume or quotes mostly absent
KXMLBF7,Sports,custom,quadratic,30,0,21.0,0.33,1.0,0.0,3.0,structured,24.1,1,0,0,1,0,,3,5,10,True,median spread 21.0c exceeds any plausible edge; no liquidity: zero median volume or quotes mostly absent
KXMLBGG,Sports,custom,quadratic,187,0,93.0,0.475,0.599,0.0,8.0,structured,96.5,1,0,0,1,0,,3,5,10,True,median spread 93.0c exceeds any plausible edge; no liquidity: zero median volume or quotes mostly absent
KXMLBSS,Sports,annual,quadratic,160,0,93.0,0.475,0.475,0.0,9.0,structured,96.5,1,0,0,1,0,,3,5,10,True,median spread 93.0c exceeds any plausible edge; no liquidity: zero median volume or quotes mostly absent
KXMLS1HBTTS,Sports,custom,quadratic,15,0,8.0,0.25,1.0,0.0,1.0,,10.64,1,1,0,0,0,,3,5,10,True,median spread 8.0c exceeds any plausible edge; no liquidity: zero median volume or quotes mostly absent
KXNBASOUTHWEST,Sports,custom,quadratic,5,0,24.5,0.4875,0.4,43.5,5.0,structured,28.0,1,0,0,1,0,,3,5,10,True,median spread 24.5c exceeds any plausible edge; no liquidity: zero median volume or quotes mostly absent
KXNCAAMBASUN,Sports,custom,quadratic,7,0,95.0,0.485,0.857,0.0,7.0,structured,98.5,1,0,0,1,0,,3,5,10,True,median spread 95.0c exceeds any plausible edge; no liquidity: zero median volume or quotes mostly absent
KXNCAAMBBSOU,Sports,custom,quadratic,9,0,94.5,0.4825,0.889,0.0,9.0,structured,98.0,1,0,0,1,0,,3,5,10,True,median spread 94.5c exceeds any plausible edge; no liquidity: zero median volume or quotes mostly absent
KXNCAAMBIVY,Sports,custom,quadratic,8,0,42.5,0.2225,1.0,0.0,8.0,structured,44.94,1,0,0,1,0,,3,5,10,True,median spread 42.5c exceeds any plausible edge; no liquidity: zero median volume or quotes mostly absent
KXNCAAMBOV,Sports,custom,quadratic,9,0,92.0,0.48,0.111,0.0,9.0,structured,95.5,1,0,0,1,0,,3,5,10,True,median spread 92.0c exceeds any plausible edge; no liquidity: zero median volume or quotes mostly absent
KXNCAAMBSUM,Sports,custom,quadratic,8,0,93.0,0.4775,1.0,0.0,8.0,structured,96.5,1,0,0,1,0,,3,5,10,True,median spread 93.0c exceeds any plausible edge; no liquidity: zero median volume or quotes mostly absent
KXNEXTMANAGER,Sports,custom,quadratic,8,0,81.0,0.515,0.125,70.3,8.0,custom,84.5,1,0,0,1,0,,3,5,10,True,median spread 81.0c exceeds any plausible edge; no liquidity: zero median volume or quotes mostly absent
KXNFLNEXTINT,Sports,custom,quadratic,9,0,93.0,0.495,0.556,0.0,9.0,structured,96.5,1,0,0,1,0,,3,5,10,True,median spread 93.0c exceeds any plausible edge; no liquidity: zero median volume or quotes mostly absent
KXNFLRETURN,Sports,custom,quadratic,9,0,91.0,0.535,1.0,0.0,9.0,custom,94.5,1,0,0,1,0,,3,5,10,True,median spread 91.0c exceeds any plausible edge; no liquidity: zero median volume or quotes mostly absent
KXNFLSTAGEOFELIM,Sports,custom,quadratic,192,0,80.0,0.465,0.667,0.0,6.0,custom,83.5,1,0,0,1,0,,3,5,10,True,median spread 80.0c exceeds any plausible edge; no liquidity: zero median volume or quotes mostly absent
KXNFLTSPEC,Sports,custom,quadratic,305,0,46.0,0.25,0.256,0.0,9.0,structured,48.64,1,0,0,1,0,,3,5,10,True,median spread 46.0c exceeds any plausible edge; no liquidity: zero median volume or quotes mostly absent
KXNOBELECON,Science and Technology,annual,quadratic,9,0,8.0,0.11,1.0,0.0,9.0,custom,9.38,0,1,0,1,0,,3,5,10,True,no liquidity: zero median volume or quotes mostly absent
KXNPBGAME,Sports,custom,quadratic,36,0,30.5,0.49,1.0,0.0,2.0,structured,34.0,1,0,0,1,0,,3,5,10,True,median spread 30.5c exceeds any plausible edge; no liquidity: zero median volume or quotes mostly absent
KXODIMATCH,Sports,custom,quadratic,16,0,46.5,0.5,1.0,0.0,2.0,structured,50.0,1,0,0,1,0,,3,5,10,True,median spread 46.5c exceeds any plausible edge; no liquidity: zero median volume or quotes mostly absent
KXONTARIOALCOHOL,Politics,one_off,quadratic,1,0,5.0,0.315,1.0,26.5,1.0,custom,8.04,0,1,2,0,0,,2,5,10,True,no ground truth and no structural check (pure opinion)
KXPAPJM,Politics,one_off,quadratic,1,0,6.0,0.24,1.0,0.1,1.0,custom,8.56,0,1,2,0,0,,2,5,10,True,no ground truth and no structural check (pure opinion)
KXPBAGAME,Sports,custom,quadratic,12,0,50.0,0.5,1.0,0.0,2.0,structured,53.5,1,0,0,1,0,,3,5,10,True,median spread 50.0c exceeds any plausible edge; no liquidity: zero median volume or quotes mostly absent
KXPERLIGA1BTTS,Sports,custom,quadratic,4,0,8.0,0.52,1.0,0.0,1.0,,11.5,1,1,0,0,0,,3,5,10,True,median spread 8.0c exceeds any plausible edge; no liquidity: zero median volume or quotes mostly absent
KXRUGBYESLMATCH,Sports,custom,quadratic,21,0,93.5,0.48,0.667,0.0,3.0,structured,97.0,1,0,0,1,0,,3,5,10,True,median spread 93.5c exceeds any plausible edge; no liquidity: zero median volume or quotes mostly absent
KXSCOTTISHPREMBTTS,Sports,custom,quadratic,3,0,8.0,0.595,1.0,0.0,1.0,,11.38,1,1,0,0,0,,3,5,10,True,no liquidity: zero median volume or quotes mostly absent
KXSCRSENSRUN,Unknown,,quadratic,6,0,,,0.0,6467.2,6.0,custom,,1,0,0,1,0,,3,5,10,True,no two-sided quotes: unpriceable and unfillable; no liquidity: zero median volume or quotes mostly absent
KXT20MATCH,Sports,custom,quadratic,30,0,22.0,0.4375,1.0,0.0,2.0,structured,25.46,1,0,0,1,0,,3,5,10,True,median spread 22.0c exceeds any plausible edge; no liquidity: zero median volume or quotes mostly absent
KXUCL1H,Sports,custom,quadratic,12,0,76.0,0.43,1.0,0.0,3.0,structured,79.44,1,0,0,1,0,,3,5,10,True,median spread 76.0c exceeds any plausible edge; no liquidity: zero median volume or quotes mostly absent
KXUECL1H,Sports,custom,quadratic,126,0,13.0,0.3475,0.984,0.0,3.0,structured,16.18,1,0,0,1,0,,3,5,10,True,median spread 13.0c exceeds any plausible edge; no liquidity: zero median volume or quotes mostly absent
KXUECL1HBTTS,Sports,custom,quadratic,42,0,9.5,0.205,1.0,0.0,1.0,,11.8,1,1,0,0,0,,3,5,10,True,median spread 9.5c exceeds any plausible edge; no liquidity: zero median volume or quotes mostly absent
KXUECLBTTS,Sports,custom,quadratic,42,0,5.5,0.5275,1.0,0.0,1.0,,9.0,1,1,0,0,0,,3,5,10,True,no liquidity: zero median volume or quotes mostly absent
KXUECLFTTS,Sports,custom,quadratic,126,0,62.0,0.43,0.04,0.0,3.0,structured,65.44,1,0,0,1,0,,3,5,10,True,median spread 62.0c exceeds any plausible edge; no liquidity: zero median volume or quotes mostly absent
KXUELFTTS,Sports,custom,quadratic,27,0,,,0.0,0.0,3.0,structured,,1,0,0,1,0,,3,5,10,True,no two-sided quotes: unpriceable and unfillable; no liquidity: zero median volume or quotes mostly absent
KXVALORANTMAP,Sports,custom,quadratic,98,0,43.0,0.325,1.0,0.0,2.0,structured,46.08,1,0,0,1,0,,3,5,10,True,median spread 43.0c exceeds any plausible edge; no liquidity: zero median volume or quotes mostly absent
KXVBAGAME,Sports,custom,quadratic,8,0,59.0,0.45,1.0,0.0,2.0,structured,62.48,1,0,0,1,0,,3,5,10,True,median spread 59.0c exceeds any plausible edge; no liquidity: zero median volume or quotes mostly absent
KXVENFUTVEGAME,Sports,custom,quadratic,3,0,76.0,0.43,1.0,0.0,3.0,structured,79.44,1,0,0,1,0,,3,5,10,True,median spread 76.0c exceeds any plausible edge; no liquidity: zero median volume or quotes mostly absent
KXVERARELEASE,Commodities,one_off,quadratic,6,0,97.0,0.505,1.0,0.0,6.0,,100.5,1,0,0,1,0,,3,5,10,True,median spread 97.0c exceeds any plausible edge; no liquidity: zero median volume or quotes mostly absent
KXWHUNDREDMATCH,Sports,custom,quadratic,22,0,78.5,0.48,1.0,0.0,2.0,structured,82.0,1,0,0,1,0,,3,5,10,True,median spread 78.5c exceeds any plausible edge; no liquidity: zero median volume or quotes mostly absent
KXACTORELONMUSK,Unknown,,quadratic,1,0,,,0.0,25314.2,1.0,custom,,1,0,0,0,0,,3,5,9,True,no two-sided quotes: unpriceable and unfillable; no liquidity: zero median volume or quotes mostly absent
KXALLSVENSKANBTTS,Sports,custom,quadratic,1,0,9.0,0.625,1.0,0.0,1.0,,12.3,1,0,0,0,0,,3,5,9,True,median spread 9.0c exceeds any plausible edge; no liquidity: zero median volume or quotes mostly absent
KXARGNACBBTTS,Sports,custom,quadratic,9,0,60.0,0.43,1.0,0.0,1.0,,63.44,1,0,0,0,0,,3,5,9,True,median spread 60.0c exceeds any plausible edge; no liquidity: zero median volume or quotes mostly absent
KXBEATLESRECORD,Unknown,,quadratic,1,0,,,0.0,0.0,1.0,,,1,0,0,0,0,,3,5,9,True,no two-sided quotes: unpriceable and unfillable; no liquidity: zero median volume or quotes mostly absent
KXCANPLBTTS,Sports,custom,quadratic,3,0,60.0,0.55,1.0,0.0,1.0,,63.48,1,0,0,0,0,,3,5,9,True,median spread 60.0c exceeds any plausible edge; no liquidity: zero median volume or quotes mostly absent
KXCLUBFBTTS,Sports,custom,quadratic,24,0,70.0,0.4,1.0,0.0,1.0,,73.36,1,0,0,0,0,,3,5,9,True,median spread 70.0c exceeds any plausible edge; no liquidity: zero median volume or quotes mostly absent
KXCOPADOBRASIL1HBTTS,Sports,custom,quadratic,2,0,,,0.0,0.0,1.0,,,1,0,0,0,0,,3,5,9,True,no two-sided quotes: unpriceable and unfillable; no liquidity: zero median volume or quotes mostly absent
KXCOPADOBRASILBTTS,Sports,custom,quadratic,2,0,9.5,0.4475,1.0,0.0,1.0,,12.98,1,0,0,0,0,,3,5,9,True,median spread 9.5c exceeds any plausible edge; no liquidity: zero median volume or quotes mostly absent
KXCS2TOTALMAPS,Sports,custom,quadratic,47,0,48.0,0.45,1.0,0.0,1.0,greater,51.48,1,0,0,0,0,,3,5,9,True,median spread 48.0c exceeds any plausible edge; no liquidity: zero median volume or quotes mostly absent
KXCZEFLBTTS,Sports,custom,quadratic,5,0,57.0,0.5,1.0,0.0,1.0,,60.5,1,0,0,0,0,,3,5,9,True,median spread 57.0c exceeds any plausible edge; no liquidity: zero median volume or quotes mostly absent
KXDENSUPERLIGABTTS,Sports,custom,quadratic,1,0,10.0,0.6,1.0,0.0,1.0,,13.36,1,0,0,0,0,,3,5,9,True,median spread 10.0c exceeds any plausible edge; no liquidity: zero median volume or quotes mostly absent
KXDIMAYORBTTS,Sports,custom,quadratic,6,0,9.0,0.455,0.833,0.0,1.0,,12.48,1,0,0,0,0,,3,5,9,True,median spread 9.0c exceeds any plausible edge; no liquidity: zero median volume or quotes mostly absent
KXECULPBTTS,Sports,custom,quadratic,2,0,32.0,0.47,1.0,0.0,1.0,,35.5,1,0,0,0,0,,3,5,9,True,median spread 32.0c exceeds any plausible edge; no liquidity: zero median volume or quotes mostly absent
KXENGAGEMENTDURANTADAMS,Unknown,,quadratic,1,0,,,0.0,1272.1,1.0,,,1,0,0,0,0,,3,5,9,True,no two-sided quotes: unpriceable and unfillable; no liquidity: zero median volume or quotes mostly absent
KXKBORFI,Sports,custom,quadratic,20,0,76.0,0.495,1.0,0.0,1.0,greater_or_equal,79.5,1,0,0,0,0,,3,5,9,True,median spread 76.0c exceeds any plausible edge; no liquidity: zero median volume or quotes mostly absent
KXKELCERETIRE,Sports,custom,quadratic,1,0,,,0.0,115445.5,1.0,,,1,0,0,0,0,,3,5,9,True,no two-sided quotes: unpriceable and unfillable; no liquidity: zero median volume or quotes mostly absent
KXKLEAGUE1HBTTS,Sports,custom,quadratic,3,0,11.0,0.175,1.0,0.0,1.0,,13.04,1,0,0,0,0,,3,5,9,True,median spread 11.0c exceeds any plausible edge; no liquidity: zero median volume or quotes mostly absent
KXLEAGUESCUP1HBTTS,Sports,custom,quadratic,2,0,65.0,0.665,1.0,0.0,1.0,,68.12,1,0,0,0,0,,3,5,9,True,median spread 65.0c exceeds any plausible edge; no liquidity: zero median volume or quotes mostly absent
KXLEAGUESCUPBTTS,Sports,custom,quadratic,2,0,,,0.0,0.0,1.0,,,1,0,0,0,0,,3,5,9,True,no two-sided quotes: unpriceable and unfillable; no liquidity: zero median volume or quotes mostly absent
KXLIGAEXPBTTS,Sports,custom,quadratic,7,0,10.0,0.51,1.0,0.0,1.0,,13.5,1,0,0,0,0,,3,5,9,True,median spread 10.0c exceeds any plausible edge; no liquidity: zero median volume or quotes mostly absent
KXLOLTOTALMAPS,Sports,custom,quadratic,56,0,45.0,0.38,0.982,0.0,1.0,greater,48.3,1,0,0,0,0,,3,5,9,True,median spread 45.0c exceeds any plausible edge; no liquidity: zero median volume or quotes mostly absent
KXMAJORPROTEST,Economics,one_off,quadratic,1,0,,,0.0,8312.4,1.0,,,1,0,0,0,0,,3,5,9,True,no two-sided quotes: unpriceable and unfillable; no liquidity: zero median volume or quotes mostly absent
KXMLBAWARDCOMBO,Sports,custom,quadratic,1,0,,,0.0,101150.6,1.0,custom,,1,0,0,0,0,,3,5,9,True,no two-sided quotes: unpriceable and unfillable; no liquidity: zero median volume or quotes mostly absent
KXNETWORTHROYLEE,Economics,one_off,quadratic,1,0,,,0.0,2593.5,1.0,,,1,0,0,0,0,,3,5,9,True,no two-sided quotes: unpriceable and unfillable; no liquidity: zero median volume or quotes mostly absent
KXNPBRFI,Sports,custom,quadratic,18,0,89.0,0.495,0.944,0.0,1.0,greater_or_equal,92.5,1,0,0,0,0,,3,5,9,True,median spread 89.0c exceeds any plausible edge; no liquidity: zero median volume or quotes mostly absent
KXNWSLBTTS,Sports,custom,quadratic,3,0,38.0,0.5,1.0,0.0,1.0,,41.5,1,0,0,0,0,,3,5,9,True,median spread 38.0c exceeds any plausible edge; no liquidity: zero median volume or quotes mostly absent
KXRECNCBILL,Politics,custom,quadratic,6,0,7.0,0.3,1.0,0.0,6.0,custom,9.96,0,1,0,1,0,,2,5,9,True,no liquidity: zero median volume or quotes mostly absent
KXSCOTTISHPREM1HBTTS,Sports,custom,quadratic,3,0,90.0,0.5,1.0,0.0,1.0,,93.5,1,0,0,0,0,,3,5,9,True,median spread 90.0c exceeds any plausible edge; no liquidity: zero median volume or quotes mostly absent
KXSTATECAN,Politics,custom,quadratic,1,0,17.9,0.0905,1.0,1.0,1.0,,19.06,0,0,2,0,0,,2,5,9,True,no ground truth and no structural check (pure opinion); median spread 17.9c exceeds any plausible edge
KXSWISSLEAGUEBTTS,Sports,custom,quadratic,3,0,10.0,0.62,1.0,0.0,1.0,,13.3,1,0,0,0,0,,3,5,9,True,median spread 10.0c exceeds any plausible edge; no liquidity: zero median volume or quotes mostly absent
KXUEL1HBTTS,Sports,custom,quadratic,9,0,13.0,0.235,1.0,0.0,1.0,,15.52,1,0,0,0,0,,3,5,9,True,median spread 13.0c exceeds any plausible edge; no liquidity: zero median volume or quotes mostly absent
KXUSL1HBTTS,Sports,custom,quadratic,6,0,63.5,0.3825,1.0,0.0,1.0,,66.82,1,0,0,0,0,,3,5,9,True,median spread 63.5c exceeds any plausible edge; no liquidity: zero median volume or quotes mostly absent
KXVENFUTVEBTTS,Sports,custom,quadratic,1,0,60.0,0.5,1.0,0.0,1.0,,63.5,1,0,0,0,0,,3,5,9,True,median spread 60.0c exceeds any plausible edge; no liquidity: zero median volume or quotes mostly absent
KXJOINUBER,Companies,one_off,quadratic,1,0,,,0.0,117.7,1.0,,,0,0,0,0,0,,3,5,8,True,no ground truth and no structural check (pure opinion); no two-sided quotes: unpriceable and unfillable; no liquidity: zero median volume or quotes mostly absent
KXMVECROSSCATEGORY,Unknown,,quadratic,79428,0,7.0,0.26,0.001,0.0,1.0,custom,9.7,0,1,0,0,0,,2,5,8,True,no ground truth and no structural check (pure opinion); no liquidity: zero median volume or quotes mostly absent; combo/multivariate only: legs priced elsewhere
KXEPSTEIN,Politics,weekly,quadratic,1,0,,,0.0,1307.7,1.0,,,0,0,0,0,0,,2,5,7,True,no ground truth and no structural check (pure opinion); no two-sided quotes: unpriceable and unfillable; no liquidity: zero median volume or quotes mostly absent
KXLEAVECONGRESS,Politics,one_off,quadratic,1,0,,,0.0,1261.3,1.0,,,0,0,0,0,0,,2,5,7,True,no ground truth and no structural check (pure opinion); no two-sided quotes: unpriceable and unfillable; no liquidity: zero median volume or quotes mostly absent
KXLUTNICKANNOUNCEOUT,Politics,one_off,quadratic,1,0,,,0.0,4260.0,1.0,custom,,0,0,0,0,0,,2,5,7,True,no ground truth and no structural check (pure opinion); no two-sided quotes: unpriceable and unfillable; no liquidity: zero median volume or quotes mostly absent
KXPLATNERCOLLINSDEBATE,Politics,one_off,quadratic,1,0,,,0.0,38344.4,1.0,,,0,0,0,0,0,,2,5,7,True,no ground truth and no structural check (pure opinion); no two-sided quotes: unpriceable and unfillable; no liquidity: zero median volume or quotes mostly absent
