minute_of_day,n,rms_logret,se,ci_lo,ci_hi,vol_ratio_to_mean
0,71,0.0007835488738449828,6.575396082450738e-05,0.0006546711106289484,0.0009124266370610173,1.3995371846638762
1,72,0.00045083130557373733,3.756927546447811e-05,0.00037719552566336026,0.0005244670854841144,0.8052531210527093
2,72,0.0005368446464174551,4.473705386812126e-05,0.00044916002083593746,0.0006245292719989728,0.958885999493636
3,72,0.0004405566703431395,3.671305586192829e-05,0.00036859908085376005,0.0005125142598325189,0.786901063454163
4,72,0.0005207879984652952,4.3398999872107934e-05,0.0004357259587159637,0.0006058500382146268,0.9302063898097725
5,72,0.0006882985848542603,5.7358215404521696e-05,0.0005758764826613978,0.0008007206870471229,1.229405715214697
6,72,0.0005116989935851569,4.264158279876307e-05,0.00042812149129958126,0.0005952764958707324,0.9139720479251057
7,72,0.0005880451309898069,4.9003760915817244e-05,0.0004919977595948051,0.0006840925023848087,1.0503378341190688
8,72,0.0004473858801164971,3.728215667637476e-05,0.0003743128530308026,0.0005204589072021916,0.7990990683760294
9,72,0.0005240345539970474,4.3669546166420614e-05,0.000438442243510863,0.0006096268644832318,0.9360052306229395
10,72,0.0006751286111889476,5.626071759907897e-05,0.0005648576046947528,0.0007853996176831425,1.2058821438320961
11,72,0.0004301346083183677,3.584455069319731e-05,0.000359879288959701,0.0005003899276770344,0.7682856792306295
12,72,0.0004448222405886522,3.706852004905435e-05,0.00037216794129250565,0.0005174765398847988,0.794520019171751
13,72,0.0004612150704777164,3.8434589206476366e-05,0.0003858832756330227,0.00053654686532241,0.8238001008072887
14,72,0.0005368162572705233,4.473468810587694e-05,0.0004491362685830045,0.0006244962459580421,0.9588352921694367
15,72,0.0006053009936389748,5.044174946991457e-05,0.0005064351646779422,0.0007041668226000074,1.0811594232210406
16,72,0.0007046518798165941,5.872098998471617e-05,0.0005895587394465504,0.0008197450201866377,1.2586151814720508
17,72,0.0005344483852870997,4.4537365440591644e-05,0.0004471551490235401,0.0006217416215506593,0.9546059135053296
18,72,0.0006877699597529376,5.73141633127448e-05,0.0005754341996599577,0.0008001057198459174,1.2284615105699792
19,72,0.0005916081323187796,4.9300677693231636e-05,0.0004949788040400456,0.0006882374605975137,1.0567018951436662
20,72,0.000594116454364872,4.9509704530406e-05,0.0004970774334852763,0.0006911554752444677,1.0611821389316407
21,72,0.0006166522898520873,5.138769082100727e-05,0.000515932415842913,0.0007173721638612616,1.1014345607072675
22,72,0.0006347206060597899,5.2893383838315824e-05,0.0005310495737366909,0.0007383916383828889,1.133707315146766
23,72,0.0004485134770884422,3.737612309070352e-05,0.0003752562758306633,0.0005217706783462211,0.8011131276698773
24,72,0.0005186781332796814,4.3223177773306786e-05,0.0004339607048440001,0.0006033955617153627,0.9264378504365942
25,72,0.0005872980861280727,4.894150717733939e-05,0.0004913727320604874,0.0006832234401956579,1.0490034986391659
26,72,0.0006427200546520042,5.3560004554333685e-05,0.0005377424457255102,0.0007476976635784982,1.147995544171553
27,72,0.0005113677361672069,4.261397801393391e-05,0.00042784433925989647,0.0005948911330745174,0.9133803719115321
28,72,0.000532926026889014,4.441050224075117e-05,0.0004458814424971417,0.0006199706112808862,0.9518867504031594
29,72,0.0007475716307217325,6.22976358934777e-05,0.0006254682643705162,0.0008696749970729488,1.3352763692464538
30,72,0.0006856523514525454,5.713769595437878e-05,0.000573662467381963,0.0007976422355231278,1.2246791408188638
31,72,0.0008251378220208063,6.876148516840053e-05,0.0006903653110907414,0.0009599103329508713,1.473821356827257
32,72,0.0006431377265849596,5.3594810548746634e-05,0.0005380918979094162,0.0007481835552605031,1.1487415696214947
33,72,0.0005349947921206857,4.458289934339047e-05,0.00044761230940764036,0.000622377274833731,0.9555818790220758
34,72,0.0005373314058497418,4.4777617154145146e-05,0.0004495672762276173,0.0006250955354718663,0.9597554257007442
35,72,0.0005666508210902516,4.722090175752097e-05,0.0004740978536455105,0.0006592037885349926,1.0121243502584896
36,72,0.0005786246479026363,4.821872065855303e-05,0.00048411595541187236,0.0006731333403934002,1.0335114218580246
37,72,0.0008371504631364743,6.976253859470619e-05,0.0007004158874908501,0.0009738850387820985,1.4952777566621518
38,72,0.0006591253268449158,5.492711057040965e-05,0.0005514681901269129,0.0007667824635629188,1.1772978496497617
39,72,0.0006143762069466478,5.1198017245553984e-05,0.000514028093145362,0.0007147243207479336,1.0973691312645464
40,72,0.0006205930474173468,5.1716087284778896e-05,0.0005192295163391801,0.0007219565784955134,1.1084733516907348
41,72,0.0005109780634690866,4.258150528909055e-05,0.0004275183131024691,0.0005944378138357041,0.9126843573436194
42,72,0.0004838675625634903,4.0322296880290857e-05,0.00040483586067812023,0.0005628992644488603,0.8642608889694536
43,72,0.00044486974084645035,3.707247840387086e-05,0.00037220768317486346,0.0005175317985180372,0.794604861839884
44,72,0.0005035098082090471,4.1959150684087254e-05,0.00042126987286823607,0.0005857497435498581,0.8993449202135563
45,72,0.0007864387309882111,6.553656091568427e-05,0.0006579870715934699,0.0009148903903829523,1.4046989080296028
46,72,0.000581725969956547,4.847716416304558e-05,0.00048671072819697766,0.0006767412117161163,1.0390508536419887
47,72,0.0005162302223523107,4.3019185196025896e-05,0.0004319126193681,0.0006005478253365215,0.9220655100734606
48,72,0.0004898061285757334,4.0817177381311116e-05,0.00040980446090836355,0.0005698077962431031,0.8748680689873776
49,72,0.0005769953147981969,4.808294289984974e-05,0.00048275274671449143,0.0006712378828819024,1.030601185697928
50,72,0.0005287104434370827,4.405920361975689e-05,0.0004423544043423592,0.0006150664825318062,0.9443570786839212
51,72,0.0005350141749433123,4.458451457860936e-05,0.00044762852636923795,0.0006223998235173867,0.9556164996844432
52,72,0.0004905093883301338,4.087578236084448e-05,0.00041039285490287856,0.0005706259217573889,0.8761241976216146
53,72,0.0005417612419628339,4.5146770163569486e-05,0.0004532735724422377,0.0006302489114834301,0.9676677851835884
54,72,0.0005385441582759496,4.487867985632913e-05,0.0004505819457575445,0.0006265063707943547,0.9619215855574235
55,72,0.0006063355187440118,5.052795989533431e-05,0.0005073007173491566,0.000705370320138867,1.0830072420378334
56,72,0.0003988829706708196,3.3240247555901634e-05,0.0003337320854612524,0.0004640338558803868,0.7124655122578183
57,72,0.0003172732206483115,2.643943505402596e-05,0.0002654519279424206,0.0003690945133542024,0.5666981152259644
58,72,0.00042476716884240424,3.539726407020035e-05,0.00035538853126481154,0.000494145806419997,0.7586986178694388
59,72,0.00039590072828616475,3.2991727357180396e-05,0.0003312369426660912,0.0004605645139062383,0.7071387748323353
60,72,0.0005277688666018977,4.3980738883491476e-05,0.00044156661839025443,0.000613971114813541,0.9426752795810867
61,72,0.0006116109279303603,5.096757732753003e-05,0.0005117144763684015,0.0007115073794923192,1.092429923337064
62,72,0.0006638865832741216,5.5323881939510136e-05,0.0005554517746726818,0.0007723213918755615,1.1858021761070183
63,72,0.0006737682307806599,5.6147352565054994e-05,0.0005637194197531521,0.0007838170418081677,1.2034522979983011
64,72,0.0006803234980945343,5.669362484121119e-05,0.0005692039934057603,0.0007914430027833083,1.215161000119407
65,72,0.0005864434803724202,4.8870290031035014e-05,0.0004906577119115916,0.0006822292488332488,1.0474770430813982
66,72,0.0005092143790542342,4.243453158785285e-05,0.0004260426971420426,0.0005923860609664258,0.9095341493566108
67,72,0.0006098012563903431,5.081677136586192e-05,0.0005102003845132537,0.0007094021282674324,1.0891975753664087
68,72,0.0007404274223669412,6.17022851972451e-05,0.0006194909433803409,0.0008613639013535416,1.3225157290601535
69,72,0.00095929482484137,7.99412354034475e-05,0.0008026100034506129,0.001115979646232127,1.7134461208947265
70,72,0.0006303752031877182,5.2531266932309856e-05,0.000527413920000391,0.0007333364863750455,1.1259457662443135
71,72,0.00046301506515515525,3.8584588762929606e-05,0.0003873892711798132,0.0005386408591304973,0.8270151644330086
72,72,0.0006994946452873481,5.8291220440612346e-05,0.0005852438532237479,0.0008137454373509484,1.249403578042269
73,72,0.0006464208605838292,5.3868405048652435e-05,0.0005408387866884704,0.000752002934479188,1.1546057451273628
74,72,0.0004674408225567987,3.8953401879733225e-05,0.0003910921548725216,0.0005437894902410759,0.8349202387183005
75,72,0.0005153469797737292,4.294558164781077e-05,0.0004311736397440201,0.0005995203198034384,0.9204879048045802
76,72,0.0007884105458694791,6.570087882245659e-05,0.0006596368233774642,0.000917184268361494,1.4082208686114186
77,72,0.0007369424552494666,6.141187127078889e-05,0.0006165751875587204,0.0008573097229402128,1.3162910489782296
78,72,0.0007082930213557269,5.902441844631058e-05,0.0005926051612009581,0.0008239808815104957,1.2651188127690167
79,72,0.000561842176836095,4.682018140300792e-05,0.00047007462128619953,0.0006536097323859906,1.0035353819552262
80,72,0.0005949827868956016,4.95818989079668e-05,0.0004978022650359867,0.0006921633087552165,1.0627295402891213
81,72,0.0004956685435934076,4.13057119661173e-05,0.0004147093481398177,0.0005766277390469974,0.8853392317738232
82,72,0.0007298926575470509,6.082438812892091e-05,0.0006106768568143659,0.0008491084582797359,1.3036990405429771
83,72,0.0007347176899509043,6.122647416257536e-05,0.0006147138005922566,0.0008547215793095521,1.3123172805683427
84,72,0.0006267317400634458,5.222764500528715e-05,0.000524365555853083,0.0007290979242738086,1.11943798824401
85,72,0.0006351516795066966,5.292930662555805e-05,0.0005314102385206029,0.0007388931204927903,1.1344772777341752
86,72,0.0006553620947452815,5.461350789544013e-05,0.0005483196192702189,0.0007624045702203442,1.1705761460856763
87,72,0.0005475620308962202,4.563016924135168e-05,0.0004581268991831709,0.0006369971626092695,0.9780288744323327
88,72,0.0005353146589451913,4.4609554912099275e-05,0.00044787993131747674,0.0006227493865729059,0.9561532097073453
89,72,0.0004309359949517742,3.591133291264785e-05,0.0003605497824429844,0.0005013222074605639,0.769717077360578
90,72,0.0006993279716715036,5.82773309726253e-05,0.000585104402965158,0.0008135515403778492,1.2491058736732585
91,72,0.0007302974145283753,6.085811787736461e-05,0.0006110155034887406,0.0008495793255680099,1.3044219979295866
92,72,0.0005216551747884369,4.347126456570307e-05,0.0004364514962396589,0.0006068588533372149,0.9317552983085382
93,72,0.0005434199620419296,4.528499683682747e-05,0.0004546613682417477,0.0006321785558421114,0.9706305109396112
94,72,0.0005280771106483263,4.4006425887360526e-05,0.0004418245159090997,0.0006143297053875529,0.9432258502210661
95,72,0.0007217296589111752,6.014413824259794e-05,0.0006038471479556833,0.0008396121698666672,1.2891186863230708
96,72,0.0007825693195986614,6.521410996655512e-05,0.0006547496640642134,0.0009103889751331095,1.3977875521420464
97,72,0.0006352246367404698,5.293538639503915e-05,0.0005314712794061931,0.0007389779940747465,1.1346075904242499
98,72,0.0007316121580432918,6.096767983694098e-05,0.0006121155055628874,0.0008511088105236961,1.3067703293468624
99,72,0.0005974188556318658,4.9784904635988816e-05,0.0004998404425453277,0.0006949972687184038,1.0670807287020005
100,72,0.0005666386629303892,4.721988857753244e-05,0.00047408768131842566,0.0006591896445423528,1.012102633940092
101,72,0.0004925712030995754,4.104760025829795e-05,0.0004121179065933114,0.0005730244996058393,0.8798069116603227
102,72,0.0005656567940948608,4.713806617457174e-05,0.00047326618439270024,0.0006580474037970215,1.0103488672107221
103,72,0.0005172193102373133,4.310160918644278e-05,0.0004327401562318855,0.0006016984642427412,0.9238321711206126
104,72,0.00041146783543297887,3.4288986286081575e-05,0.00034426142231225895,0.0004786742485536988,0.7349439903547603
105,72,0.0004740313468787145,3.950261223989287e-05,0.00039660622688852444,0.0005514564668689045,0.8466919152056789
106,72,0.0006237722854510089,5.198102378758408e-05,0.0005218894788273442,0.0007256550920746737,1.1141519532375328
107,72,0.00042652199473405784,3.5543499561171484e-05,0.0003568567355941617,0.0004961872538739539,0.7618330031898191
108,72,0.0008779092559791477,7.315910466492897e-05,0.0007345174108358869,0.0010213011011224085,1.5680791454324694
109,72,0.0005702300365015255,4.751916970846046e-05,0.00047709246387294297,0.0006633676091301079,1.0185173720944074
110,72,0.0007109348689992802,5.924457241660668e-05,0.000594815507062731,0.0008270542309358293,1.2698375535352768
111,72,0.0006073488821693778,5.061240684744815e-05,0.0005081485647483794,0.0007065491995903761,1.0848172628836532
112,72,0.0004349258211203621,3.624381842669684e-05,0.0003638879370040363,0.000505963705236688,0.7768435123152768
113,72,0.00049352583920229,4.11271532668575e-05,0.0004129166187992493,0.0005741350596053307,0.8815120365965828
114,72,0.00046808206859142213,3.9006839049285175e-05,0.00039162866405482316,0.0005445354731280211,0.8360656014390326
115,72,0.00044733798752362084,3.72781656269684e-05,0.0003742727828947628,0.0005204031921524789,0.7990135249379138
116,72,0.00039227211564460933,3.268934297038411e-05,0.00032820100342265644,0.0004563432278665622,0.7006575220475818
117,72,0.00042984961580322633,3.582080131693553e-05,0.0003596408452220327,0.00050005838638442,0.7677766393537243
118,72,0.00041741572494790534,3.478464374565878e-05,0.00034923782320641413,0.00048559362668939654,0.7455678235632283
119,72,0.0003829832191290551,3.1915268260754595e-05,0.0003204292933379761,0.00044553714492013413,0.6840661433704366
120,72,0.0005341387215228683,4.4511560126905695e-05,0.00044689606367413314,0.0006213813793716035,0.9540528070339258
121,72,0.0006217970867131229,5.181642389276024e-05,0.0005202368958833128,0.000723357277542933,1.1106239485743297
122,72,0.0005335091823710328,4.44590985309194e-05,0.0004463693492504308,0.0006206490154916348,0.9529283545822593
123,72,0.0005979629709762701,4.9830247581355844e-05,0.0005002956857168128,0.0006956302562357275,1.068052601271357
124,72,0.0006220399049057069,5.1836658742142245e-05,0.0005204400537711081,0.0007236397560403058,1.111057658711601
125,72,0.0010184468142913283,8.487056785761068e-05,0.0008521005012904114,0.0011847931272922453,1.8191005497956607
126,72,0.000697047489708325,5.808729080902708e-05,0.000583196399722632,0.000810898579694018,1.245032586845901
127,72,0.0007303827380702053,6.086522817251711e-05,0.0006110868908520718,0.0008496785852883388,1.3045743987223188
128,72,0.0005187190057453581,4.322658381211318e-05,0.0004339949014736163,0.0006034431100171,0.9265108548622949
129,72,0.0007245907069480013,6.0382558912333447e-05,0.0006062408914798278,0.0008429405224161749,1.2942289522532595
130,72,0.000471311806293213,3.927598385776775e-05,0.0003943308779319882,0.0005482927346544378,0.8418344030559455
131,72,0.0005952355701382253,4.960296417818544e-05,0.0004980137603489819,0.0006924573799274688,1.0631810495178637
132,72,0.0007296703895153123,6.0805865792942695e-05,0.0006104908925611447,0.00084884988646948,1.3033020361112642
133,72,0.0006673475610842939,5.5612296757024494e-05,0.0005583474594405259,0.0007763476627280619,1.1919840076459542
134,72,0.0004206674901178664,3.5055624176488865e-05,0.0003519584667319482,0.0004893765135037845,0.7513759695807486
135,72,0.0006799900965824881,5.666584138187401e-05,0.000568925047474015,0.0007910551456909612,1.2145654944284319
136,72,0.0007085568242624787,5.9046402021873226e-05,0.0005928258762996073,0.0008242877722253502,1.2655900047900197
137,72,0.0006554651832629716,5.462209860524763e-05,0.0005484058699966862,0.0007625244965292569,1.170760277820958
138,72,0.0006111949560148005,5.093291300123338e-05,0.0005113664465323831,0.000711023465497218,1.091686934376152
139,72,0.00046645710776413695,3.887142564701141e-05,0.00039026911349599456,0.0005426451020322793,0.8331631748293842
140,72,0.0007551711336754832,6.293092780629027e-05,0.0006318265151751543,0.0008785157521758122,1.3488502346730555
141,72,0.0005663369122855918,4.719474269046598e-05,0.00047383521661227844,0.0006588386079589051,1.0115636615007366
142,72,0.0005163886752295613,4.303238960246344e-05,0.00043204519160873294,0.0006007321588503896,0.9223485309559245
143,72,0.0005020193469585723,4.1834945579881024e-05,0.0004200228536220055,0.000584015840295139,0.8966827302571033
144,72,0.0006495333726440278,5.4127781053668985e-05,0.0005434429217788366,0.000755623823509219,1.1601651639605324
145,72,0.0005752479803892515,4.793733169910429e-05,0.00048129081025900713,0.0006692051505194959,1.0274801813024248
146,72,0.0005937189303959279,4.947657753299399e-05,0.0004967448384312597,0.000690693022360596,1.060472100802682
147,72,0.0005742592330570068,4.78549360880839e-05,0.0004804635583243623,0.0006680549077896512,1.025714128534174
148,72,0.0005434646265558191,4.528871887965159e-05,0.00045469873755170197,0.0006322305155599362,0.9707102885388265
149,72,0.0004988649550493352,4.15720795874446e-05,0.0004173836790579438,0.0005803462310407266,0.8910485076586883
150,72,0.0004385731576573629,3.6547763138113575e-05,0.0003669395419066603,0.0005102067734080655,0.7833582088184661
151,72,0.0005300882996349372,4.4174024969578096e-05,0.0004435072106945641,0.0006166693885753102,0.9468181389296646
152,72,0.0007063299036969389,5.886082530807824e-05,0.0005909626860931055,0.0008216971213007723,1.2616123867462699
153,72,0.000521906000217798,4.3492166684816506e-05,0.0004366613535155577,0.0006071506469200384,0.9322033105857146
154,72,0.0005751515574332177,4.7929296452768144e-05,0.0004812101363857922,0.0006690929784806433,1.0273079552716957
155,72,0.0005744563760185573,4.787136466821311e-05,0.0004806285012688596,0.000668284250768255,1.0260662557780442
156,72,0.00046359889307690487,3.863324108974207e-05,0.0003878777405410104,0.0005393200456127994,0.8280579696915039
157,72,0.0006276536733116157,5.230447277596798e-05,0.0005251369066707185,0.0007301704399525129,1.121084700919711
158,72,0.00042723596258793865,3.560299688232822e-05,0.00035745408869857534,0.0004970178364773019,0.7631082581145789
159,72,0.0004834027984775809,4.0283566539798405e-05,0.000404447008059576,0.0005623585888955857,0.8634307497885566
160,72,0.0004908847026891931,4.090705855743276e-05,0.0004107068679166249,0.0005710625374617613,0.8767945660172252
161,72,0.0004492421381234518,3.7436844843620984e-05,0.00037586592222995464,0.0005226183540169489,0.8024146268456815
162,72,0.0007134427110284211,5.945355925236843e-05,0.000596913734893779,0.0008299716871630633,1.2743169399401382
163,72,0.0003894497879109221,3.245414899257684e-05,0.0003258396558854715,0.0004530599199363727,0.6956164164542313
164,72,0.0003424189700503587,2.8534914170863227e-05,0.00028649053827546676,0.00039834740182525066,0.6116122392827197
165,72,0.00045579684130471834,3.798307010872653e-05,0.00038135002389161435,0.0005302436587178224,0.8141223213403482
166,72,0.00046569121429967134,3.880760119163928e-05,0.00038962831596405835,0.0005417541126352843,0.8317951728849098
167,72,0.0005212365841205913,4.3436382010049274e-05,0.00043610127538089473,0.0006063718928602878,0.9310076318586735
168,72,0.0005722756866914805,4.768964055762337e-05,0.0004788039911985387,0.0006657473821844223,1.0221712137413335
169,72,0.0004226956064651492,3.522463387209577e-05,0.0003536553240758415,0.0004917358888544569,0.7549984931240707
170,72,0.0005184123888791996,4.320103240659996e-05,0.00043373836536226364,0.0006030864123961355,0.9259631906131865
171,72,0.0005272876468570466,4.394063723808722e-05,0.0004411639978703957,0.0006134112958436975,0.9418157480963323
172,72,0.00041665505131002447,3.4721254275835375e-05,0.00034860139292938714,0.0004847087096906618,0.7442091450210925
173,72,0.00039739658876552294,3.311638239712691e-05,0.0003324884792671542,0.00046230469826389166,0.7098106086308548
174,72,0.0005378094199081964,4.481745165901637e-05,0.00044996721465652434,0.0006256516251598685,0.9606092313431626
175,72,0.0004078687480982663,3.398906234152219e-05,0.0003412501859088828,0.0004744873102876498,0.7285154742482085
176,72,0.00042318815370672813,3.526567947556068e-05,0.0003540674219346292,0.0004923088854788271,0.7558782572368192
177,72,0.0003595035978389526,2.995863315324605e-05,0.00030078467685859035,0.00041822251881931487,0.6421279769404696
178,72,0.0003598678831591142,2.9988990263259517e-05,0.00030108946224312555,0.00041864630407510283,0.6427786457990585
179,72,0.00030264987048316726,2.5220822540263937e-05,0.00025321705830424996,0.00035208268266208456,0.540578592878812
180,72,0.0003908286187357977,3.2569051561316475e-05,0.0003269932776756174,0.000454663959795978,0.6980792175317247
181,72,0.0007389140030250377,6.157616691875315e-05,0.0006182247158642816,0.0008596032901857938,1.3198125324687402
182,72,0.0005901426838484186,4.917855698736822e-05,0.0004937527121531769,0.0006865326555436604,1.0540843818079444
183,72,0.00045637917252976573,3.803159771081381e-05,0.0003818372410165707,0.0005309211040429608,0.815162453271424
184,72,0.0006479617210336994,5.3996810086141616e-05,0.0005421279732648618,0.000753795468802537,1.1573579557015277
185,72,0.000490301344303859,4.085844535865492e-05,0.0004102187914008954,0.0005703838972068227,0.8757525994220156
186,72,0.00039589560789525,3.29913006579375e-05,0.0003312326586056925,0.0004605585571848075,0.7071296290371917
187,72,0.0004482261367414617,3.7352178061788476e-05,0.0003750158677403563,0.0005214364057425672,0.8005998942090466
188,72,0.0005658680372840107,4.7155669773667556e-05,0.0004734429245276223,0.0006582931500403991,1.0107261796006584
189,72,0.0005077188820700802,4.2309906839173345e-05,0.0004247914646653004,0.00059064629947486,0.9068629648156828
190,72,0.0005559576952651207,4.632980793876006e-05,0.00046515127170515096,0.0006467641188250904,0.9930248049561999
191,72,0.0004585472101084574,3.8212267509038114e-05,0.0003836511657907427,0.0005334432544261721,0.8190348973657383
192,72,0.00041439643278557813,3.453303606546485e-05,0.00034671168209726705,0.0004820811834738892,0.7401749096128764
193,72,0.0004093642604948169,3.411368837456808e-05,0.00034250143128066346,0.00047622708970897036,0.7311866863180154
194,72,0.00043665789550380253,3.638815795865021e-05,0.0003653371059048481,0.0005079786851027569,0.7799372599896666
195,72,0.0006429140819691444,5.35761734974287e-05,0.0005379047819141842,0.0007479233820241047,1.1483421064017376
196,72,0.00047229694724153345,3.935807893679446e-05,0.0003951551125254163,0.0005494387819576506,0.8435940142752736
197,72,0.00045266420759495655,3.772201729957971e-05,0.0003787290536877803,0.0005265993615021328,0.8085269621877925
198,72,0.0006633690136916247,5.5280751140968726e-05,0.000555018741455326,0.0007717192859279234,1.1848777182964916
199,72,0.000578514334115294,4.820952784294117e-05,0.00048402365954312935,0.0006730050086874587,1.0333143846947792
200,72,0.0006142282433810654,5.1185686948422115e-05,0.000513904296962158,0.0007145521897999727,1.0971048458843735
201,72,0.0005063591095815993,4.2196592465133276e-05,0.0004236537883499381,0.0005890644308132605,0.9044342048189089
202,72,0.0004587507788267339,3.8229231568894495e-05,0.0003838214849517007,0.0005336800727017672,0.8193985019861678
203,72,0.00047538653980729604,3.9615544983941336e-05,0.00039774007163877103,0.000553033007975821,0.8491124954135686
204,72,0.00046008458700692336,3.8340382250576944e-05,0.00038493743779579253,0.0005352317362180541,0.8217808857885001
205,72,0.00045732166643959346,3.8110138869966124e-05,0.0003826257942544599,0.000532017538624727,0.8168458904087278
206,72,0.0005214514449384735,4.3454287078206125e-05,0.00043628104226518946,0.0006066218476117575,0.9313914058824658
207,72,0.0009566448558614244,7.97204046551187e-05,0.0008003928627373918,0.001112896848985457,1.7087128741893352
208,72,0.00043839970020899296,3.653330835074941e-05,0.0003667944158415241,0.0005100049845764618,0.7830483874951842
209,72,0.00034329091096147845,2.8607575913456538e-05,0.00028722006217110364,0.00039936175975185327,0.6131696580585945
210,72,0.0005914177045597693,4.928480871331411e-05,0.0004948194794816736,0.0006880159296378649,1.0563617622704997
211,72,0.000631088926717022,5.259074389308517e-05,0.0005280110686865751,0.000734166784747469,1.1272205847683048
212,72,0.0006148897568724449,5.124081307270374e-05,0.0005144577632499455,0.0007153217504949443,1.0982864093582632
213,72,0.0006544976418908712,5.4541470157572595e-05,0.0005475963603820289,0.0007613989233997134,1.1690321021153247
214,72,0.000355497869333879,2.9624822444489916e-05,0.0002974332173426788,0.0004135625213250792,0.6349731379997813
215,72,0.0005889482783419984,4.9079023195166534e-05,0.000492753392879472,0.0006851431638045248,1.0519509923339738
216,72,0.00045984941686909786,3.832078473909149e-05,0.00038474067878047855,0.0005349581549577172,0.8213608362375459
217,72,0.00040842137256659055,3.403511438054921e-05,0.0003417125483807141,0.000475130196752467,0.7295025454040632
218,72,0.0005310097631339067,4.4250813594492224e-05,0.00044427816848870193,0.0006177413577791115,0.9484640125620137
219,72,0.0003891660607231725,3.2430505060264376e-05,0.0003256022708050543,0.0004527298506412907,0.6951096366440491
220,72,0.00037380985602768945,3.115082133564079e-05,0.0003127542462098335,0.0004348654658455454,0.6676811249021123
221,72,0.00033961312195868876,2.8301093496557395e-05,0.0002841429787054363,0.00039508326521194123,0.6066005688306386
222,72,0.00037809363275077753,3.150780272923146e-05,0.00031633833940148385,0.0004398489261000712,0.675332600151307
223,72,0.0005247791094340796,4.3731592452839966e-05,0.00043906518822651325,0.0006104930306416459,0.9373351196125782
224,72,0.00046539299755146116,3.8782749795955097e-05,0.0003893788079513892,0.0005414071871515331,0.8312625125210941
225,72,0.0005933278071191304,4.94439839265942e-05,0.0004964175986230057,0.000690238015615255,1.0597734952811408
226,72,0.0004360406371147621,3.6336719759563506e-05,0.0003648206663860176,0.0005072606078435066,0.7788347428438392
227,72,0.0004901957083098343,4.084964235915286e-05,0.0004101304092858947,0.0005702610073337739,0.8755639175074452
228,72,0.0005219837131540692,4.34986427628391e-05,0.0004367263733389045,0.0006072410529692338,0.9323421176820826
229,72,0.00039674084355290724,3.306173696274227e-05,0.00033193983910593237,0.0004615418479998821,0.7086393481781181
230,72,0.000583108160389993,4.8592346699166085e-05,0.0004878671608596275,0.0006783491599203585,1.041519655490177
231,72,0.0004483946532784539,3.7366221106537824e-05,0.0003751568599096398,0.0005216324466472681,0.8009008903148723
232,72,0.0006608894056810003,5.507411714008336e-05,0.0005529441360864369,0.0007688346752755637,1.1804487621329405
233,72,0.00033610627021337606,2.8008855851114673e-05,0.0002812089127451913,0.0003910036276815608,0.6003367994826151
234,72,0.00033805096313186994,2.8170913594322494e-05,0.0002828359724869979,0.000393265953776742,0.6038103161234203
235,72,0.0005776638357453669,4.813865297878057e-05,0.00048331207590695695,0.0006720155955837767,1.0317952655511728
236,72,0.0005574711731978657,4.645593109982214e-05,0.0004664175482422143,0.0006485247981535171,0.9957281061997467
237,72,0.00043651522737702336,3.637626894808528e-05,0.00036521774023877624,0.0005078127145152705,0.7796824330667281
238,72,0.0004250257975958779,3.541881646632316e-05,0.0003556049173218845,0.0004944466778698713,0.7591605680675592
239,72,0.00040609470966174383,3.384122580514532e-05,0.000339765907083659,0.00047242351223982865,0.7253467724073742
240,72,0.0006061003105550106,5.050835921291755e-05,0.0005071039264976922,0.0007050966946123289,1.0825871245217056
241,72,0.00047134701960324817,3.927891830027068e-05,0.00039436033973471764,0.0005483336994717787,0.8418972993709481
242,72,0.0008055715218743005,6.713096015619171e-05,0.0006739948399681648,0.0009371482037804363,1.4388729757684557
243,72,0.0005727773180265893,4.7731443168882445e-05,0.0004792236894155797,0.000666330946637599,1.02306720342355
244,72,0.0005887407726998433,4.9061731058320275e-05,0.0004925797798255356,0.000684901765574151,1.051580355770107
245,72,0.00046955677689722975,3.912973140810248e-05,0.0003928625033373489,0.0005462510504571106,0.8386996542459527
246,72,0.0005716278741247522,4.7635656177062685e-05,0.0004782619880177093,0.0006649937602317951,1.0210141221978541
247,72,0.0005159080037990056,4.2992333649917134e-05,0.00043164302984516806,0.0006001729777528433,0.9214899788437032
248,72,0.0004184240995364218,3.486867496136848e-05,0.00035008149661213957,0.000486766702460704,0.7473689335894269
249,72,0.0004475649827119737,3.7297081892664476e-05,0.0003744627022023513,0.000520667263221596,0.7994189727886403
250,72,0.0004911462288033179,4.0928852400276494e-05,0.00041092567809877594,0.0005713667795078599,0.8772616913411149
251,72,0.0005294525167756262,4.4121043064635516e-05,0.0004429752723689406,0.0006159297611823118,0.9456825342690246
252,72,0.0005698870088546214,4.749058407121845e-05,0.00047680546407503324,0.0006629685536342095,1.0179046726659031
253,72,0.0003744400685411269,3.1203339045093906e-05,0.00031328152401274286,0.00043559861306951094,0.668806780079776
254,72,0.00030282621463707267,2.5235517886422723e-05,0.00025336459957968414,0.0003522878296944612,0.54089357029621
255,72,0.0003753177568331304,3.12764797360942e-05,0.0003140158565503858,0.000436619657115875,0.6703744645500188
256,72,0.0005556671386461831,4.6305594887181926e-05,0.00046490817266730655,0.0006464261046250597,0.9925058267456157
257,72,0.00042057486670695013,3.504790555891251e-05,0.0003518809718114816,0.0004892687616024187,0.7512105301141438
258,72,0.0005955835314839761,4.963196095699801e-05,0.00049830488800826,0.0006928621749596922,1.0638025612811495
259,72,0.0005601818887556755,4.668182406297296e-05,0.00046868551359224847,0.0006516782639191024,1.00056985551091
260,72,0.00042321787632138453,3.5268156360115375e-05,0.00035409228985555836,0.0004923434627872107,0.7559313463367154
261,72,0.00039239327459978724,3.269943954998227e-05,0.000328302373081822,0.0004564841761177525,0.7008739303262314
262,72,0.00042076475598315977,3.5063729665263316e-05,0.00035203984583924365,0.0004894896661270759,0.7515497011753186
263,72,0.0003787443248993234,3.156202707494362e-05,0.0003168827518324339,0.0004406058979662129,0.6764948350648613
264,72,0.00040101570945669696,3.341797578805808e-05,0.00033551647691210313,0.0004665149420012908,0.7162749073519152
265,72,0.0006513809152349921,5.428174293624934e-05,0.0005449886990799434,0.0007577731313900408,1.1634651553747455
266,72,0.00042178284463461474,3.5148570386217895e-05,0.00035289164667762766,0.0004906740425916018,0.7533681619919408
267,72,0.000378301230167872,3.1525102513989336e-05,0.0003165120292404529,0.0004400904310952911,0.6757034006391416
268,72,0.0003437177116621974,2.864314263851645e-05,0.00028757715209070517,0.0003998582712336896,0.6139319888729643
269,72,0.00026091454352819115,2.174287862734926e-05,0.0002182985014185866,0.00030353058563779573,0.4660329660042982
270,72,0.0006236310658755877,5.196925548963231e-05,0.0005217713251159083,0.000725490806635267,1.1138997136471231
271,72,0.0004697121606840873,3.9142680057007275e-05,0.000392992507772353,0.0005464318135958216,0.8389771932672698
272,72,0.0005032100623397442,4.1934171861645346e-05,0.0004210190854909193,0.0005854010391885691,0.8988095286074396
273,72,0.00046151162500483663,3.845930208373639e-05,0.0003861313929207133,0.00053689185708896,0.8243297921920119
274,72,0.0007207865415611812,6.006554513009843e-05,0.0006030580731061883,0.000838515010016174,1.287434135627029
275,72,0.0005557290836517103,4.631075697097585e-05,0.0004649599999885976,0.0006464981673148229,0.9926164699250438
276,72,0.00043478667558089417,3.623222296507451e-05,0.00036377151856934814,0.0005058018325924403,0.7765949772677949
277,72,0.00044705869723415286,3.72548914361794e-05,0.0003740391100192412,0.0005200782844490644,0.798514670101319
278,72,0.000477212392299041,3.976769935825342e-05,0.0003992677015568643,0.0005551570830412177,0.8523737450193127
279,72,0.000355914567340951,2.9659547278412582e-05,0.0002977818546752623,0.0004140472800066397,0.6357174238703114
280,72,0.0004371014270730906,3.642511892275755e-05,0.0003657081939844858,0.0005084946601616955,0.7807294746740486
281,72,0.0003704398562595185,3.086998802162654e-05,0.0003099346797371305,0.0004309450327819065,0.6616617939512301
282,72,0.0002671868976091695,2.2265574800764123e-05,0.0002235463709996718,0.00031082742421866715,0.4772363421621001
283,72,0.0004010809311096657,3.3423410925805476e-05,0.000335571045695087,0.00046659081652424445,0.7163914031208736
284,72,0.00030948001037339734,2.579000086444978e-05,0.0002589316086790758,0.0003600284120677189,0.5527782591305489
285,72,0.00046392188958636356,3.86601574655303e-05,0.0003881479809539242,0.000539695798218803,0.828634890468999
286,72,0.0006233696874307072,5.194747395255894e-05,0.0005215526384836917,0.0007251867363777227,1.1134328520829113
287,72,0.0003763422068721042,3.136185057267535e-05,0.00031487297974966053,0.00043781143399454785,0.6722042877700287
288,72,0.0003170181020618592,2.64181751718216e-05,0.00026523847872508886,0.00036879772539862954,0.5662424347187781
289,72,0.0005599817347081101,4.6665144559009174e-05,0.0004685180513724521,0.0006514454180437681,1.000212350010514
290,72,0.0005307980768179827,4.423317306816523e-05,0.00044410105760437886,0.0006174950960315866,0.9480859086804189
291,72,0.0005132037607947659,4.276698006623049e-05,0.00042938047986495413,0.0005970270417245777,0.9166597904953635
292,72,0.0005033676882694701,4.194730735578917e-05,0.0004211509658521233,0.0005855844106868169,0.8990910724361431
293,72,0.0003422072978166036,2.85172748180503e-05,0.00028631343917322503,0.00039810115645998217,0.6112341605540151
294,72,0.0004481037625517071,3.7341980212642256e-05,0.0003749134813349283,0.000521294043768486,0.8003813153370432
295,72,0.00043307662831075023,3.608971902589585e-05,0.00036234077901999435,0.000503812477601506,0.7735405733601544
296,72,0.0003840064904192907,3.2000540868274225e-05,0.0003212854303174732,0.00044672755052110815,0.6858938611663363
297,72,0.00037295400701495133,3.107950058457928e-05,0.00031203818586917595,0.0004338698281607267,0.6661524486985372
298,72,0.0006971882335343896,5.809901946119913e-05,0.0005833141553904393,0.0008110623116783399,1.2452839766757688
299,72,0.00038776175665310977,3.231347972109248e-05,0.0003244273363997685,0.00045109617690645103,0.6926013364853325
300,72,0.0006298379531913142,5.248649609927619e-05,0.000526964420836733,0.0007327114855458955,1.124986156228236
301,72,0.0005579527231776748,4.649606026480623e-05,0.00046682044505865454,0.0006490850012966949,0.996588227534246
302,72,0.0007276723294998781,6.0639360791656506e-05,0.0006088191823482314,0.0008465254766515248,1.2997331977373816
303,72,0.00039972668241415355,3.331055686784613e-05,0.00033443799095317513,0.00046501537387513196,0.7139725094565241
304,72,0.0007283566196368313,6.069638496973594e-05,0.0006093917050961488,0.0008473215341775138,1.300955443756402
305,72,0.0005963646694791864,4.9697055789932206e-05,0.0004989584401309193,0.0006937708988274536,1.0651977922707443
306,72,0.000600999603391852,5.008330028265433e-05,0.0005028363348378495,0.0006991628719458544,1.0734764875452376
307,72,0.0005427394717557139,4.522828931297616e-05,0.0004540920247022806,0.0006313869188091472,0.9694150520305989
308,72,0.0004938750500741962,4.115625417284968e-05,0.00041320879189541077,0.0005745413082529815,0.8821357802031856
309,72,0.0005477844377942742,4.564870314952285e-05,0.0004583129796212094,0.0006372558959673389,0.9784261269003567
310,72,0.0007064109056238142,5.8867575468651184e-05,0.0005910304577052579,0.0008217913535423705,1.2617570684789294
311,72,0.0006543919774224352,5.453266478520294e-05,0.0005475079544434375,0.000761276000401433,1.1688433693411353
312,72,0.0005615599485282641,4.679666237735534e-05,0.0004698384902686476,0.0006532814067878805,1.003031279372019
313,72,0.0005512420314772905,4.593683595644087e-05,0.00046120583300266637,0.0006412782299519146,0.9846019138746833
314,72,0.0004600762547337018,3.8339687894475154e-05,0.0003849304664605305,0.0005352220430068731,0.8217660030841843
315,72,0.0005075264933262362,4.229387444385302e-05,0.0004246304994162843,0.0005904224872361881,0.9065193293260431
316,72,0.0004420607774079796,3.683839811733163e-05,0.0003698575170980096,0.0005142640377179496,0.789587626905693
317,72,0.00043156831904701934,3.596402658725161e-05,0.0003610788269360062,0.0005020578111580324,0.7708465041437624
318,72,0.00041295136780515894,3.441261398376325e-05,0.00034550264439698296,0.0004804000912133349,0.7375938042831884
319,72,0.0005342303059471014,4.4519192162258455e-05,0.0004469726893090749,0.000621487922585128,0.9542163907126583
320,72,0.0004802631096467752,4.0021925803897936e-05,0.00040182013507113526,0.0005587060842224151,0.85782278911927
321,72,0.0005103667913209391,4.253056594341159e-05,0.00042700688207185237,0.0005937267005700258,0.911592532532381
322,72,0.0009826171406909533,8.188476172424612e-05,0.000822123007711431,0.0011431112736704756,1.7551033159383442
323,72,0.0006759860204772429,5.6332168373103575e-05,0.0005655749704659599,0.0007863970704885259,1.207413606924573
324,72,0.00031614730475373377,2.6345608729477814e-05,0.0002645099116439573,0.00036778469786351027,0.5646870585913818
325,72,0.0004684903258207427,3.904086048506189e-05,0.0003919702392700214,0.000545010412371464,0.8367948107996922
326,72,0.0003215955522741407,2.679962935617839e-05,0.000269068278736031,0.00037412282581225035,0.5744184553817889
327,72,0.000512326195709236,4.2693849642436335e-05,0.0004286462504100608,0.0005960061410084113,0.9150923260905781
328,72,0.0004161005651535449,3.4675047096128744e-05,0.0003481374728451326,0.00048406365746195724,0.7432187486076991
329,72,0.0003563796757435328,2.9698306311961065e-05,0.0002981709953720891,0.00041458835611497645,0.6365481780530321
330,72,0.00048371955271765086,4.030996272647091e-05,0.0004047120257737679,0.0005627270796615338,0.8639965209257193
331,72,0.0005300793611517402,4.4173280095978345e-05,0.0004434997321636226,0.0006166589901398578,0.9468021734423462
332,72,0.0005408458239580086,4.507048532983405e-05,0.0004525076727115338,0.0006291839752044833,0.9660327097211263
333,72,0.0005265822888848968,4.388185740707474e-05,0.00044057384836703036,0.0006125907294027633,0.9405558717268104
334,72,0.00048185449573058385,4.0154541310881985e-05,0.00040315159476125514,0.0005605573966999126,0.8606652461424262
335,72,0.0006734055147143078,5.611712622619232e-05,0.0005634159473109708,0.0007833950821176448,1.2028044320651352
336,72,0.00042845351813122176,3.570445984426848e-05,0.00035847277683645555,0.0004984342594259879,0.7652829970671812
337,72,0.000589336739844327,4.911139498702725e-05,0.0004930784056697535,0.0006855950740189004,1.0526448435224152
338,72,0.0004858574179352996,4.048811816127497e-05,0.0004065007063392007,0.0005652141295313986,0.8678150726048465
339,72,0.0004158984249756437,3.465820208130364e-05,0.0003479683488962886,0.0004838285010549988,0.7428576955771471
340,72,0.0004008211814563928,3.3401765121366066e-05,0.0003353537218185153,0.0004662886410942703,0.7159274508256261
341,72,0.0005232507997612778,4.3604233313439814e-05,0.00043778650246693575,0.0006087150970556198,0.9346053266307166
342,72,0.00030318522368823637,2.526543530735303e-05,0.0002536649704858244,0.0003527054768906483,0.5415348149377458
343,72,0.00037384507657892667,3.115375638157722e-05,0.00031278371407103534,0.000434906439086818,0.6677440341510005
344,72,0.0004043526529516556,3.369605441263797e-05,0.0003383083863028852,0.000470396919600426,0.7222351947828698
345,72,0.00041137691785732804,3.4281409821444005e-05,0.0003441853546072978,0.0004785684811073583,0.7347815977687836
346,72,0.00043298484164734435,3.6082070137278693e-05,0.0003622639841782781,0.0005037056991164106,0.7733766284515715
347,72,0.0003315795270343421,2.763162725286184e-05,0.00027742153761873287,0.0003857375164499513,0.592251349275287
348,72,0.0005301527355418376,4.417939462848647e-05,0.00044356112207000415,0.0006167443490136711,0.9469332312369155
349,72,0.0003487343323717565,2.906119436431304e-05,0.0002917743914177029,0.0004056942733258101,0.6228924346839959
350,72,0.0005009387908914638,4.174489924095532e-05,0.00041911878837919136,0.0005827587934037362,0.8947526931572969
351,72,0.00043492587264946936,3.624382272078911e-05,0.0003638879801167227,0.000505963765182216,0.7768436043540814
352,72,0.0003510454030985308,2.9253783591544234e-05,0.0002937079872591041,0.00040838281893795753,0.6270203576846851
353,72,0.0004488942111508952,3.7407850929241264e-05,0.0003755748233295823,0.0005222135989722081,0.8017931764781365
354,72,0.0003965810108744782,3.3048417572873183e-05,0.00033180611243164676,0.00046135590931730964,0.708353862761378
355,72,0.00025383958381323984,2.115329865110332e-05,0.00021237911845707733,0.00029530004916940235,0.45339601439656446
356,72,0.00030232905662719073,2.5194088052265894e-05,0.00025294864404474957,0.0003517094692096319,0.5400055706516327
357,72,0.00046903963544464545,3.9086636287053785e-05,0.00039242982832202004,0.0005456494425672709,0.8377759611404145
358,72,0.0003859390001575795,3.216158334646496e-05,0.00032290229679850815,0.0004489757035166508,0.6893456167986153
359,72,0.0003008551400718317,2.507126167265264e-05,0.0002517154671934325,0.00034999481295023085,0.5373729320311542
360,72,0.0005210918264551598,4.342431887126332e-05,0.00043598016146748374,0.0006062034914428359,0.9307490727026348
361,72,0.000453778673309178,3.78148894424315e-05,0.00037966149000201227,0.0005278958566163437,0.8105175670628044
362,72,0.0005491424689878048,4.57618724156504e-05,0.00045944919905313006,0.0006388357389224797,0.9808517766801247
363,72,0.000710905545715322,5.924212880961016e-05,0.000594790973248486,0.0008270201181821579,1.2697851777006022
364,72,0.0005360093298883621,4.466744415736351e-05,0.00044846113933992966,0.0006235575204367946,0.9573939974214571
365,72,0.0005144775142455817,4.287312618713181e-05,0.00043044618691880337,0.0005985088415723601,0.9189349074383092
366,72,0.0006429390178853292,5.35782514904441e-05,0.0005379256449640588,0.0007479523908065996,1.1483866457318281
367,72,0.0004135853702396772,3.44654475199731e-05,0.00034603309310052993,0.00048113764737882446,0.7387262288349864
368,72,0.0005355404242341049,4.462836868617541e-05,0.0004480688216092011,0.0006230120268590088,0.956556460771048
369,72,0.0005539542132869773,4.616285110724811e-05,0.00046347502511677105,0.0006444334014571836,0.9894462821341886
370,72,0.0004427959346965948,3.689966122471624e-05,0.000370472598696151,0.0005151192706970386,0.7909007293761806
371,72,0.0003564005148598085,2.970004290498404e-05,0.00029818843076603977,0.0004146125989535772,0.6365853998768353
372,72,0.0004136654554208088,3.4472121285067396e-05,0.0003461000977020767,0.00048123081313954086,0.7388692731206404
373,72,0.0003965032918850887,3.304194099042406e-05,0.00033174108754385756,0.0004612654962263199,0.7082150448532222
374,72,0.00039116227689156325,3.259685640763027e-05,0.00032727243833260793,0.00045505211545051856,0.6986751816273259
375,72,0.00042691035099186975,3.557586258265581e-05,0.0003571816603298644,0.0004966390416538751,0.7625266663955839
376,72,0.0004793397740819966,3.9944981173499716e-05,0.00040104761098193716,0.0005576319371820561,0.856173571693318
377,72,0.0005101499512216353,4.2512495935136276e-05,0.0004268254591887682,0.0005934744432545024,0.911205223211633
378,72,0.0005779992935502355,4.816660779585296e-05,0.0004835927422703637,0.0006724058448301073,1.0323944440931514
379,72,0.00041068557822466426,3.422379818538869e-05,0.00034360693378130243,0.0004777642226680261,0.7335467602807314
380,72,0.0006910544715162825,5.758787262635687e-05,0.000578182241168623,0.0008039267018639419,1.2343281469722627
381,72,0.000585610062172932,4.8800838514411e-05,0.0004899604186846864,0.0006812597056611776,1.045988431713947
382,72,0.0006767084672943826,5.6392372274531885e-05,0.0005661794176363001,0.0007872375169524651,1.208704006564314
383,72,0.00042005606662548766,3.500467221879064e-05,0.000351446909076658,0.0004886652241743173,0.7502838744457483
384,72,0.00044436465615112637,3.7030388012593866e-05,0.0003717850956464424,0.0005169442166558103,0.7937027039323094
385,72,0.00037365091340187394,3.113757611682283e-05,0.0003126212642129012,0.0004346805625908467,0.6673972292543968
386,72,0.00046781531368871336,3.898460947405945e-05,0.00039140547911955685,0.0005442251482578699,0.8355891367053138
387,72,0.0006324809371224596,5.270674476020497e-05,0.0005291757173924579,0.0007357861568524613,1.129706926576556
388,72,0.0004267233727868647,3.556028106557206e-05,0.00035702522189834347,0.000496421523675386,0.7621926949493074
389,72,0.00035881441825252696,2.9901201521043912e-05,0.0003002080632712809,0.000417420773233773,0.640896997622765
390,72,0.00047487841145473647,3.957320095456137e-05,0.0003973149375837962,0.0005524418853256768,0.8482049010723255
391,72,0.0004838273604858742,4.0318946707156187e-05,0.0004048022249398481,0.0005628524960319003,0.8641890819585543
392,72,0.00044423581018672464,3.701965084889372e-05,0.00037167729452289294,0.0005167943258505563,0.7934725654887567
393,72,0.0006533337235341754,5.444447696118128e-05,0.0005466225486902601,0.0007600448983780906,1.1669531673168925
394,72,0.0006183153236757959,5.1526276972982995e-05,0.0005173238208087493,0.0007193068265428426,1.104404991465738
395,72,0.00041704872074368565,3.4754060061973806e-05,0.000348930763022217,0.0004851666784651543,0.7449122983651472
396,72,0.0006621271560814972,5.517726300679143e-05,0.000553979720588186,0.0007702745915748084,1.1826595721649011
397,72,0.0007002752595975629,5.835627163313024e-05,0.0005858969671966277,0.0008146535519984982,1.2507978736509975
398,72,0.0004782073384032461,3.985061153360384e-05,0.00040010013979738257,0.0005563145370091096,0.8541508697348885
399,72,0.0004329609969973603,3.608008308311336e-05,0.0003622440341544581,0.0005036779598402625,0.7733340382885046
400,72,0.00036466158191668775,3.038846515972398e-05,0.00030510019020362877,0.00042422297362974674,0.65134091917759
401,72,0.0002969911521444922,2.4749262678707683e-05,0.0002484825972942251,0.00034549970699475927,0.5304712632700633
402,72,0.00031712337961099525,2.642694830091627e-05,0.00026532656094119933,0.00036892019828079116,0.5664304763963868
403,72,0.0004728840738294306,3.940700615245255e-05,0.0003956463417706236,0.0005501218058882376,0.8446427114520492
404,72,0.0005576343142085263,4.646952618404386e-05,0.0004665540428878003,0.0006487145855292523,0.9960195007998599
405,72,0.0005660396807082885,4.7169973392357374e-05,0.00047358653285926806,0.000658492828557309,1.011032760801651
406,72,0.00046235465448540093,3.8529554540450075e-05,0.0003868367275861188,0.000537872581384683,0.8258355707658842
407,72,0.0004320665400605024,3.600554500504187e-05,0.0003614956718506203,0.0005026374082703844,0.7717364024740718
408,72,0.00035274071403840267,2.939505950320022e-05,0.0002951263974121302,0.0004103550306646751,0.6300484402703638
409,72,0.0004905891764451102,4.088243137042585e-05,0.00041045961095907555,0.0005707187419311449,0.8762667113020387
410,72,0.000448882000311636,3.7406833359303e-05,0.0003755646069274021,0.0005221993936958698,0.8017713660663426
411,72,0.0003169509579622382,2.6412579830186517e-05,0.00026518230149507265,0.0003687196144294038,0.5661225051683861
412,72,0.00037618746047744155,3.1348955039786795e-05,0.00031474350859945946,0.00043763141235542364,0.6719278872278899
413,72,0.0004646959096120393,3.8724659134336606e-05,0.0003887955777087395,0.000540596241515339,0.8300174076849218
414,72,0.00035111377683875967,2.925948140322997e-05,0.0002937651932884289,0.00040846236038909043,0.6271424835597889
415,72,0.00036528566757055127,3.0440472297545938e-05,0.0003056223418673612,0.00042494899327374133,0.6524556308543629
416,72,0.00030811468808043227,2.567622400670269e-05,0.000257789289027295,0.00035844008713356953,0.550339586340837
417,72,0.0004159044947944951,3.465870789954126e-05,0.0003479734273113943,0.00048383556227759596,0.7428685371946522
418,72,0.00023491437480517785,1.957619790043149e-05,0.00019654502692033213,0.0002732837226900236,0.41959271939041454
419,72,0.00029342521802039844,2.445210150169987e-05,0.0002454990990770667,0.0003413513369637302,0.5241019638283563
420,72,0.00040934902954988987,3.411241912915749e-05,0.0003424886880567412,0.00047620937104303853,0.7311594815392268
421,72,0.0006764300557313539,5.636917131094616e-05,0.0005659464799618994,0.0007869136315008083,1.208206721266478
422,72,0.0004997047939059268,4.1642066158827235e-05,0.0004180863442346254,0.0005813232435772282,0.892548587293999
423,72,0.0004885833370446666,4.071527808705555e-05,0.0004087813919940377,0.0005683852820952955,0.8726839777660831
424,72,0.0004990539483987881,4.1587829033232336e-05,0.0004175418034936527,0.0005805660933039234,0.8913860784587272
425,72,0.0003922797540239302,3.268997950199418e-05,0.0003282073942000216,0.0004563521138478388,0.7006711653520993
426,72,0.00038650624929184314,3.2208854107653595e-05,0.00032337689524084207,0.0004496356033428442,0.6903588098269897
427,72,0.0004988690142478442,4.1572417853987015e-05,0.00041738707525402965,0.0005803509532416588,0.8910557580031695
428,72,0.00039398797403066585,3.283233116922215e-05,0.0003296366049389904,0.0004583393431223413,0.7037223054900229
429,72,0.0004149233495943287,3.457694579952739e-05,0.000347152535827255,0.00048269416336140235,0.7411160629878434
430,72,0.0004102203911679861,3.4185032597332174e-05,0.00034321772727721506,0.0004772230550587572,0.7327158656098597
431,72,0.0006150731800527607,5.125609833773006e-05,0.0005146112273108098,0.0007155351327947116,1.098614030991004
432,72,0.0004473422648344806,3.727852206954005e-05,0.0003742763615781821,0.0005204081680907791,0.79902116486415
433,72,0.00036256329805682,3.0213608171401667e-05,0.0003033446260408727,0.00042178197007276726,0.6475930658095486
434,72,0.0005024824298341965,4.187353581951638e-05,0.0004204102996279444,0.0005845545600404486,0.8975098665413238
435,72,0.0005049068639378548,4.207557199482123e-05,0.0004224387428280052,0.0005873749850477044,0.9018402737349257
436,72,0.0006624263820521625,5.5202198504346876e-05,0.0005542300729836426,0.0007706226911206824,1.1831940351531616
437,72,0.0005162642316141745,4.302201930118121e-05,0.00043194107378385926,0.0006005873894444897,0.9221262557757264
438,72,0.0004589875792761732,3.82489649396811e-05,0.00038401960799439825,0.0005339555505579482,0.8198214635210483
439,72,0.00044811944683128044,3.7343287235940035e-05,0.000374926603848838,0.0005213122898137229,0.8004093298402991
440,72,0.00044091675804688353,3.674306317057363e-05,0.0003689003542325592,0.0005129331618612078,0.7875442347328824
441,72,0.0005193528090336794,4.3279400752806615e-05,0.00043452518355817843,0.0006041804345091803,0.9276429237087666
442,72,0.00041544154470604726,3.462012872550394e-05,0.00034758609240405954,0.00048329699700803497,0.742041638088478
443,72,0.0004608037262107528,3.840031051756273e-05,0.0003855391175963299,0.0005360683348251757,0.8230653775289706
444,72,0.0004067130121499631,3.389275101249693e-05,0.0003402832201654691,0.0004731428041344571,0.726451154472767
445,72,0.0003946586311259837,3.288821926049864e-05,0.00033019772137540636,0.00045911954087656106,0.7049202008279999
446,72,0.0005548552417974203,4.6237936816451695e-05,0.00046422888563717505,0.0006454815979576656,0.9910556557762172
447,72,0.00050843800910564,4.236983409213667e-05,0.00042539313428505214,0.0005914828839262278,0.9081474348217774
448,72,0.0003390410499286099,2.825342082738416e-05,0.00028366434510693694,0.0003944177547502829,0.6055787613785104
449,72,0.00031093541518613355,2.5911284598844464e-05,0.0002601492973723984,0.0003617215329998687,0.5553778329697248
450,72,0.0005883585834761877,4.902988195634898e-05,0.0004922600148417437,0.0006844571521106317,1.0508977078231334
451,72,0.0005466590362140938,4.5554919684507815e-05,0.0004573713936324585,0.0006359466787957291,0.97641598890933
452,72,0.0004511761970079162,3.759801641732635e-05,0.0003774840848299565,0.0005248683091858759,0.8058691494880981
453,72,0.0005588840099891975,4.6573667499099786e-05,0.00046759962169096186,0.000650168398287433,0.998251647093408
454,72,0.0005301908239367002,4.418256866139168e-05,0.00044359298936037247,0.0006167886585130278,0.9470012628896862
455,72,0.00048272870526589297,4.022739210549108e-05,0.00040388301673913044,0.0005615743937926555,0.8622267170253451
456,72,0.00042343511675365313,3.528625972947109e-05,0.0003542740476838898,0.0004925961858234164,0.7563193707128854
457,72,0.0006493290146050742,5.411075121708952e-05,0.0005432719422195787,0.0007553860869905697,1.1598001494936019
458,72,0.00035410757128489145,2.9508964273740953e-05,0.0002962700013083592,0.0004119451412614237,0.6324898547199834
459,72,0.00039651413343147273,3.304284445262273e-05,0.00033175015830433217,0.0004612781085586133,0.7082344095001639
460,72,0.00029312913604461605,2.4427428003718003e-05,0.00024525137715732874,0.00034100689493190336,0.5235731164920276
461,72,0.00037601248702039244,3.133437391836604e-05,0.000314597114140395,0.0004374278599003899,0.6716153580830674
462,72,0.0003323351650620418,2.7694597088503484e-05,0.00027805375476857495,0.0003866165753555086,0.593601033453534
463,72,0.0003536558357978782,2.9471319649823185e-05,0.0002958920492842248,0.0004114196223115316,0.6316829865936789
464,72,0.0003594820890119964,2.99568407509997e-05,0.000300766681140037,0.0004181974968839558,0.642089558911769
465,72,0.00037521917972589816,3.126826497715818e-05,0.00031393338037066814,0.0004365049790811282,0.6701983908783777
466,72,0.0005781929066615125,4.818274222179271e-05,0.0004837547319067988,0.0006726310814162262,1.0327402664888126
467,72,0.0005078688963770263,4.232240803141886e-05,0.0004249169766354453,0.0005908208161186073,0.9071309131311113
468,72,0.00039664537465105193,3.305378122092099e-05,0.0003318599634580468,0.00046143078584405707,0.7084688262329204
469,72,0.0003711547622333333,3.092956351944444e-05,0.00031053281773522223,0.0004317767067314444,0.6629387245005428
470,72,0.0012063244642140283,0.00010052703868450236,0.0010092914683924037,0.0014033574600356528,2.154678541177091
471,72,0.0005329400039171347,4.441166699309456e-05,0.0004458931366106694,0.0006199868712236001,0.9519117154962621
472,72,0.00030747955708811765,2.5623296424009804e-05,0.0002572578960970584,0.0003577012180791769,0.549205146013567
473,72,0.0005397282433777858,4.497735361481548e-05,0.00045157263029274743,0.0006278838564628241,0.9640365412227851
474,72,0.00033898508546429713,2.824875712202476e-05,0.0002836175215051286,0.0003943526494234657,0.6054788003531806
475,72,0.0003979906280839759,3.316588567366466e-05,0.0003329854921635932,0.00046299576400435865,0.7108716529933432
476,71,0.0004222000483967177,3.543024100864854e-05,0.00035275677601976653,0.0004916433207736689,0.7541133512176996
477,71,0.00037317395547544754,3.131606268368342e-05,0.000311794472615428,0.00043455343833546706,0.6665453100240388
478,71,0.0003381919632287929,2.8380439106736235e-05,0.0002825663025795899,0.0003938176238779959,0.6040621636919281
479,71,0.00035855323303130867,3.008911891168829e-05,0.0002995785599643996,0.0004175279060982177,0.6404304811853334
480,71,0.0004693549079478721,3.938738891749128e-05,0.0003921556256695892,0.000546554190226155,0.8383390856707359
481,71,0.0005050047046417282,4.237905339874638e-05,0.0004219417599801853,0.0005880676493032711,0.9020150320784258
482,71,0.0005823096216603322,4.8866337925414874e-05,0.00048653159932651903,0.0006780876439941453,1.0400933441484603
483,71,0.0004539922285583925,3.809818150177727e-05,0.000379319792814909,0.000528664664301876,0.8108990091428488
484,71,0.0005315095352840274,4.460328937672921e-05,0.00044408708810563815,0.0006189319824624166,0.949356681457728
485,71,0.00048251867810949545,4.049206796994493e-05,0.0004031542248884034,0.0005618831313305875,0.8618515766544259
486,71,0.0005421779466096613,4.549856256744054e-05,0.0004530007639774779,0.0006313551292418448,0.9684120829137294
487,71,0.0004989791088430511,4.187339663205831e-05,0.0004169072514442168,0.0005810509662418854,0.8912524036560009
488,71,0.0005701465452046062,4.7845635223296605e-05,0.00047636910016694487,0.0006639239902422675,1.0183682439691113
489,71,0.0004424587134705306,3.713031041604055e-05,0.00036968330505509115,0.0005152341218859701,0.7902984010963646
490,71,0.00046438822289591975,3.8970593966678354e-05,0.00038800585872123016,0.0005407705870706093,0.8294678325214438
491,71,0.0003926591493075402,3.29512238263524e-05,0.00032807475060788946,0.0004572435480071909,0.7013488228981981
492,71,0.00040309463643876784,3.3826950452879524e-05,0.000336793813551124,0.0004693954593264117,0.7199881863989921
493,71,0.0003673336880570893,3.082595832918805e-05,0.0003069148097318807,0.0004277525663822979,0.6561137062106558
494,71,0.0004062033093231685,3.4087824486242667e-05,0.0003393911733301329,0.0004730154453162041,0.7255407478816288
495,71,0.00042524266175733805,3.568557144992225e-05,0.00035529894171549046,0.0004951863817991857,0.7595479203669697
496,71,0.0007230568376198052,6.067758191194967e-05,0.0006041287770723839,0.0008419848981672266,1.2914892288832396
497,71,0.0006527990652128688,5.478168062401441e-05,0.0005454269711898006,0.000760171159235937,1.1659981864258007
498,71,0.0005857251952402562,4.915296649303116e-05,0.0004893853809139152,0.0006820650095665972,1.0461940768425193
499,71,0.00036962199689291266,3.1017988940892906e-05,0.00030882673856876257,0.00043041725521706276,0.6602009730202094
500,71,0.00045560311508306353,3.8233364095960803e-05,0.00038066572145498037,0.0005305405087111467,0.813776296912389
501,71,0.0005639871808951352,4.732875285255001e-05,0.0004712228253041372,0.0006567515364861332,1.0073666846883285
502,71,0.0003814610646346575,3.20115014357413e-05,0.00031871852182060453,0.0004442036074487104,0.6813473444711937
503,71,0.000465952128877008,3.910183404122415e-05,0.0003893125341562087,0.0005425917235978074,0.8322612059113011
504,71,0.0005598609705094432,4.698248896894172e-05,0.00046777529213031747,0.000651946648888569,0.9999966468268937
505,71,0.00034971555654673395,2.934747757603708e-05,0.0002921945004977013,0.0004072366125957666,0.6246450499518008
506,71,0.00040072744032847195,3.362829976816025e-05,0.0003348159727828779,0.00046663890787406603,0.7157600149468483
507,71,0.0005207475724908861,4.3700165521260535e-05,0.00043509524806921543,0.0006063998969125567,0.9301341828852264
508,71,0.0005338251011067618,4.479760734396397e-05,0.0004460217907125924,0.0006216284115009311,0.9534926333818893
509,71,0.0002797218908091398,2.347373962745321e-05,0.00023371336113933152,0.0003257304204789481,0.4996257420814445
510,71,0.0005784233915840554,4.854021274200853e-05,0.0004832845746097187,0.0006735622085583922,1.033151947534336
511,71,0.0005894461800750297,4.9465224603815826e-05,0.0004924943398515508,0.0006863980202985087,1.0528403203809487
512,71,0.0005339217371040718,4.480571685671227e-05,0.00044610253206491576,0.0006217409421432279,0.9536652399366646
513,71,0.00045491711215389554,3.817579600897133e-05,0.0003800925519763117,0.0005297416723314794,0.8125509915865735
514,71,0.0005417878174823345,4.546582365834242e-05,0.00045267480311198335,0.0006309008318526857,0.9677152530939951
515,71,0.00043212028613733315,3.626272886682812e-05,0.00036104533755835003,0.0005031952347163163,0.7718324011227398
516,71,0.0005800673401576568,4.8678169841705e-05,0.00048465812726791496,0.0006754765530473986,1.0360882891401124
517,71,0.000534910283787448,4.4888673851561804e-05,0.0004469284830383868,0.0006228920845365091,0.9554309343155896
518,71,0.0005937522042011916,4.98265781213209e-05,0.0004960921110834026,0.0006914122973189805,1.060531532867862
519,71,0.0005151218988110203,4.3228069473260166e-05,0.00043039488264343036,0.0005998489149786102,0.920085876051319
520,71,0.0005311531305214258,4.4573380553450875e-05,0.00044378930463666213,0.0006185169564061895,0.9487200884707399
521,71,0.00039216397502341797,3.290966972351808e-05,0.0003276610223653225,0.0004566669276815134,0.7004643664888389
522,71,0.0004804836220474041,4.032128985890536e-05,0.0004014538939239496,0.0005595133501708587,0.8582166577274212
523,71,0.000490862481714493,4.119226441420519e-05,0.0004101256434626508,0.0005715993199663351,0.8767548759845922
524,71,0.00041413500285247405,3.475343742119424e-05,0.00034601826550693335,0.00048225174019801475,0.7397079560828841
525,71,0.00043117843081993436,3.618369012437075e-05,0.0003602583981761677,0.000502098463463701,0.7701501046084144
526,71,0.00047421170704383206,3.979496244372346e-05,0.00039621358065413406,0.00055220983343353,0.8470140658284926
527,71,0.0004960971250870945,4.1631545927767045e-05,0.0004144992950686711,0.0005776949551055179,0.8861047433546518
528,71,0.0004547234386032779,3.815954328564399e-05,0.0003799307337634157,0.0005295161434431401,0.8122050612370789
529,71,0.0004195061319821797,3.520417256505957e-05,0.0003505059537546629,0.0004885063102096965,0.7493016077255276
530,71,0.0004534116944451727,3.804946416121034e-05,0.0003788347446892005,0.000527988644201145,0.8098620871261915
531,71,0.0004678463249902015,3.9260791447939155e-05,0.0003908951737522407,0.0005447974762281622,0.8356445275954371
532,71,0.0004293110305026546,3.6026981370896904e-05,0.00035869814701569667,0.0004999239139896125,0.7668146442817836
533,71,0.00034197315567110185,2.8697749727708037e-05,0.0002857255662047941,0.0003982207451374096,0.610815947153339
534,71,0.00044097462752763214,3.700576869030149e-05,0.00036844332089464125,0.000513505934160623,0.7876475984066345
535,71,0.00037560574005609414,3.152013351243062e-05,0.00031382627837173014,0.00043738520174045815,0.6708888462849057
536,71,0.0005165891608639942,4.335119936951935e-05,0.0004316208100997363,0.0006015575116282522,0.9227066287207811
537,71,0.00037813339957653224,3.17322499873979e-05,0.0003159381896012324,0.0004403286095518321,0.6754036297363368
538,71,0.00035588742884200167,2.9865409593634725e-05,0.0002973512260384776,0.00041442363164552573,0.6356689503931827
539,71,0.0002750573116257557,2.3082296837953737e-05,0.00022981600982336636,0.000320298613428145,0.4912940958550642
540,71,0.0005064022705018134,4.2496334520423915e-05,0.00042310945484178253,0.0005896950861618443,0.9045112967716643
541,71,0.00038408142763466237,3.223139741389875e-05,0.0003209078887034208,0.00044725496656590393,0.6860277104039891
542,71,0.0004349673517446132,3.650164930517583e-05,0.0003634241191064686,0.0005065105843827578,0.7769176923120605
543,71,0.00045206249410248764,3.793624178359146e-05,0.0003777074602066484,0.0005264175279983269,0.8074522105860299
544,71,0.00037849070163990903,3.176223411048458e-05,0.00031623672278335927,0.0004407446804964588,0.6760418254386663
545,71,0.0003604410414264667,3.0247540273013553e-05,0.0003011558624913602,0.00041972622036157327,0.6438023934357836
546,71,0.0003487296116923246,2.9264738921824193e-05,0.00029137072340554916,0.00040608849997910004,0.6228840028342131
547,71,0.0004535949656085581,3.806484393559298e-05,0.0003789878714947959,0.0005282020597223204,0.8101894372336274
548,71,0.00038274070880796497,3.211888678929056e-05,0.0003197876907009555,0.00044569372691497444,0.6836329831383697
549,71,0.0003920439598919035,3.2899598277410026e-05,0.00032756074726817986,0.00045652717251562714,0.7002500012528166
550,71,0.0004235650652705451,3.554479068007618e-05,0.00035389727553759577,0.0004932328550034944,0.7565514784824873
551,71,0.0003651946046205851,3.0646450434812493e-05,0.00030512756176835263,0.00042526164747281757,0.6522929786077999
552,71,0.0004559377144360157,3.8261443049910356e-05,0.0003809452860581914,0.00053093014281384,0.8143739421289828
553,71,0.0007817611281046145,6.560393653463824e-05,0.0006531774124967236,0.0009103448437125055,1.3963439994984224
554,71,0.0004108641886365796,3.44789567895512e-05,0.00034328543332905924,0.00047844294394409995,0.7338657855788179
555,71,0.0005111638326801722,4.289591594206885e-05,0.0004270878374337173,0.0005952398279266272,0.9130161693433027
556,71,0.0005471279923611596,4.591396117917785e-05,0.000457136628449971,0.0006371193562723482,0.9772536157475573
557,71,0.0004847454057098092,4.067893079916373e-05,0.00040501470134344825,0.0005644761100761701,0.8658288500330015
558,71,0.0004371181202960115,3.668213779261025e-05,0.00036522113022249543,0.0005090151103695276,0.7807592913032207
559,71,0.00039723319281217913,3.3335069030465506e-05,0.00033189645751246675,0.0004625699281118915,0.7095187586644244
560,71,0.000420702989068742,3.530461058061841e-05,0.0003515059523307299,0.0004899000258067541,0.7514393760936355
561,71,0.0004709680533271453,3.952276107054213e-05,0.00039350344162888273,0.0005484326650254079,0.8412204080973549
562,71,0.000317574920063237,2.665029527796297e-05,0.0002653403413184296,0.0003698094988080444,0.5672369961609947
563,71,0.00037816648729884037,3.1735026647372846e-05,0.0003159658350699896,0.00044036713952769115,0.6754627294291216
564,71,0.00035907096988955226,3.01325664236824e-05,0.00030001113969913473,0.0004181308000799698,0.6413552377757261
565,71,0.00043716520530051687,3.668608907841387e-05,0.0003652604707068257,0.000509069939894208,0.7808433922659621
566,71,0.00032147579939227866,2.6977649799352634e-05,0.0002685996057855475,0.0003743519929990098,0.5742045585634398
567,71,0.0004402671280841139,3.694639665590091e-05,0.00036785219063854813,0.0005126820655296796,0.7863838970443009
568,71,0.000353835635382058,2.9693226911368745e-05,0.0002956369106357753,0.0004120343601283407,0.632004135933875
569,71,0.00020734203997732221,1.739975747401757e-05,0.00017323851532824778,0.00024144556462639665,0.37034434555225476
570,71,0.0004540711283288952,3.810480262343525e-05,0.0003793857151869621,0.0005287565414708283,0.811039936105245
571,71,0.0004219599271626295,3.5410090482310746e-05,0.00035255614981730046,0.0004913637045079586,0.7536844582575392
572,71,0.0004327559138271623,3.6316069557640303e-05,0.00036157641749418734,0.0005039354101601374,0.7729677286271399
573,71,0.00046839154409926507,3.930654521919048e-05,0.00039135071546965173,0.0005454323727288784,0.8366183716559606
574,71,0.0004635157603722534,3.889737853811103e-05,0.0003872768984375558,0.000539754622306951,0.827909482066411
575,71,0.000365719124251468,3.069046714444225e-05,0.00030556580864836116,0.0004258724398545748,0.6532298502593467
576,71,0.0005719801487837958,4.7999507817512805e-05,0.00047790111346147066,0.0006660591841061209,1.0216433381931844
577,71,0.00045883874629936246,3.850489223586489e-05,0.00038336915751706726,0.0005343083350816577,0.8195556252404971
578,71,0.00043803687406747236,3.675923789639772e-05,0.00036598876779053285,0.0005100849803444119,0.7824003249510644
579,71,0.0005466256454128973,4.587180515973995e-05,0.00045671690729980703,0.0006365343835259876,0.9763563478716614
580,71,0.00045939570681139026,3.8551631323765005e-05,0.00038383450941681087,0.0005349569042059697,0.8205504412283592
581,71,0.0004135978591591459,3.470836132377748e-05,0.000345569470964542,0.00048162624735374976,0.7387485359402305
582,71,0.00048216778278158264,4.046262148815515e-05,0.00040286104466479857,0.0005614745208983667,0.8612248243537954
583,71,0.0003723126141929173,3.1243780528940355e-05,0.0003110748043561942,0.0004335504240296404,0.6650068237932161
584,71,0.00032978993600095533,2.7675356644585987e-05,0.0002755462369775668,0.00038403363502434386,0.5890548681364968
585,71,0.0006284082897577284,5.2734852216378996e-05,0.0005250479794136256,0.0007317686001018313,1.1224325603982286
586,71,0.0003276898199081523,2.749911881705207e-05,0.00027379154702673024,0.0003815880927895744,0.5853037421224093
587,71,0.0004900378622916119,4.112306388946808e-05,0.0004094366570682545,0.0005706390675149694,0.8752819805672908
588,71,0.00040124948427698115,3.3672108723140305e-05,0.0003352521511796262,0.0004672468173743361,0.7166924646540148
589,71,0.0006959047219511611,5.839902698120551e-05,0.0005814426290679983,0.0008103668148343239,1.242991430227632
590,71,0.0005480439005894446,4.599082249028658e-05,0.0004579018885084829,0.0006381859126704063,0.9788895668235051
591,71,0.0005989171125221889,5.026000759935014e-05,0.0005004074976274626,0.0006974267274169151,1.0697568428541355
592,71,0.0004187883302986505,3.51439359858824e-05,0.00034990621576632097,0.00048767044483098,0.7480195049992691
593,71,0.00047763569461079506,4.008229709744696e-05,0.000399074392299799,0.0005561969969217911,0.8531298271801445
594,71,0.0005252942011505549,4.408171012268969e-05,0.00043889404931008315,0.0006116943529910267,0.9382551515783981
595,71,0.0003625041077624529,3.042066895402246e-05,0.0003028795966125689,0.00042212861891233693,0.6474873429622533
596,71,0.00036429039314370994,3.057057069327734e-05,0.00030437207458488635,0.0004242087117025335,0.650677919704739
597,71,0.00023394518033303867,1.9632243419884328e-05,0.0001954659832300654,0.000272424377436012,0.41786159099727005
598,71,0.00030397831920313175,2.5509293880162863e-05,0.00025398010319801253,0.00035397653520825097,0.5429514038719362
599,71,0.0002743469931840509,2.3022688238480435e-05,0.00022922252423662927,0.00031947146213147257,0.49002535933421376
600,71,0.0004621132792716754,3.877968493861418e-05,0.0003861050967919916,0.0005381214617513592,0.8254044380078122
601,71,0.0005181235633575533,4.347996356639122e-05,0.0004329028347674265,0.0006033442919476801,0.925447304405042
602,71,0.0005338046846253704,4.479589403090541e-05,0.0004460047323247958,0.000621604636925945,0.9534561664481204
603,71,0.0003480302615308171,2.9206050759978307e-05,0.0002907864020412596,0.0004052741210203746,0.6216348573261257
604,71,0.00046567002196898724,3.907816015539838e-05,0.0003890768280644064,0.000542263215873568,0.8317573201665764
605,71,0.00042331540477208543,3.552383963645514e-05,0.00035368867908463337,0.0004929421304595375,0.756105546948668
606,71,0.0004885889551312638,4.1001474301581404e-05,0.00040822606550016424,0.0005689518447623633,0.872694012521236
607,71,0.000465239398585177,3.904202304378436e-05,0.0003887170334193597,0.0005417617637509944,0.8309881614601503
608,71,0.0003558410379485887,2.9861516556340034e-05,0.00029731246549816225,0.0004143696103990151,0.6355860892181769
609,71,0.00044224249512330783,3.711216577540944e-05,0.00036950265020350536,0.0005149823400431103,0.7899122023191781
610,71,0.0005476473591484955,4.595754547178292e-05,0.00045757057002380097,0.00063772414827319,0.9781812836386349
611,71,0.0003813900363507638,3.200554087456576e-05,0.00031865917623661493,0.0004441208964649127,0.6812204771783034
612,71,0.00046840588436688444,3.93077486277164e-05,0.0003913626970565603,0.0005454490716772086,0.8366439855499259
613,71,0.0003339372422530185,2.802339085397386e-05,0.00027901139617922974,0.0003888630883268073,0.5964625864163647
614,71,0.00037822284608769594,3.173975617187123e-05,0.00031601292399082836,0.00044043276818456353,0.6755633947779197
615,71,0.0004267274638862227,3.581017327665417e-05,0.0003565395242639805,0.0004969154035084648,0.7622000022735456
616,71,0.0004151542924432693,3.483897430352436e-05,0.0003468699028083616,0.000483438682078177,0.741528561959399
617,71,0.00042082637950988496,3.531496527641832e-05,0.00035160904756810507,0.0004900437114516648,0.751659770144825
618,71,0.00030886167846295954,2.5919096285834165e-05,0.0002580602497427246,0.0003596631071831945,0.5516738245126094
619,71,0.0004754129934614869,3.989577216049055e-05,0.0003972172800269254,0.0005536087068960483,0.8491597456540401
620,71,0.0004863307850784394,4.0811972880362e-05,0.0004063393182329299,0.0005663222519239489,0.868660578151388
621,71,0.00039580541570619256,3.321525263735084e-05,0.00033070352053698494,0.00046090731087540017,0.7069685321017412
622,71,0.00036677737398697327,3.0779273489488094e-05,0.0003064499979475766,0.00042710475002636993,0.6551200448661394
623,71,0.00039894578041457833,3.347878618950385e-05,0.0003333273594831508,0.0004645642013460059,0.7125776999909437
624,71,0.000383207468243109,3.215805637096876e-05,0.0003201776777560102,0.00044623725873020777,0.6844666863157748
625,71,0.0005971908694721248,5.0115144500599844e-05,0.0004989651862509491,0.0006954165526933004,1.0666735108260044
626,71,0.0004674521968213202,3.922771694672867e-05,0.000390565871605732,0.0005443385220369084,0.8349405548806706
627,71,0.0006156721077500653,5.166605556470854e-05,0.0005144066388432366,0.0007169375766568941,1.0996838067398855
628,71,0.0003574969896516813,3.0000480936287533e-05,0.00029869604701655774,0.0004162979322868049,0.6385438702345837
629,71,0.0004247267379684361,3.564227608732741e-05,0.00035486787683727437,0.0004945855990995978,0.7586264021935369
630,71,0.0006129230079506749,5.1435356234333974e-05,0.0005121097097313803,0.0007137363061699694,1.0947734973488212
631,71,0.00038900626457024625,3.264468054879805e-05,0.0003250226906946021,0.0004529898384458904,0.6948242164673994
632,71,0.00041944863458958905,3.5199347491058293e-05,0.00035045791350711477,0.0004884393556720633,0.7491989086576865
633,71,0.0004077827169836355,3.422036543282416e-05,0.00034071080073530015,0.0004748546332319708,0.7283618096230867
634,71,0.00048061977386947176,4.0332715466003086e-05,0.0004015676515561057,0.0005596718961828378,0.8584598455413585
635,71,0.00034637769297838044,2.9067370287727087e-05,0.0002894056472144353,0.00040334973874232556,0.6186831191301508
636,71,0.0005020608633245286,4.213201172322863e-05,0.00041948212034700053,0.0005846396063020568,0.8967568847864092
637,71,0.0003803056201850428,3.19145386914749e-05,0.000317753124349752,0.0004428581160203336,0.679283545356642
638,71,0.00036643036718244726,3.075015332533206e-05,0.00030616006666479644,0.0004267006677000981,0.6545002380583236
639,71,0.00042491097849695086,3.565773720902465e-05,0.00035502181356726256,0.0004948001434266392,0.7589554837341858
640,71,0.0003672441563335794,3.081844499385348e-05,0.0003068400041456266,0.0004276483085215322,0.6559537889668925
641,71,0.0003969737413409361,3.3313296346660527e-05,0.0003316796805014814,0.00046226780218039073,0.7090553389675284
642,71,0.00040499134265434755,3.398611850270752e-05,0.00033837855038904084,0.00047160413491965426,0.7233759915068737
643,71,0.0004956706561641309,4.159575745076265e-05,0.0004141429715606361,0.0005771983407676256,0.8853430051456972
644,71,0.00044641014037163684,3.7461906795448584e-05,0.00037298480305255764,0.000519835477690716,0.797356249132623
645,71,0.0004165258490924477,3.49540727807082e-05,0.00034801586644225965,0.0004850358317426358,0.7439783702553113
646,71,0.00045136850900498454,3.787800384791543e-05,0.0003771276214630703,0.0005256093965468987,0.806212647896351
647,71,0.00041651682595456117,3.495331557579743e-05,0.0003480083274259982,0.0004850253244831241,0.7439622535618718
648,71,0.00028769407191265266,2.414275020415652e-05,0.00024037428151250586,0.00033501386231279945,0.5138652672338325
649,71,0.0004649387032031119,3.901678924786887e-05,0.00038846579627728895,0.0005414116101289349,0.8304510738801609
650,71,0.0003136376047187534,2.6319883114080354e-05,0.0002620506338151559,0.0003652245756223509,0.5602043535061567
651,71,0.00046793939084499326,3.9268601360982675e-05,0.0003909729321774672,0.0005449058495125193,0.8358107573339402
652,71,0.00044640001201771235,3.746105684286822e-05,0.00037297634060569064,0.000519823683429734,0.797338158355634
653,71,0.0003861143646582483,3.24019976991772e-05,0.000322606449167861,0.0004496222801486356,0.6896588444066797
654,71,0.0003483180698176755,2.923020309488779e-05,0.0002910268717516954,0.00040560926788365555,0.6221489265985836
655,71,0.0003892398387608481,3.266428165945127e-05,0.0003252178467083236,0.0004532618308133726,0.6952414154144426
656,71,0.00037792468623937866,3.1714735153221185e-05,0.0003157638053390651,0.0004400855671396922,0.6750308360459467
657,71,0.0003196422662042487,2.6823783112231333e-05,0.00026706765130427533,0.0003722168811042221,0.5709295900686591
658,71,0.00032159485940927115,2.6987641094030494e-05,0.0002686990828649714,0.0003744906359535709,0.5744172178199964
659,71,0.00027586625331069294,2.315018171614858e-05,0.00023049189714704173,0.0003212406094743442,0.49273898845345276
660,71,0.0004819179827077594,4.0441658731629785e-05,0.000402652331593765,0.0005611836338217538,0.8607786435171977
661,71,0.000508246230902433,4.265107623978764e-05,0.00042465012147244923,0.0005918423403324167,0.9078048898503589
662,71,0.0004908709576703883,4.1192975700623304e-05,0.00041013272529716663,0.00057160919004361,0.8767700153279658
663,71,0.000676139342378483,5.6740353173500545e-05,0.0005649282501584219,0.000787350434598544,1.2076874631053058
664,71,0.0005558356150463129,4.6644688642424046e-05,0.00046441202530716173,0.000647259204785464,0.9928067511609147
665,71,0.0005799265140606633,4.866635197816914e-05,0.0004845404641834518,0.0006753125639378749,1.0358367523618814
666,71,0.0005166268900680208,4.335436553398759e-05,0.00043165233362140506,0.0006016014465146365,0.922774018804215
667,71,0.0004862332985895781,4.0803791995948176e-05,0.0004062578662775197,0.0005662087309016365,0.8684864524896482
668,71,0.0003665197706629796,3.0757655898755024e-05,0.0003062347651014198,0.0004268047762245394,0.6546599262406694
669,71,0.00042848660023997405,3.595779672013119e-05,0.00035800931866851693,0.0004989638818114312,0.7653420867333034
670,71,0.0004683708014961557,3.930480453860529e-05,0.00039133338460048937,0.000545408218391822,0.8365813222193175
671,71,0.00042417672081025584,3.55961196727386e-05,0.00035440832625168817,0.0004939451153688235,0.7576439880892335
672,71,0.0004205080902119306,3.5288255031879456e-05,0.00035134311034944687,0.0004896730700744143,0.7510912571613505
673,71,0.00031191277634515447,2.6175138732341813e-05,0.00026060950442976453,0.0003632160482605444,0.5571235483048559
674,71,0.0004774126919446074,4.006358312941544e-05,0.0003988880690109531,0.0005559373148782616,0.8527315105798318
675,71,0.0004769597554065029,4.002557353948857e-05,0.0003985096312691053,0.0005554098795439005,0.8519224971940305
676,71,0.000543520905023414,4.561126113401943e-05,0.0004541228332007359,0.0006329189768460921,0.9708108104216652
677,71,0.0005648910012042221,4.7404599768013576e-05,0.00047197798565891554,0.0006578040167495287,1.0089810449063636
678,71,0.00048361554040647457,4.0584114609169265e-05,0.0004040706757725028,0.0005631604050404463,0.8638107391550944
679,71,0.0005331658551447892,4.4742284651782e-05,0.0004454709772272965,0.000620860733062282,0.9523151200595964
680,71,0.0004506428009014338,3.781710377670896e-05,0.00037652127749908425,0.0005247643243037833,0.8049164231042111
681,71,0.0004931831418172529,4.1387009883923096e-05,0.0004120646024447637,0.0005743016811897422,0.8808999270658872
682,71,0.00046633742325636555,3.913416722728549e-05,0.000389634455490886,0.0005430403910218451,0.8329494001375359
683,71,0.00041937050841372493,3.519279128802028e-05,0.0003503926374892052,0.0004883483793382446,0.7490593634527003
684,71,0.0005347454338635052,4.4874839953252864e-05,0.00044679074755512964,0.0006227001201718808,0.9551364873370435
685,71,0.0005159510073683831,4.329764671779448e-05,0.00043108761980150594,0.0006008143949352602,0.9215667897439878
686,71,0.0004755950492414717,3.9911049942163894e-05,0.00039736939135483044,0.0005538207071281129,0.8494849249022998
687,71,0.0003701486197176537,3.106218214663053e-05,0.00030926674271025787,0.00043103049672504955,0.6611416012951262
688,71,0.0003122156146115457,2.6200552355115253e-05,0.0002608625319955198,0.0003635686972275716,0.5576644634014138
689,71,0.0002842527101690694,2.3853957541919477e-05,0.00023749895338690723,0.0003310064669512316,0.5077184729663733
690,71,0.0005195757136817924,4.3601825314545815e-05,0.00043411613606528254,0.0006050352912983022,0.9280410652339246
691,71,0.0005355112021983419,4.4939101804389745e-05,0.00044743056266173797,0.0006235918417349458,0.9565042657810132
692,71,0.0006326091346383698,5.3087379287672025e-05,0.0005285578712345327,0.0007366603980422069,1.129935906792707
693,71,0.00043741083819134495,3.670670213271061e-05,0.00036546570201123217,0.0005093559743714577,0.7812821298814008
694,71,0.0003950922809704634,3.315540769973306e-05,0.0003301076818789866,0.0004600768800619402,0.7056947652524178
695,71,0.0003915773368684581,3.2860440143147285e-05,0.0003271708741878894,0.0004559837995490268,0.6994165417274043
696,71,0.000516720957231511,4.336225947499048e-05,0.0004317309286605296,0.0006017109858024924,0.9229420370319924
697,71,0.0005056569186961939,4.243378598635905e-05,0.0004224866981629302,0.0005888271392294577,0.9031799853468875
698,71,0.00037441486971258965,3.1420197893188883e-05,0.00031283128184193945,0.00043599845758323985,0.6687617711483295
699,71,0.00043263740088685576,3.6306124172618085e-05,0.00036147739750852433,0.0005037974042651872,0.7727560465325579
700,71,0.00040343876763454485,3.385582930130997e-05,0.0003370813422039773,0.00046979619306511237,0.7206028569332363
701,71,0.00033118777075095377,2.7792660331003785e-05,0.0002767141565021863,0.0003856613849997212,0.5915516131079217
702,71,0.0003466606812391087,2.909111813502908e-05,0.0002896420896944517,0.0004036792727837657,0.6191885791045478
703,71,0.0006114327862401887,5.131029960641707e-05,0.0005108645990116112,0.0007120009734687662,1.092111735247136
704,71,0.0003658041563250016,3.069760287753893e-05,0.0003056368546850253,0.00042597145796497793,0.6533817304454739
705,71,0.00044699220247722385,3.751075236228654e-05,0.0003734711278471422,0.0005205132771073054,0.7983959003755065
706,71,0.0005444032511558875,4.5685305976613126e-05,0.00045486005144172574,0.0006339464508700492,0.9723868145017697
707,71,0.00047295764231025536,3.968972366907197e-05,0.0003951657839188743,0.0005507495007016364,0.8447741159221088
708,71,0.0005484003678275975,4.6020736556396715e-05,0.0004581997241770599,0.000638601011478135,0.979526271401308
709,71,0.000583183482367571,4.893967068694115e-05,0.0004872617278211664,0.0006791052369139757,1.0416541919715143
710,71,0.0004939500507530537,4.1451367452166615e-05,0.0004127053705468072,0.0005751947309593003,0.8822697427962541
711,71,0.00043121667038335137,3.618689911724765e-05,0.000360290348113546,0.0005021429926531567,0.7702184062711618
712,71,0.0003716569077461758,3.118875486627831e-05,0.0003105269482082703,0.0004327868672840813,0.663835632582213
713,71,0.0003226347977091222,2.707491077753187e-05,0.0002695679725851597,0.0003757016228330847,0.5762747054241272
714,71,0.00034371407240615866,2.8843844214748677e-05,0.00028718013774525124,0.0004002480070670661,0.6139254886094572
715,71,0.0004486639574454066,3.7651042922780424e-05,0.000374867913316757,0.0005224600015740563,0.8013819084213571
716,71,0.00039578278350942847,3.3213353385588663e-05,0.0003306846108736747,0.0004608809561451822,0.7069281075641032
717,71,0.0005993315819359447,5.0294789099910946e-05,0.0005007537953001192,0.0006979093685717701,1.0704971481188355
718,71,0.00042209632104363477,3.542153640254328e-05,0.0003526701096946499,0.0004915225323926196,0.7539280784254692
719,71,0.0005295249061787786,4.4436743001903424e-05,0.00044242888989504787,0.0006166209224625093,0.9458118327274477
720,71,0.0006997943827918518,5.872544006796594e-05,0.0005846925202586386,0.000814896245325065,1.249938954707585
721,71,0.000903430966825049,7.581424258675357e-05,0.0007548350513550121,0.0010520268822950861,1.6136647936764676
722,71,0.0008489872925658275,7.124543093520198e-05,0.0007093462479328316,0.0009886283371988234,1.5164201301475624
723,71,0.0007306165805852604,6.131198144896212e-05,0.0006104450969452947,0.0008507880642252262,1.3049920769375511
724,71,0.000619894172197727,5.202036334250902e-05,0.0005179342600464093,0.0007218540843490446,1.1072250545009268
725,71,0.0007574754801528527,6.356593023111077e-05,0.0006328862568998755,0.0008820647034058298,1.3529661471439678
726,71,0.0009037543882727277,7.58413835117301e-05,0.0007551052765897366,0.0010524034999557187,1.6142424734581038
727,71,0.000686503220739984,5.761007052556316e-05,0.0005735874825098802,0.0007994189589700878,1.2261989224774288
728,71,0.0006237248650476294,5.234182794540888e-05,0.0005211348822746281,0.0007263148478206308,1.1140672532015086
729,71,0.00047901822999709694,4.019831688978396e-05,0.0004002295288931204,0.0005578069311010735,0.8555992451664767
730,71,0.0006866312445079236,5.762081404151054e-05,0.000573694448986563,0.0007995680400292842,1.2264275923533396
731,71,0.0005363033483698136,4.5005577234404264e-05,0.0004480924169903812,0.000624514279749246,0.9579191590437954
732,71,0.0006794190114832063,5.701557689090709e-05,0.0005676684807770284,0.0007911695421893842,1.2135454497844644
733,71,0.0004503111372249987,3.778927117926012e-05,0.00037624416571364883,0.0005243781087363485,0.8043240214513372
734,71,0.0006466990435849808,5.4269778180481396e-05,0.0005403302783512372,0.0007530678088187244,1.1551026221790042
735,71,0.0007939246242623588,6.662467445736748e-05,0.0006633402623259186,0.000924508986198799,1.4180698493292616
736,71,0.0005401954831165622,4.533219792674929e-05,0.0004513443751801336,0.0006290465910529908,0.9648711022953592
737,71,0.0005606813161758936,4.705133084800618e-05,0.0004684607077138015,0.0006529019246379856,1.0014619086667087
738,71,0.0005570849669305121,4.674953192354133e-05,0.0004654558843603711,0.0006487140495006531,0.9950382832031809
739,71,0.0004395476490138797,3.6886019313558394e-05,0.0003672510511593052,0.0005118442468684541,0.78509879825086
740,71,0.0006252944962575426,5.247354847048486e-05,0.0005224463412553923,0.000728142651259693,1.1168708527187954
741,71,0.0004444327213687432,3.7295965478971586e-05,0.0003713326290299589,0.0005175328137075275,0.7938242787392126
742,71,0.0008063289698071183,6.766562401167076e-05,0.0006737043467442437,0.000938953592869993,1.4402258927118792
743,71,0.0007643730731314355,6.414476337558525e-05,0.0006386493369152885,0.0008900968093475826,1.3652862948468576
744,71,0.0005006300862696603,4.2011943579996216e-05,0.0004182866768528677,0.0005829734956864529,0.8942012998598099
745,71,0.0004762346297907852,3.99647223495752e-05,0.0003979037739856178,0.0005545654855959526,0.8506273128135472
746,71,0.0004557572750804839,3.824630091556382e-05,0.0003807945252859788,0.0005307200248749889,0.814051650060073
747,71,0.0005238922492534354,4.396406093296055e-05,0.00043772268982483265,0.0006100618086820381,0.9357510527574775
748,71,0.0005079963046003715,4.263010289042384e-05,0.00042444130293514085,0.0005915513062656022,0.9073584835509738
749,71,0.00039293136588384824,3.297406773397811e-05,0.00032830219312525113,0.00045756053864244535,0.7018350430097215
750,71,0.0017534782573685403,0.0001471486265762243,0.0014650669492791406,0.00204188956545794,3.1319782410565966
751,71,0.0008846028394075373,7.423422123271251e-05,0.0007391037657914208,0.0010301019130236537,1.5800349011222345
752,71,0.000711712149041186,5.9725556794863804e-05,0.0005946500577232529,0.000828774240359119,1.2712258936348624
753,71,0.0008640245970371351,7.250733349433725e-05,0.0007219102233882341,0.001006138970686036,1.543279037699092
754,71,0.0007792017463231622,6.538915798666235e-05,0.000651038996669304,0.0009073644959770204,1.3917725552752729
755,71,0.0005468967023250584,4.5894551750512254e-05,0.0004569433808940544,0.0006368500237560624,0.9768404966470505
756,71,0.0007760918293057983,6.51281795479802e-05,0.0006484405973917571,0.0009037430612198396,1.3862177715823787
757,71,0.000762477020843149,6.398565020211668e-05,0.0006370651464470004,0.0008878888952392977,1.3618996577523488
758,71,0.0007706706538891749,6.467324461301154e-05,0.0006439110944476723,0.0008974302133306775,1.3765347296772592
759,71,0.0005410556721174932,4.5404383384168604e-05,0.00045206308068452275,0.0006300482635504637,0.966407530376398
760,71,0.0004887737557847358,4.101698242792088e-05,0.00040838047022601087,0.0005691670413434606,0.8730240945300519
761,71,0.0004806476010104368,4.0335050667798346e-05,0.00040159090170155203,0.0005597043003193216,0.858509549037622
762,71,0.0007777253078311979,6.526525802074953e-05,0.0006498054021105287,0.000905645213551867,1.389135412093338
763,71,0.0006196634047904154,5.200099777187719e-05,0.0005177414491575361,0.0007215853604232947,1.106812868894742
764,71,0.0005566173871118192,4.6710293496805044e-05,0.0004650652118580813,0.0006481695623655571,0.9942031146962721
765,71,0.0007924545264226586,6.65013065871726e-05,0.0006621119655118002,0.0009227970873335169,1.415444031514403
766,71,0.0006057068609772372,5.082979063245018e-05,0.0005060804713376348,0.0007053332506168396,1.0818843638736275
767,71,0.0005315142092580593,4.4603681607916884e-05,0.00044409099330654223,0.0006189374252095764,0.9493650298845794
768,71,0.0007168004839096336,6.0152560371501035e-05,0.0005989014655814915,0.0008346995022377756,1.2803144318156003
769,71,0.0005565649919398857,4.670589659164991e-05,0.0004650214346202518,0.0006481085492595195,0.9941095289687374
770,71,0.0006006343351183509,5.0404113718424645e-05,0.0005018422722302385,0.0006994263980064632,1.0728240629828307
771,71,0.0008966856308249955,7.524818656408433e-05,0.0007491991851593902,0.0010441720764906006,1.6016166000407577
772,71,0.00046596615367716686,3.9103010976308866e-05,0.0003893242521636015,0.0005426080551907323,0.8322862563325129
773,71,0.0005649291194978755,4.740779858415798e-05,0.0004720098342729259,0.0006578484047228252,1.0090491299629116
774,71,0.0004683174755756183,3.930032952676239e-05,0.00039128882970316403,0.0005453461214480726,0.8364860740335441
775,71,0.000473223713742367,3.971205188765231e-05,0.0003953880920425685,0.0005510593354421656,0.8452493598736313
776,71,0.00057330552248828,4.811073070807079e-05,0.0004790084903004613,0.0006676025546760988,1.024010656742057
777,71,0.0006296761510505726,5.2841248772565066e-05,0.0005261073034563451,0.0007332449986448001,1.1246971530529586
778,71,0.0004213294007499469,3.535717788116705e-05,0.0003520293321028595,0.0004906294693970343,0.7525582424081924
779,71,0.00039546245633704174,3.318647212642638e-05,0.000330416970969246,0.00046050794170483746,0.7063559546276647
780,71,0.000599660707624633,5.032240871415932e-05,0.0005010287865448807,0.0006982926287043852,1.0710850165404784
781,71,0.0005937662222089251,4.982775448639795e-05,0.0004961038234155852,0.000691428621002265,1.0605565711567713
782,71,0.0007458964173790042,6.25942368684747e-05,0.0006232117131167938,0.0008685811216412146,1.33228418401889
783,71,0.000567426314316271,4.761735851812124e-05,0.0004740962916207534,0.0006607563370117887,1.0135094988337703
784,71,0.0005694354165857739,4.778595863526907e-05,0.0004757749376606465,0.0006630958955109013,1.0170980603489745
785,71,0.0005209484677428952,4.371702427630617e-05,0.00043526310016133514,0.0006066338353244553,0.9304930122892296
786,71,0.0007127253992426517,5.9810586862899854e-05,0.0005954966489913681,0.0008299541494939354,1.273035712245616
787,71,0.000525567241908194,4.410462319407628e-05,0.0004391221804478045,0.0006120123033685835,0.9387428438028403
788,71,0.0006325535554649753,5.3082715187049805e-05,0.0005285114336983578,0.0007365956772315929,1.1298366339554216
789,71,0.0005588859121594921,4.690066388988867e-05,0.0004669606109353103,0.0006508112133836738,0.9982550446581901
790,71,0.0005309183726234432,4.4553680108280876e-05,0.00044359315961121264,0.0006182435856356737,0.9483007752426983
791,71,0.0005641160750923417,4.7339569413298836e-05,0.00047133051904227596,0.0006569016311424074,1.0075969092829893
792,71,0.0007867126198274244,6.601945648959248e-05,0.000657314485107823,0.0009161107545470257,1.4051881150564247
793,71,0.0005321879153591986,4.4660217768021575e-05,0.00044465388853387634,0.0006197219421845209,0.9505683712096107
794,71,0.0005317765326969284,4.462569530189121e-05,0.0004443101699052217,0.0006192428954886352,0.9498335793514489
795,71,0.0004806369528831408,4.0334157096805586e-05,0.0004015820049734019,0.0005596919007928798,0.8584905298665209
796,71,0.000515623085529735,4.3270128128397294e-05,0.0004308136343980763,0.0006004325366613936,0.9209810715811892
797,71,0.0005314116799136368,4.4595077536465105e-05,0.00044400532794216515,0.0006188180318851084,0.9491818969176026
798,71,0.0006059955062931402,5.085401320927672e-05,0.0005063216404029579,0.0007056693721833226,1.08239992820697
799,71,0.0004948917986222697,4.153039717777278e-05,0.00041349222015383505,0.0005762913770907043,0.8839518473918208
800,71,0.0008372044563032621,7.025663728126126e-05,0.0006995014472319901,0.0009749074653745342,1.4953741966509766
801,71,0.0007399160334913707,6.20923742010787e-05,0.0006182149800572564,0.0008616170869254849,1.3216023109300599
802,71,0.0007963016271756375,6.682414811071152e-05,0.0006653262968786429,0.0009272769574726321,1.4223155372196203
803,71,0.0005857677333933635,4.915653621554156e-05,0.000489420922410902,0.000682114544375825,1.0462700564387228
804,71,0.0006041730832691942,5.0701078866414106e-05,0.0005047989686910226,0.0007035471978473659,1.0791448041511036
805,71,0.0008060707285811136,6.764395288939008e-05,0.0006734885809179091,0.0009386528762443181,1.439764634696622
806,71,0.0004972210864815067,4.172586667273063e-05,0.00041543838780295464,0.0005790037851600587,0.8881123089553623
807,71,0.0004803166623339696,4.030727891099528e-05,0.0004013143956684189,0.0005593189289995204,0.8579184423447025
808,71,0.0005326318556394656,4.469747240876128e-05,0.00044502480971829353,0.0006202389015606377,0.951361315913819
809,71,0.0003505147554967897,2.9414544862082786e-05,0.00029286224756710746,0.00040816726342647196,0.6260725405473252
810,71,0.001140041902811336,9.567019125163589e-05,0.0009525283279581296,0.0013275554776645423,2.0362878287731228
811,71,0.0014068657929047382,0.00011806155470309468,0.0011754651456866727,0.0016382664401228036,2.5128757844291765
812,71,0.0010359437589379254,8.69344690744506e-05,0.0008655521995520022,0.0012063353183238486,1.8503527479269068
813,71,0.0010196418388526362,8.556644233044891e-05,0.0008519316118849563,0.001187352065820316,1.8212350449955963
814,71,0.0007459178508239249,6.259603552321684e-05,0.0006232296211984198,0.00086860608044943,1.3323224674038365
815,71,0.0010299587515471414,8.643221841128923e-05,0.0008605516034610145,0.0011993658996332683,1.8396626165598782
816,71,0.0009663385934434787,8.109333334204104e-05,0.0008073956600930782,0.001125281526793879,1.726027360441973
817,71,0.0009942026325336986,8.343163155917733e-05,0.000830676634677711,0.0011577286303896862,1.775796762356021
818,71,0.0010462429145813568,8.779875501666699e-05,0.0008741573547486895,0.001218328474414024,1.8687486027035098
819,71,0.0008222748207805278,6.900377009957699e-05,0.0006870274313853569,0.0009575222101756986,1.4687076021793224
820,71,0.0010714738994200344,8.991609222947545e-05,0.0008952383586502625,0.0012477094401898063,1.9138149701837417
821,71,0.0009730052759866494,8.165278891323213e-05,0.0008129658097167145,0.0011330447422565845,1.7379350670687874
822,71,0.00083224989416345,6.984085966263597e-05,0.0006953618092246835,0.0009691379791022164,1.4865245968623018
823,71,0.0008901184388009679,7.469708005179246e-05,0.0007437121618994547,0.001036524715702481,1.5898865985778585
824,71,0.000736651128298515,6.181838944363364e-05,0.000615487084988993,0.000857815171608037,1.315770694837778
825,71,0.001062791061757703,8.918744467914095e-05,0.0008879836701865866,0.0012375984533288193,1.8983061045820318
826,71,0.0009220801292335453,7.737924553085932e-05,0.000770416807993061,0.0010737434504740297,1.646975027568387
827,71,0.0008610692286554058,7.225932448905259e-05,0.0007194409526568627,0.001002697504653949,1.5380003013207042
828,71,0.0012259701204099275,0.00010288112708767585,0.001024323111318083,0.001427617129501772,2.189768664181623
829,71,0.0010768964223854531,9.037114024822696e-05,0.0008997689874989283,0.001254023857271978,1.9235004190154872
830,71,0.000907201682238225,7.613067399497149e-05,0.0007579855612080808,0.0010564178032683692,1.620399863574059
831,71,0.0009198204306507426,7.718961583825357e-05,0.0007685287836077656,0.0010711120776937197,1.6429388630120578
832,71,0.0008232086584009207,6.908213601184797e-05,0.0006878076718176986,0.0009586096449841427,1.4703755778701872
833,71,0.0011032091125336965,9.257925215413124e-05,0.0009217537783115993,0.0012846644467557938,1.9704988763169407
834,71,0.0007612081192367101,6.387916634475305e-05,0.0006360049532009942,0.000886411285272426,1.3596332069396808
835,71,0.0007765242380554278,6.516446648416555e-05,0.0006488018837464633,0.0009042465923643923,1.38699011922307
836,71,0.0008151378515119054,6.840484894308057e-05,0.0006810643475834675,0.0009492113554403433,1.4559598920993813
837,71,0.0009979111304767954,8.374284179329017e-05,0.0008337751605619467,0.001162047100391644,1.7824207024111505
838,71,0.000811618052742105,6.810947399182335e-05,0.0006781234837181312,0.0009451126217660788,1.4496729974010367
839,71,0.0006406057169002807,5.375843756410018e-05,0.0005352391792746444,0.0007459722545259171,1.1442190161166341
840,71,0.0011385183000360512,9.554233334698908e-05,0.0009512553266759526,0.0013257812733961497,2.0335664430244527
841,71,0.0011676608715748883,9.798792362381105e-05,0.0009756045412722186,0.001359717201877558,2.085619497896686
842,71,0.0010259703300714732,8.609751751614813e-05,0.0008572191957398228,0.0011947214644031235,1.8325386905998824
843,71,0.0008752081366577695,7.344583529127813e-05,0.0007312542994868643,0.0010191619738286746,1.5632545364557093
844,71,0.0008146709654432767,6.83656687345564e-05,0.0006806742547235462,0.0009486676761630072,1.455125962735357
845,71,0.0009806068768084836,8.229070108352174e-05,0.000819317102684781,0.0011418966509321863,1.7515126796061176
846,71,0.0007415028244518189,6.222553474043088e-05,0.0006195407763605744,0.0008634648725430634,1.3244365603656287
847,71,0.001113208095670995,9.341834817920563e-05,0.000930108133239752,0.0012963080581022382,1.9883585774493107
848,71,0.0009677135577552494,8.120871778391717e-05,0.0008085444708987717,0.001126882644611727,1.7284832553403549
849,71,0.0007835688629298747,6.575563827124845e-05,0.0006546878119182277,0.0009124499139415217,1.3995728882026437
850,71,0.000998901287708632,8.382593394236416e-05,0.0008346024571815983,0.0011632001182356657,1.784189273474011
851,71,0.0008098386875417659,6.796015298125071e-05,0.0006766367876985146,0.0009430405873850173,1.446494781151741
852,71,0.0009101020668187174,7.637406886215555e-05,0.0007604088918488925,0.0010597952417885424,1.6255803905401764
853,71,0.0007882427375053685,6.614786111272557e-05,0.0006585929297244264,0.0009178925452863106,1.407921137409818
854,71,0.0009704866609258316,8.144143143245578e-05,0.0008108614553182183,0.0011301118665334449,1.7334364383946477
855,71,0.0008418471146481462,7.064624051485799e-05,0.0007033804832390245,0.0009803137460572678,1.5036666889335202
856,71,0.001460057912973969,0.00012252533826013245,0.0012199082499841094,0.0017002075759638287,2.6078849822634935
857,71,0.0009042209930065067,7.588054011115814e-05,0.0007554951343886368,0.0010529468516243766,1.6150759003153967
858,71,0.0009399272045195119,7.887693881886939e-05,0.0007853284044345279,0.001094526004604496,1.6788526121504912
859,71,0.0008328082979373843,6.98877198663848e-05,0.0006958283669992701,0.0009697882288754985,1.48752199073493
860,71,0.0011046794090536025,9.27026366971986e-05,0.0009229822411270933,0.0012863765769801118,1.9731250490047945
861,71,0.0008046046256091009,6.752092026104443e-05,0.0006722636218974538,0.000936945629320748,1.4371459523216359
862,71,0.0008854585444333043,7.430603040329496e-05,0.0007398187248428462,0.0010310983640237623,1.5815633201432306
863,71,0.0009612061278327011,8.066262639577471e-05,0.0008031073800969826,0.0011193048755684194,1.7168599980590198
864,71,0.0008210152593287305,6.889807005057925e-05,0.0006859750420295952,0.0009560554766278658,1.4664578343001229
865,71,0.0012205168261284654,0.00010242349679744496,0.0010197667724054732,0.0014212668798514576,2.1800282531101742
866,71,0.0007186777939404237,6.0310100729659284e-05,0.0006004699965102916,0.0008368855913705559,1.283667592394264
867,71,0.0009150873073550717,7.67924209546289e-05,0.000764574162283999,0.0010656004524261444,1.6344847866002261
868,71,0.000755341280402451,6.338683216656892e-05,0.0006311030893559759,0.0008795794714489261,1.3491541425455431
869,71,0.0006714658909990931,5.6348165845851554e-05,0.000561023485941224,0.0007819082960569621,1.199339969790589
870,71,0.0009212263068669246,7.730759434952283e-05,0.0007697034219418599,0.0010727491917919894,1.6454499712623014
871,71,0.0008682812148856609,7.286454092912483e-05,0.0007254667146645761,0.0010110957151067456,1.5508820030772212
872,71,0.001239533317013107,0.00010401932526250597,0.0010356554394985954,0.0014434111945276188,2.2139945913990386
873,71,0.0014789634583669865,0.00012411185638635765,0.0012357042198497255,0.0017222226968842476,2.64165315506941
874,71,0.0010501481006925512,8.812647095518634e-05,0.000877420217620386,0.0012228759837647164,1.8757238576723922
875,71,0.0010671697482382385,8.955489588597007e-05,0.0008916421523017372,0.0012426973441747398,1.9061271030596674
876,71,0.000948355431236676,7.958421989332362e-05,0.0007923703602457617,0.0011043405022275903,1.6939067039693791
877,71,0.0007832770490348381,6.573114979316778e-05,0.0006544439954402293,0.000912110102629447,1.3990516643061672
878,71,0.0008734743654878706,7.330034044674499e-05,0.0007298056982122504,0.0010171430327634908,1.5601577580632338
879,71,0.000808696669169387,6.786431692835745e-05,0.0006756826079898064,0.0009417107303489676,1.44445496304841
880,71,0.0007943729100358275,6.666229376379594e-05,0.0006637148142587875,0.0009250310058128675,1.4188705557437147
881,71,0.000682455223678575,5.7270370158325736e-05,0.0005702052981682565,0.0007947051491888935,1.2189685854812802
882,71,0.000641636757592007,5.384496057691439e-05,0.0005361006348612548,0.0007471728803227593,1.146060611242528
883,71,0.0006278627621375,5.2689072555445826e-05,0.0005245921799288262,0.0007311333443461738,1.121458165289951
884,71,0.0007117646240695218,5.972996040141936e-05,0.0005946939016827398,0.0008288353464563037,1.2713196219980492
885,71,0.0009838706890629785,8.256459412361698e-05,0.0008220440845806892,0.0011456972935452677,1.7573423435446442
886,71,0.0008402461113863248,7.051188730566871e-05,0.0007020428122672142,0.0009784494105054354,1.5008070541711194
887,71,0.0009332445560849431,7.831614341983532e-05,0.0007797449149820659,0.0010867441971878203,1.6669163880189697
888,71,0.0008160442135611179,6.848090915663724e-05,0.0006818216316141089,0.000950266795508127,1.457578792250965
889,71,0.0007140324792408321,5.992027457972739e-05,0.0005965887410645664,0.0008314762174170978,1.2753703554591365
890,71,0.0007146951956324885,5.997588850389897e-05,0.0005971424541648465,0.0008322479371001305,1.276554067495449
891,71,0.0008810555803103092,7.393654186196829e-05,0.0007361399582608513,0.001025971202359767,1.5736989581122647
892,71,0.0009879639967708448,8.290809687583834e-05,0.0008254641268942017,0.001150463866647488,1.7646536122308187
893,71,0.0006003528064958215,5.038048836123928e-05,0.0005016070493077925,0.0006990985636838505,1.0723212101437427
894,71,0.0007432263501774784,6.23701698063827e-05,0.0006209808173569683,0.0008654718829979886,1.3275150388400456
895,71,0.0007045440065038273,5.9124019635767315e-05,0.0005886609280177234,0.0008204270849899312,1.2584225033667156
896,71,0.000661424539041914,5.550551430839549e-05,0.0005526337309974589,0.0007702153470863692,1.1814045915168534
897,71,0.0007049745796344488,5.916015253022741e-05,0.000589020680675203,0.0008209284785936945,1.2591915723133211
898,71,0.0006796535567070031,5.703525948885587e-05,0.0005678644481088456,0.0007914426653051606,1.213964383144139
899,71,0.0006297546157795564,5.2847833386349775e-05,0.0005261728623423108,0.000733336369216802,1.1248373029651888
900,71,0.0006880629035662292,5.774095620082721e-05,0.000574890629412608,0.0008012351777198505,1.2289847526719135
901,71,0.0008068950831343125,6.771313118675722e-05,0.0006741773460082685,0.0009396128202603566,1.4412370570164799
902,71,0.000637763356277064,5.3519911959244185e-05,0.0005328643288369454,0.0007426623837171826,1.1391421287427865
903,71,0.0008795312343513807,7.380862159073552e-05,0.000734866336033539,0.0010241961326692222,1.5709762449248361
904,71,0.000831210912021631,6.975367021813421e-05,0.0006944937183940879,0.0009679281056491741,1.4846688171015041
905,71,0.0009738916155938948,8.172716888078417e-05,0.0008137063645875578,0.0011340768666002318,1.739518204100806
906,71,0.0008289633113324067,6.956505575820502e-05,0.0006926158020463249,0.0009653108206184886,1.4806542612188447
907,71,0.0007809814897517182,6.553851073744186e-05,0.0006525260087063322,0.0009094369707971042,1.3949514470975564
908,71,0.0008101163516699408,6.798345403727393e-05,0.0006768687817568839,0.0009433639215829978,1.446990731417512
909,71,0.0008410127207171566,7.057621973162176e-05,0.0007026833300431779,0.0009793421113911353,1.5021763347615495
910,71,0.0007211596050974824,6.051836969544092e-05,0.0006025436004944182,0.0008397756097005466,1.2881004837116528
911,71,0.0006477514279971349,5.435809231852557e-05,0.0005412095670528248,0.000754293288941445,1.1569823404282855
912,71,0.0007369681628859046,6.18449943952009e-05,0.0006157519738713108,0.0008581843519004983,1.3163369667177935
913,71,0.0007191621814381195,6.035074962548511e-05,0.0006008747121721687,0.0008374496507040703,1.2845327819662749
914,71,0.0006126037672419681,5.140856614917835e-05,0.0005118429775895785,0.0007133645568943576,1.0942032850013754
915,71,0.0010583235378624324,8.881253840207535e-05,0.0008842509625943647,0.0012323961131305002,1.89032642900146
916,71,0.0006719685131749862,5.639034496187916e-05,0.0005614434370497031,0.0007824935893002694,1.200237729264797
917,71,0.0009142237757504001,7.671995499213485e-05,0.0007638526639658159,0.0010645948875349844,1.6329423881216987
918,71,0.0010073002751765953,8.453076131353239e-05,0.0008416199830020718,0.001172980567351119,1.7991911395570526
919,71,0.0007004451483838952,5.878005110331231e-05,0.0005852362482214031,0.0008156540485463873,1.25110132080237
920,71,0.0009172537957571666,7.697422862262929e-05,0.0007663843076568132,0.00106812328385752,1.6383544636300658
921,71,0.0007925516457744401,6.65094566621271e-05,0.000662193110716671,0.0009229101808322091,1.4156175014136088
922,71,0.0008318309916299641,6.980570614293151e-05,0.0006950118075898183,0.0009686501756701099,1.4857763733730809
923,71,0.0009491171596257875,7.964814271974639e-05,0.0007930067998950846,0.0011052275193564904,1.6952672664572612
924,71,0.0006586524825727323,5.5272888497087185e-05,0.0005503176211184414,0.0007669873440270232,1.176453278030089
925,71,0.0006144846925023434,5.156640989066399e-05,0.000513414529116642,0.0007155548558880449,1.0975629029286544
926,71,0.0006779513911969348,5.689241693237737e-05,0.0005664422540094751,0.0007894605283843944,1.2109240572559743
927,71,0.0006859430020066428,5.756305801380431e-05,0.0005731194082995864,0.0007987665957136993,1.2251982868118974
928,71,0.0007520727324169619,6.311254171275685e-05,0.0006283721506599586,0.0008757733141739653,1.3433160198728595
929,71,0.0006725545021309494,5.643952006268036e-05,0.0005619330428080959,0.0007831759614538029,1.2012843944583136
930,71,0.0009271097830544853,7.780132470338118e-05,0.0007746191866358582,0.0010796003794731124,1.6559587524939936
931,71,0.0010446592279961461,8.766585499069766e-05,0.0008728341522143788,0.0012164843037779135,1.8659198981531742
932,71,0.0007046757636131068,5.9135076446760355e-05,0.0005887710137774565,0.000820580513448757,1.258657841556758
933,71,0.000623428505534759,5.2316958007553405e-05,0.0005208872678399544,0.0007259697432295636,1.1135379101418272
934,71,0.00063045301417358,5.290644167764266e-05,0.0005267563884854003,0.0007341496398617596,1.1260847484721284
935,71,0.0007285955583774075,6.114238103280874e-05,0.0006087564915531024,0.0008484346252017127,1.301382224603718
936,71,0.0008640508025320899,7.250953261062235e-05,0.0007219321186152702,0.0010061694864489097,1.543325844689512
937,71,0.0008133958358634164,6.825866223727326e-05,0.0006796088578783609,0.000947182813848472,1.4528483878171237
938,71,0.0006992241889390037,5.867759046277339e-05,0.0005842161116319678,0.0008142322662460396,1.248920501964986
939,71,0.0006259866307317706,5.2531631105305516e-05,0.0005230246337653718,0.0007289486276981694,1.1181071099144908
940,71,0.0007309046259649715,6.133615368026183e-05,0.0006106857647516583,0.0008511234871782847,1.3055065696938204
941,71,0.0008803707502728163,7.387907220186173e-05,0.0007355677687571673,0.0010251737317884652,1.572475747748956
942,71,0.0008015995480365817,6.726873975313507e-05,0.0006697528181204369,0.0009334462779527265,1.4317784277856078
943,71,0.000729632757101974,6.122942081625929e-05,0.0006096230923021058,0.0008496424219018422,1.3032348189106864
944,71,0.0005532060792953765,4.6424022904107994e-05,0.0004622149944033248,0.0006441971641874281,0.9881100013030791
945,71,0.000854939460545263,7.174492577618124e-05,0.0007143194060239478,0.0009955595150665784,1.527051605342859
946,71,0.0006564506032117026,5.508811088578775e-05,0.0005484779058755586,0.0007644233005478467,1.172520387377355
947,71,0.0007807381013778498,6.551808603882422e-05,0.0006523226527417543,0.0009091535500139453,1.3945167185299916
948,71,0.0006386041302153659,5.359046814080065e-05,0.0005335668126593967,0.0007436414477713352,1.1406438785759214
949,71,0.000931653244771281,7.818260354086814e-05,0.0007784153418311794,0.0010848911477113826,1.6640740645466408
950,71,0.0008739412094512536,7.333951712187543e-05,0.0007301957558923778,0.0010176866630101295,1.5609916122209
951,71,0.0008210218793521327,6.889862559060231e-05,0.0006859805731945521,0.0009560631855097132,1.4664696586664439
952,71,0.0006537251021992135,5.4859391921617784e-05,0.0005462006940328426,0.0007612495103655843,1.1676522290005844
953,71,0.0007462332480603466,6.262250307134318e-05,0.0006234931420405139,0.0008689733540801792,1.3328858147265714
954,71,0.0006521162507562387,5.472438010769647e-05,0.0005448564657451536,0.0007593760357673238,1.1647785761957579
955,71,0.0006066714238427696,5.091073495001618e-05,0.0005068863833407379,0.0007064564643448014,1.0836072195145707
956,71,0.000601107653691256,5.04438337307164e-05,0.0005022377395790519,0.0006999775678034601,1.073669481775563
957,71,0.000561705412504809,4.7137271102838766e-05,0.000469316361143245,0.000654094463866373,1.0032911001068823
958,71,0.0005193566313096199,4.358344033027996e-05,0.0004339330882622712,0.0006047801743569686,0.9276497508735898
959,71,0.00045450129684932795,3.8140901563762574e-05,0.0003797451297843533,0.0005292574639143026,0.8118082823566578
960,71,0.0009934655197503654,8.336977442850378e-05,0.000830060761870498,0.0011568702776302328,1.7744801670752395
961,71,0.0007200103473725339,6.0421926129575396e-05,0.0006015833721585662,0.0008384373225865017,1.2860477350261308
962,71,0.0006247875209069673,5.2431004044152986e-05,0.0005220227529804275,0.0007275522888335071,1.1159653178140532
963,71,0.0008003497521879646,6.716385921535146e-05,0.0006687085881258758,0.0009319909162500534,1.429546102755524
964,71,0.0005082608397604828,4.265230218792178e-05,0.00042466232747215613,0.0005918593520488095,0.9078309834875891
965,71,0.0006494611368463694,5.450156789796481e-05,0.0005426380637663583,0.0007562842099263804,1.1600361398648296
966,71,0.000964174778204374,8.091175000089556e-05,0.0008055877482026188,0.0011227618082061293,1.7221624580868604
967,71,0.0009327695019476468,7.827627776221524e-05,0.000779347997533705,0.0010861910063615886,1.6660678692448796
968,71,0.0007875459459819562,6.60893876670189e-05,0.0006580107461545991,0.0009170811458093133,1.4066765620176171
969,71,0.0006871542924362401,5.766470724860443e-05,0.0005741314662289754,0.0008001771186435047,1.2273618353207862
970,71,0.0007025651528110171,5.895795792278703e-05,0.0005870075552823546,0.0008181227503396797,1.2548879703994138
971,71,0.000816129544401826,6.848806996171823e-05,0.0006818929272768583,0.0009503661615267937,1.457731206080601
972,71,0.0012126748064183424,0.00010176540912223191,0.001013214604538768,0.001412135008297917,2.166021215957115
973,71,0.0009764506147578322,8.194191532021148e-05,0.0008158444607302177,0.0011370567687854468,1.7440889649110152
974,71,0.0006098627419625529,5.117854441746784e-05,0.0005095527949043159,0.0007101726890207899,1.0893073979282173
975,71,0.000772534312186413,6.482963934313925e-05,0.00064546821907386,0.0008996004052989659,1.3798635061882802
976,71,0.0006026592894401576,5.0574044110250894e-05,0.0005035341629840658,0.0007017844158962493,1.0764409386688456
977,71,0.000723067549374165,6.0678480822407006e-05,0.0006041377269622473,0.0008419973717860826,1.2915083617019314
978,71,0.0006379275984793361,5.353369485868342e-05,0.0005330015565563166,0.0007428536404023556,1.139435490238213
979,71,0.0005186619500531788,4.352514397424361e-05,0.0004333526678636613,0.0006039712322426963,0.9264089447384123
980,71,0.000760439896269498,6.381469850544307e-05,0.0006353630871988295,0.0008855167053401664,1.3582610441498215
981,71,0.0010096298212248513,8.472625247523141e-05,0.0008435663663733978,0.0011756932760763048,1.8033520622853598
982,71,0.0006425978048082099,5.392560986774243e-05,0.0005369036094674348,0.0007482920001489851,1.1477771874003029
983,71,0.0006941918848402934,5.825528888388162e-05,0.0005800115186278854,0.0008083722510527014,1.2399320432411274
984,71,0.0005859125920272141,4.916869248205314e-05,0.0004895419547623899,0.0006822832292920383,1.0465287959396792
985,71,0.0006455607753056351,5.417425682840466e-05,0.000539379231921962,0.0007517423186893082,1.1530695023108708
986,71,0.0006145623745052104,5.1572928819532104e-05,0.0005134794340189275,0.0007156453149914933,1.0977016547732688
987,71,0.0007921357780314683,6.647455781638522e-05,0.0006618456447113532,0.0009224259113515833,1.414874698520746
988,71,0.0006935986787908457,5.820550813804909e-05,0.0005795158828402695,0.0008076814747414219,1.238872487223523
989,71,0.0005114091740538305,4.2916504532788134e-05,0.0004272928251695657,0.0005955255229380952,0.913454386264841
990,71,0.000855295635257513,7.177481529406293e-05,0.0007146169972811496,0.0009959742732338762,1.5276877874250114
991,71,0.0005453763510819432,4.5766966708383714e-05,0.00045567309633351113,0.0006350796058303753,0.9741249186282241
992,71,0.0004891911670860437,4.105201080620088e-05,0.00040872922590589,0.0005696531082661975,0.873769654452323
993,71,0.0006843924890837362,5.7432941859734175e-05,0.0005718239230386572,0.0007969610551288153,1.2224288354562198
994,71,0.0006997192429245774,5.871913447037778e-05,0.0005846297393626369,0.0008148087464865179,1.2498047435028834
995,71,0.000590557537001176,4.955848760529941e-05,0.0004934229012947891,0.0006876921727075628,1.0548253724887298
996,71,0.0006667926630306823,5.595599726643544e-05,0.0005571189083884688,0.0007764664176728957,1.1909928755217816
997,71,0.0005710807422400427,4.7924031297008046e-05,0.00047714964089790696,0.0006650118435821785,1.020036861629782
998,71,0.0009315756197901063,7.817608939715414e-05,0.0007783504845716841,0.0010848007550085285,1.6639354145514214
999,71,0.0005462084200561011,4.583679238557674e-05,0.00045636830698037067,0.0006360485331318315,0.9756111200745036
1000,71,0.0005776004812077254,4.847115563727203e-05,0.00048259701615867225,0.0006726039462567786,1.0316821047335059
1001,71,0.0005655335444557629,4.745852079987282e-05,0.0004725148436880122,0.0006585522452235137,1.0101287246533504
1002,71,0.0004882879189976688,4.097621191043274e-05,0.0004079745436532206,0.0005686012943421169,0.8721563163073085
1003,71,0.000560250531258362,4.7015180180783396e-05,0.00046810077810402657,0.0006524002844126975,1.0006924614365453
1004,71,0.000429491372736237,3.60421153549505e-05,0.000358848826640534,0.0005001339188319399,0.7671367628761546
1005,71,0.00048772527798687494,4.09289961256656e-05,0.00040750444558057037,0.0005679461103931796,0.8711513540866894
1006,71,0.0006157043889200587,5.1668764540316785e-05,0.0005144336104210378,0.0007169751674190796,1.0997414658078497
1007,71,0.0006821347189054265,5.724347399523861e-05,0.0005699375098747589,0.0007943319279360942,1.2183961153229321
1008,71,0.0006258881487860844,5.2523366684010655e-05,0.0005229423500854235,0.0007288339474867452,1.1179312062158107
1009,71,0.000540327489092852,4.53432756221979e-05,0.0004514546688733441,0.0006292003093123599,0.9651068849996451
1010,71,0.0005252503407006502,4.4078029435497036e-05,0.000438857403007076,0.0006116432783942244,0.9381768101594684
1011,71,0.0009888368919237062,8.298134860984121e-05,0.0008261934486484175,0.001151480335198995,1.7662127354272412
1012,71,0.0008194879205262228,6.876989862549249e-05,0.0006846989192202575,0.000954276921832188,1.4637297754399266
1013,71,0.0004891413151536482,4.1047827324966735e-05,0.0004086875735967134,0.0005695950567105831,0.8736806113365152
1014,71,0.0005243866283508351,4.400554830520749e-05,0.0004381357536726284,0.0006106375030290417,0.9366340888426884
1015,71,0.0006394196156637565,5.365890215942581e-05,0.0005342481674312819,0.0007445910638962311,1.1421004593287907
1016,71,0.0004486188461290079,3.7647257265203424e-05,0.0003748302218892092,0.0005224074703688066,0.8013013327650623
1017,71,0.0004850325990195284,4.070303152633812e-05,0.0004052546572279057,0.0005648105408111511,0.866341820862972
1018,71,0.0004202469130960795,3.526633753519586e-05,0.0003511248915270956,0.0004893689346650633,0.7506247552013346
1019,71,0.00042772116718668447,3.589356300519671e-05,0.00035736978369649893,0.00049807255067687,0.7639749071530523
1020,71,0.0005132378340767634,4.306996227297891e-05,0.0004288207080217248,0.0005976549601318021,0.9167206505473028
1021,71,0.0007006925017085617,5.8800808533209595e-05,0.0005854429169834709,0.0008159420864336525,1.2515431313737033
1022,71,0.0005889615446203665,4.9424554899903526e-05,0.0004920894170165556,0.0006858336722241774,1.051974687920169
1023,71,0.0007789205878011288,6.536556368762068e-05,0.0006508040829733923,0.0009070370926288654,1.3912703634918302
1024,71,0.0005857054109388188,4.9151306231335846e-05,0.0004893688507254006,0.0006820419711522371,1.0461587390780753
1025,71,0.0006521330183772535,5.472578721519433e-05,0.0005448704754354727,0.0007593955613190344,1.164808525711215
1026,71,0.0006607874611461806,5.545205191900725e-05,0.0005521014393849264,0.0007694734829074349,1.1802666737246537
1027,71,0.0005118733556704194,4.295545778873868e-05,0.00042768065840449157,0.0005960660529363472,0.9142834850671476
1028,71,0.0005611249748049401,4.708856185310051e-05,0.00046883139357286306,0.0006534185560370171,1.0022543502990995
1029,71,0.0005672223547575274,4.760024261216683e-05,0.0004739258792376804,0.0006605188302773744,1.0131451961129603
1030,71,0.000839915222104852,7.04841196940015e-05,0.000701766347504609,0.000978064096705095,1.500216035705155
1031,71,0.000948104992783028,7.95632035651534e-05,0.0007921611137953273,0.0011040488717707286,1.6934593828895463
1032,71,0.0005476994634525189,4.596191796784526e-05,0.0004576141042355422,0.0006377848226694956,0.9782743498319457
1033,71,0.000502394144138771,4.215998002786764e-05,0.0004197605832841504,0.0005850277049933916,0.8973521748927918
1034,71,0.0004087861301442284,3.4304569994728075e-05,0.0003415491729545614,0.00047602308733389544,0.7301540577861653
1035,71,0.0007414378968073396,6.222008613354237e-05,0.0006194865279855966,0.0008633892656290826,1.3243205897404455
1036,71,0.0006466865039401796,5.426872587686571e-05,0.0005403198012215228,0.0007530532066588364,1.155080224470619
1037,71,0.0005923272233434067,4.970699638414264e-05,0.0004949015104304871,0.0006897529362563263,1.0579863008287707
1038,71,0.0005408797267584728,4.538961837763173e-05,0.0004519160747383146,0.000629843378778631,0.9660932652671781
1039,71,0.00048772229584818477,4.092874587014593e-05,0.00040750195394269876,0.0005679426377536708,0.871146027534478
1040,71,0.0006980818512111286,5.858172761016221e-05,0.0005832616650952107,0.0008129020373270465,1.2468801134442797
1041,71,0.0005367932825723564,4.504669159936085e-05,0.0004485017670376091,0.0006250847981071037,0.958794255872322
1042,71,0.0006682594419990938,5.607908662313871e-05,0.000558344432217742,0.0007781744517804457,1.193612765328912
1043,71,0.00059700055749166,5.009917387397319e-05,0.0004988061766986726,0.0006951949382846475,1.0663335847508888
1044,71,0.000442918889022581,3.7168927490523003e-05,0.0003700677911411559,0.0005157699869040061,0.7911203444595238
1045,71,0.0005560883257571016,4.666589565417762e-05,0.0004646231702749134,0.0006475534812392897,0.9932581308367938
1046,71,0.0005147119277396825,4.319366546520941e-05,0.0004300523434278721,0.000599371512051493,0.9193536055087578
1047,71,0.000464267481978783,3.8960461613993876e-05,0.000387904977215355,0.000540629986742211,0.8292521709221691
1048,71,0.0007526709894896156,6.316274633104086e-05,0.0006288720066807754,0.0008764699722984557,1.3443845977843536
1049,71,0.0008453875951607719,7.094335103941881e-05,0.000706338627123511,0.0009844365631980327,1.5099905243628056
1050,71,0.000622640683148295,5.225084542151647e-05,0.0005202290261221228,0.0007250523401744673,1.1121307398151614
1051,71,0.000685776660203898,5.754909891980741e-05,0.0005729804263210755,0.0007985728940867205,1.2249011751114325
1052,71,0.000754220037517239,6.329273955382964e-05,0.0006301662679917329,0.0008782738070427451,1.3471514326147718
1053,71,0.0007713232410040444,6.472800850715785e-05,0.000644456344330015,0.0008981901376780738,1.3777003492882103
1054,71,0.0005409669380263781,4.539693698465768e-05,0.000451988941536449,0.0006299449345163071,0.9662490378251248
1055,71,0.0007941431826444806,6.664301546936509e-05,0.000663522872324525,0.0009247634929644361,1.4184602277638554
1056,71,0.0005551724323653655,4.658903558812442e-05,0.0004638579226126416,0.0006464869421180893,0.9916222062611735
1057,71,0.0005770485754590546,4.842484073568989e-05,0.0004821358876171024,0.0006719612633010068,1.0306963173200108
1058,71,0.0004813891895532425,4.039728339586324e-05,0.00040221051409735053,0.0005605678650091344,0.8598341387039745
1059,71,0.00046692286773842846,3.918329663685197e-05,0.0003901236063301986,0.0005437221291466583,0.8339950928180482
1060,71,0.000595637406887886,4.998478081644939e-05,0.0004976672364876453,0.0006936075772881268,1.063898790927605
1061,71,0.0005586776897276848,4.688319025157348e-05,0.00046678663683460085,0.0006505687426207688,0.9978831277992387
1062,71,0.0004072568728803583,3.4176237575940115e-05,0.00034027144723151566,0.00047424229852920097,0.7274225722628679
1063,71,0.00048768963853373915,4.0926005329196456e-05,0.0004074746680885141,0.0005679046089789642,0.8710876966154459
1064,71,0.0006290968406732957,5.279263412563721e-05,0.0005256232777870469,0.0007325704035595446,1.1236624168143854
1065,71,0.0006560449089117347,5.505406577641772e-05,0.000548138939989956,0.0007639508778335133,1.171795755797419
1066,71,0.0009882797554023322,8.293459475156488e-05,0.000825727949689265,0.0011508315611153993,1.7652176050599788
1067,71,0.0006080004716834207,5.102226616723206e-05,0.0005079968299956458,0.0007080041133711955,1.0859811006281517
1068,71,0.0006407035319043937,5.3766646016901526e-05,0.0005353209057112668,0.0007460861580975207,1.1443937285564625
1069,71,0.0005844615093172308,4.904692032609668e-05,0.0004883295454780813,0.0006805934731563803,1.0439369420318576
1070,71,0.0006250333461074374,5.245163323671639e-05,0.0005222281449634733,0.0007278385472514015,1.1164043989236936
1071,71,0.0008120141828008707,6.814271648790107e-05,0.0006784544584845846,0.0009455739071171568,1.4503805457949042
1072,71,0.000699352675161063,5.868837278700841e-05,0.0005843234644985265,0.0008143818858235995,1.2491499978541276
1073,71,0.0006689639383705511,5.613820664533017e-05,0.000558933053345704,0.0007789948233953983,1.1948711027488572
1074,71,0.0004562370116178874,3.8286559511472105e-05,0.00038119535497540207,0.0005312786682603728,0.8149085323112635
1075,71,0.00047740274888530493,4.006274872641434e-05,0.00039887976138153284,0.0005559257363890771,0.8527137507671543
1076,71,0.00040412457159144573,3.39133806909177e-05,0.00033765434543724706,0.0004705947977456444,0.7218278068643906
1077,71,0.00039585811955513594,3.321967544610521e-05,0.00033074755568076973,0.00046096868342950214,0.7070626691732543
1078,71,0.0004959466893121091,4.161892163796817e-05,0.00041437360290169146,0.0005775197757225267,0.8858360422333514
1079,71,0.0004697569374291655,3.942112648210999e-05,0.00039249152952422993,0.000547022345334101,0.8390571713284182
1080,71,0.0013506525927411705,0.00011334424773634803,0.0011284978671779284,0.0015728073183044126,2.4124704791266374
1081,71,0.0006026682215422345,5.0574793675606235e-05,0.0005035416259380463,0.0007017948171464227,1.0764568927585154
1082,71,0.000816927282530148,6.855501465832727e-05,0.0006825594537998266,0.0009512951112604694,1.4591560874268432
1083,71,0.0005139383246650498,4.312874613731412e-05,0.0004294059822359141,0.0005984706670941855,0.9179718330306659
1084,71,0.0006510387245152072,5.4633956114241555e-05,0.0005439561705312938,0.0007581212784991206,1.1628539508250717
1085,71,0.000707415654054491,5.936500294497885e-05,0.0005910602482823324,0.0008237710598266495,1.2635517016369922
1086,71,0.0007413175395986242,6.220998598095331e-05,0.0006193859670759556,0.0008632491121212927,1.3241056135026352
1087,71,0.0007434044418317754,6.238511492601813e-05,0.0006211296165767799,0.0008656792670867709,1.327833137558309
1088,71,0.00043062526019676964,3.6137269076879033e-05,0.0003597962128060867,0.0005014543075874525,0.7691620579371408
1089,71,0.0005471807693665358,4.591839012708369e-05,0.0004571807247174518,0.0006371808140156199,0.9773478834875602
1090,71,0.0005728614449641481,4.8073464550081785e-05,0.00047863745444598786,0.0006670854354823084,1.0232174668994805
1091,71,0.000452431421283428,3.796720146487287e-05,0.0003780157064122772,0.0005268471361545788,0.8081111705123273
1092,71,0.0005570965044627662,4.675050013174017e-05,0.0004654655242045555,0.000648727484720977,0.9950588909864959
1093,71,0.0005182238297711894,4.3488377736909895e-05,0.00043298660940684606,0.0006034610501355328,0.9256263954342563
1094,71,0.0004588146683527859,3.850287165947358e-05,0.0003833490399002177,0.0005342802968053541,0.8195126183743154
1095,71,0.0005512517354061288,4.626001800815222e-05,0.00046058210011015044,0.0006419213707021072,0.9846192465640661
1096,71,0.0005062097054123522,4.248017481709046e-05,0.0004229485627708549,0.0005894708480538495,0.9041673463019934
1097,71,0.0005926739149966347,4.973609010138924e-05,0.0004951911783979118,0.0006901566515953577,1.058605544728547
1098,71,0.0006298145924347597,5.285286651544773e-05,0.0005262229740644822,0.0007334062108050372,1.1249444303722602
1099,71,0.0005544938437362857,4.653208969537683e-05,0.0004632909479333471,0.0006456967395392243,0.9904101440003641
1100,71,0.0005098500983139189,4.2785669803077495e-05,0.00042599018549988705,0.0005937100111279508,0.9106696404186677
1101,71,0.0005929754027265836,4.9761390389662065e-05,0.0004954430775628459,0.0006905077278903212,1.059144047562088
1102,71,0.0005444009645240178,4.5685114086729295e-05,0.0004548581409140284,0.0006339437881340073,0.9723827302302762
1103,71,0.00042903640109171734,3.6003934982687045e-05,0.00035846868852565074,0.000499604113657784,0.7663241144814881
1104,71,0.0005447859678161904,4.5717422845296696e-05,0.00045517981903940883,0.0006343921165929719,0.9730704045306289
1105,71,0.0005279032693223685,4.430065825992081e-05,0.00044107397913292366,0.0006147325595118133,0.9429153432341626
1106,71,0.0005625786745893262,4.721055362906219e-05,0.00047004598947636433,0.0006551113597022881,1.0048508786989205
1107,71,0.0004950926924052761,4.154725580954245e-05,0.00041366007101857285,0.0005765253137919792,0.8843106741719622
1108,71,0.0004971912771868815,4.172336513229529e-05,0.0004154134815275828,0.0005789690728461803,0.8880590650318891
1109,71,0.0007293030011683796,6.120174831303326e-05,0.0006093475744748343,0.0008492584278619248,1.3026458247760075
1110,71,0.0005783422253317373,4.853340142142172e-05,0.0004832167585457508,0.0006734676921177239,1.0330069722915007
1111,71,0.0008117351404350046,6.811929977274008e-05,0.000678221312880434,0.0009452489679895752,1.4498821337874823
1112,71,0.0006368252025219651,5.3441183844994674e-05,0.0005320804821857756,0.0007415699228581546,1.137466443780405
1113,71,0.0005013978764132583,4.2076375097555354e-05,0.0004189281812220498,0.0005838675716044667,0.8955726895610174
1114,71,0.00044038695753553363,3.695645252008155e-05,0.0003679523105961738,0.0005128216044748934,0.7865979306274989
1115,71,0.0004727059174621378,3.9668599389075943e-05,0.00039495546265954897,0.0005504563722647267,0.8443244971465554
1116,71,0.0005511152578134114,4.6248565062988854e-05,0.00046046807028995323,0.0006417624453368695,0.9843754768743157
1117,71,0.0004329398413347829,3.633150441120762e-05,0.000361730092688816,0.0005041495899807499,0.7732962510649738
1118,71,0.0005680184102365584,4.7667046103984104e-05,0.00047459099987274953,0.0006614458206003673,1.0145670719922428
1119,71,0.0006266674458876346,5.258876384403021e-05,0.0005235934687533353,0.0007297414230219338,1.1193231490899906
1120,71,0.0004191710745344904,3.517605516865364e-05,0.0003502260064039293,0.00048811614266505157,0.7487031442822217
1121,71,0.0006149884846688574,5.160868719012343e-05,0.0005138354577762154,0.0007161415115614993,1.0984627521836456
1122,71,0.00040709202854916153,3.416240414696399e-05,0.0003401337164211121,0.00047405034067721095,0.7271281352738147
1123,71,0.0006455125148153349,5.417020689802444e-05,0.0005393389092952069,0.0007516861203354628,1.1529833017521312
1124,71,0.0004446198629544877,3.731167005198348e-05,0.0003714889896526001,0.0005177507362563753,0.7941585420082812
1125,71,0.000887859270918345,7.450749489455648e-05,0.0007418245809250143,0.0010338939609116757,1.5858513819325792
1126,71,0.0004313248740721252,3.619597936909944e-05,0.0003603807545086903,0.0005022689936355601,0.7704116744781769
1127,71,0.00043354336387411253,3.6382150897639346e-05,0.0003622343481147394,0.0005048523796334856,0.774374233898935
1128,71,0.0005810090513777112,4.875719649178185e-05,0.00048544494625381876,0.0006765731565016036,1.0377703282747153
1129,71,0.0006192313520901928,5.196474071469433e-05,0.0005173804602893919,0.0007210822438909936,1.1060411572123185
1130,71,0.00047297321646105986,3.969103062277462e-05,0.00039517879644042163,0.0005507676364816982,0.8448019337186727
1131,71,0.0006078759059260049,5.101181284108152e-05,0.0005078927527574852,0.0007078590590945247,1.0857586072837562
1132,71,0.0009119882838954571,7.653235668300562e-05,0.0007619848647967662,0.0010619917029941481,1.6289494604544643
1133,71,0.00048174849348672164,4.042743551215708e-05,0.00040251071988289377,0.0005609862670905495,0.8604759100500713
1134,71,0.0004672650014943152,3.921200786385039e-05,0.00039040946608116843,0.000544120536907462,0.8346061956215562
1135,71,0.0006897904638988542,5.788592984347438e-05,0.0005763340414056445,0.000803246886392064,1.2320704375665834
1136,71,0.000650229847477895,5.4566076661154894e-05,0.0005432803372220315,0.0007571793577337586,1.1614091736971512
1137,71,0.0004678198028670112,3.925856576080278e-05,0.00039087301397583776,0.0005447665917581847,0.8355971550589432
1138,71,0.0006132032681033441,5.1458875143893315e-05,0.0005123438728213132,0.000714062663385375,1.0952740845082607
1139,71,0.00037505954814934597,3.1474298105811063e-05,0.0003133699238619563,0.00043674917243673563,0.6699132646601049
1140,71,0.0005402683328302739,4.533831133891969e-05,0.0004514052426059913,0.0006291314230545565,0.9650012229382889
1141,71,0.00057237556340732,4.803269027559875e-05,0.00047823149046714647,0.0006665196363474935,1.02234960871115
1142,71,0.0006435216831077852,5.400314001237627e-05,0.0005376755286835277,0.0007493678375320427,1.1494273742329566
1143,71,0.0004791113524442856,4.0206131551955934e-05,0.000400307334602452,0.0005579153702861192,0.855765575987588
1144,71,0.0005332179707763146,4.4746658098427195e-05,0.0004455145209033973,0.0006209214206492319,0.9524082064855446
1145,71,0.0005086776744764874,4.268728218023798e-05,0.0004250106014032209,0.0005923447475497538,0.908575513541017
1146,71,0.0005260737361461573,4.4147127246334633e-05,0.00043954536674334143,0.0006126021055489732,0.9396475193674535
1147,71,0.0005156635187116398,4.327352120564841e-05,0.00043084741714856893,0.0006004796202747107,0.9210532913794162
1148,71,0.0004124889681832329,3.461530526024051e-05,0.0003446429698731615,0.0004803349664933043,0.7367678883937502
1149,71,0.0006660018915535684,5.588963719820878e-05,0.0005564582026450792,0.0007755455804620576,1.1895804376717192
1150,71,0.0005072062896785661,4.256380631090831e-05,0.0004237812293091858,0.0005906313500479465,0.9059473970234923
1151,71,0.0005028813648065818,4.2200866678048016e-05,0.0004201676661176077,0.0005855950634955559,0.8982224249365344
1152,71,0.0004280426090379837,3.592053780613538e-05,0.00035763835493795833,0.000498446863138009,0.7645490510751702
1153,71,0.0005453580187335596,4.576542829188198e-05,0.000455657779281471,0.0006350582581856483,0.9740921742722541
1154,71,0.0004468018685855529,3.749477989691231e-05,0.0003733120999876048,0.000520291637183501,0.7980559351636517
1155,71,0.0006992257762530759,5.86777236672113e-05,0.0005842174378653417,0.00081423411464081,1.2489233371487785
1156,71,0.00048610385139930456,4.079292902905203e-05,0.0004061497105023626,0.0005660579922962465,0.8682552401654583
1157,71,0.0006502991296127627,5.457189068875929e-05,0.0005433382238627945,0.0007572600353627309,1.1615329221029198
1158,71,0.000777960591231464,6.528500256509153e-05,0.0006500019862038846,0.0009059191962590435,1.3895556639481979
1159,71,0.0005352208250158959,4.49147338925514e-05,0.0004471879465864951,0.0006232537034452966,0.9559856080712308
1160,71,0.0007044266162453222,5.9114168464109006e-05,0.0005885628460556686,0.0008202903864349758,1.258212826552187
1161,71,0.0007005849131127939,5.879177989881623e-05,0.0005853530245111141,0.0008158168017144737,1.2513509618161314
1162,71,0.00040317753138138367,3.3833906841933556e-05,0.00033686307397119393,0.0004694919887915734,0.7201362493450112
1163,71,0.00042295133007927665,3.549328716693187e-05,0.00035338448723209017,0.0004925181729264631,0.7554552543024919
1164,71,0.0005166749359655374,4.335839745614146e-05,0.00043169247695150017,0.0006016573949795747,0.9228598360676808
1165,71,0.0006294916169764765,5.2825763017069866e-05,0.0005259531214630196,0.0007330301124899334,1.1243675471953587
1166,71,0.00043893659648527953,3.683474092446426e-05,0.0003667405042733296,0.0005111326886972295,0.7840073657134584
1167,71,0.0005302571061284374,4.449818785673338e-05,0.00044304065792924,0.0006174735543276349,0.9471196529418117
1168,71,0.00046325942848635473,3.887586764409271e-05,0.000387062727903933,0.0005394561290687764,0.8274516344223071
1169,71,0.0005432685057621336,4.5590080258527996e-05,0.0004539119484554188,0.0006326250630688485,0.9703599870418673
1170,71,0.0011981295099760569,0.0001005447949597054,0.0010010617118550343,0.0013951973080970795,2.1400411094028873
1171,71,0.00077316639558734,6.488268260383392e-05,0.0006459963376838255,0.0009003364534908544,1.3809925030548893
1172,71,0.0005228148609532888,4.387364851524756e-05,0.0004368225098634036,0.0006088072120431741,0.9338266737701431
1173,71,0.0005663875138474302,4.7530184319277134e-05,0.00047322835258164705,0.0006595466751132134,1.0116540435684787
1174,71,0.0005452466046192801,4.575607862710653e-05,0.0004555646905101513,0.0006349285187284088,0.9738931717581347
1175,71,0.0005037068119623228,4.22701366645837e-05,0.0004208573440997388,0.0005865562798249069,0.8996967988103244
1176,71,0.0005744162923820245,4.820394444688954e-05,0.000479936561266121,0.000668896023497928,1.0259946603208918
1177,71,0.0005197328915395534,4.361501538736282e-05,0.0004342474613803223,0.0006052183216987845,0.9283218087381083
1178,71,0.0005622489210894437,4.718288133006873e-05,0.00046977047368250896,0.0006547273684963784,1.0042618889112203
1179,71,0.0004297202027462219,3.6061318342810316e-05,0.0003590400187943137,0.0005004003866981301,0.7675454879967324
1180,71,0.0004735052482741897,3.973567774073455e-05,0.00039562331990235,0.0005513871766460294,0.8457522232676137
1181,71,0.00042657015820042946,3.579697247674699e-05,0.00035640809214600535,0.0004967322242548536,0.7619190304490998
1182,71,0.00044675856339512646,3.749114580605997e-05,0.00037327591761524893,0.000520241209175004,0.7979785855224054
1183,71,0.00044887935598040055,3.766911876629756e-05,0.00037504788319845734,0.0005227108287623437,0.8017666428895044
1184,71,0.00045281798212047614,3.79996409297027e-05,0.00037833868589825885,0.0005272972783426934,0.8088016268241702
1185,71,0.0006313146235627724,5.2978746331397033e-05,0.0005274762807532342,0.0007351529663723106,1.1276237135821323
1186,71,0.000796429354195,6.68348667240715e-05,0.0006654330154158199,0.0009274256929741802,1.4225436770575437
1187,71,0.0005780955336861966,4.851269951840319e-05,0.0004830106426301264,0.0006731804247422669,1.0325663435794894
1188,71,0.00038785513882476044,3.254808022213134e-05,0.000324060901589383,0.0004516493760601379,0.6927681312137436
1189,71,0.0005714272869705994,4.795311268477796e-05,0.0004774391861084346,0.0006654153878327642,1.0206558431033732
1190,71,0.0006868000015129866,5.763497581478362e-05,0.0005738354489160107,0.0007997645541099625,1.2267290179716284
1191,71,0.0004965278928380088,4.1667695154399314e-05,0.0004148592103353861,0.0005781965753406315,0.8868741599226322
1192,71,0.0003530426460853419,2.962668072785545e-05,0.0002949743518587452,0.00041111094031193857,0.6305877367214703
1193,71,0.0004600959186899454,3.861039179929914e-05,0.00038441955076331906,0.0005357722866165717,0.8218011258938509
1194,71,0.0005522202344121342,4.6341292639289085e-05,0.0004613913008391276,0.0006430491679851408,0.9863491327491655
1195,71,0.0005383850277996936,4.518026789155476e-05,0.00044983170273224624,0.000626938352867141,0.9616373543803167
1196,71,0.00043274167068725416,3.6314874299890845e-05,0.0003615645170594681,0.0005039188243150402,0.7729422882180049
1197,71,0.0002679100609448655,2.2482512884506098e-05,0.00022384433569123353,0.0003119757861984974,0.4785280216127074
1198,71,0.00041858406951826376,3.512679480196923e-05,0.0003497355517064041,0.00048743258733012344,0.747654664250897
1199,71,0.0005166818775760963,4.335897998315921e-05,0.00043169827680910423,0.0006016654783430884,0.9228722348374613
1200,71,0.0009101741929393257,7.638012155174161e-05,0.0007604691546979121,0.0010598792311807392,1.6257092187360254
1201,71,0.0011433877309915705,9.595096691532755e-05,0.0009553238358375285,0.0013314516261456126,2.042263985600145
1202,71,0.0005776313311862194,4.8473744509957626e-05,0.0004826227919467025,0.0006726398704257363,1.0317372074762825
1203,71,0.0006032582072673625,5.062430417782509e-05,0.0005040345710788254,0.0007024818434558997,1.0775106967882315
1204,71,0.0004853507321437863,4.0729728665071514e-05,0.0004055204639602461,0.0005651810003273265,0.8669100548965267
1205,71,0.0006306255393224787,5.292091966652198e-05,0.0005269005367760956,0.0007343505418688618,1.1263929045670873
1206,71,0.0009469687796606751,7.946785467802034e-05,0.0007912117844917552,0.001102725774829595,1.6914299338436525
1207,71,0.0004735768748650424,3.974168851071475e-05,0.0003956831653840415,0.0005514705843460433,0.8458801592275202
1208,71,0.0008099968721655063,6.797342753999192e-05,0.0006767689541871221,0.0009432247901438904,1.4467773228927308
1209,71,0.0007476642304588926,6.274258844663424e-05,0.0006246887571034895,0.0008706397038142958,1.335441766428138
1210,71,0.0005982432890590523,5.020346159044544e-05,0.0004998445043417793,0.0006966420737763254,1.0685532919027687
1211,71,0.000494090823206606,4.1463180814044895e-05,0.0004128229888110781,0.0005753586576021341,0.8825211837591593
1212,71,0.00038521028505053323,3.232612902385613e-05,0.00032185107216377523,0.00044856949793729123,0.6880440210419486
1213,71,0.00040556086344470664,3.4033911625750695e-05,0.00033885439665823526,0.000472267330231178,0.7243932420577365
1214,71,0.0004146661449669784,3.4798009877304074e-05,0.00034646204560746243,0.0004828702443264944,0.7406566564950768
1215,71,0.000668267434064528,5.607975730237137e-05,0.0005583511097518801,0.0007781837583771758,1.193627040370496
1216,71,0.0007042818459854615,5.9102019613777925e-05,0.0005884418875424568,0.0008201218044284663,1.2579542449005867
1217,71,0.0005269771997815307,4.4222944230405064e-05,0.00044030022908993677,0.0006136541704731246,0.9412612425121144
1218,71,0.0005098568325283175,4.27862349257961e-05,0.0004259958120737571,0.0005937178529828778,0.9106816687474356
1219,71,0.00044876728657837543,3.7659714110996064e-05,0.00037495424692082313,0.0005225803262359277,0.8015664699320377
1220,71,0.00048361101030741394,4.0583734451700975e-05,0.00040406689078208006,0.0005631551298327478,0.8638026477107733
1221,71,0.0006845496107692799,5.7446127218683415e-05,0.0005719552014206604,0.0007971440201178994,1.2227094786282995
1222,71,0.0005328440709252424,4.471528111993823e-05,0.0004452021199301635,0.0006204860219203214,0.9517403646158372
1223,71,0.0003498176177863226,2.935604236500382e-05,0.0002922797747509151,0.00040735546082173004,0.624827346812514
1224,71,0.0004019496287247291,3.3730863540006805e-05,0.00033583713618631577,0.0004680621212631424,0.7179430288778529
1225,71,0.00039410267457149135,3.3072361775526214e-05,0.00032928084549146,0.0004589245036515227,0.703927178060637
1226,71,0.0005382741278878981,4.517096137769321e-05,0.0004497390435876194,0.0006268092121881768,0.9614392703098591
1227,71,0.0003746809109181978,3.1442523575217403e-05,0.00031305356471077173,0.0004363082571256239,0.6692369611107302
1228,71,0.0004746303705701051,3.9830095906388174e-05,0.0003965633825935843,0.000552697358546626,0.8477618624145644
1229,71,0.00037128384493060907,3.115744813024858e-05,0.0003102152465953218,0.0004323524432658963,0.6631692857849304
1230,71,0.0005802976503514945,4.869749704383443e-05,0.000484850556145579,0.0006757447445574099,1.0364996580936547
1231,71,0.000649961303285295,5.4543540933124014e-05,0.0005430559630563719,0.0007568666435142181,1.1609295130201789
1232,71,0.0004003277669442074,3.359475992281203e-05,0.0003344820374954958,0.00046617349639291897,0.7150461376359744
1233,71,0.00047913778454843374,4.02083496848621e-05,0.000400329419166104,0.0005579461499307635,0.8558127877364131
1234,71,0.0004985908058746383,4.184081097081198e-05,0.00041658281637184684,0.0005805987953774298,0.8905588356331892
1235,71,0.00048348009684567547,4.057274843803687e-05,0.0004039575099071232,0.0005630026837842278,0.8635688164032546
1236,71,0.00039553368904930074,3.3192449842849246e-05,0.0003304764873573162,0.0004605908907412853,0.7064831870606356
1237,71,0.0004779905796217091,4.0112078385996754e-05,0.00039937090598515546,0.0005566102532582628,0.8537637056600111
1238,71,0.0004260007348304147,3.574918752903751e-05,0.0003559323272735012,0.0004960691423873283,0.7609019539057547
1239,71,0.00038328745515381536,3.216476872340601e-05,0.0003202445084559396,0.00044633040185169113,0.6846095550755379
1240,71,0.00037499311702430545,3.1468723329636595e-05,0.00031331441929821776,0.00043667181475039315,0.6697946085905008
1241,71,0.00027934940752358066,2.3442481524501377e-05,0.00023340214373555797,0.00032529667131160335,0.4989604304126935
1242,71,0.00037942041775832657,3.184025415399297e-05,0.0003170135196165003,0.0004418273159001528,0.6777024395016049
1243,71,0.0003659002571748289,3.070566748170808e-05,0.00030571714891068104,0.0004260833654389768,0.6535533811456415
1244,71,0.0003720410932967315,3.1220995001493635e-05,0.00031084794309380395,0.00043323424349965903,0.6645218462719537
1245,71,0.0003921012869718688,3.2904409059093275e-05,0.00032760864521604597,0.00045659392872769163,0.7003523961164655
1246,71,0.0004384770381934577,3.679617564930951e-05,0.0003663565339208111,0.0005105975424661044,0.7831865248707308
1247,71,0.0005578544778666525,4.681410784680277e-05,0.0004660988264869191,0.000649610129246386,0.9964127465009828
1248,71,0.0003698304283444749,3.103548011975628e-05,0.00030900088730975256,0.0004306599693791972,0.66057326322016
1249,71,0.0005118349805250178,4.295223741807439e-05,0.000427648595185592,0.0005960213658644436,0.9142149412344026
1250,71,0.0005097042115434282,4.2773427257255704e-05,0.00042586829411920705,0.0005935401289676494,0.9104090645096624
1251,71,0.00043613734305681805,3.659983279503297e-05,0.00036440167077855345,0.0005078730153350826,0.7790074743305442
1252,71,0.0004104177052701144,3.444148873775848e-05,0.00034291238734410776,0.000477923023196121,0.7330682985367707
1253,71,0.00045017829708351824,3.777812348222373e-05,0.00037613317505835975,0.0005242234191086768,0.8040867488014442
1254,71,0.0003937083736603292,3.3039272778105544e-05,0.0003289513990152423,0.00045846534830541605,0.7032228968019448
1255,71,0.0004978014813881462,4.177457233134085e-05,0.00041592331961871817,0.0005796796431575743,0.889148982327944
1256,71,0.0004028119316532536,3.3803226394289046e-05,0.0003365576079204471,0.00046906625538606014,0.7194832327543419
1257,71,0.0004301606469249847,3.6098279597229117e-05,0.00035940801891441563,0.0005009132749355538,0.7683321881331545
1258,71,0.00038826060815492754,3.258210645245507e-05,0.00032439967950811564,0.00045212153680173944,0.6934923609634782
1259,71,0.0003569143567009624,2.995158746519026e-05,0.00029820924526918947,0.0004156194681327353,0.6375031993756746
1260,71,0.0003905956354082705,3.277805758666708e-05,0.00032635064253840306,0.000454840628278138,0.6976630739557906
1261,71,0.0003902212204679888,3.274663738285186e-05,0.00032603781119759916,0.00045440462973837846,0.6969943120585952
1262,71,0.0006933134410528634,5.818157151880934e-05,0.0005792775608759971,0.0008073493212297296,1.2383630093414137
1263,71,0.0006597492972556133,5.536493114062517e-05,0.000551234032219988,0.0007682645622912386,1.178412355484753
1264,71,0.00048212830951150596,4.045930896491521e-05,0.00040282806394027217,0.0005614285550827397,0.8611543191037508
1265,71,0.0006544955627605019,5.492404753565139e-05,0.0005468444295906251,0.0007621466959303786,1.1690283884729973
1266,71,0.0003648433124354666,3.061697064950582e-05,0.0003048340499624352,0.000424852574908498,0.6516655174599807
1267,71,0.0005940978402821164,4.985558325690759e-05,0.0004963808970985775,0.0006918147834656552,1.061148891355332
1268,71,0.0003358220069503461,2.818155679385116e-05,0.0002805861556343978,0.0003910578582662944,0.5998290621606379
1269,71,0.0010059512040186062,8.441754977685238e-05,0.0008404928064559755,0.0011714096015812369,1.7967814937603606
1270,71,0.0005982807354777316,5.02066040240945e-05,0.0004998757915905065,0.0006966856793649568,1.0686201768886623
1271,71,0.0006542023476367835,5.489944146907188e-05,0.0005465994423574026,0.0007618052529161644,1.168504661769472
1272,71,0.0006003341183002236,5.0378920082702685e-05,0.0005015914349381263,0.0006990768016623208,1.0722878301906515
1273,71,0.0005367964157748048,4.5046954531869496e-05,0.0004485043848923405,0.000625088446657269,0.958799852247328
1274,71,0.0003859682878317644,3.238973920421075e-05,0.0003224843989915113,0.00044945217667201743,0.6893979290288312
1275,71,0.0008270929739995042,6.94081005358552e-05,0.000691053096949228,0.0009631328510497804,1.4773135549366478
1276,71,0.0006378897731011387,5.353052062345804e-05,0.0005329699526791609,0.0007428095935231164,1.1393679283731164
1277,71,0.00051420562504213,4.315117748666527e-05,0.0004296293171682661,0.000598781932915994,0.9184492720643829
1278,71,0.0011192554351458512,9.392582963466473e-05,0.0009351608090619084,0.001303350061229794,1.9991600433767842
1279,71,0.0005709257301753734,4.791102297350989e-05,0.00047702012514729404,0.0006648313352034528,1.0197599865606983
1280,71,0.0005133556866157937,4.307985223835712e-05,0.0004289191762286137,0.0005977921970029736,0.9169311530649957
1281,71,0.0004648841672112276,3.9012212689094315e-05,0.00038842023034060276,0.0005413481040818525,0.8303536643233453
1282,71,0.00036424723192527743,3.0566948684286346e-05,0.0003043360125040762,0.00042415845134647864,0.6506008272193203
1283,71,0.00042172348670209533,3.5390248839628006e-05,0.00035235859897642444,0.0004910883744277662,0.7532621397174679
1284,71,0.0003881900881332557,3.25761885436977e-05,0.0003243407585876082,0.0004520394176789032,0.6933664015040398
1285,71,0.0005257037439744352,4.411607819301214e-05,0.0004392362307161314,0.000612171257232739,0.9389866572060178
1286,71,0.00037111254003871307,3.1143072543062164e-05,0.0003100721178543112,0.0004321529622231149,0.6628633092541407
1287,71,0.00035807193893386074,3.0048729608244637e-05,0.0002991764289017012,0.00041696744896602025,0.6395708168955588
1288,71,0.0004462239022244513,3.74462780373164e-05,0.00037282919727131113,0.0005196186071775914,0.7970235995419089
1289,71,0.0004157618663635981,3.488996077429708e-05,0.0003473775432459758,0.0004841461894812204,0.7426137811745828
1290,71,0.0005129841858687783,4.304867658820826e-05,0.00042860877975589015,0.0005973595919816666,0.9162675963591747
1291,71,0.0003774408986378747,3.167413659956547e-05,0.0003153595909027264,0.000439522206373023,0.6741667179795628
1292,71,0.00045227453121556564,3.7954035542847666e-05,0.0003778846215515842,0.0005266644408795471,0.807830941044572
1293,71,0.00030943206915912434,2.59669624097509e-05,0.00025853682283601256,0.0003603273154822361,0.5526926288472409
1294,71,0.00046108430887225276,3.869333566087072e-05,0.00038524537097694615,0.0005369232467675593,0.8235665407381195
1295,71,0.0005972169862641295,5.011733617309873e-05,0.000498987007364856,0.000695446965163403,1.066720159379496
1296,71,0.000431673067760064,3.622519913429892e-05,0.0003606716774568381,0.0005026744580632898,0.7710336012398661
1297,71,0.00043481012174455096,3.64884548566741e-05,0.0003632927502254697,0.0005063274932636322,0.7766368556738148
1298,71,0.0005425349967628599,4.552852555069466e-05,0.0004532990866834983,0.0006317709068422214,0.9690498286662556
1299,71,0.0005286430130115054,4.436273617130494e-05,0.0004416920501157477,0.000615593975907263,0.944236637711924
1300,71,0.0009306301870679193,7.809675044555584e-05,0.0007775605561946299,0.0010836998179412087,1.6622467282493076
1301,71,0.0005990088756583183,5.0267708190672004e-05,0.0005004841676046011,0.0006975335837120354,1.0699207457394326
1302,71,0.0005303709391194828,4.450774050913781e-05,0.00044313576772157267,0.0006176061105173929,0.947322975936876
1303,71,0.0005567170027248713,4.671865305335191e-05,0.00046514844274030153,0.0006482855627094411,0.9943810432968907
1304,71,0.00041191414278594316,3.4567066984472415e-05,0.0003441626914963772,0.0004796655940755091,0.7357411630099864
1305,71,0.00044738829903965334,3.754399204741416e-05,0.0003738020746267216,0.0005209745234525851,0.7991033889398347
1306,71,0.0005891465572217831,4.94400808125194e-05,0.0004922439988292451,0.0006860491156143211,1.0523051485001749
1307,71,0.00032587886323015797,2.7347146708566493e-05,0.0002722784556813676,0.0003794792707789483,0.5820690987003196
1308,71,0.00044903207301222716,3.7681934494917884e-05,0.00037517548140218813,0.0005228886646222662,0.8020394186816818
1309,71,0.0006394710213360247,5.366321602761363e-05,0.000534291117921902,0.0007446509247501475,1.1421922776597762
1310,71,0.0005731788712728033,4.8100102374167415e-05,0.00047890267061943516,0.0006674550719261715,1.0237844384531163
1311,71,0.0005522312280497162,4.634221520486095e-05,0.00046140048624818873,0.0006430619698512437,0.9863687690540652
1312,71,0.0004446282084441123,3.731237038991536e-05,0.0003714959624798782,0.0005177604544083464,0.7941734483190982
1313,71,0.00042586253711784493,3.5737590234622727e-05,0.0003558168602579844,0.0004959082139777054,0.7606551118209364
1314,71,0.00042293024035933895,3.549151735694953e-05,0.0003533668663397179,0.00049249361437896,0.7554175848625218
1315,71,0.0005339030354959567,4.4804147452622235e-05,0.0004460869064888171,0.0006217191645030963,0.9536318360267826
1316,71,0.0004203781814778162,3.527735333308459e-05,0.0003512345689449704,0.0004895217940106619,0.750859220449826
1317,71,0.0004837263375124962,4.059341249576193e-05,0.0004041632490208028,0.0005632894260041896,0.8640086395988402
1318,71,0.00046054885695087264,3.8648401533802085e-05,0.00038479798994462056,0.0005362997239571248,0.8226101423568751
1319,71,0.0004174088223362631,3.502817024931666e-05,0.0003487536086476024,0.00048606403602492374,0.7455554944514304
1320,71,0.0010198905447558763,8.558731326621865e-05,0.0008521394107540878,0.0011876416787576648,1.821679271477503
1321,71,0.0007277831450671785,6.107420482229112e-05,0.000608077703615488,0.000847488586518869,1.2999311311557726
1322,71,0.0006566474992248997,5.510463403216755e-05,0.0005486424165218513,0.0007646525819279481,1.1728720735339941
1323,71,0.0007679012068099527,6.444083777684429e-05,0.000641597164767338,0.0008942052488525675,1.3715880769569122
1324,71,0.0006062579451572605,5.0876036589522955e-05,0.0005065409134417955,0.0007059749768727256,1.082868683840853
1325,71,0.0006542892052897053,5.490673040138762e-05,0.0005466720137029856,0.0007619063968764251,1.1686598027174007
1326,71,0.0005342054554636321,4.482952597254723e-05,0.0004463395845574396,0.0006220713263698247,0.9541720039783612
1327,71,0.0006506889217023087,5.460460131427514e-05,0.0005436639031263295,0.000757713940278288,1.1622291499220354
1328,71,0.0005129660689556955,4.3047156250635365e-05,0.0004285936427044502,0.0005973384952069409,0.9162352368033422
1329,71,0.0005149470265349554,4.321339451784451e-05,0.0004302487732799802,0.0005996452797899307,0.9197735276310876
1330,71,0.0005424844391867483,4.5524282853155306e-05,0.00045325684479456386,0.0006317120335789327,0.9689595251636961
1331,71,0.0006103933423509346,5.122307141293133e-05,0.0005099961223815892,0.00071079056232028,1.0902551307353532
1332,71,0.0006125120226853207,5.1400867117011985e-05,0.0005117663231359773,0.0007132577222346641,1.0940394153018524
1333,71,0.0009213035209341931,7.731407401010783e-05,0.0007697679358743818,0.0010728391059940045,1.6455878873029322
1334,71,0.0020087149571270616,0.00016856761461527632,0.00167832243248112,0.0023391074817730034,3.58786971653029
1335,71,0.0006549931531170123,5.496580439077657e-05,0.0005472601765110903,0.0007627261297229344,1.1699171603542575
1336,71,0.0007442279186333898,6.245421956410859e-05,0.000621817648287737,0.0008666381889790427,1.3293039920806466
1337,71,0.0005701595406876278,4.784672578000599e-05,0.00047637995815881604,0.0006639391232164395,1.018391455873727
1338,71,0.0006714305230921417,5.6345197837032e-05,0.000560993935331559,0.0007818671108527245,1.1992767973420357
1339,71,0.0006767853242442594,5.679456276745628e-05,0.0005654679812200452,0.0007881026672684737,1.2088412847390941
1340,71,0.000787299060162114,6.606866946925495e-05,0.0006578044680023743,0.0009167936523218537,1.4062355864808394
1341,71,0.0007927185710201564,6.652346471757052e-05,0.0006623325801737182,0.0009231045618665946,1.4159156552317524
1342,71,0.0006704546581762935,5.626330507247244e-05,0.0005601785802342475,0.0007807307361183396,1.1975337545242515
1343,71,0.000565584284228524,4.7462778787015346e-05,0.00047255723780597394,0.0006586113306510741,1.0102193535867725
1344,71,0.0005260126253331178,4.4141998940825325e-05,0.0004394943074091002,0.0006125309432571355,0.9395383661823891
1345,71,0.0005510831038626848,4.624586676338432e-05,0.0004604412050064515,0.0006417250027189181,0.9843180450392665
1346,71,0.0004959010727297199,4.1615093579411154e-05,0.000414335489314074,0.0005774666561453658,0.8857545640953285
1347,71,0.00047861951683244593,4.0164857624275704e-05,0.00039989639588886553,0.0005573426377760263,0.8548870829535367
1348,71,0.0005351018928276988,4.490475332502776e-05,0.0004470885763106444,0.0006231152093447532,0.9557731771362995
1349,71,0.0005208997509517949,4.371293605401343e-05,0.0004352223962859286,0.0006065771056176612,0.9304059967080218
1350,71,0.0006125958097879914,5.140789837447468e-05,0.000511836328974021,0.0007133552906019618,1.0941890717811062
1351,71,0.0004868981970376035,4.085958903422251e-05,0.00040681340253052737,0.0005669829915446796,0.8696740620097417
1352,71,0.0006959863558762552,5.8405877548019874e-05,0.0005815108358821362,0.0008104618758703742,1.24313724080501
1353,71,0.0005521674610095166,4.6336863993720025e-05,0.00046134720758182534,0.0006429877144372078,0.9862548714442361
1354,71,0.0006998995337759403,5.87342641425313e-05,0.0005847803760565789,0.0008150186914953016,1.2501267703208134
1355,71,0.0005962358220343623,5.0034998699993915e-05,0.0004981672245823743,0.0006943044194863504,1.0649676511829327
1356,71,0.0005116923703576521,4.2940269838678697e-05,0.00042752944147384186,0.0005958552992414623,0.9139602178357714
1357,71,0.0005900340966261201,4.9514561464806736e-05,0.0004929855561550989,0.0006870826370971413,1.0538904285518567
1358,71,0.0005151537876699864,4.323074552685834e-05,0.000430421526437344,0.0005998860489026287,0.9201428343922589
1359,71,0.0007037789039262573,5.9059813653739164e-05,0.0005880216691649285,0.000819536138687586,1.257055914066246
1360,71,0.0007779979453593949,6.528813725387304e-05,0.0006500331963418038,0.0009059626943769861,1.3896223840888107
1361,71,0.0004938703721461163,4.1444680972006924e-05,0.0004126387974409827,0.0005751019468512499,0.8821274247138046
1362,71,0.0005523384646798191,4.6351214302951846e-05,0.0004614900846460335,0.0006431868447136047,0.9865603099475524
1363,71,0.00041310288113168995,3.466682369043673e-05,0.000345155906698434,0.0004810498555649459,0.7378644300750573
1364,71,0.0003242377577399189,2.7209428195125797e-05,0.00027090727847747234,0.00037756823700236543,0.5791378352728388
1365,71,0.0005746416135008185,4.822285297514179e-05,0.0004801248216695406,0.0006691584053320964,1.0263971180293623
1366,71,0.0005240088710650836,4.397384761799115e-05,0.00043782012973382097,0.0006101976123963462,0.9359593570093153
1367,71,0.0005403926759011507,4.534874597763101e-05,0.00045150913378499394,0.0006292762180173075,0.9652233185307355
1368,71,0.00063665955136908,5.342728270904652e-05,0.0005319420772593488,0.0007413770254788112,1.137170565685389
1369,71,0.0005210207143220732,4.3723087074550866e-05,0.0004353234636559535,0.000606717964988193,0.9306220556423626
1370,71,0.0005166113977828735,4.3353065450298294e-05,0.00043163938950028884,0.0006015834060654582,0.9227463472321372
1371,71,0.00034855075028798044,2.9249729206199754e-05,0.0002912212810438289,0.00040588021953213196,0.6225645292255632
1372,71,0.00041403459752832947,3.474501159356465e-05,0.0003459343748049427,0.0004821348202517162,0.7395286169384233
1373,71,0.0004623209103481318,3.879710895149071e-05,0.00038627857680321,0.0005383632438930536,0.8257752986163746
1374,71,0.0004606148298462131,3.865393785619435e-05,0.0003848531116480722,0.000536376548044354,0.8227279799587032
1375,71,0.000572213096837167,4.801905638389687e-05,0.0004780957463247291,0.0006663304473496049,1.0220594187641234
1376,71,0.00046851583191357174,3.9316975220873444e-05,0.0003914545604806598,0.0005455771033464837,0.8368403685517882
1377,71,0.0005875070159396688,4.930249356450858e-05,0.000490874128553232,0.0006841399033261056,1.0493766789857584
1378,71,0.0005416960986842714,4.545812678778842e-05,0.0004525981701802061,0.0006307940271883367,0.9675514294032124
1379,71,0.0004284755557514112,3.59568698872398e-05,0.0003580000907724212,0.0004989510207304012,0.7653223596008356
1380,71,0.0006431669226151542,5.3973369173168665e-05,0.0005373791190357437,0.0007489547261945648,1.148793718161638
1381,71,0.0006741430710327348,5.6572829803555174e-05,0.0005632603246177667,0.0007850258174477029,1.2041218195668961
1382,71,0.0005829999797708039,4.892427149110055e-05,0.00048710840764824685,0.000678891551893361,1.041326428488941
1383,71,0.0005223545725086141,4.383502196702652e-05,0.00043643792945324215,0.0006082712155639861,0.9330045287636264
1384,71,0.0004865655040020923,4.0831670054878894e-05,0.00040653543069452965,0.000566595577309655,0.8690798217653626
1385,71,0.000501242549736369,4.206334037238619e-05,0.00041879840260649205,0.000583686696866246,0.8952952525467696
1386,71,0.0005316159487455353,4.4612219396046136e-05,0.00044417599872928487,0.0006190558987617858,0.9495467520471965
1387,71,0.0005387906510115188,4.5214307035340374e-05,0.0004501706092222517,0.0006274106928007859,0.9623618589860429
1388,71,0.000530435753395318,4.451317960234106e-05,0.0004431899213747295,0.0006176815854159065,0.9474387440684584
1389,71,0.00048038232631373846,4.031278930976864e-05,0.0004013692592665919,0.000559395393360885,0.8580357281764447
1390,71,0.0004943680182101815,4.148644250200625e-05,0.00041305459090624927,0.0005756814455141138,0.8830162960972107
1391,71,0.0005321492883141876,4.4656976258411636e-05,0.0004446216148477008,0.0006196769617806744,0.9504993774459399
1392,71,0.00037510581292216007,3.1478180559300204e-05,0.0003134085790259317,0.00043680304681838845,0.6699959005645836
1393,71,0.00046824516921360916,3.9294261711653956e-05,0.0003912284162587674,0.0005452619221684509,0.8363569238992035
1394,71,0.0005017739931291911,4.210793811121082e-05,0.00041924243443121795,0.0005843055518271644,0.896244491087754
1395,71,0.0004934889892491418,4.141267603025551e-05,0.00041232014422984105,0.0005746578342684426,0.8814462169886357
1396,71,0.0005271888277897962,4.424070365834805e-05,0.000440477048619434,0.0006139006069601584,0.9416392422473836
1397,71,0.0004896943898743144,4.109424032449956e-05,0.0004091496788382953,0.0005702391009103335,0.8746684867113741
1398,71,0.0005064930414020633,4.250395184516047e-05,0.0004231852957855488,0.0005898007870185778,0.9046734273731184
1399,71,0.0004608288172595741,3.867189528101461e-05,0.00038503190250878546,0.0005366257320103627,0.8231101939494898
1400,71,0.00047686247847209256,4.001741024049363e-05,0.00039842835440072506,0.00055529660254346,0.8517487458283379
1401,71,0.00042306509836545226,3.550283438942426e-05,0.0003534795429621807,0.0004926506537687238,0.7556584617248405
1402,71,0.0005543039193651026,4.6516151596198525e-05,0.00046313226223655354,0.0006454755764936517,0.9900709102542414
1403,71,0.0005468948815423577,4.589439895382226e-05,0.00045694185959286606,0.0006368479034918493,0.9768372444528609
1404,71,0.00040616107848754095,3.4084280553242273e-05,0.0003393558886031861,0.0004729662683718958,0.7254653172010764
1405,71,0.0006772496496962133,5.6833528093802516e-05,0.0005658559346323603,0.0007886433647600662,1.209670640453188
1406,71,0.0004527648533904944,3.799518246572364e-05,0.0003782942957576761,0.0005272354110233127,0.808706730850651
1407,71,0.00038710492213863724,3.2485123436363566e-05,0.00032343408020336467,0.0004507757640739098,0.6914281303741885
1408,71,0.00039993832012747826,3.356207827194733e-05,0.0003341566467144615,0.000465719993540495,0.7143505265265018
1409,71,0.00037825443734984516,3.17424072516993e-05,0.0003160393191365145,0.0004404695555631758,0.6756198215657873
1410,71,0.0005242582923664463,4.3994778588637714e-05,0.00043802852633271637,0.0006104880584001761,0.9364048613008233
1411,71,0.0006695459015307736,5.618704390885758e-05,0.0005594192954694127,0.0007796725075921344,1.1959105772603054
1412,71,0.0004887935703371238,4.101864522821958e-05,0.00040839702568981346,0.0005691901149844342,0.873059486327284
1413,71,0.0006616526686271986,5.5524658517920165e-05,0.0005528243379320751,0.0007704809993223222,1.1818120655726336
1414,71,0.00043984965734571684,3.69113632897712e-05,0.0003675033852977653,0.0005121959293936684,0.7856382309583698
1415,71,0.0007085313206387231,5.945862760493506e-05,0.0005919924105330504,0.0008250702307443958,1.2655444514480636
1416,71,0.000482974034351477,4.0530280616910425e-05,0.0004035346843423326,0.0005624133843606215,0.8626649119985185
1417,71,0.00037376933919274093,3.136602617534202e-05,0.00031229192788907056,0.0004352467504964113,0.6676087556868556
1418,71,0.00048071081998476593,4.0340355886273105e-05,0.0004016437224476706,0.0005597779175218612,0.8586224677186428
1419,71,0.00044855580546211324,3.764196700995616e-05,0.0003747775501225992,0.0005223340608016274,0.8011887325681758
1420,71,0.00048524180791954813,4.072058794722675e-05,0.0004054294555429837,0.0005650541602961126,0.8667154997038379
1421,71,0.0003735078671104736,3.134408392562665e-05,0.0003120734626162454,0.00043494227160470185,0.6671417268720622
1422,71,0.0003367385337097336,2.8258470010936966e-05,0.00028135193248829713,0.00039212513493117003,0.601466118026991
1423,71,0.0003585688373108819,3.0090428393741042e-05,0.0002995915976591495,0.0004175460769626143,0.64045835279645
1424,71,0.00040302946044704215,3.382148100515306e-05,0.00033673935767694217,0.00046931956321714214,0.7198717721879425
1425,71,0.000610238705328957,5.121009456231671e-05,0.0005098669199868162,0.0007106104906710977,1.089978925549426
1426,71,0.00039086778774854373,3.280089610372449e-05,0.00032657803138524374,0.0004551575441118437,0.6981491793320087
1427,71,0.00043289198171904446,3.632748812147332e-05,0.00036169010500095673,0.0005040938584371322,0.7732107665290303
1428,71,0.000321557813033,2.6984532231194576e-05,0.00026866812985985866,0.00037444749620614136,0.5743510473705462
1429,71,0.0005162229176536707,4.332046492204873e-05,0.0004313148064064552,0.0006011310289008862,0.922052462773272
1430,71,0.00047254152095155906,3.965480354037127e-05,0.0003948181060124314,0.0005502649358906867,0.8440308600330786
1431,71,0.0004578412612274655,3.842118514811338e-05,0.00038253573833716325,0.0005331467841177678,0.8177739655433598
1432,71,0.00035541835790670387,2.9826046035172655e-05,0.0002969593076777655,0.00041387740813564225,0.6348311185257551
1433,71,0.00032375435791737693,2.716886218315768e-05,0.0002705033880383879,0.000377005327796366,0.5782744098385229
1434,71,0.0004847998130703536,4.068349656343603e-05,0.000405060159806019,0.0005645394663346883,0.8659260298347254
1435,71,0.0003698128600143276,3.103400581824068e-05,0.0003089862086105759,0.00043063951141807935,0.6605418835166925
1436,71,0.0006125899874951244,5.140740977851103e-05,0.0005118314643292427,0.000713348510661006,1.094178672282569
1437,71,0.00029059766811582647,2.438641458472897e-05,0.0002428002955297577,0.00033839504070189527,0.5190515306453917
1438,71,0.00032218593755660354,2.7037243270284283e-05,0.00026919294074684633,0.00037517893436636075,0.5754729730815343
1439,71,0.0003779117483516372,3.171364942980035e-05,0.0003157529954692285,0.0004400705012340459,0.6750077270152409
