wallet,n_p1,avg_price_p1,win_rate_p1,edge_p1,edge_se_p1,staked_p1,n_p2,avg_price_p2,win_rate_p2,edge_p2,edge_se_p2,staked_p2
0x00093a689df7fb09a137f9db7102d9e967c85497,126.0,0.45578433615317454,0.46825396825396826,0.012469632100793715,0.038140007927204414,3121.4206030000005,464.0,0.4924837700846983,0.5258620689655172,0.033378298880818946,0.02023481153840874,15764.976899
0x00d49004de78e3ecc89d9b36820ef34a98a44c46,108.0,0.30906481536111097,0.2777777777777778,-0.03128703758333318,0.03743832369114628,7512.764448,54.0,0.3220370407740741,0.46296296296296297,0.14092592218888889,0.04613523994280095,5655.395353
0x012d83ceb6b39b7431284d6dde0be72350019db6,145.0,0.6546206257944828,0.6620689655172414,0.007448339722758601,0.0295948143366123,7157.098459000001,28.0,0.6820219454357143,0.7142857142857143,0.03226376885000004,0.06542178349117994,1322.1191719999997
0x01826707cc43f2270691a71c4c3bdacd2bbc301c,223.0,0.5419901457448429,0.8161434977578476,0.2741533520130046,0.022775264203264325,4586.14748,120.0,0.6692061325608333,0.6833333333333333,0.01412720077250007,0.03846429507056044,4886.508604999999
0x01956113cdbbf5cd6e2caa5ede24e64f23cc9f64,27.0,0.7716207458666666,0.6666666666666666,-0.1049540792,0.08143256990881477,2121.431122,31.0,0.7499057284064515,0.7419354838709677,-0.007970244535483784,0.07508236453290114,2183.419914
0x01af8bb6abbcff287e8a726a1c5f39dd0b427bc2,35.0,0.9466768592942858,0.9142857142857143,-0.03239114500857154,0.03560762989814795,7492.933940000001,121.0,0.3203735508264462,0.2644628099173554,-0.05591074090909082,0.03875565799002195,4073.583428
0x01c78f8873c0c86d6b6b92ff627e3802237ee995,160.0,0.3233125027775,0.06875,-0.25456250277750003,0.02093901116044676,13229.306584999998,322.0,0.34957459764409937,0.2670807453416149,-0.08249385230248446,0.02451983652166113,69212.040863
0x023d4f8499200936492f4f4328ff679c540a23ac,66.0,0.7541253047954546,0.7878787878787878,0.03375348308333326,0.04303741078835211,3314.8578310000003,53.0,0.42819886142641517,0.37735849056603776,-0.050840370860377404,0.05878649227167315,2040.120088
0x02571ed3bfa4162c80b288310745503275a822b2,95.0,0.5663620170252633,0.6,0.033637982974736635,0.040950338127873694,29392.884833000004,59.0,0.5844764080254236,0.7966101694915254,0.21213376146610186,0.04388719058385729,31702.919323000002
0x0267ebb4a7371037b79e2b062c766b03ee2e7f7e,142.0,0.30853340581830985,0.30985915492957744,0.0013257491112675934,0.03399377397839562,27735.75775,58.0,0.34435919808965515,0.0,-0.34435919808965515,0.017287724748367452,8568.207764
0x03097eaaf923518da334d6819653ea74b9f4d35e,43.0,0.3269766999348837,0.2558139534883721,-0.0711627464465116,0.05348870744926156,278.019298,47.0,0.37468087517021287,0.2127659574468085,-0.16191491772340436,0.059685542124319306,254.36835
0x032eb1bc893940263ad0b01889f262fc232f2a9e,483.0,0.3881448267476191,0.36024844720496896,-0.027896379542650118,0.005447379940379961,66897.47,106.0,0.4673080882650944,0.4339622641509434,-0.03334582411415099,0.02570681979282058,25263.87
0x035b278391a2931071403cae4a3d037f9b3ac6dd,46.0,0.4709283225543479,0.41304347826086957,-0.057884844293478344,0.05935178956209812,478.27090000000004,55.0,0.4387586322127273,0.34545454545454546,-0.09330408675818186,0.06874967848923744,8687.348361999999
0x03805a13a0b3e058f55f6c6af95389d4f431073d,608.0,0.881428332259375,0.9473684210526315,0.06594008879325652,0.0035640881545444536,40963.312696,76.0,0.7010522713921054,0.7236842105263158,0.022631939134210466,0.014709749515121705,6851.325304
0x03bab08ec71cc18c39484b849ecbf1190ce4beba,8608.0,0.49042676644388944,0.5047630111524164,0.014336244708526957,0.003849688348757592,161488.872821,1503.0,0.46330209026214236,0.5029940119760479,0.03969192171390551,0.009871648139124167,32122.023385
0x04e6840687847a98f9ecfbb512a8c8b98d073914,48.0,0.44914340413958337,0.5833333333333334,0.13418992919375,0.07360531327102131,39919.298597,45.0,0.48657779224000003,0.7555555555555555,0.2689777633155555,0.05174719423672157,101017.40172400001
0x056c3c1d6b90f764bd1f6c47fdaf7380619ca69a,64.0,0.5892611687609375,0.890625,0.3013638312390625,0.03817107016931185,12837.559058,55.0,0.46075636803636355,0.2727272727272727,-0.18802909530909084,0.06010536520691584,21563.109733
0x05c5a55c0eed25f98a846f9b5a1875a99d358181,21.0,0.4993201848952381,0.5714285714285714,0.07210838653333329,0.09088361286902043,2799.752377,24.0,0.6112916624416668,0.75,0.13870833755833323,0.08645075851674343,767.9652
0x05d3e8e5b270710ec7c6d1ad4c702eb84536c06a,85.0,0.5667984404952943,0.6941176470588235,0.12731920656352924,0.04936968555883417,3572.0608,98.0,0.5447374252877552,0.5918367346938775,0.04709930940612239,0.04741291569552388,4164.357003
0x0665144f927e58ef066a2141c6fc2641160a41d9,33.0,0.3778788007212121,0.36363636363636365,-0.014242437084848458,0.07258228191436283,191.340994,83.0,0.5210843530493976,0.5783132530120482,0.05722889996265057,0.05303687089910127,465.74640100000005
0x06a9865f05e5f379840e6df4feadc98892571a49,27.0,0.6571323032148148,0.7037037037037037,0.04657140048888897,0.07329312027508679,3246.6520600000003,35.0,0.6215670363342858,0.5142857142857142,-0.10728132204857155,0.07747608164947972,6602.531294
0x06e1173503c03974d5a0a1f5bddb1c984b6aecdb,92.0,0.28008763412173915,0.22826086956521738,-0.05182676455652177,0.03280479863774858,10660.576124999998,32.0,0.30084686664375004,0.0625,-0.23834686664375004,0.051964248808565185,2213.615923
0x071f9c6bfa9cb3c609fe8e9ffbf43521cb1892bd,77.0,0.724739313022078,0.8831168831168831,0.15837757009480513,0.036826334138993076,4597.521823,55.0,0.7500363528527275,0.7818181818181819,0.03178182896545434,0.05226988758045758,1504.257411
0x0767ca995bd25b827f898d469a23aab2a07ef407,150.0,0.06950666518866667,0.0,-0.06950666518866667,0.00771370623744549,6209.824761,24.0,0.019833333741666667,0.0,-0.019833333741666667,0.0023817442514568994,1597.956127
0x07cdda5097cb88efc8d968c4bd9c8bf980f6fbeb,32.0,0.552499980803125,0.53125,-0.021249980803125013,0.07232285191205692,605.454432,56.0,0.5055357058,0.5357142857142857,0.03017857991428574,0.05937416658655559,2295.95415
0x081e14554b92ee3dc53a21bd5b01f306692ef76e,66.0,0.473487758230303,0.5606060606060606,0.08711830237575757,0.05317208071314814,38325.490752,94.0,0.4710376032957446,0.24468085106382978,-0.22635675223191484,0.04745833171668939,50229.576759999996
0x0828e2ab9f76708970ad6fa20f457f8cc6d0a1a6,38.0,0.5905201815263158,0.21052631578947367,-0.37999386573684213,0.05402472997869888,5263.051082,154.0,0.49900142344675325,0.2727272727272727,-0.22627415071948054,0.03147043903701912,41801.653162999995
0x084425dedaa0a4d92164adb33b294005518df46a,20.0,0.39548624834,0.3,-0.09548624834000002,0.06574908998072697,8888.223761999998,25.0,0.36840000000000006,0.24,-0.12840000000000007,0.04419532403622205,2813.6866520000003
0x089fd80bd21df5abe0ff64044652ab1f60def599,119.0,0.5637815122260504,0.5546218487394958,-0.009159663486554614,0.042947184021530485,1203.658244,33.0,0.49984844428787883,0.3939393939393939,-0.10590905034848491,0.08305012044627956,132.53317500000003
0x0a26054fe174697bf6be759c4b600fdb830d1851,20.0,0.46070107922,0.55,0.08929892078000007,0.08397194083542338,27396.52169,28.0,0.5681972538035714,0.5,-0.06819725380357144,0.0844234905462278,45865.58885100001
0x0a655325b49accb62fd4f6a33fa073c06e91d43f,48.0,0.8768749321833335,0.875,-0.0018749321833334553,0.05075638587669746,105.152707,50.0,0.6560399313799999,0.62,-0.036039931379999945,0.06877218064628826,141.75398800000002
0x0adedcb79423aed988a849827ff80b8cc7b3ed94,84.0,0.6661231669380951,0.75,0.08387683306190485,0.037192644130580606,46613.507202,28.0,0.5545710876392858,0.6071428571428571,0.05257176950357134,0.08154186291370688,6576.57
0x0b2a9c62c82d2813ad34ac25cbdd8608ad3c0a73,28.0,0.6307142857142859,0.5714285714285714,-0.0592857142857145,0.07416185747102436,557.26,89.0,0.625643731194382,0.47191011235955055,-0.15373361883483144,0.048862242291064624,2570.151733
0x0c222c7066850fbb4f94100a73b3e057759a0a8c,205.0,0.45571277046780484,0.4634146341463415,0.007701863678536647,0.027370194695664464,2897.5584149999995,782.0,0.4776133670671355,0.4360613810741688,-0.04155198599296667,0.015658916642655216,23499.353906
0x0c3ac9033e2a397486f0c098a0e15e86732ca56b,44.0,0.6693181849727272,1.0,0.3306818150272728,0.018329834365847487,9999.967632,56.0,0.570774311025,0.5178571428571429,-0.052917168167857076,0.06415381666774513,36439.507336
0x0c3d8f1e50210165a1fe186ef45c540fcff7f757,74.0,0.985482762131081,0.9864864864864865,0.001003724355405522,0.009477923888528743,32881.53485899999,34.0,0.9536470588235294,0.9705882352941176,0.016941176470588237,0.0038844589977162403,65492.094442999994
0x0c71d47d87ee86a9ebf13cb7c68b318e7c0fc0e5,38.0,0.38410036881578946,0.3157894736842105,-0.06831089513157895,0.07202707694053259,7638.69527,85.0,0.45999136747647046,0.6705882352941176,0.21059686781764714,0.042030461068544,32059.760426999997
0x0c87de0bda12fb870500c56219ba0677792b98b1,62.0,0.026804869832258067,0.0,-0.026804869832258067,0.004547804688659395,14599.243951,37.0,0.12018919107027029,0.10810810810810811,-0.012081082962162176,0.03979080799525467,8263.304553
0x0c99d9f172fc4c25fd2aa92f9fc272da5f020c88,1603.0,0.46892604549076733,0.47660636306924514,0.007680317578477813,0.010883830349904405,150549.487546,1336.0,0.452465822127994,0.47005988023952094,0.017594058111526922,0.012151451557301627,340709.979649
0x0d10fdbccf762e55a70e7df0856fb6914cb1780b,183.0,0.5160780414076502,0.5300546448087432,0.013976603401092969,0.03031508617918716,1921.010526,176.0,0.6384304799039773,0.6534090909090909,0.014978611005113662,0.03074197959011151,4564.305977999999
0x0d2d845a6ff64e31e04a70afce8a573940767ff5,13571.0,0.485959559235119,0.4916365779971999,0.0056770187620808765,0.0030649712814034926,468754.37477,27486.0,0.47879334882202207,0.4814450993232919,0.0026517505012698117,0.0024383836273208295,2423716.112403
0x0d5f3020b3da232af2a29e0fe499e45e2a3a1171,502.0,0.7044901104486055,0.7310756972111554,0.02658558676254985,0.014280846963324422,14094.876226,411.0,0.6955751236822384,0.6739659367396593,-0.021609186942579073,0.01781382010216836,7310.980258
0x0dd60a6ddeea6f93659789cac7af6a9d12835f62,58.0,0.6306175082206896,0.603448275862069,-0.027169232358620676,0.053465033426501433,28027.460466,37.0,0.5458192677837838,0.4594594594594595,-0.08635980832432427,0.050860739456592786,45510.764278
0x0df758f3a438f88d9b98da42ab76cd585a101ec1,502.0,0.5317744853709163,0.5418326693227091,0.01005818395179281,0.018219263276932615,27847.339248999997,945.0,0.5129494242767195,0.5195767195767196,0.006627295300000058,0.01418248690583306,20550.004992000002
0x0e1b30c63f6bac4fa1eacc7b852fa7e72e93ecaf,4440.0,0.4051152840017793,0.43018018018018017,0.025064896178400853,0.0059879393571064966,402407.410745,75.0,0.5043999981373333,0.56,0.05560000186266678,0.048207973244232614,625.448541
0x0e31656d0c1395ca32fed2518624aa091dec0117,23.0,0.7499998735391303,0.7391304347826086,-0.010869438756521688,0.0909999607691677,34.92577300000001,35.0,0.7408570647114286,0.8571428571428571,0.11628579243142845,0.05490876320485605,53.77938
0x0ec7f0eac6c47934ab9b41e02bd8f15a5f4293d1,58.0,0.41856896920689657,0.43103448275862066,0.012465513551724094,0.05688228951795028,443.821506,294.0,0.48950501162176885,0.47959183673469385,-0.009913174887074994,0.02541158344730322,2520.099088
0x0eca22b35c0aacf21e5ecff602489ee239e5c56a,297.0,0.44000000917407406,0.44107744107744107,0.0010774319033670099,0.024680840012467137,6879.569034,352.0,0.4467983003014204,0.4147727272727273,-0.03202557302869313,0.022699607562194996,21488.473738
0x0ee52436cfd4c726385fec293d48d99d3b44e798,64.0,0.2673571151203125,0.265625,-0.0017321151203125162,0.04109585243463207,13776.311427,46.0,0.24562782818913043,0.45652173913043476,0.21089391094130433,0.0589993384716895,17942.782479999994
0x0ef3476633a2eb3473bca671dab269d1b71a52ae,62.0,0.46354839353225813,0.4838709677419355,0.02032257420967737,0.05149328398855635,297.750157,43.0,0.338139534883721,0.37209302325581395,0.033953488372092944,0.05354140565053128,199.98838
0x0f76e9a901b9b18b0ac0561556079aa4f0a6dcc9,252.0,0.48338965721071425,0.47619047619047616,-0.007199181020238088,0.026013068857899786,10406.043547000001,1734.0,0.5191173792668398,0.5196078431372549,0.0004904638704151809,0.01027108937708848,48249.040672
0x103f088455d8625ca867ebf04dfccada9aee86db,64.0,0.50962500564375,0.390625,-0.11900000564375002,0.06001453220117198,297.98214,70.0,0.6335780595171429,0.3142857142857143,-0.3192923452314286,0.057109310735143685,354.989336
0x10bc2154e36d78d2477798d713466968c14a0b14,32.0,0.913313929275,0.90625,-0.007063929274999992,0.0523047408750926,2501.0550439999997,237.0,0.9099158977130802,0.9662447257383966,0.05632882802531636,0.012170907013341224,41990.222699
0x10ff6cd4b1b5669d4ca87faebae0c869ad315088,1512.0,0.44078660176170636,0.42923280423280424,-0.011553797528902121,0.008902371999924533,270314.033603,53.0,0.029132075479245276,0.0,-0.029132075479245276,0.002565829624600807,11602.591687
0x11cd83b94527b2835958cd55fd4f0543599ee5a8,22.0,0.3369836723681818,0.2727272727272727,-0.06425639964090907,0.05038641385894195,5791.589075,46.0,0.3873763449239131,0.06521739130434782,-0.32215895361956526,0.044796747059088385,26483.521547
0x12082135bdeab5384b248951b1fc3caca49f0160,108.0,0.23672216541111113,0.12962962962962962,-0.10709253578148151,0.030492727049054345,1627.6271909999998,464.0,0.33733514717025864,0.4073275862068966,0.06999243903663793,0.019608059351877632,5206.782969
0x12d52c773a6f1c7eef7ce04c17c625c0a3cde65a,51.0,0.5675773034235294,0.6078431372549019,0.0402658338313725,0.054252990165782215,203.73489800000002,24.0,0.41062498535416675,0.4166666666666667,0.006041681312499936,0.0990255878128887,399.284596
0x1301e16c030c2414987afcd4048ca3be9a4f2f0a,101.0,0.6100350687009902,0.6237623762376238,0.013727307536633537,0.040325428057768904,865.4425870000002,111.0,0.5975022044963962,0.5495495495495496,-0.04795265494684664,0.04062162623637262,273.48419699999994
0x133a9901fcdb918685b90c93f8fd574521df504a,87.0,0.4415402224218392,0.47126436781609193,0.02972414539425272,0.0491380521136914,5105.5040930000005,214.0,0.39554297257757015,0.397196261682243,0.0016532891046728282,0.03274787010091946,21302.264687000003
0x140022f7b26d88d162e367761c5b9dd99edf765d,62.0,0.37469286082258074,0.43548387096774194,0.060791010145161195,0.05428410826473289,4964.068302000001,37.0,0.4893255298864865,0.4864864864864865,-0.002839043399999963,0.06960754095766274,574.380481
0x1420b746dea30e05b387ab880f9d3ec5bc579daa,86.0,0.37059621896395345,0.20930232558139536,-0.1612938933825581,0.029000146027434073,39696.81656,98.0,0.1002551049489796,0.0,-0.1002551049489796,0.0033490192847767425,23944.854889
0x147c2760baa011fdcd0d02ea0f610ffb0fd92540,155.0,0.5169677419354839,0.5806451612903226,0.06367741935483873,0.03555438246875201,768.193,196.0,0.4571020505913266,0.4489795918367347,-0.008122458754591888,0.03035436834897298,1458.7791750000001
0x14de3cb526412d0eedb8156a03f065b4bdca489c,37.0,0.7490873570243243,0.7837837837837838,0.0346964267594595,0.06635128161615518,688.80157,25.0,0.784432619736,0.76,-0.024432619735999972,0.0900646783459655,664.8397349999999
0x14e72e19ea2f6e2be41504dd3268184ebe5fa32c,186.0,0.481551714989785,0.510752688172043,0.029200973182258005,0.03133655001220979,9156.36,2397.0,0.41939098446883605,0.3571130579891531,-0.062277926479682943,0.00855942330884066,71445.861722
0x1572157ff12a3737b3823eeba1df5d4972677991,38.0,0.45431781360789497,0.18421052631578946,-0.27010728729210554,0.040888384427770645,7617.1774749999995,62.0,0.18064516966935482,0.0,-0.18064516966935482,0.00031454845800921996,5004.59751
0x15740055904cab8a8b743f2f6f5428122f8764c9,45.0,0.35411647180444444,0.4,0.04588352819555558,0.04320012057776586,15998.93002,61.0,0.2951345750967213,0.2786885245901639,-0.016446050506557397,0.04243848142311605,36485.514576
0x157eaba3d17f22b38c3fa957dc1c7fc4f4587aca,203.0,0.7664005876408866,0.8325123152709359,0.06611172763004936,0.022870606897132554,1531.135573,51.0,0.5767058284156863,0.6470588235294118,0.0703529951137255,0.05576880357492631,280.963005
0x15ac9d4fb9c30fca4fec2fdecde3fdace721f3ba,168.0,0.9877586051589285,1.0,0.012241394841071451,0.0012995189059001248,25857.689999999995,75.0,0.9550707556573331,1.0,0.044929244342666874,0.016515715130038466,27426.07
0x15df13523bea23449223664e05b67b99424fc68b,245.0,0.8515511725689797,0.9142857142857143,0.06273454171673454,0.014200531591648878,832.2244350000001,32.0,0.856874948896875,0.875,0.01812505110312501,0.058843760294317975,82.343817
0x160bf4f27cdaaaed1408ccd1558ab30c210d4296,203.0,0.5072413885921182,0.5123152709359606,0.0050738823438424285,0.026836612059386936,123620.804439,56.0,0.48546946300892857,0.3392857142857143,-0.14618374872321427,0.05731713473768335,81914.781546
0x1624231bb94bb0b8152281a58cbb18c3f565bf63,1020.0,0.5905032834558824,0.7362745098039216,0.14577122634803918,0.012070367227278176,239638.442885,25.0,0.4967999999999999,0.32,-0.1767999999999999,0.06208521026245569,1163.59472
0x162bb1bebef09f6baa118456520d0e656d32dadd,168.0,0.9176190198220239,0.9345238095238095,0.01690478970178566,0.019120405950326456,1043.9598469999999,92.0,0.9194456122847825,0.9239130434782609,0.004467431193478366,0.027845797902240652,100.08335000000001
0x167a59f38ffe5eb3b116c793fae3ae295070d542,74.0,0.5702979533472974,0.5945945945945946,0.024296641247297246,0.04723058765838318,2408.973224,189.0,0.6892863472312168,0.7248677248677249,0.03558137763650804,0.0300788564459165,8815.549028
0x16e7c09d22be36f57b9bde31953b7bc1aa5e978b,151.0,0.5945676381158941,0.6357615894039735,0.041193951288079456,0.03440501130891621,472.0570369999999,31.0,0.486387096764516,0.5483870967741935,0.06200000000967748,0.07711435353600618,249.971903
0x1793797bdedaab854f300cf2b587b98b8c644ebb,22.0,0.5413169353636363,0.5909090909090909,0.0495921555454546,0.0918942539663383,630.3331549999999,20.0,0.486499982575,0.65,0.16350001742500003,0.10030551989025309,287.075743
0x18617ddf82e34b96963a9afc8fdae202dd88408d,21.0,0.5152381080333334,0.9523809523809523,0.43714284434761896,0.04245525854044571,595.566106,47.0,0.3648936243234043,0.2127659574468085,-0.15212766687659576,0.04464676498568958,6113.240207999999
0x18a460ad85afd38a627960295c6ad6f2cd533a31,727.0,0.5438798572800551,0.5763411279229711,0.03246127064291604,0.015491904741637239,68842.05505000001,1021.0,0.4673838438265425,0.4515181194906954,-0.015865724335847098,0.011007695904151486,35580.936422
0x18a703d1effbc7c36d3f83be924b19484e4a206c,59.0,0.3045762880016949,0.288135593220339,-0.016440694781355902,0.05302633361293215,493.02619999999996,63.0,0.4507143039539683,0.4126984126984127,-0.0380158912555556,0.0509293285286983,583.2729079999999
0x18d21689151f6c1ed20d1912f2196ba6a727e9c3,440.0,0.7132821334461363,0.8159090909090909,0.10262695746295458,0.01690817816777456,1813.254327,114.0,0.6816636774070175,0.6842105263157895,0.0025468489087719925,0.04404370550812955,515.66201
0x198fa74120438fb7cabccb61aa824c6720dfc419,136.0,0.4835588381433823,0.4338235294117647,-0.04973530873161758,0.028493600835116723,92758.069617,180.0,0.41576448444222225,0.24444444444444444,-0.1713200399977778,0.0240919174921391,89485.684294
0x1a1e0ac0b3ecc0b5bb133af94a26d5236557f992,58.0,0.3905039113396551,0.3793103448275862,-0.011193566512068931,0.05935511193341668,4492.163293,73.0,0.44626026192054796,0.4246575342465753,-0.021602727673972644,0.055479123812317815,4003.687315
0x1a59d3f300b446d78a42941ab1b71dd61273a57e,442.0,0.4257941306837104,0.3891402714932127,-0.03665385919049774,0.02092427883155329,13525.741128,595.0,0.4539966490304202,0.35798319327731093,-0.09601345575310927,0.018093233247568827,28691.130150000005
0x1a9eb0213ca31d612381841bd6159071aab1a24b,144.0,0.5064597290673611,0.5277777777777778,0.02131804871041665,0.041752256555345625,2968.8764090000004,247.0,0.5038779702534412,0.611336032388664,0.1074580621352228,0.02290479167378053,3110.545604
0x1ab8222ecb2f0b03f6249616c3bea54bb0f41b4a,287.0,0.5986556515567943,0.7038327526132404,0.10517710105644607,0.018104005590454653,59869.841265999996,615.0,0.6394531995572358,0.7154471544715447,0.07599395491430894,0.0130662227731919,176631.32964299998
0x1b8ffdb4ff99b4622f099465c486e4f75751cca7,37.0,0.17170270333243245,0.05405405405405406,-0.1176486492783784,0.033772939406642104,21400.150926000002,120.0,0.2965261970108333,0.2833333333333333,-0.0131928636775,0.04129764446061806,68119.989378
0x1ba2b1137313b248b03a9be40093b23d7e96d212,27.0,0.3088888888888889,0.6666666666666666,0.35777777777777775,0.07350665867726226,2925.9294999999993,1760.0,0.4624738119785227,0.5028409090909091,0.04036709711238634,0.009802868635811745,122849.089804
0x1bc1473f1c37f9737f224c6d2dbf37f6b881a6a7,34.0,0.5988235294117646,0.6764705882352942,0.07764705882352951,0.06558941431200113,167.0,34.0,0.6129411764705881,0.6176470588235294,0.004705882352941337,0.07592358867983347,201.0
0x1bcef021c846cd82e3daab1f0e239c052465c696,79.0,0.6901265899063291,0.6962025316455697,0.006075941739240531,0.052151508512975356,457.97116600000004,66.0,0.7102727294727273,0.7121212121212122,0.001848482648484806,0.05379211565501703,342.995453
0x1c417a8bd74eb86f7d9efc6213fdcedcb79e0e80,95.0,0.01019999980736842,0.010526315789473684,0.00032631598210526407,0.010529385550864016,997.5579769999999,140.0,0.01,0.02142857142857143,0.011428571428571429,0.012282463299882654,1186.8596
0x1c70ac3d24049820abc5e31af2cac9710124b25e,92.0,0.5928060466282609,0.5652173913043478,-0.02758865532391308,0.040660577293378075,9400.482087,48.0,0.65920518960625,0.625,-0.034205189606249964,0.06144291652551085,4968.465613
0x1cba5593c7f29eca329a4749e447a81b4ec1b694,4172.0,0.4809252262082694,0.49760306807286675,0.016677841864597365,0.004729547957700239,168522.955802,20316.0,0.46565250262593033,0.4648552864737153,-0.0007972161522150079,0.002848544047571816,760323.348364
0x1cdd071bb612de6d66d0c882b676c663697de595,8270.0,0.45248619276400237,0.44619105199516323,-0.006295140768839136,0.004402185068676985,104680.522988,5433.0,0.4370357201240015,0.42702006258052644,-0.010015657543475054,0.006201296727025411,87612.57724099999
0x1cefa562acc7793d24a23f74d8166f222e6e71b4,30.0,0.4372330453099999,0.3,-0.1372330453099999,0.08181953304157186,20439.212714000005,30.0,0.46821825236,0.6,0.13178174764,0.08613865828162519,18118.399104999997
0x1d0aaf736915c4bbb39341fe8a2c6dca3b73ea32,85.0,0.1495296340694118,0.11764705882352941,-0.031882575245882394,0.033360962395660915,3910.40417,225.0,0.21066249438888893,0.19111111111111112,-0.019551383277777806,0.02506142849735881,6734.254661999999
0x1d13ddf877381e7f06b6ede3a64275c5e969643c,20.0,0.5215000128149999,0.2,-0.3215000128149999,0.06520524326401067,2628.1855929999997,23.0,0.6813043520782609,1.0,0.3186956479217391,0.0022931706781386505,5993.087666999999
0x1d2a47b6ec514a0fe26cb07a45cd4702b4647682,50.0,0.540939956834,0.66,0.11906004316600005,0.05480831426159138,228.978242,226.0,0.5517767640853982,0.5530973451327433,0.0013205810473451152,0.026479667805978855,1959.55615
0x1d3bed1d05fd31c69c7f1fd95a39edd674a3583b,72.0,0.6800465996166667,0.6944444444444444,0.014397844827777728,0.03704178627187599,9751.004891,78.0,0.622184734073077,0.6666666666666666,0.04448193259358968,0.04405550520449007,6971.283530000001
0x1d501441fa9dfd74a99e4502ed50b1684d63d283,661.0,0.5591780176611195,0.5763993948562783,0.017221377195158816,0.013713339975448904,7548.760035,248.0,0.5751171320056452,0.5564516129032258,-0.018665519102419426,0.02373622220048231,2593.0667949999997
0x1d57fa646de2815ab842ae46e32d136d91988e0c,263.0,0.4728479163798479,0.46387832699619774,-0.008969589383650167,0.02627074867164875,1571.780651,72.0,0.48722225173888883,0.3194444444444444,-0.16777780729444441,0.04868988263987008,547.845922
0x1dd21c41843601515bd0e2e70a242495f9059e07,35.0,0.47710651706857143,0.4,-0.07710651706857141,0.06915086996221431,2122.953917,25.0,0.525062936068,0.6,0.07493706393199995,0.09296377338361156,2473.368631
0x1df231bd33dae91463e1682927e8096b82c289a0,2567.0,0.40219713036630306,0.38371640046747174,-0.018480729898831316,0.006727337970755951,148222.790243,1593.0,0.32712578725065916,0.3283113622096673,0.0011855749590081177,0.008265144351642134,128748.633627
0x1e320f759590d8f6e793078bf03e72721a794847,48.0,0.47660407287708334,0.5416666666666666,0.06506259378958329,0.05429763518203296,198.18410200000002,113.0,0.496422128619469,0.5132743362831859,0.016852207663716867,0.041459547064866806,429.01800499999996
0x1e3bb7def89b002d45fd86d37f35918c2618e232,524.0,0.5156346735629772,0.566793893129771,0.05115921956679381,0.018765716383608223,19525.893909,250.0,0.5439600152456001,0.524,-0.019960015245600093,0.028705203694774483,12788.060259
0x1e4647c2429fa5a9e95088c883f2c5fa9a965737,148.0,0.5059010440378378,0.5067567567567568,0.0008557127189190439,0.02517881722049746,12241.467708,71.0,0.5288280610450703,0.5492957746478874,0.020467713602817073,0.03110893683845716,12014.266644000001
0x1e524ff2123d380a690dbdf2245de2a9428e91d6,83.0,0.3239719701626506,0.25301204819277107,-0.07095992196987955,0.03867869824133952,8961.117107,80.0,0.392837509955,0.35,-0.04283750995500002,0.02587540323274465,6037.589577000001
0x1e72356e539c6bda23fde32c4aea2be6cbced0b9,423.0,0.12019724864562649,0.026004728132387706,-0.09419252051323879,0.008208039858799561,14909.469216,170.0,0.18955924679058825,0.09411764705882353,-0.09544159973176472,0.02036724160701484,5002.268244000001
0x1e7d01a3d42980d5befc94208a0b30f39b7869a5,65.0,0.5090391900523077,0.4307692307692308,-0.0782699592830769,0.05393320812756468,882.78403,51.0,0.7193578305313725,0.7058823529411765,-0.013475477590195961,0.06312733229883555,577.2678850000001
0x1eaf5d5f822dc5211c25b5839e5b7aa70f319bf0,81.0,0.5545679206740741,0.6296296296296297,0.07506170895555553,0.044980832266484125,46562.584675000006,20.0,0.571500001185,1.0,0.428499998815,0.022399189472230803,22814.52897
0x1ece6938fcd42082866cbac7f52086df89b93b9b,73.0,0.8242089680369864,0.8082191780821918,-0.01598978995479461,0.046446647611089464,5125.2,20.0,0.9250000000000002,1.0,0.07499999999999984,0.0011470786693528097,469.989125
0x1f357ea14cef235198369aa145953a8e724595da,98.0,0.4919591881520407,0.7448979591836735,0.2529387710316328,0.03574804819781007,15755.361102000003,127.0,0.41587069501417334,0.5748031496062992,0.15893245459212585,0.03830268964227334,26957.610686000007
0x1f64aefec94b99491def6bc0adfa061ba3f23633,56.0,0.6217857278410713,0.75,0.12821427215892867,0.04978271407015083,3671.989917,90.0,0.47365557143111114,0.6,0.12634442856888883,0.04008156233097936,11053.633909
0x1f6d6622c9e335cffb8d7232d04f51da0bd53070,63.0,0.48435524678412695,0.5555555555555556,0.07120030877142863,0.046532913242529304,5962.948823000001,29.0,0.47014199366896553,0.41379310344827586,-0.056348890220689674,0.08202390416339911,2478.850344000001
0x1fa841254cc408589b07121fce6c1cb583430b19,233.0,0.5985115129515021,0.6781115879828327,0.0796000750313306,0.026066178021207212,4313.581716,231.0,0.48898924504155844,0.45021645021645024,-0.0387727948251082,0.028017019230671257,5925.828641
0x1fb7053bb490c6ec05a78fe2ed383af48526fb66,44.0,0.630392185690909,0.6136363636363636,-0.0167558220545454,0.040357113938883186,1367.0,146.0,0.5937780251520547,0.684931506849315,0.09115348169726034,0.03128477615599572,52635.777725
0x2005d16a84ceefa912d4e380cd32e7ff827875ea,31311.0,0.46660155443813356,0.46763118392897063,0.0010296294908370696,0.002226118378620874,7797600.649174001,35773.0,0.46681250524242307,0.46686048136862995,4.797612620688341e-05,0.002256664833103755,17280189.902647
0x200ffb575b936d297fcf39076ddf2b476ae07a96,333.0,0.5414836361696697,0.5855855855855856,0.04410194941591594,0.02275274491227967,13879.250232000002,153.0,0.40144445903529413,0.41830065359477125,0.016856194559477122,0.037795791855109014,7240.866365
0x204f0a3daba2136fa857863d5d008c6a02b6ba2c,66.0,0.37368182871818184,0.3939393939393939,0.02025756522121208,0.055577838576756605,572.211435,230.0,0.3083391628139131,0.2608695652173913,-0.047469597596521806,0.025887487733042832,1873.8539570000003
0x204f72f35326db932158cba6adff0b9a1da95e14,15621.0,0.5111505954201523,0.5210933999103771,0.009942804490224777,0.0031092680103819224,6887734.787765,16468.0,0.5098165347629645,0.5381952878309448,0.028378753067980322,0.0030888855922372054,7189668.468473
0x207702d39743b9e76595fb2982dccdb300fb8161,22.0,0.5740909043409093,0.6818181818181818,0.10772727747727251,0.08744059656136435,1201.578877,52.0,0.62066870345,0.5576923076923077,-0.06297639575769232,0.058242371160990805,2369.047756
0x20bae509245385789fb8af1e79bcba81d2766c27,73.0,0.7549677227671233,0.7945205479452054,0.03955282517808212,0.042571176285176086,27455.978386,30.0,0.75636139059,0.8,0.043638609410000084,0.07655971750642675,10775.093778
0x21b70de5fa3532afbf51a5d177e76b1e7e17c861,65.0,0.39476924271846153,0.4307692307692308,0.03599998805076926,0.06760739392613627,23987.218508,25.0,0.284400002224,0.52,0.235599997776,0.08164369701847494,20456.047876
0x21f333307ac6d2e65ac82f014b3dd2b64cbc35e3,31.0,0.22419355267419358,0.0967741935483871,-0.1274193591258065,0.05224419038637693,12598.917338,47.0,0.2597872410361702,0.0,-0.2597872410361702,0.010516229988424733,158886.38423899998
0x21f70bb325ee47b550d7ffc0ff4ac11c6bc94c3a,66.0,0.812340329010606,0.9242424242424242,0.11190209523181815,0.035781839332620885,838.522234,288.0,0.8456526260493056,0.8645833333333334,0.018930707284027792,0.018318988674698264,27185.697722
0x21ffd2b7a212a6f277ed3eca1a9f8efcbca90d71,46.0,0.7704347954108696,0.7608695652173914,-0.009565230193478214,0.027912924119144002,11788.169118000002,56.0,0.7960714316321429,0.875,0.07892856836785711,0.04120924452493468,12145.181079999998
0x222b39028382cf70873f92487fb6e93324751a8d,4553.0,0.5409574029869317,0.507138150669888,-0.033819252317043746,0.005598260942622027,56253.150566,9942.0,0.4860377256549387,0.4584590625628646,-0.027578663092074074,0.004064202174098918,53759.304953
0x22b81124dc1534681ac5b8916c363fb681638b13,82.0,0.07891517275609758,0.0,-0.07891517275609758,0.008800294063031793,6322.695301,41.0,0.13073171126097563,0.14634146341463414,0.015609752153658507,0.057108847239503796,2949.394011
0x22da1a1fc2b14f5c76b0e179048734c015ef2866,499.0,0.5449134209064128,0.5190380761523046,-0.025875344754108243,0.01819680286567237,8810.708572,2323.0,0.5068108722537666,0.48170469220835127,-0.02510618004541537,0.008114103961420472,52957.092057
0x230287e270f04ba48df3162c5f7de6bdb8a0d6d2,624.0,0.5544486154554488,0.5849358974358975,0.0304872819804487,0.015363583951229356,96897.94715200001,98.0,0.4598892144122449,0.4489795918367347,-0.010909622575510203,0.043754862353909296,15694.488994
0x23267ee8ae2297a6bdcbac6f4b4ef4f287e9b627,83.0,0.3990843399024096,0.46987951807228917,0.07079517816987957,0.04574865098557156,479.019011,132.0,0.6783447061340909,0.696969696969697,0.018624990835606092,0.03565566576256977,7825.8245400000005
0x23447e2f8f088433717010381defa92e349a6ba3,111.0,0.7072970355576577,0.7747747747747747,0.06747773921711708,0.03264020313031208,323.44681299999996,59.0,0.6947965325067798,0.6779661016949152,-0.016830430811864527,0.05263192244383428,131.59688700000004
0x237419de121f3aecf3e1e0a613ecb9dc82b9a426,34.0,0.3075584997058824,0.20588235294117646,-0.10167614676470593,0.06405971984347685,40717.564179,30.0,0.35520940771,0.1,-0.25520940771,0.04963768883920715,18738.554756999994
0x237f21a15396d2e56c7ca5f74cfbc6af9dade76e,78.0,0.4642313713358975,0.44871794871794873,-0.015513422617948747,0.05015147456018454,373.87624999999997,177.0,0.4306045370011299,0.4011299435028249,-0.029474593498305002,0.029550377122211334,1361.948789
0x23bc7d987ae94fa080f451612e4ccb334c5d5487,213.0,0.47553979439014094,0.704225352112676,0.22868555772253507,0.02916775874385725,506.9186889999999,29.0,0.5458619710344828,0.5172413793103449,-0.02862059172413789,0.08936519368900768,56.802014
0x23df7df4079ab07c3af1e39a8674133a7074640a,24.0,0.5923003813625001,0.7916666666666666,0.19936628530416656,0.0628721737454306,3964.641585,155.0,0.5245131837270969,0.5483870967741935,0.02387391304709663,0.03458290276054879,13809.662822999999
0x24a1d2bf2760925f0f9b6f98f50968d3780732f2,104.0,0.5035246061625,0.6346153846153846,0.13109077845288453,0.042877559231545834,1846.811487,46.0,0.5492699696260869,0.6086956521739131,0.05942568254782621,0.06333873596659012,931.280506
0x256c8a927a83ef178564ef878e686fb97be03046,20.0,0.11550000005499998,0.0,-0.11550000005499998,0.03809499898590434,592.948479,22.0,0.1287727272727273,0.045454545454545456,-0.08331818181818183,0.04006749642755897,961.8478
0x25bfc5364d26671ee6620fbb9f3cd13a69bf7a56,187.0,0.3179272993058823,0.3048128342245989,-0.013114465081283389,0.030583605796265217,13589.627053,71.0,0.2871834133056338,0.14084507042253522,-0.14633834288309858,0.0383504068035192,3135.917344
0x25e3ca4349e7c48a8a4b8d07e8a355c4003c9f8c,301.0,0.04009908553621263,0.006644518272425249,-0.03345456726378738,0.0019789973873288206,12816.532132999999,265.0,0.32617149395962264,0.3471698113207547,0.020998317361132057,0.025113976890973392,2123.936326
0x26c283df72be6f746b6acd37b7b06ff89da60cdf,102.0,0.44205882360588233,0.43137254901960786,-0.010686274586274469,0.04908367487798389,1498.4972740000003,172.0,0.4342441977186047,0.5232558139534884,0.08901161623488374,0.03675767238929375,1904.551094
0x26d61145a64b1b5036c82a147dfeb7d56fa0cacc,6659.0,0.5154181250131552,0.48220453521549783,-0.03321358979765737,0.004871811401379769,67284.292766,10019.0,0.48213261750526,0.44894700069867255,-0.03318561680658744,0.004300567620998234,46079.853256999995
0x26dd8dd873a26eb19d3c55d2afe4b7a939c90249,185.0,0.6178878210762162,0.6972972972972973,0.07940947622108108,0.026110554210568244,6017.228165,92.0,0.5334410900076086,0.532608695652174,-0.0008323943554346958,0.050021794894632404,1349.935232
0x26fbcc79d77dad5461b15794d56fc209340d67b8,47.0,0.5798595260893616,0.574468085106383,-0.0053914409829786125,0.05865044376564062,8662.183964,78.0,0.47192139879871803,0.5384615384615384,0.06654013966282041,0.047711804413556304,9785.838381999998
0x2735e7b88739a7c759547780d196ccb5e15a42eb,65.0,0.8519022474092308,0.8307692307692308,-0.021133016640000002,0.026061522994320206,9012.204715000002,67.0,0.4235567824537313,0.2835820895522388,-0.1399746929014925,0.036326806818935645,14563.694467000003
0x27b0f6b066b38b7b1829ae5a874e9235ab63fc67,378.0,0.21264296739259256,0.17989417989417988,-0.032748787498412674,0.016428178070425126,165508.125112,44.0,0.24414530609545454,0.11363636363636363,-0.1305089424590909,0.045842204293016046,22227.157004
0x27b1c4821ca70c03bd279e708520c765bec76a0b,244.0,0.7319970036163936,0.8155737704918032,0.0835767668754096,0.0205391331632478,5514.2476019999995,190.0,0.7515185167247368,0.8105263157894737,0.059007799064736854,0.024775288038540632,5193.923444
0x2813aab2a36ef87d3af07f08047c8320001a3177,100.0,0.629486879203,0.65,0.020513120797000073,0.03138055227791218,4674.829438,42.0,0.8315009157499998,0.9523809523809523,0.12088003663095248,0.028934446377124265,281.65999999999997
0x28927b7e0ef52d3cd7cdc849e32c5ad2e5fae9d7,24.0,0.3195833614083334,0.125,-0.19458336140833338,0.0570500031622857,157.960573,126.0,0.41587302859841274,0.4444444444444444,0.028571415846031678,0.044018714301344526,1340.5405070000002
0x28bf066c6cb952da62d6d182c16ad173ada64a4e,198.0,0.8921482203904041,0.9393939393939394,0.04724571900353536,0.006058271178020989,5261.230905,64.0,0.78663614930625,0.796875,0.010238850693749968,0.017185428217758907,2306.31
0x28f7c2dbcc6b561d7612e3219ca6e0278ebb404d,29.0,0.40724132032413796,0.2413793103448276,-0.16586200997931036,0.07606472255930308,207.693497,38.0,0.35794483853421055,0.3684210526315789,0.010476214097368375,0.075254718153053,1070.447371
0x290367f43d250062f470bb531fde2e3ab32e9203,36.0,0.6510986623722224,0.75,0.09890133762777764,0.05786240805406658,11802.032479,65.0,0.696690241416923,0.7076923076923077,0.011002066275384692,0.051683544424245456,19364.712568000003
0x2965e1d56e1b8818fce18ffa8abd243e2e850ded,102.0,0.40510783117843147,0.4117647058823529,0.006656874703921456,0.03864972341196754,3388.735248,110.0,0.4322356496681819,0.5363636363636364,0.10412798669545448,0.04702118790898523,4343.277972999999
0x29788995bd3d54faec1c4cf8b37f564793deb511,90.0,0.4399317336511111,0.4111111111111111,-0.028820622540000007,0.04317741766573154,5861.283726000001,102.0,0.5088245237764706,0.28431372549019607,-0.22451079828627452,0.040944628168235804,19400.125079
0x299632478989dd858d3bbeae87c412dd3dd57571,49.0,0.5657142989489795,0.6530612244897959,0.08734692554081636,0.060499461855219885,368.75843,42.0,0.5741294372833333,0.5714285714285714,-0.0027008658547619246,0.07492301670655474,313.341743
0x29a5082998f18e7f90dd1a7fe6ad4dd9a665a3c4,192.0,0.4447343960494792,0.4166666666666667,-0.02806772938281249,0.026837420795876425,2672.374107,60.0,0.37250001736833327,0.31666666666666665,-0.05583335070166662,0.05307243287907422,986.439194
0x2a69660046d7acc4ab204d7cc5ba78b0776cd2f7,287.0,0.33311160517038335,0.1951219512195122,-0.13798965395087115,0.0248216769301467,22989.719375,1225.0,0.30282479078236735,0.4448979591836735,0.14207316840130613,0.012933762453748575,338799.015414
0x2accf659831fc5b1370c8fc03fbbd0b000d3cfed,44.0,0.6491589986227273,0.75,0.1008410013772727,0.052217545482055365,117.396993,129.0,0.5473177187434108,0.4573643410852713,-0.08995337765813954,0.04405147169402325,310.562323
0x2b358a81a9aa4904fad6981ae9ad62e52fe10bfe,71.0,0.45338030111690153,0.4225352112676056,-0.030845089849295904,0.047349781626393146,2389.834208,159.0,0.4929622943220126,0.559748427672956,0.06678613335094336,0.03546475152312389,4351.240775
0x2b81faf2fbfc57ec3034f8d198623ebdab4d88e7,87.0,0.6138426057770113,0.6896551724137931,0.07581256663678182,0.038002470915609425,2097.7293540000005,37.0,0.7214116743459459,0.7837837837837838,0.062372109437837886,0.05688534476591517,736.2000000000002
0x2b8537eb57cb52bcdbadac3189a7c3d26391c1c7,371.0,0.4695606524539083,0.4582210242587601,-0.011339628195148221,0.018496961463979344,1644.2532879999999,61.0,0.45360658161147543,0.5081967213114754,0.054590139699999984,0.06586439476320356,291.873381
0x2b85928c0de8e5521e2dc79369d6190abd7abf37,367.0,0.47048576485013627,0.4550408719346049,-0.01544489291553136,0.023040181798762244,7239.139431,1075.0,0.46698920130837207,0.4558139534883721,-0.011175247819999956,0.013459812636998542,10098.359514
0x2c1a7a67e6f71bd61a616841f54ae0df8e8d42d8,102.0,0.3812549202872549,0.3627450980392157,-0.01850982224803921,0.03560257965927037,12690.900079,46.0,0.3860217394630435,0.3695652173913043,-0.0164565220717392,0.0632674004339266,3761.642975
0x2c335066fe58fe9237c3d3dc7b275c2a034a0563,790.0,0.8488458883825317,0.8405063291139241,-0.008339559268607633,0.008159003138133477,1674030.9032219998,925.0,0.3398028566140541,0.35567567567567565,0.015872819061621524,0.009573843209572934,5141236.068632
0x2c4c5223f1e0bb1ffe4342b44e51bd48f89b3f12,34.0,0.45955870945,0.5294117647058824,0.06985305525588237,0.06925617167518341,223.03547399999997,40.0,0.46932664977250005,0.425,-0.04432664977250006,0.06592684543291893,381.26955
0x2cd663c09e032357b4330f6a7f6042c533563806,128.0,0.6110183993328124,0.53125,-0.07976839933281243,0.032603232398000774,3097.011447,509.0,0.48100000306502944,0.46954813359528486,-0.01145186946974458,0.019329694956636768,4084.7893409999997
0x2ce6df3814a913636059e63a6b473411fbba9d69,25.0,0.5456000081519999,0.6,0.05439999184800004,0.06961340630067218,140.25796,146.0,0.4488418428671233,0.4178082191780822,-0.031033623689041112,0.03484190125855385,2077.7456890000003
0x2d6ac4f70307102ac46e9e6ded67f3838ddf8add,268.0,0.5221716624776119,0.582089552238806,0.059917889761194054,0.02070441590083446,34414.857032,866.0,0.5014988613330253,0.523094688221709,0.021595826888683667,0.013363296142857627,208107.53866700002
0x2da1e296796be933c357a6c650cdef38d714fb50,62.0,0.9548484315403227,0.9838709677419355,0.02902253620161277,0.012436121330350736,82309.160421,53.0,0.9709096552566038,1.0,0.029090344743396224,0.00479989948027892,21575.969554
0x2db8f5b0fc0ebc26e309321843492a1a62a9e042,31.0,0.7077366707322582,0.6451612903225806,-0.06257538040967758,0.07369609235133805,6054.94236,20.0,0.7277994839749999,0.8,0.0722005160250001,0.06781192687004665,4148.154839
0x2ddd809d6f29fb93ddf906e5db2d14663f3173b2,76.0,0.6245262718013158,0.6973684210526315,0.07284214925131571,0.04003751669527196,604.745762,24.0,0.4770832928416667,0.375,-0.10208329284166667,0.07862014090595161,675.7585779999999
0x2e0bf01211c2bc155b930ffeb06b67b97dd11435,163.0,0.5058220913509203,0.6012269938650306,0.09540490251411038,0.029277703919318342,1663.9076850000001,1660.0,0.47315930525,0.4355421686746988,-0.03761713657530119,0.011302699898433835,12585.057246
0x2e62eddf5acffa59a97706de674348a2e600b22e,110.0,0.3796545533236363,0.3181818181818182,-0.06147273514181811,0.027154144838728134,8053.993609,28.0,0.3533571472,0.32142857142857145,-0.03192857577142855,0.06276777412076129,2514.0049620000004
0x2e6c80dfdcc99f76f76c91a21d74a8f9a00ee09c,343.0,0.6107871691131195,0.6501457725947521,0.03935860348163267,0.019830939928521377,21399.523761,107.0,0.5209059203485982,0.5233644859813084,0.0024585656327101857,0.045278608836407455,1141.0473140000001
0x2e893bbca455c5ae407b8f9a1e4d858504ac9cd6,42.0,0.5807856404142858,0.5238095238095238,-0.056976116604761984,0.05845327928255627,201.069368,50.0,0.73219993391,0.66,-0.07219993391000001,0.05211156504528171,88.404839
0x2ecb34e1cb95b3c8d9d3e2905668d3eee03a7645,212.0,0.41045614519716983,0.3443396226415094,-0.06611652255566042,0.024248558532508818,8695.368899,118.0,0.390174654290678,0.4745762711864407,0.0844016168957627,0.042195483694715694,8323.256205999998
0x2ed38d810b127567c6f63021ac2ef9224b12274c,174.0,0.5901466295695402,0.6436781609195402,0.053531531349999995,0.030716751785288307,1282.953637,319.0,0.48367079804576807,0.45768025078369906,-0.025990547262069008,0.024070621362660406,7712.0897239999995
0x2f26606ccc45a934838a97d44a30c32012ae0d8f,1418.0,0.46026130638681245,0.44287729196050774,-0.017384014426304717,0.010670439061257192,52619.783592,626.0,0.42862477382268366,0.41054313099041534,-0.01808164283226832,0.014549798318005073,28011.951045
0x2f55274d87b19419ec3121fab96e6cb2e8588956,20.0,0.8123697794,0.8,-0.012369779399999947,0.06652329505137275,8597.906312000001,91.0,0.7148029671307692,0.7032967032967034,-0.011506263834065833,0.043937443015387545,25256.533889000002
0x2f578e983bfce63208b317f36d531e7af9483e7a,34.0,0.6033509931500001,0.5882352941176471,-0.015115699032352992,0.07287406158087181,8838.34069,31.0,0.5735739885225807,0.5483870967741935,-0.025186891748387175,0.07601154394518762,4344.155672
0x2ff70c7e4021964e80b6edbfccb4cc975149bf32,194.0,0.5851419011211341,0.5979381443298969,0.012796243208762825,0.027808591594728913,7575.9369019999995,31.0,0.7516208499451612,0.8064516129032258,0.05483076295806455,0.04934066480109361,1108.988152
0x300da1c952a019275839ad58e8343e4fda81780d,24.0,0.27458333333333335,0.08333333333333333,-0.19125000000000003,0.06431724051555876,3418.0,60.0,0.33033333435833334,0.2,-0.13033333435833333,0.04681069374133748,4952.448855000001
0x30ae3992180b30b791df5e6e5480629449594318,68.0,0.8938235356117649,0.8970588235294118,0.003235287917646934,0.03834163256969869,62868.69010299999,72.0,0.8284027851708333,0.8333333333333334,0.004930548162500048,0.03334810346243245,68228.87423700001
0x30d05e6f3adea1a242432516060c098524f2ee0b,33.0,0.5381818181818182,0.48484848484848486,-0.053333333333333344,0.08023245898479912,80.5144,91.0,0.40010991260769235,0.45054945054945056,0.050439537941758206,0.047643854041402874,305.43362699999994
0x30d5a7e1a1ec19fb4dbdc250a19a5bb3734f36bf,93.0,0.22953523179462365,0.11827956989247312,-0.11125566190215053,0.019238497742666824,18360.768268,115.0,0.4284419913626087,0.6695652173913044,0.24112322602869568,0.036093402421953275,110739.05351200001
0x31121402eafd4a157141db8f84b5da297ff63fcd,78.0,0.9881906307692304,1.0,0.011809369230769584,0.0005872347304435034,5996.33828,82.0,0.9806892428768295,1.0,0.01931075712317054,0.003920974850635409,3285.53
0x3252790b3229b4cdeec7aee5f139fafc74791d21,53.0,0.44971605172830187,0.5660377358490566,0.11632168412075472,0.06234602628935395,5309.840825,107.0,0.44358245435046734,0.2803738317757009,-0.16320862257476643,0.04129220189837731,10153.167345999998
0x326d3674e86249556a3367ba78249b265f723584,132.0,0.40149242945151514,0.4015151515151515,2.2722063636348988e-05,0.03447926844081787,1020.5147209999999,749.0,0.46585314183765025,0.45794392523364486,-0.007909216604005398,0.016062123517058796,6283.74103
0x32b484581fc5606de9c1e43af4636b6be9bc8b21,2933.0,0.44792316850323904,0.43982270712580973,-0.008100461377429313,0.006137765900091247,772568.5811749999,5140.0,0.4577453888997276,0.4593385214007782,0.001593132501050587,0.005569097480920344,3730990.3659469998
0x32ccd9015a900fde62040162a04bedf093c668b3,992.0,0.49907768450443546,0.5564516129032258,0.0573739283987903,0.012599864276935411,114201.27932500001,316.0,0.5056297634050633,0.5221518987341772,0.01652213532911395,0.024536034504559504,13673.094538
0x32f155483fa055a476dad2cec03fdf3463ab593b,48.0,0.32049790565,0.22916666666666666,-0.09133123898333337,0.05554455053321261,528.8892079999999,28.0,0.24028564517142856,0.10714285714285714,-0.13314278802857143,0.05668378908935459,267.23744800000003
0x3308f2d02d40fa571da699c62c168f859afdf04b,330.0,0.44139478395454546,0.42424242424242425,-0.0171523597121212,0.017772485599847253,15496.454059,874.0,0.4862282017891304,0.4954233409610984,0.009195139171968014,0.012461131122042387,76406.75917
0x332e652e3b86434a9feead1ea1e18c67dc9ddf71,34.0,0.23278516014999998,0.17647058823529413,-0.05631457191470585,0.05839971732520335,8339.387485,37.0,0.2762533428702703,0.08108108108108109,-0.19517226178918923,0.03902644143442087,7140.395174999999
0x336bf6f91a4619d54f0711a20fe468adf4d71233,510.0,0.3943862935976471,0.4176470588235294,0.02326076522588233,0.0183874255747747,227613.519531,148.0,0.23079393812229732,0.10135135135135136,-0.12944258677094594,0.017701534796278205,134385.76735599997
0x33c96d86e23e971777e9a0b59f4e21cc9e546f9a,113.0,0.5521422823911505,0.6460176991150443,0.09387541672389377,0.026565126866427112,66534.209291,75.0,0.6126211152173333,0.7733333333333333,0.160712218116,0.04469491266335657,37448.122575
0x35e701f088b6ef25fff6b902769c1cd8b85f8331,160.0,0.48125000638,0.54375,0.06249999361999997,0.03093765264995954,11320.439354,430.0,0.4522325681993024,0.3627906976744186,-0.08944187052488378,0.020403192744551196,40705.96774199999
0x365f951dc281322d83f6fcda884c7f66a938706a,681.0,0.4759177772162995,0.4698972099853157,-0.00602056723098382,0.01138286649492544,69561.775173,7959.0,0.5060248801747205,0.5128785023244126,0.006853622149692096,0.0045412345664360785,549196.327937
0x3663ed135115e034de3a9ad8cdca8493e8d68950,75.0,0.4274276925466666,0.09333333333333334,-0.3340943592133333,0.035450117099058355,117651.49808700001,127.0,0.305327407162992,0.08661417322834646,-0.21871323393464553,0.021433922858796764,109072.09833800001
0x36b321c39e0f5b7d1835467cb91365c2571ae421,29.0,0.47278619463103455,0.6551724137931034,0.18238621916206887,0.0890979618751249,2346.706782,37.0,0.4364864823378379,0.35135135135135137,-0.0851351309864865,0.07587860895650889,5496.655141
0x36bfcd8ab96dce2ddea30145ab749b59c6362864,178.0,0.10829775329999998,0.07303370786516854,-0.03526404543483144,0.0179517669372431,8041.248589,103.0,0.22926213636504852,0.2621359223300971,0.03287378596504856,0.037910260177400505,2434.953498
0x36d8cbf698826ca74d9e444df634e303de4cc7c7,598.0,0.463361189814214,0.49665551839464883,0.03329432858043485,0.01592513002558097,117900.362762,44.0,0.5297727325522728,0.6363636363636364,0.1065909038113636,0.05908028666907869,8779.218089999998
0x372d0e0736a7c2ca6bf54463e042c3d7f83da034,209.0,0.3078479691038277,0.3397129186602871,0.031864949556459354,0.016448169015105374,8499.971139,188.0,0.5569859988303192,0.6063829787234043,0.04939697989308511,0.029836926897489666,816.82293
0x372f72a4384987e92f95d1136f784eb87ac5182a,48.0,0.5824495468375,0.6458333333333334,0.06338378649583332,0.0462526024317127,397.42019400000004,25.0,0.496308017068,0.4,-0.09630801706799996,0.06138889760306284,200.997763
0x3783f2d8223f303be7f326928ffaaed78d02171d,44.0,0.53272727815,0.6136363636363636,0.08090908548636366,0.05227975940407055,3249.946647,44.0,0.5565000185068182,0.7272727272727273,0.1707727087659091,0.06513720170824822,7049.930546000001
0x37c1ff27d21b08d1cae9f38453b895eae2a78de1,79.0,0.42248002592658224,0.5063291139240507,0.08384908799746843,0.05144658722243973,6382.491695000001,39.0,0.41528204246410255,0.5641025641025641,0.14882052163846154,0.07878951726234658,7337.858705
0x37f1007448cb1909a6d1aced75b0fa2638b219a0,113.0,0.44066372760530975,0.40707964601769914,-0.033584081587610615,0.0406970589242515,3887.235157,104.0,0.4126135225211538,0.27884615384615385,-0.13376736867499994,0.044187124192655546,5515.319746
0x383165c9827115895d152d30427a6b8cec137f10,49.0,0.6540816582816326,0.673469387755102,0.01938772947346945,0.04330068604659309,410.69760900000006,128.0,0.5001702751242187,0.515625,0.015454724875781256,0.040542641721704714,1068.517226
0x38abd798e4f62e69f45aaa76124241aac8c975ff,56.0,0.5325308866160714,0.5535714285714286,0.021040541955357206,0.04731253129796027,194.03038899999999,29.0,0.541034410624138,0.5172413793103449,-0.023793031313793178,0.0762666626352416,104.77528400000001
0x38f1cfeceedc974a52e8e9d554f5e0beb4fe9ff1,25.0,0.6716000098960001,0.88,0.2083999901039999,0.053509126020775476,14039.091875999999,133.0,0.6217688216563909,0.5413533834586466,-0.08041543819774433,0.047352447667383474,53148.109509
0x391dd6c65880963a94da3fb2d31ef419fe5bdef1,78.0,0.32843590297692304,0.2692307692307692,-0.059205133746153826,0.03412346773205809,11331.083728,176.0,0.33055682226193184,0.3125,-0.018056822261931837,0.02072458011152759,12147.8125
0x39932ca2b7a1b8ab6cbf0b8f7419261b950ccded,29.0,0.6186206931586208,0.9655172413793104,0.3468965482206896,0.02844969390873444,24972.976077999996,66.0,0.4584849014727273,0.5909090909090909,0.13242418943636364,0.04461336757139045,486.957711
0x39dcad6ddc175233875b8b0ccf2687ba1c58fc23,110.0,0.5307372765627272,0.6090909090909091,0.07835363252818195,0.03149656489884392,7339.10575,180.0,0.4621231649872222,0.46111111111111114,-0.0010120538761110853,0.033216008650576216,26334.225701999996
0x39f6236ccd16aaad79d9afcbb7f1b73cb234c6ef,93.0,0.2901075281967742,0.3225806451612903,0.0324731169645161,0.04712482701673804,632.8638080000001,582.0,0.3458745725936426,0.4725085910652921,0.12663401847164946,0.019292593822791627,4751.808566000001
0x39fcd0aafb7047035e9323e6d1f99cd46f43e2f2,98.0,0.548711508067347,0.6224489795918368,0.07373747152448973,0.040485177231373314,21615.532033,146.0,0.4686116823006849,0.3150684931506849,-0.15354318914999998,0.03762633212024281,38638.976408999995
0x3a1646725ec134f97145c0d4566aa821b23c1108,136.0,0.009999999999999998,0.007352941176470588,-0.0026470588235294103,0.007352941176470588,1696.4975,25.0,0.01,0.08,0.07,0.05537749241945383,400.38469999999995
0x3a48c75c6615a547ad5737e55df66ed99c9ae3a8,32.0,0.759705035753125,0.875,0.11529496424687502,0.04873053651918745,397.20000000000005,130.0,0.6929345046969231,0.7384615384615385,0.04552703376461542,0.03327195389853431,6904.238521
0x3a72d3d1bc20b203641cb244dbc32af6a7b50a38,119.0,0.3274873966546219,0.2689075630252101,-0.058579833629411826,0.03598657460331717,8035.063689,48.0,0.35881406745833333,0.3333333333333333,-0.025480734125000015,0.056006745530142614,3976.774451
0x3a855ba8cdce3fce20ddf6c2867c4889cfa1e543,200.0,0.5409500026735,0.535,-0.005950002673499988,0.028688773255205968,2446.789628,448.0,0.4849067877399554,0.4486607142857143,-0.03624607345424108,0.02198102937891109,2448.968303
0x3b241eb14ec150df698a6d5a0deeecb2ecc311ef,87.0,0.8020694158344827,0.9425287356321839,0.1404593197977012,0.022586914794719633,6202.98371,256.0,0.7239815101718752,0.74609375,0.022112239828124824,0.025036124406962196,21687.304623
0x3bba8018d1990c75af113fd9c2d826a7e444a2ea,30.0,0.7979999956633332,0.9,0.10200000433666678,0.03426035940095071,1896.575205,82.0,0.7886188023853659,0.9146341463414634,0.1260153439560976,0.036744599323140885,2870.533346
0x3bcee6ca2b936e69e39d782638772056f621db46,21.0,0.7933333188619048,1.0,0.20666668113809517,0.00701472381811609,132.549714,61.0,0.529721248395082,0.5409836065573771,0.01126235816229515,0.053116095164761234,279.0474769999999
0x3c32339db767b7753054af0732e58ae6fbd57156,23.0,0.5695393418782609,0.34782608695652173,-0.2217132549217392,0.0930994780618055,1519.79054,30.0,0.5413333333333334,0.36666666666666664,-0.1746666666666668,0.072338179825984,1049.3400000000001
0x3cadb93ce001cb0ac411683a32437414550c92f0,70.0,0.4811428431885715,0.5428571428571428,0.06171429966857134,0.05297289158446742,4096.7321,205.0,0.38563180982634143,0.37073170731707317,-0.014900102509268265,0.03279906115432355,21420.644884
0x3db7b6f6cf93d32c3c3c1127f3552b035eb98f9f,43.0,0.04869767442790698,0.0,-0.04869767442790698,0.00867383221835688,58360.151635,26.0,0.06688461769615385,0.0,-0.06688461769615385,0.008890154993511236,3646.6320510000005
0x3dba749e7319053a455dc7d53776dfe1366f98b8,122.0,0.5008196824081966,0.5,-0.0008196824081966314,0.02607545621046327,567.7319809999999,309.0,0.5109385259977346,0.4919093851132686,-0.019029140884466,0.025341411849202897,1486.671671
0x3e3ddec6a6ee4fade888b84161917004929313f0,47.0,0.9447598784191488,0.9361702127659575,-0.008589665653191303,0.03900085743864997,2115.43502,39.0,0.9260980528384618,1.0,0.0739019471615382,0.012005171068080212,881.1171429999999
0x3e69375f65f77f2923b5fa3b1f7c9e1367b77a30,75.0,0.9240944129946667,1.0,0.07590558700533334,0.006059893916898678,3181.7139240000006,90.0,0.9624646630844444,0.9555555555555556,-0.006909107528888847,0.02187246492594608,10105.200319000001
0x3ec3f4fd481c6e93733f817e8e119e8f473ae330,20.0,0.6174383130950001,0.75,0.13256168690499992,0.06018821010577872,3600.7147840000007,59.0,0.4631982409576272,0.3559322033898305,-0.10726603756779668,0.05958088314832052,6357.899787
0x3ee4083269fdb393d25717136214ad54fe5aed67,52.0,0.3898981887403845,0.2692307692307692,-0.12066741950961529,0.042571051622447974,946.909712,113.0,0.5156637171743363,0.02654867256637168,-0.4891150446079647,0.0176783656872389,17660.884751
0x3ff132f129c42a92c64bd2d7f7269f4b7b9c1be9,24.0,0.8541666666666666,1.0,0.14583333333333337,0.010562386551430306,117.22,39.0,0.8053846153846153,0.7948717948717948,-0.010512820512820431,0.06290101977330807,198.89999999999995
0x4023ceb6de7fc664d9f480766b09e600466c5746,38.0,0.623099778086842,0.5789473684210527,-0.04415240966578937,0.04276084773121528,95.13815,181.0,0.5428672973961326,0.5248618784530387,-0.01800541894309393,0.033476286428189984,460.8674879999999
0x4042a8ef98b5abf2a1cf2423f8475c91ee150bda,27.0,0.35853810336296305,0.4444444444444444,0.08590634108148137,0.0950927779799249,15763.112922,22.0,0.39337510743181825,0.36363636363636365,-0.029738743795454603,0.10580431308777521,13214.54776
0x409367ef0150830a411b4731d8ed8a3324075749,934.0,0.593147041190257,0.5985010706638115,0.005354029473554567,0.011683814483723466,75073.473935,986.0,0.6206348755226166,0.652129817444219,0.031494941921602404,0.012542194648164466,75991.507993
0x40d68c19ceb3ab5963c8d8da01d9d634ed769892,67.0,0.6052558264522389,0.5671641791044776,-0.03809164734776127,0.055469262738153786,369.68588099999994,648.0,0.5774699270416667,0.6203703703703703,0.042900443328703686,0.015354686648842346,4324.802176
0x40e3a291da7437ea2facd2d89c2db78c11f35627,54.0,0.3754959509148148,0.37037037037037035,-0.0051255805444444524,0.052241539557061296,8908.873578,76.0,0.5211893221815789,0.4473684210526316,-0.07382090112894729,0.04593038616480475,7648.779977000001
0x40f7a7aad6da78e947ef56eb3207ec7abf391f5e,59.0,0.3477330929288135,0.3898305084745763,0.042097415545762795,0.06256075377859117,36116.120157,90.0,0.5406575365722222,0.6111111111111112,0.07045357453888901,0.04184135632443861,48834.360312000004
0x4166a4cf2959601cc0d4f6941b5df472dea74f83,187.0,0.3591395066818182,0.26737967914438504,-0.09175982753743317,0.02928475867962972,1411.807413,63.0,0.4199269918333334,0.4444444444444444,0.024517452611111046,0.05876402702004583,326.34226399999994
0x420b8d6caffee17bf4ae44f9064e2af148f1965b,26.0,0.2907692307692308,0.23076923076923078,-0.06,0.06494731592724866,603.8466,20.0,0.46258133333499984,0.05,-0.41258133333499986,0.07362104617222015,401.3525
0x4224193fc0d53396eaa57ce3d15805b89a1331fb,35.0,0.15115220448571426,0.11428571428571428,-0.03686649019999998,0.03647575509397911,1890.182469,85.0,0.37571912112235295,0.35294117647058826,-0.022777944651764692,0.04337145839305859,2203.785455
0x42c99f38d2b951b0dc8e8bd5371fa80c9dd19623,3855.0,0.503688539922127,0.5224383916990921,0.018749851776965087,0.006270703640575995,1740207.245938,1686.0,0.5152839448623961,0.5705812574139977,0.05529731255160153,0.010327164591110405,1079816.5221350002
0x42d64763e091667e56647e049d2bc85f3cde01cc,73.0,0.7783410770452055,0.8356164383561644,0.057275361310958894,0.0359010959953639,26377.358909999995,52.0,0.6799544767596155,0.7884615384615384,0.10850706170192292,0.05445714594562551,11878.341019999998
0x4340186c5f64a6ab26838173dfec2b47a7e0363d,197.0,0.3967896469350254,0.28426395939086296,-0.11252568754416242,0.028683965920037014,40017.727873,150.0,0.5674849131286667,0.46,-0.10748491312866665,0.0386927227312812,21769.992363999998
0x437961a3b2684a4835da753e894d4b5cffdb2e16,83.0,0.30614459372771086,0.024096385542168676,-0.28204820818554216,0.018888260455006863,13214.464304999998,71.0,0.3757746580253521,0.09859154929577464,-0.27718310872957747,0.036744362910592805,19974.283280999996
0x43d7c53c20814021da901e89bc0a582ee7881c75,48.0,0.4023333387208334,0.4166666666666667,0.014333327945833307,0.06529348268160623,1301.134918,40.0,0.3501750075525,0.2,-0.15017500755249996,0.059040118951461835,2322.714931
0x44114b01724bc80eafc404e89d1680dac5a1985e,255.0,0.534054115952549,0.47058823529411764,-0.0634658806584314,0.02584417269957156,47417.88104199999,141.0,0.5996190948,0.524822695035461,-0.074796399764539,0.03956163090023283,41942.784147
0x44a1159b925c145e70f746bb3f0f58380553bd21,383.0,0.6660626609605744,0.6684073107049608,0.002344649744386418,0.005905478689422214,305119.967252,63.0,0.3065186888396826,0.23809523809523808,-0.0684234507444445,0.007759223256664449,97352.79899899999
0x45d5d8145d37ba26277ad6c442bf58cc6607a7a0,81.0,0.37802469801234573,0.345679012345679,-0.032345685666666735,0.04246104711525528,2109.008018,127.0,0.4264566992771653,0.4330708661417323,0.006614166864567006,0.036198086313479594,1115.005541
0x45e1535c178dcafb136aec8b7058f2129b695934,949.0,0.929783890454373,0.9536354056902002,0.02385151523582718,0.006422091239218241,112866.43253199999,142.0,0.8903028200985916,0.9154929577464789,0.025190137647887245,0.02194496893436764,2113.851474
0x466658e9a04e4586fb0ea46abf0a2fd8902f3a55,113.0,0.6290901631787611,0.7345132743362832,0.10542311115752212,0.026803596796392846,791.867466,100.0,0.462296001773,0.47,0.007703998226999964,0.047768361858309384,811.419114
0x46986132369d9c20140e2fbdedd008cc4bf3d7a5,62.0,0.6645878916241936,0.6290322580645161,-0.0355556335596775,0.06067072451258838,66525.815991,27.0,0.6658338694444446,0.5555555555555556,-0.11027831388888898,0.08768014008689017,46808.565325999996
0x46992d0e547e3822a9c28723f51bfa804ae4e03c,158.0,0.9773879865316455,1.0,0.022612013468354508,0.0013157204856910564,104697.864122,137.0,0.9287852034416058,0.948905109489051,0.02011990604744529,0.015695671985974727,207856.62298400002
0x46996fc536f8828aadbb6bd7f9065b4e10175051,42.0,0.11658932385238095,0.07142857142857142,-0.04516075242380953,0.04113108969381922,85461.59469900001,32.0,0.09628368415312501,0.03125,-0.06503368415312501,0.03181184902980596,63665.564547
0x46b353667fd7d846af3bbeda6584b0e5b883d3de,38.0,0.4128947368421053,0.47368421052631576,0.06078947368421045,0.06895623117437215,421.0601,71.0,0.009943661971830987,0.014084507042253521,0.004140845070422535,0.014083772013013645,499.961
0x46f804d6f4eb54292d4329e160b2640b702f68cc,52.0,0.27395008569807694,0.23076923076923078,-0.04318085492884616,0.027799404580196578,18506.7653,465.0,0.5254625479498924,0.5204301075268817,-0.0050324404230107644,0.0188175482274196,22262.879803
0x4748f71e79f9de3c29c76d8257ec2dcae01e9666,26.0,0.4091267806538461,0.2692307692307692,-0.1398960114230769,0.08200687379844876,7228.286095,21.0,0.40039733484285717,0.3333333333333333,-0.06706400150952385,0.11450838440929495,12516.586363
0x4773906be5973bc5cf2b77436da04ead4d152289,28.0,0.7683928622964283,0.7857142857142857,0.017321423417857362,0.037891242609333936,9548.536581,54.0,0.9199455778814813,0.8703703703703703,-0.049575207511111,0.042627343253176166,70079.92256600001
0x47c9014f76660cd2efe17c1f5ea342fd12cd2038,29.0,0.3491378331689655,0.2413793103448276,-0.10775852282413792,0.07137270535849292,105.69423699999999,76.0,0.39406414074210533,0.42105263157894735,0.026988490836842016,0.05348147341270811,1453.238008
0x48363a6cd08b9602e9f2e0523c4f9a89d4c4859b,56.0,0.5210714423357142,0.5714285714285714,0.05035712909285717,0.04421902610710546,654.4782480000001,261.0,0.4868965692681992,0.4482758620689655,-0.03862070719923366,0.02519010667968709,8255.427249
0x4861a3412ba3ccffde470e4998b24a012d924fca,106.0,0.4524528301886792,0.4811320754716981,0.028679245283018906,0.04881416351980571,545.0,60.0,0.5000333333333333,0.5,-3.333333333332966e-05,0.041050072542492294,289.69
0x4880b7b4c78526c1b0dceab2fbfd9c8888925626,136.0,0.6184991079470588,0.6397058823529411,0.021206774405882367,0.03380125425501792,2204.043277,36.0,0.5496262838805557,0.4722222222222222,-0.07740406165833347,0.07692031383810555,308.416651
0x489d3df3601288940f89d56b5642b0951129f6e3,2582.0,0.7427182236026336,0.790859798605732,0.04814157500309835,0.006685741301267124,119233.079175,3588.0,0.5001414562707637,0.5044593088071349,0.004317852536371181,0.007511444116033632,51419.632778
0x492bb408693470df7d031ef48f3a5466055b45ee,188.0,0.6037195552898937,0.6595744680851063,0.0558549127952126,0.022785895067388134,17597.974038,3135.0,0.5317634366977352,0.5365231259968102,0.004759689299074998,0.006344723279152413,1134126.84167
0x4ae3eb4b800f743803a70308df9e73f0c60093c3,343.0,0.7094406773472304,0.7842565597667639,0.07481588241953352,0.02075039459604481,1516.772885,23.0,0.6904347184608696,0.9565217391304348,0.26608702066956524,0.0370222656486918,92.322884
0x4b259c22c38ccbedfb3e8f41d780a3d14b57d045,30.0,0.6266665746500001,0.5666666666666667,-0.059999907983333434,0.07955479411831298,57.28159300000001,59.0,0.6418304321881356,0.559322033898305,-0.08250839828983059,0.056420418349502885,126.38567499999999
0x4b493d8ea89203ecfa5ac53ff8fc4a45aa050397,59.0,0.37593221482372885,0.06779661016949153,-0.30813560465423734,0.033994252469122875,10593.351429,97.0,0.41587630743505155,0.3402061855670103,-0.07567012186804123,0.037208173471728945,29668.660201
0x4be1fa92e6ceaf886aac0bbec3be6c527133aa70,58.0,0.2949316401293103,0.1206896551724138,-0.17424198495689647,0.03756640321088118,328704.39099200006,722.0,0.4656127978386426,0.5069252077562327,0.04131240991759011,0.0159778198416059,3039982.308468
0x4becf6d0ce9a8fa5bc90fcab5170d017ae0237d3,92.0,0.7588363495576087,0.7717391304347826,0.012902780877173892,0.030117311120701463,6257.806709999999,54.0,0.58903111325,0.48148148148148145,-0.10754963176851856,0.05716046821982746,2795.316323
0x4e30401826a11c3f315047002a4f1898b91e9d3e,21.0,0.4423808759380952,0.2857142857142857,-0.15666659022380952,0.09095873530802344,80.48560199999999,45.0,0.7622430058933333,0.8,0.037756994106666775,0.06003753708394068,236.59914700000002
0x4e56056192bac873f5f744779121a2996e24d55e,51.0,0.5701960789254902,0.5294117647058824,-0.04078431421960782,0.05260346896153557,690.22818,119.0,0.4806722773974789,0.46218487394957986,-0.018487403447899065,0.037968014828943984,1186.542136
0x4e6180a35045cecc3c72c64e78d240a5fbaf0e06,25.0,0.298467182,0.0,-0.298467182,0.029240071396975514,3203.070135,47.0,0.432867229219149,0.723404255319149,0.2905370261,0.05894042221716833,5666.067442
0x4ec30a1c1d754913cc9b537cee9483655fb534a7,113.0,0.47160144794336284,0.4778761061946903,0.006274658251327447,0.03673521269895369,3753.96354,49.0,0.5273265306122449,0.5510204081632653,0.02369387755102037,0.0621361258264665,395.98875
0x4ec7d89d65e5320ee4e73ba0b6608d866e85ed98,41.0,0.6656356860414635,0.7317073170731707,0.06607163103170721,0.05399313229569159,295.993085,25.0,0.52082850264,0.48,-0.04082850264000004,0.0904181890395975,93.89932499999999
0x4f1d5ae26fc31472966e951af3183308736d8de2,1850.0,0.6765671611924323,0.6902702702702703,0.013703109077838005,0.007026414150903627,56416.092478000006,31.0,0.9702479647000001,1.0,0.029752035299999924,0.006881920810682839,968.8699999999999
0x4f29e103339919c4baaea2a60195cf1c8bb27a7e,1792.0,0.47997387502421873,0.4497767857142857,-0.030197089309933034,0.008577960805472606,657695.149469,4999.0,0.48917147681240253,0.480496099219844,-0.008675377592558542,0.0060931752068225315,2319215.0089869997
0x4ffd3cab000b04574ec094a3b16310d321de7821,104.0,0.4011216667480769,0.4519230769230769,0.050801410175000006,0.05124844793185837,3749.75,411.0,0.4677080401681265,0.43309002433090027,-0.034618015837226235,0.02172756030770716,8228.470555
0x4ffe49ba2a4cae123536a8af4fda48faeb609f71,411.0,0.06304379625352799,0.031630170316301706,-0.03141362593722628,0.007816029608434019,44047.72902900001,115.0,0.22092174574173915,0.25217391304347825,0.0312521673017391,0.03698411225792307,5068.306744000001
0x5028d34cd2691f64255971410d595289a2a191c5,151.0,0.4043245193331127,0.36423841059602646,-0.040086108737086235,0.02851227525304656,11691.000797,65.0,0.42516924100461545,0.46153846153846156,0.036369220533846114,0.05330540923349182,6174.881503
0x505f23d257d23e4a1ec37ff9bca7c88f3bf0645e,685.0,0.48385343785751816,0.46715328467153283,-0.016700153185985334,0.01638523447496629,8555.77104,488.0,0.5487996506231557,0.6168032786885246,0.06800362806536886,0.018848131898326674,58375.751083
0x51018a0eac83aed33148fbf09b49bfa8ccb796e9,426.0,0.4830047100596245,0.460093896713615,-0.022910813346009473,0.013776690903309536,25804.123551999997,245.0,0.509849023552653,0.5673469387755102,0.05749791522285719,0.022082576132890924,6049.13157
0x510f4963b66b1b18505faab74b0bb943d1dda43c,159.0,0.49315094787735847,0.5345911949685535,0.04144024709119498,0.017148066077898223,4374.553833,91.0,0.4569890144494505,0.46153846153846156,0.0045494470890110605,0.014723377427065722,1995.8744909999998
0x511f9c771449162349795d17becf8b37031acbe1,81.0,0.8797344570555554,1.0,0.12026554294444458,0.01599019555710194,10186.586287000002,29.0,0.8974834607482759,1.0,0.1025165392517241,0.0070078277054710985,11612.178356
0x51519184f4548e873bad2d6fad4482de9192fba8,43.0,0.8384123998046512,0.9069767441860465,0.06856434438139525,0.04426554020482503,721.3459799999999,21.0,0.7851154638666668,0.8095238095238095,0.024408345657142783,0.0878692152329809,382.456597
0x51ad675fcb07c4b690501aea44605f798ede5e56,438.0,0.5054950223335617,0.4954337899543379,-0.010061232379223795,0.01963525380019402,77589.622996,348.0,0.7310752129606322,0.7614942528735632,0.030419039912931045,0.01889325735149798,70093.053115
0x51d80bf31c374f1fbad43cd90b29295633587536,21.0,0.5884222837095239,0.5714285714285714,-0.016993712280952478,0.05599087487939455,152.32911600000006,62.0,0.5507980727419356,0.5483870967741935,-0.0024109759677420906,0.04967456749522771,135.54337499999994
0x51e16ef08c4cea9fc88e7f567036d97c6e015ec9,228.0,0.14346041553157893,0.07456140350877193,-0.068899012022807,0.016997892577385845,85790.294582,101.0,0.11618756482673268,0.06930693069306931,-0.04688063413366336,0.026470368884301532,42641.323681
0x51eb0959202f6547037ffbc565c6096200036bfa,182.0,0.5536457663269231,0.38461538461538464,-0.16903038171153845,0.02463432340693483,136944.076284,23.0,0.6873027614869566,0.8260869565217391,0.13878419503478256,0.07587931356034283,2279.4597890000005
0x521070c99db06e54af5e8e4a91d6858decdfbd53,121.0,0.45889256700247927,0.38016528925619836,-0.07872727774628091,0.027775360608441844,1523.0887509999998,1252.0,0.4044193500826677,0.39217252396166136,-0.01224682612100636,0.012382117787848678,19915.919416
0x5213eb85fcd465c8927a8382f95dd2dc22306a35,101.0,0.2901339873009901,0.2871287128712871,-0.0030052744297029976,0.034554743118618295,67746.696075,87.0,0.40768966398390794,0.5747126436781609,0.16702297969425295,0.05251395836142473,39528.46844199999
0x5268527977f700f9bf9b6d5cd843859e4e70135d,7707.0,0.4859486400224731,0.5031789282470481,0.017230288224575008,0.0037186414615733602,3548070.376669,10931.0,0.5110868486459152,0.5220016466928917,0.010914798046976482,0.0038535447569555963,6160495.05762
0x528ff0b0cc2c8228721b30828ea574aba54e2101,128.0,0.517438292246875,0.578125,0.06068670775312501,0.03351480066370528,60433.769273,48.0,0.5279992172708333,0.4166666666666667,-0.11133255060416664,0.06480908294971824,19172.098928
0x52b393e0094e46bba51d1ff603805121e2eb3a58,604.0,0.06898013271754966,0.0,-0.06898013271754966,0.0030651846609877917,13468.422735,134.0,0.07729850770597015,0.0,-0.07729850770597015,0.002054963240822793,1869.867543
0x52d93dcf81444f793dda7fedc370f7a35101fb1a,115.0,0.12682424955304353,0.0782608695652174,-0.04856337998782613,0.021862555690878117,26778.847538000005,30.0,0.28966666685,0.1,-0.18966666684999997,0.05789106561390131,8888.175707999997
0x5308f42d24fcb82184de18fab9cadacdcb513221,122.0,0.549675850197541,0.4918032786885246,-0.05787257150901637,0.040627886472212965,1320.428335,69.0,0.6846521668869565,0.7101449275362319,0.025492760649275414,0.04529794124149151,409.270602
0x5339c9da744ff14e978081f99c2309c4d5529da3,250.0,0.6782237966644,0.724,0.04577620333559995,0.022342696706628796,32136.053632000003,143.0,0.6874203738818182,0.8041958041958042,0.11677543031398596,0.03181523769715899,14752.779338
0x5368b59f5f90f293d8ae0cb9a3651a10e89a7250,131.0,0.9560853502732823,0.9770992366412213,0.021013886367938994,0.013528150617766811,1303.365195,56.0,0.9565695073464285,0.9642857142857143,0.0077162069392857635,0.024396670244147434,557.2797370000001
0x53757615de1c42b83f893b79d4241a009dc2aeea,446.0,0.42402151392825116,0.45964125560538116,0.03561974167713,0.016608540913603854,277031.213125,171.0,0.509188648928655,0.5789473684210527,0.06975871949239765,0.028405036689511835,96806.10856200001
0x53ae11fc1690aad04a90b86f153dd6c77e14f71e,582.0,0.46931101073848797,0.4742268041237113,0.004915793385223355,0.018258929282053485,6322.676967,765.0,0.5033562735616993,0.4928104575163399,-0.010545816045359424,0.016572274812103417,5830.700435
0x54a6d4f254b2d81a5a21ccf77cf8edf1b3867401,64.0,0.372812512075,0.25,-0.12281251207499999,0.029599230791621103,280.97935700000005,45.0,0.789111113102222,0.9777777777777777,0.1886666646755557,0.016837308016094066,1825.247141
0x54ac698b73ded7cba348bec6a8a9af0299ee47e6,506.0,0.5607950413468379,0.549407114624506,-0.01138792672233191,0.01878701708581285,3546.4636570000002,62.0,0.529961769283871,0.5,-0.029961769283870954,0.053871853082583146,334.95057
0x55ab6191d1d3609f6ffb12f17d56fe9453da4f88,210.0,0.4503772984942857,0.4095238095238095,-0.04085348897047619,0.03142750267961827,9519.716240000002,144.0,0.5023502585534723,0.6111111111111112,0.1087608525576389,0.034960098608249855,7070.371886000001
0x561d369fcfb4248edbe76eb64e700f60a7154134,61.0,0.3340058348032787,0.2786885245901639,-0.05531731021311481,0.05207822196258786,2423.837301,32.0,0.41510789628437506,0.46875,0.053642103715624945,0.09121570222684032,1883.9187860000002
0x56ae0b5c21c44343b85b776142d083c68dff9bad,57.0,0.3529621820035089,0.3684210526315789,0.015458870628070054,0.04752769727399653,10448.282534,122.0,0.3249696281622951,0.2786885245901639,-0.046281103572131166,0.03494504077994654,14146.233533999999
0x56c9fbdeccf198f1f5ad95ace39b24f5f7fb0d9e,324.0,0.8261749704598766,0.8734567901234568,0.04728181966358014,0.019351624581898073,177902.894984,118.0,0.8055434983127119,1.0,0.19445650168728812,0.007135618038670807,196805.38758900002
0x579fa62bb9de29237ec17168075e350958ba8d4a,60.0,0.943266675785,0.9833333333333333,0.04006665754833327,0.01635076089314432,1036.060796,27.0,0.9416296296296296,0.8888888888888888,-0.052740740740740755,0.06185355355319841,622.03
0x580325efbb00a3262513d16bce6bbcc979313f3f,48.0,0.8543571708958334,0.8958333333333334,0.041476162437499964,0.040221553708286666,960.7506699999999,495.0,0.5399049164604041,0.593939393939394,0.05403447747898993,0.019138963122109345,9585.869189000001
0x5822b9376e50d576ef85e62be0f53434816f8774,604.0,0.9236049734430465,0.9370860927152318,0.013481119272185316,0.009252329421718051,64958.887453,84.0,0.8761547645035715,0.8095238095238095,-0.06663095497976201,0.04073469974384912,883.9092519999999
0x58b3380f71bd6c706dd398a5e60bde55fa3a653c,141.0,0.1708714959219858,0.02127659574468085,-0.14959490017730495,0.012078388783020214,75384.246954,52.0,0.3781463763326923,0.5192307692307693,0.14108439289807695,0.06752720434968974,90659.97305900001
0x5912794596cd3cc2f36605710fc1fcd6e5886f45,61.0,0.976213114937705,0.9508196721311475,-0.02539344280655753,0.02306383726181096,9782.418251000001,21.0,0.9762641676047618,1.0,0.023735832395238243,0.004820161006456896,12618.710000000001
0x592997c2d8119d82d71f21119957c6434d244684,1597.0,0.47207265251145897,0.45397620538509703,-0.018096447126361936,0.009802776113650493,72379.346672,877.0,0.4936602424705815,0.4925883694412771,-0.0010718730293043932,0.01498734597368537,35125.230589
0x592c9f0374ed01fb6ea2acc00ef58ccec71b47d8,35.0,0.7719999210571429,0.6857142857142857,-0.08628563534285716,0.06282573760300968,222.775189,31.0,0.8196773742419354,0.7741935483870968,-0.04548382585483868,0.0657661043963144,127.83963899999999
0x59ae507025f6ac68f4d6e36d77866fb8eeabffb1,22.0,0.4822726703636364,0.7272727272727273,0.24500005690909088,0.09699768137323564,185.17922099999998,26.0,0.5311061326538462,0.5,-0.031106132653846208,0.08713413700946157,168.827097
0x59d762793f3bfe67285ad97371aea22bb73ff69d,35.0,0.6077136539314285,0.6285714285714286,0.02085777464000005,0.06349272261927363,353.9088320000001,34.0,0.48276466137058827,0.5588235294117647,0.07605886804117645,0.07049360998396062,336.051095
0x5a218c7ad04135830a45c41aaed7294df7809318,729.0,0.5263174182766804,0.5541838134430727,0.02786639516639222,0.006668938011654622,59685.137780000005,94.0,0.6863984515414894,0.7872340425531915,0.10083559101170214,0.019867300243419782,6916.4437020000005
0x5b624e3e0426f7aa2ca57f7451fbcea4b125d87f,20.0,0.47600000232,0.6,0.12399999767999997,0.07930421162193624,3559.033178,97.0,0.35628867176185575,0.13402061855670103,-0.22226805320515472,0.02862112748277588,25082.563375
0x5b6331e7ff0831a3fe2ed12004747db1a9c911a4,691.0,0.4108579711667149,0.402315484804631,-0.008542486362083934,0.014238735031227225,247279.157894,1195.0,0.44484920048368204,0.4301255230125523,-0.014723677471129737,0.011989015982066465,419035.47141999996
0x5b6b22ca9a6f2fcfb4a046c13bd159eab602ec86,27.0,0.33577540501851855,0.2962962962962963,-0.03947910872222227,0.0821095629432471,5923.314427000001,43.0,0.338188301072093,0.3953488372093023,0.057160536137209284,0.07450450912400473,4180.6564880000005
0x5bb6fa00189a1417d39dcc1566cabe1340f031c5,45.0,0.3835555592555556,0.35555555555555557,-0.028000003700000053,0.0622787807324632,265.312309,133.0,0.6190225610736844,0.5413533834586466,-0.07766917761503778,0.030062001512303642,800.23777
0x5bda6dce0600e02c7ac6693f1e99b325b25017a8,22.0,0.4940909204136364,0.5454545454545454,0.05136362504090902,0.10628576902507732,857.1873539999999,227.0,0.33303965251101314,0.06167400881057269,-0.2713656437004405,0.012278108201573263,4304.758701000001
0x5c18d1f705989046f5106d64a0cb34d5deb02f76,196.0,0.3666192202045918,0.24489795918367346,-0.12172126102091835,0.023418114262624485,15540.660013,996.0,0.39777618993022085,0.3273092369477912,-0.07046695298242966,0.0132373992471713,82217.056789
0x5c92c37ab487e96d47ff5c1b140f3e93fc414e7c,139.0,0.9578470555453238,0.9928057553956835,0.03495869985035971,0.003708171735589477,241047.25094,74.0,0.8157188921324323,0.8648648648648649,0.0491459727324326,0.03301718120108735,145468.319896
0x5d1a7865c4b8e383ed9634683063e5894f8be943,70.0,0.16934336253285714,0.11428571428571428,-0.05505764824714286,0.03843843559393364,32475.966277999996,57.0,0.25427713108070177,0.2807017543859649,0.02642462330526313,0.05571683300103337,16435.798853
0x5d7639ed5fd3c5ebf0fc69d548e1046acd0f9168,203.0,0.5093046784206897,0.3399014778325123,-0.16940320058817743,0.02113437651601989,164934.138308,178.0,0.5573818767067416,0.43820224719101125,-0.1191796295157303,0.02663535565323237,115671.822511
0x5d9e69744d4523af7d7f26adc767eee07907e0e3,300.0,0.6108598423266667,0.6166666666666667,0.005806824340000016,0.021911933268976513,22314.907039,236.0,0.5099117483254237,0.4576271186440678,-0.05228462968135594,0.024510191330744602,11601.714940999998
0x5df52b96990dc5079f30870ef32358f13afcc44c,5625.0,0.4986668553382222,0.5203555555555556,0.02168870021733338,0.004977033883768336,54375.788324,1191.0,0.3902603072998321,0.4105793450881612,0.02031903778832911,0.009699682910536836,10203.783648
0x5e115741af79238603a16225a589ac187de69f74,27.0,0.922763061062963,1.0,0.07723693893703698,0.014544261263773476,1382.399225,27.0,0.9050563318814816,0.9629629629629629,0.05790663108148131,0.03787606695951743,1753.7714080000003
0x5e2ff2f8e313d2fa09882018d4cc53ccffddf9ba,81.0,0.47231629810617287,0.4567901234567901,-0.015526174649382773,0.038554691329575945,1117.580901,209.0,0.5583739108971292,0.5598086124401914,0.0014347015430622445,0.02676186877523751,3628.262543
0x5e3040eb55cb0f4f86eb0af40cb84c9d3585acbf,198.0,0.4440303154035354,0.4292929292929293,-0.014737386110606099,0.029186027932137464,40943.218294,233.0,0.6611859524618027,0.6180257510729614,-0.043160201388841246,0.02734877386846431,20718.165891
0x5eb1710891ee556a101832e63c84c6e7681b96e1,747.0,0.3441954554257028,0.4431057563587684,0.09891030093306563,0.01982831020407807,14980.491130999999,195.0,0.4714871828558974,0.358974358974359,-0.11251282388153844,0.031287327681905015,2253.831529
0x5ecf845b70ac1ea66adbe0f48629effc83a8af11,22.0,0.29904978939545457,0.18181818181818182,-0.11723160757727275,0.06132117313991668,667.4893760000001,56.0,0.12085654185178571,0.16071428571428573,0.03985774386250002,0.035461544400961435,3222.9409990000004
0x5edb0e03151c25388c800199e82ffb1c14c400a9,108.0,0.5097314832833333,0.5092592592592593,-0.0004722240240739861,0.01544284811436763,1929.0434429999998,1283.0,0.4821827775522993,0.4731098986749805,-0.009072878877318835,0.011513036864415557,8872.347541
0x5f0718ff03268ac06ab4623f755ea4d4d77f9d0f,83.0,0.5624360799771085,0.6265060240963856,0.06406994411927702,0.029961356905172876,11398.76535,34.0,0.5800000140970587,0.5294117647058824,-0.05058824939117634,0.0868881130925341,999.952368
0x5f56a9a1ac5cb8793024d196e5ec2cacfd9d348a,161.0,0.4490109026173913,0.577639751552795,0.12862884893540372,0.033874889933213276,7236.022003,27.0,0.3868028640629629,0.4444444444444444,0.05764158038148154,0.10299603460119426,1719.986772
0x5fe618a2a52f04e945d5f855e75b8ca0ace5a99f,41.0,0.13059512313414634,0.07317073170731707,-0.05742439142682927,0.03792894361432888,12228.753082,40.0,0.15781906697499998,0.15,-0.007819066974999983,0.05312992786662675,8996.348279999998
0x605e701478a66e7da69382657ec3fd6dc403f559,87.0,0.7467052340816092,0.8045977011494253,0.057892467067816145,0.027634272111115545,831.6214209999999,29.0,0.7325516760931035,0.8275862068965517,0.09503453080344826,0.06233987219548057,79.694953
0x60ec17443af511a21945f01430e61c803465f7b0,878.0,0.5934342747707287,0.6241457858769932,0.030711511106264466,0.01113212648867125,118428.28019699999,630.0,0.49548187114190473,0.49523809523809526,-0.00024377590380947334,0.016868821268959437,265955.987932
0x61234f998ff1a26aafe36125a4c204d30d9c8b33,25.0,0.885433338232,0.92,0.03456666176800005,0.055642649159477496,238.19786,44.0,0.6726383881954545,0.6136363636363636,-0.05900202455909087,0.06446706421394675,685.1663990000001
0x6132b8f1299baa705c9ec753094eae0bd78c7be0,24.0,0.3438281452833334,0.08333333333333333,-0.26049481195000007,0.04970947807230934,1046.7531199999999,21.0,0.3641903914619048,0.23809523809523808,-0.1260951533666667,0.08487949451550762,154.97604
0x61f621ed129a8b64f0d2abbef50d23cd52d1e497,33.0,0.39575755152727266,0.9696969696969697,0.5739394181696971,0.024916297420785185,2727.809804,111.0,0.18230092782072072,0.18018018018018017,-0.0021207476405405434,0.03813479013402623,14284.87222
0x61faa7b73071accbc4bb71a343e3bed3939f7f62,41.0,0.5709597750878049,0.5609756097560976,-0.009984165331707318,0.05937805971112073,11133.809623,72.0,0.5961957896347223,0.4583333333333333,-0.137862456301389,0.05469665209656549,29571.111651
0x6200d5201643d12b574ee2b4cca89430ac607d23,28.0,0.5117751245535714,0.6428571428571429,0.13108201830357147,0.06564810311994031,4417.95339,40.0,0.306239271815,0.125,-0.181239271815,0.054141033907013886,9681.348298
0x629da223adfc9957329e02de95ae3d263f92756c,752.0,0.4925933031067819,0.4574468085106383,-0.03514649459614361,0.017188602574348826,23658.73822,4057.0,0.4259242932308356,0.4145920631008134,-0.011332230130022158,0.007002936142964914,107069.79
0x631857e845695738b089cd0773fa16a0897146b1,264.0,0.29518947275757573,0.29545454545454547,0.000265072696969737,0.024303783291090866,11790.811850999999,1627.0,0.22551323321462816,0.15734480639213275,-0.06816842682249541,0.008676595280589275,77000.157382
0x63241b3b48f8ee7c7b401ba41bf70314ccbee147,406.0,0.5541189370394088,0.5246305418719212,-0.02948839516748769,0.02008024537856171,1158.6674170000001,335.0,0.511045292160597,0.5313432835820896,0.02029799142149258,0.021483986030296148,1399.579784
0x6332afa24ee27666fca8cd809859df87c9454576,124.0,0.5108064606903227,0.5080645161290323,-0.002741944561290399,0.03316196537922162,584.307504,88.0,0.4851136400886363,0.5,0.014886359911363722,0.04315805163801886,902.341635
0x6340f99311533998cf5e5eff3a5857ec7749e272,27.0,0.36185185408888887,0.0,-0.36185185408888887,0.00930699958412151,9675.855754,50.0,0.562800051856,0.72,0.15719994814399996,0.0570714089658917,50376.017651999995
0x63f524203cf99455aac1fefb7b70c1ae8bf909dd,107.0,0.0452336450411215,0.0,-0.0452336450411215,0.0031265152758880653,7087.9846339999995,55.0,0.02254545500727273,0.0,-0.02254545500727273,0.001561708977395157,13839.902963999999
0x6407a638ff11e090d5b6978b50916ca1c487d360,125.0,0.3560589296807999,0.264,-0.09205892968079987,0.034576715729628844,5773.290181,54.0,0.3501851865055555,0.3888888888888889,0.03870370238333337,0.05711014208964845,2894.8037549999995
0x6485f47d0344c03eb4340f985159f6eb2dcba265,671.0,0.5070117953573771,0.533532041728763,0.026520246371385947,0.014677231016243566,265498.374248,1180.0,0.5438783679277119,0.611864406779661,0.0679860388519491,0.012386988573014344,731738.722176
0x64d4c540211c48ce4cb7b853ffcb0df2b438f056,96.0,0.441183939203125,0.375,-0.06618393920312499,0.03853866537143607,4606.733835999999,120.0,0.6417478106241667,0.675,0.033252189375833296,0.028821459165130937,6336.358134
0x64e86fefd50cdb6259eb00ff146d9aac03497819,85.0,0.35529414366941175,0.4117647058823529,0.05647056221294117,0.050578364644871046,2623.3910849999997,136.0,0.310000007055147,0.23529411764705882,-0.0747058894080882,0.0355699196523997,5052.380744
0x64ec879f99b7c903fea07341dddc4dbd038b931d,20.0,0.360708147055,0.35,-0.010708147055000006,0.09616081276941083,815.793095,57.0,0.3205013749789474,0.38596491228070173,0.06546353730175436,0.06190976607458435,3187.050931
0x652f3704dcdca4dda4778c5f7d7c03d8a7c6bc41,40.0,0.8334881605975,0.8,-0.03348816059749993,0.04659438083446914,3494.248885,28.0,0.8558514815964289,0.5357142857142857,-0.3201371958821432,0.0961569053127883,2409.35
0x65539121f80394dd1b0e2b76900a5b2228767a71,43.0,0.6060465111860466,0.5813953488372093,-0.02465116234883724,0.06517065829956425,3291.683226,35.0,0.5562857142171428,0.37142857142857144,-0.18485714278857135,0.06590593173869772,3947.1137940000003
0x655b37299ed593012420cc7fa18fad0bd91cec8b,33.0,0.9230303088272728,0.9696969696969697,0.04666666086969695,0.03281798604513606,174.996665,57.0,0.5933333351438598,0.6666666666666666,0.07333333152280685,0.05256952300950573,617.992575
0x661daf6af6d884012dd6db73c09d72e8be224dc6,502.0,0.4491633598472111,0.32270916334661354,-0.12645419650059758,0.016869952345086356,130674.35136,85.0,0.458117659677647,0.5647058823529412,0.10658822267529416,0.04447312118027873,25818.625656
0x662eeb4d0b0984573335c4a3cfc945a94ca13afc,44.0,0.9654604487909093,1.0,0.03453955120909069,0.005638826249823386,4157.653004,60.0,0.9034582879483334,0.95,0.04654171205166657,0.024154169774301543,8038.162047000001
0x664a25f165a0150ce687410470f3352f5783fc5f,474.0,0.4841519138183545,0.4177215189873418,-0.0664303948310127,0.014002085914932062,86480.205029,428.0,0.4579143508714953,0.5981308411214953,0.14021649025,0.019770059979223254,129096.03455499999
0x66ace325b76147e5719d346ba55c315c00c45e75,22.0,0.6395454516454546,0.7727272727272727,0.13318182108181809,0.09025549659312254,1566.3926819999997,66.0,0.6510643410227273,0.7121212121212122,0.0610568710984849,0.04787040098443166,5024.929479
0x66b102468892d00a90c98ed8aec1d2b24904340f,721.0,0.48633591878918164,0.5575589459084604,0.0712230271192788,0.01701331061553708,56022.167684,434.0,0.5038341174398618,0.45622119815668205,-0.04761291928317979,0.023451816659647958,77766.512521
0x66d1cf4afe7eec9c30d530e473b3bd58f62bc18f,730.0,0.5708494060550685,0.5958904109589042,0.02504100490383565,0.013150202852936001,266945.685008,1252.0,0.5583240083148562,0.6022364217252396,0.04391241341038343,0.011630276443227533,660728.053546
0x66e7ce01c6831b8a2503d09edd6167152ee68bcd,809.0,0.7232930976393078,0.8121137206427689,0.08882062300346105,0.0043784721276383266,7875.503054000001,47.0,0.3262340454446809,0.3617021276595745,0.035468082214893615,0.028459261586158014,981.012659
0x677052d6733b1b9663aec3ae718fd8e881105bdf,174.0,0.432606426383908,0.5057471264367817,0.07314070005287365,0.030718091976511607,2219.125608,199.0,0.47964303707185924,0.5125628140703518,0.03291977699849252,0.029283444494820444,16380.078379999999
0x67706ec33d1bc5ed0db5cf0681b74b57b64ec3bd,178.0,0.5243171003033708,0.47191011235955055,-0.052406987943820205,0.026466143915192013,5906.3757399999995,1595.0,0.42745258220601884,0.39184952978056425,-0.035603052425454584,0.010791480959632525,50437.880294999995
0x6796daf54ad13ba26faeefc5e0b0889aaf76453f,126.0,0.2749534821642857,0.23809523809523808,-0.03685824406904764,0.03175285269610275,4503.933184,323.0,0.469593587956966,0.46439628482972134,-0.005197303127244646,0.025636592051300845,11278.651394
0x67af214764bd6eda61fadb25cdcbea6d13d761ee,113.0,0.7197787660504426,0.8584070796460177,0.13862831359557515,0.023982422961442606,2548.052823,496.0,0.48466481352096774,0.4576612903225806,-0.027003523198387114,0.017494779625754273,8735.513908
0x67be13b1fee39c777ade4c83d99d88c99f056e09,79.0,0.4658048200594936,0.46835443037974683,0.0025496103202532483,0.04181537977239882,11388.27165,174.0,0.40062621567183915,0.3448275862068966,-0.05579862946494257,0.030347463708113434,16782.139959
0x67d3b2a76a9f31716815e7968f7c1bb90f009431,35.0,0.6909428550257143,0.6,-0.09094285502571431,0.07520648299360408,532.807309,52.0,0.5827307642288462,0.75,0.16726923577115382,0.04840478758168427,777.517104
0x67ffda7d459aa2abf5be6ab1bc7de0ece3ab3214,86.0,0.1483821748837209,0.05813953488372093,-0.09024263999999999,0.0240563688789836,7640.258510000001,113.0,0.18838243704690263,0.17699115044247787,-0.01139128660442476,0.02819542276466584,15966.127800999999
0x680d79396bf9dee75d1f47fa697e8f85f5e905ea,48.0,0.7362125873979166,0.8125,0.07628741260208338,0.04896198511262444,2096.7542219999996,39.0,0.5173548719333333,0.48717948717948717,-0.030175384753846124,0.06348281765870473,2465.6153909999994
0x692bbc24400b1ecc2dc4427368f874bb0675b4f2,76.0,0.5175563977986843,0.34210526315789475,-0.1754511346407896,0.054576753826851926,6431.8933640000005,21.0,0.462857144452381,0.5714285714285714,0.10857142697619038,0.10250501895878804,726.599989
0x69328b074d80bfc9da925e8773bd2f839e286878,47.0,0.21772507449574463,0.0425531914893617,-0.17517188300638292,0.03209823276648557,3853.046773,31.0,0.32196775285161294,0.3548387096774194,0.03287095682580643,0.09164063418659048,1409.97087
0x69449caa40c34cdc4cc79d7b802d9e147c2d3902,65.0,0.7586569374353846,0.7230769230769231,-0.03558001435846159,0.04723249123100813,1928.158936,21.0,0.6159047407,0.8095238095238095,0.19361906882380953,0.062392439226103005,292.11882999999995
0x6945839be4e09b8e28eb8bdd5088c7a70dc7729c,257.0,0.6138991467420234,0.7003891050583657,0.08648995831634232,0.014367044486487493,47533.931765,95.0,0.6438226731978947,0.43157894736842106,-0.2122437258294736,0.04528191416292398,25538.908548
0x6964ad93dc822ef3ccd626726a8d3c8d2096a82f,50.0,0.37029999999999996,0.5,0.12970000000000004,0.049854926270824905,576.2321999999999,33.0,0.48149999999999993,0.36363636363636365,-0.11786363636363628,0.07804455455046046,394.53
0x6982049c65e98606f65a0ce71fdb9b61296da165,30.0,0.7492271547100002,0.7,-0.049227154710000276,0.0804962434478527,74681.374327,86.0,0.6733045284860466,0.6744186046511628,0.0011140761651161624,0.04360557155093719,259608.90295
0x698bbfabc657d1e08b608b8ce0a58ed808b74426,24.0,0.39291669252916667,0.16666666666666666,-0.2262500258625,0.06934688111286677,3088.4642510000003,70.0,0.49757145152285714,0.5857142857142857,0.0881428341914286,0.052768604169865244,15246.077646
0x69ee4fe36504070a6d3f1309f0a76a117e966e35,95.0,0.4467579001631578,0.3473684210526316,-0.0993894791105262,0.025575337424404404,540.308214,62.0,0.5063709776790322,0.4838709677419355,-0.022500009937096666,0.03866405227774277,288.183991
0x6a00004f0cbbcbd7e8ae51bc4a40c9b8790c9158,250.0,0.5758391878452,0.576,0.0001608121547999053,0.023007345572065702,33256.112646,111.0,0.34819820079729724,0.36036036036036034,0.012162159563063102,0.04083213156131672,48055.555976
0x6a7fc7f1fc5638790b5199bcf999d24bf6b50492,56.0,0.2349911059982143,0.08928571428571429,-0.14570539171250002,0.03486193151514913,1607.749088,72.0,0.27191578209444445,0.4166666666666667,0.14475088457222224,0.05522463748873708,1678.516986
0x6aa1642eee0c2c61715adbb0e71d560bab1da420,20.0,0.29601170346000005,0.15,-0.14601170346000006,0.07282016383053648,5177.591954,20.0,0.34797012921000003,0.45,0.10202987078999998,0.1103806434609517,2044.487179
0x6aa5a740afe7c664f9fa8bfc82ae9d0ed5347059,51.0,0.838431359907843,0.9607843137254902,0.12235295381764721,0.026505772143965694,303.807322,126.0,0.31325384020952374,0.0873015873015873,-0.22595225290793644,0.02160134464267474,2137.066814
0x6b17d237e6b7f74ce8171d6dc68e07bc21c803b2,91.0,0.3149068611824176,0.23076923076923078,-0.08413763041318684,0.02458217266113207,10474.775446,37.0,0.45197297931351355,0.6756756756756757,0.2237026963621621,0.05643733187289084,4296.484644
0x6b23c73159b753c96d3c1ed94413f113300c04a3,662.0,0.4720990164729607,0.4697885196374622,-0.002310496835498499,0.013261503061599133,13983.528748,685.0,0.6001884932564964,0.6262773722627737,0.02608887900627732,0.01587151001467217,41979.491649999996
0x6bad153a277a5c1892384d8ca28122b3f1704d53,89.0,0.1414876435539326,0.2696629213483146,0.128175277794382,0.04255978917620715,54257.83664,75.0,0.008000000000000002,0.0,-0.008000000000000002,2.0165750795577432e-19,2999.971875
0x6cd3d327343df5e5c2671c78d41d1665a792226e,384.0,0.44558073966484374,0.4348958333333333,-0.010684906331510424,0.021965443954171177,1772.261286,805.0,0.4287503152253416,0.4248447204968944,-0.0039055947284472037,0.015047897733815685,3729.3407420000003
0x6cdbb24da2701ee38655088ff3fd05d048e78a82,445.0,0.543557312235955,0.5393258426966292,-0.0042314695393258495,0.016419421191818294,2441.644998,20.0,0.5709499972450001,0.5,-0.07094999724500006,0.08220870358988908,126.414995
0x6d3c5bd13984b2de47c3a88ddc455309aab3d294,81.0,0.3660494020679013,0.20987654320987653,-0.1561728588580248,0.028133590519342895,7619.636487,1099.0,0.5808944617070974,0.5259326660600546,-0.05496179564704273,0.01125413063046348,213846.3622
0x6de2137468c3b825d45ca994a0d676a9be27d0e5,126.0,0.43063493339206355,0.42063492063492064,-0.010000012757142906,0.03984668888610639,2099.295466999999,2282.0,0.4375723333631463,0.4333917616126205,-0.00418057175052583,0.008985689584585463,15330.303958
0x6e975cb1c92ee35fbca3dd51778c66aff73e8504,32.0,0.664687487053125,0.625,-0.03968748705312497,0.08183811262575791,342.518874,24.0,0.60887497815,0.5,-0.10887497815000002,0.10593509323791933,340.259508
0x6e9b760c0bdf0e1e2d9d0e85c1a257c7423d8b7d,39.0,0.2360512826974359,0.1282051282051282,-0.1078461544923077,0.05288253147190426,684.9208070000001,33.0,0.38592606406060614,0.5454545454545454,0.15952848139393927,0.08018944479860426,649.950463
0x6ea8fea90ffdc34882c293d7235f0897890a7347,62.0,0.5776880005951611,0.45161290322580644,-0.12607509736935468,0.04897950547993185,245.47505899999996,62.0,0.7952741263790322,0.7903225806451613,-0.00495154573387091,0.04423720151337961,170.660697
0x6ef40b6106bcfae95ef8ac35967d49e93934fd7e,232.0,0.505431046162931,0.5,-0.005431046162930997,0.03224355578646989,12335.087393,105.0,0.500761916284762,0.5047619047619047,0.00399998847714278,0.02855096268872006,6410.806589000001
0x6f2e5224a1cc61ab6745a334ccc7d4a7bd6b7c7b,280.0,0.46568130481250003,0.6892857142857143,0.22360440947321425,0.025429776427945982,3051.2275529999997,85.0,0.5574117647058824,0.8235294117647058,0.26611764705882346,0.034086762801026134,4484.76
0x6f3e7f25baa7d2d49e15e2d2957ff3dec62cbcf8,166.0,0.4350396947975904,0.3795180722891566,-0.05552162250843379,0.030668252036249736,80341.974982,293.0,0.4336484794245734,0.4778156996587031,0.04416722023412967,0.022702104376031877,319913.898824
0x6f6aea5df8a9d50538e784efb196cc55dfbc9888,122.0,0.5472635621254098,0.5655737704918032,0.01831020836639341,0.041263899907731716,7434.1838179999995,85.0,0.543795579082353,0.6352941176470588,0.0914985385647058,0.04956009198373058,2947.7925680000003
0x6f702c8615f43e450c5287837e4717df68f0862a,22.0,0.9859534413727268,1.0,0.01404655862727322,0.0023679337164110347,3583.7483999999995,21.0,0.9699874149666664,1.0,0.030012585033333594,0.01105027265414716,1040.6499999999999
0x6fb1e3d2e8b343247f0f2435d935f80876cf9cbd,79.0,0.6949748128835442,0.7721518987341772,0.07717708585063299,0.03779682279060059,953.1713520000001,74.0,0.6580337865202704,0.6756756756756757,0.01764188915540521,0.03927772694958559,953.622221
0x700b742e9ec4db8f9b6b229c3a79c501ef4a8d0b,86.0,0.7136046187430233,0.8372093023255814,0.12360468358255816,0.027494516282630305,7321.960674000001,24.0,0.6472471528041667,0.5,-0.14724715280416667,0.06593346903512239,1907.9574069999999
0x70ac8457ed2aca137619956eed4924b9275e0c7d,922.0,0.633549061372885,0.6431670281995662,0.009617966826681146,0.014582049877123334,22611.04671,87.0,0.6013226423632184,0.2413793103448276,-0.3599433320183908,0.04469698116548485,954.2662430000003
0x710cad178b1e6fec99981fd7ff48fc05c7bd78ea,1122.0,0.8235510549772728,0.8609625668449198,0.03741151186764702,0.00937500265837003,302069.74529500003,112.0,0.6492537724580357,0.7589285714285714,0.10967479897053567,0.03551614968737322,57853.065088
0x71389d69bb86385f122e18bb427578f1d70e8c89,85.0,0.4065882470058823,0.27058823529411763,-0.13600001171176468,0.03720644257963105,9887.080098999999,138.0,0.4772463857072464,0.6956521739130435,0.21840578820579704,0.03767624001107281,13076.781767999997
0x717990979ff84a32d47205a7eede94317aab7d79,43.0,0.4950338462302325,0.4883720930232558,-0.006661753206976706,0.07379069538716543,2364.465451,284.0,0.44947710598626767,0.4225352112676056,-0.02694189471866204,0.02840331178571813,20119.440794000002
0x72a009fd238b8af5d19e75d8000ca081b19e9bc4,89.0,0.7834606645393258,0.8314606741573034,0.04800000961797757,0.03892928889878592,884.3094570000001,76.0,0.794942827019737,0.9210526315789473,0.1261098045592104,0.02992506334916075,5795.391537
0x72aaaaf9f6b0286e390de5b568af0f99a00c90e0,59.0,0.3728474580000001,0.559322033898305,0.18647457589830496,0.060272638749632845,622.139,392.0,0.5242345095247449,0.5612244897959183,0.036989980271173395,0.023291490720741322,11520.793002
0x72bc9c9d09dda1095030730e7bc93b86f07bb24e,69.0,0.9449968920797102,1.0,0.05500310792028984,0.007242626124750385,1711.0662800000002,93.0,0.9502406131000002,0.978494623655914,0.02825401055591381,0.014470903406642721,2546.3133319999997
0x742244c962848849a90decca2f7308425ced8a59,58.0,0.5015274938534483,0.5344827586206896,0.03295526476724131,0.048534271022613255,321.51,49.0,0.5008664107244898,0.4897959183673469,-0.011070492357142858,0.07262269698777,1473.138843
0x7424166aa0f03ff032f1bf93b6b6c40b5589c708,31.0,0.7265309891483871,0.8064516129032258,0.07992062375483866,0.05294758139038938,333.3448179999999,48.0,0.7866879145958334,0.8125,0.025812085404166574,0.04798601224773209,307.807127
0x746295855be6f49fe2da2accd69ea34b3cf23ac3,189.0,0.5963822983089947,0.6666666666666666,0.07028436835767193,0.027517109662965143,61140.281995,287.0,0.6553969946829269,0.6724738675958188,0.01707687291289195,0.02503509901323379,99534.403339
0x74957ea27ac4fbdee46d861fdae357859ff67fcf,55.0,0.04843636366727272,0.0,-0.04843636366727272,0.008409020483208376,10490.917577,30.0,0.08450000355333334,0.1,0.015499996446666664,0.04669083330819909,1458.6793539999999
0x74f1b8944c7b10f7239e3dda0de6b8ee42e816a8,155.0,0.5829483929425806,0.7419354838709677,0.15898709092838714,0.01909500208073357,12806.469159000002,59.0,0.2372881368779661,0.1864406779661017,-0.0508474589118644,0.01070607258926758,2761.9163030000004
0x74f9b658463df52c3374fb7f76d5f6ff21ed6024,30.0,0.48057723086000004,0.5,0.019422769139999962,0.06851605738675652,655.205736,230.0,0.51475638323,0.5434782608695652,0.02872187763956524,0.025929720599317023,7713.57
0x7547479d43f4b52d892a6f2254050eea50edd158,150.0,0.4380000106553333,0.4533333333333333,0.015333322678000028,0.037305159078085334,9046.398896,919.0,0.3538814147329706,0.3003264417845484,-0.05355497294842215,0.01495422360832929,63128.25555
0x75a7ac4ebe7c0d1bfbf8f29e3f4a78cba62e2d61,48.0,0.18680768572291664,0.10416666666666667,-0.08264101905624997,0.04593308479413404,50420.676712,33.0,0.25246823719999995,0.21212121212121213,-0.04034702507878782,0.07400798171244063,33300.414306000006
0x7629c3d8c561e1d0babf66261eee0dcd09d6226c,39.0,0.5407692307692307,0.6666666666666666,0.12589743589743596,0.07590099200189361,274.71999999999997,68.0,0.8081088329617646,0.8382352941176471,0.030126461155882467,0.04356310515073947,1917.335554
0x764b305694b026c1acce7bf862c3b5456a146bad,55.0,0.9409735941945454,1.0,0.059026405805454596,0.007922721969307605,1551.0,28.0,0.9055219841285712,1.0,0.09447801587142879,0.0060326003797097445,982.0
0x76c763223bf27c071f6aa41d69fc215abeaa1ed0,34.0,0.9898885918,1.0,0.010111408200000005,0.00011140819999999932,2311.71,55.0,0.9729333151509094,0.9818181818181818,0.008884866667272395,0.00644268927763947,6627.2699999999995
0x76f17a9dd13c914894dddeae523594b65681f655,695.0,0.5076360250612949,0.4935251798561151,-0.0141108452051798,0.013871289861503502,20156.17326,275.0,0.5296708498974545,0.64,0.11032915010254551,0.02589987965710265,6603.38
0x775d9de0c72c76a459fadfbb4cd79d5715236beb,311.0,0.49721484981286174,0.5530546623794212,0.05583981256655951,0.02263316856728227,9937.33761,3940.0,0.4449642817268274,0.4055837563451777,-0.03938052538164971,0.006865166154265975,106331.16
0x779a9702c5043ab56bcb7dc90b4a1f27ad77b689,30.0,0.8275619228266667,1.0,0.17243807717333326,0.016163428779838163,33371.566866,30.0,0.7376666773599999,0.5,-0.2376666773599999,0.0869597388229786,28185.826277999993
0x782d570ea303f2ce7b71e9ed78ac530d713b8211,59.0,0.6356728608067796,0.711864406779661,0.07619154597288136,0.052325841319807255,6494.701113,47.0,0.620697422712766,0.7872340425531915,0.16653661984042556,0.05369982164738554,2206.7426540000006
0x787df3d924a815f02028ae6b6cfa60b38b39aecd,401.0,0.5118722728458852,0.47381546134663344,-0.038056811499251775,0.021238319908479776,3957.6414409999998,109.0,0.511327583380734,0.5596330275229358,0.048305444142201726,0.043476354356593014,1293.458075
0x78857e71c0601752a6c487b2d2e1fe9c22ed1173,615.0,0.5984068428521951,0.6048780487804878,0.006471205928292645,0.01623485923648322,5623.427785,633.0,0.5545027318025276,0.5387045813586098,-0.015798150443917858,0.018975602118529108,5672.9140800000005
0x789163de11b9d77ed1846c749e2b780c0ef2c020,630.0,0.6415406592228571,0.6746031746031746,0.03306251538031757,0.015874250974477033,2989.025698,23.0,0.6078883471652174,0.6521739130434783,0.044285565878260824,0.08318184937403816,747.599364
0x78a10b187b24b56e4027704cc5d144d1074f5551,215.0,0.2811530081953489,0.28837209302325584,0.007219084827906952,0.027283931819969357,15884.753035,178.0,0.3171372081758427,0.28651685393258425,-0.03062035424325843,0.03580778821756321,32740.660288
0x79328e12389c608ee7de1492c2ca7d86d6815b38,30.0,0.6445687589366667,0.7,0.0554312410633333,0.07065313947721821,9603.508980999999,29.0,0.8380421998034483,0.9655172413793104,0.1274750415758621,0.03689307330152404,16549.347181999998
0x79d0f23f043edc5be95ecd24e76e9e8a6cbc4dff,66.0,0.14704111352575758,0.015151515151515152,-0.1318895983742424,0.016721879254077036,2994.526488,67.0,0.27784076865373136,0.26865671641791045,-0.009184052235820916,0.05407402548734233,1579.3571509999997
0x7a18a12ae5d6476108235c1e6d89dcae871d61a0,197.0,0.5225577277456852,0.5786802030456852,0.05612247530000003,0.02046469451621153,19312.724121,110.0,0.355469649400909,0.38181818181818183,0.026348532417272807,0.033531261628201026,2865.7585249999997
0x7a5d94f83ff0195387eaf9f4463433d03eda54db,1300.0,0.44044636146253846,0.4015384615384615,-0.03890789992407695,0.010302825041405533,199970.88312399999,500.0,0.4889215619616,0.482,-0.006921561961600042,0.01937651708442026,16849.686780000004
0x7ca15f0b1d5dc2756f1f172ec747f66bb70daea0,102.0,0.37284314872745095,0.13725490196078433,-0.23558824676666662,0.033416003264899,18722.832528000003,58.0,0.409445871337931,0.08620689655172414,-0.32323897478620683,0.04021635798701641,7112.581379
0x7cb207841c27d6d76d272e55209694c86e7bf12f,257.0,0.7964376809381323,0.9260700389105059,0.1296323579723736,0.010124442941922648,70155.721175,110.0,0.8544191029845454,0.7545454545454545,-0.09987364843909086,0.04091205191685845,24717.095664
0x7cb6b8ed713dbb9bb1315b86ed05b666fafc96d1,21.0,0.7598595487285713,0.8095238095238095,0.049664260795238224,0.0726278566729577,3863.2545850000006,45.0,0.7321703205622223,0.7111111111111111,-0.02105920945111117,0.05954202422813081,4488.705453
0x7cc183cce0514464194d25219b015c7516bffdc6,41.0,0.26926830581951217,0.0,-0.26926830581951217,0.009162425458544161,699.9542660000001,22.0,0.3621621245681818,0.13636363636363635,-0.22579848820454546,0.07375904888780122,2991.8299809999994
0x7d0e41915dd94259bbe9dae12d33b1c26d304f01,78.0,0.45948719058333326,0.44871794871794873,-0.010769241865384527,0.0447257403703586,1570.143943,211.0,0.4404028501383886,0.44549763033175355,0.005094780193364956,0.030571378791907543,4588.705848
0x7d9a514f9da9e8aa7fa37306943c7d1720d805e6,5987.0,0.4638381596541173,0.46149991648571903,-0.0023382431683982574,0.0050854696811234,1172878.847488,7936.0,0.4815189221169355,0.4747983870967742,-0.006720535020161289,0.004888863699941367,1009815.5581179999
0x7dbd29d5755057480c465a8ed1178feddc10e1e3,24.0,0.5287161180958333,0.4583333333333333,-0.07038278476249998,0.10696211169242631,19340.106728,24.0,0.5450814468625,0.6666666666666666,0.12158521980416659,0.09192987056887601,14779.008810000001
0x7dcf235766e6b09c8869468a75d5495cf171a7bd,54.0,0.9541272716037038,1.0,0.04587272839629619,0.0065686938477102766,1937.0,21.0,0.9212539851,1.0,0.0787460149,0.010679277520391068,617.1930560000001
0x7df00357d97916a5c7888b212a94535097790dfe,20.0,0.886450019955,1.0,0.11354998004500005,0.007119826379853394,451.849327,20.0,0.7903500000000001,0.85,0.05964999999999987,0.03318617935225446,672.5799999999999
0x7e391a15247b055f04844c53b847ff9ee349fe16,33.0,0.2437870462787879,0.06060606060606061,-0.18318098567272728,0.04744882033116608,2786.743277,92.0,0.22382669771086955,0.17391304347826086,-0.049913654232608684,0.036884947748800016,5882.740591000001
0x7e418bf276b3462235a09c51fa8dda146b5aca06,21.0,0.9171428571428569,0.9523809523809523,0.0352380952380954,0.02996521036468034,8909.41144,53.0,0.9395555266245282,1.0,0.06044447337547176,0.01440482054567585,21594.203332
0x7edb8d9e184f9747d6957dc3d54e1e8a0d6e7993,6634.0,0.505971184553678,0.4731685257763039,-0.03280265877737404,0.004769019843976128,39647.98722,8934.0,0.489703092126942,0.4526527871054399,-0.03705030502150214,0.004433299683060435,62646.876048
0x7fea691e28d169a33c500607279f2acb49058f74,5547.0,0.49058458827820445,0.4788173787632955,-0.01176720951490895,0.005012839715190175,850611.6282260001,3038.0,0.5080337352620145,0.48847926267281105,-0.019554472589203398,0.007737591173784067,568338.8504639999
0x803d7fa890bfe8dbd31b495c570c7301d03ffc31,49.0,0.7551709684816327,0.8571428571428571,0.10197188866122442,0.04638073802113914,197.27613800000003,33.0,0.5685451243545453,0.5151515151515151,-0.05339360920303016,0.07614905679192761,150.65308399999998
0x804827e673fc737aaa2e09683a796cee0715a602,101.0,0.6891893619158415,0.7821782178217822,0.09298885590594075,0.03823026144327423,1041.104428,46.0,0.6073913397847825,0.5434782608695652,-0.06391307891521736,0.07613836399071482,312.51728299999996
0x809866978e1b5b4bc4d2f24963427ed6aad75646,581.0,0.5890225725626507,0.6729776247848537,0.08395505222220301,0.016007016452614074,21675.299025,308.0,0.502411862402922,0.4675324675324675,-0.034879394870454494,0.025080379189416285,4138.428656
0x80d8dddcfdc075eb70f6d2d774a27bfb255ab703,545.0,0.4871376312917431,0.5045871559633027,0.017449524671559635,0.0182511628452696,40303.935577000004,348.0,0.4642241433244253,0.46264367816091956,-0.0015804651635057398,0.025291410161132153,55215.46482000001
0x8165f885f94e120a28c4d38396acfe4b871b97b8,45.0,0.9178535143066666,0.9777777777777777,0.05992426347111113,0.0169880835062519,17417.914595,87.0,0.9080856191850576,0.9425287356321839,0.034443116447126276,0.013535004985871932,21887.633967
0x81f50b448d31c881499e77ef301a9a4187f270af,47.0,0.3748936224531915,0.7021276595744681,0.3272340371212766,0.07045688318034793,12753.723118000002,70.0,0.5311670809585713,0.6142857142857143,0.08311863332714298,0.051713839827842556,13343.473864999998
0x820a0e91fdf03907ff7d05d0145f9d326f16ca12,164.0,0.5632773567201219,0.7012195121951219,0.137942155475,0.03301745764038038,57555.388583,89.0,0.5322604379191013,0.48314606741573035,-0.04911437050337092,0.04546106531825842,27332.241765
0x8255b414608fa97b7bf7153d7025af0a3dc0cba9,169.0,0.4651501044538462,0.42011834319526625,-0.04503176125857994,0.029066058980018204,2034.623821,20.0,0.78044994944,0.8,0.019550050560000032,0.0774331163093006,104.53200199999998
0x829ae1c1147ca6d2a4529bf36d264fd6cf73a748,70.0,0.7676428161028572,0.8571428571428571,0.08950004103999987,0.02888562272900558,203.66249600000003,113.0,0.506265417518584,0.4424778761061947,-0.06378754141238929,0.04228175358610575,735.531743
0x831cfc1bbb586878610ac21fed0c9a3a2e66ce7d,27.0,0.8032592592592592,0.8518518518518519,0.04859259259259263,0.030422254340255403,716.2200000000001,41.0,0.4907317131902439,0.6585365853658537,0.1678048721756098,0.0716474359947393,1373.946342
0x831d0c4050cef46dd2cefc1f1cfb8579d1c20705,61.0,0.6651322112311472,0.7377049180327869,0.07257270680163974,0.05567353672465031,727.955987,151.0,0.5259315427754967,0.5231788079470199,-0.0027527348284768216,0.03895150777165666,793.315637
0x836f41c6520e8c5d68cc6787e80dea37f08fe56c,40.0,0.9269874999999999,0.925,-0.001987499999999809,0.04107953701513936,1418.98,20.0,0.902675004625,1.0,0.09732499537499995,0.020986784366604155,649.969045
0x84ad9c5c547a82ec9a08547b94bd922446e5bfb7,52473.0,0.5653070605345645,0.5789453623768415,0.01363830184227699,0.001715742017113991,911102.741625,23699.0,0.6255576469148107,0.6342883665977468,0.008730719682936039,0.002814591645232253,609846.0302560001
0x84cfffc3f16dcc353094de30d4a45226eccd2f63,111.0,0.5244749965378378,0.5135135135135135,-0.010961483024324314,0.02766020686975531,44486.32,33.0,0.7018181818181818,1.0,0.2981818181818182,0.00181818181818182,2258.5
0x84d7b7a1d571534fbad757dfafdf9e604726298f,74.0,0.2810810937567568,0.25675675675675674,-0.02432433700000003,0.059311372329768866,4196.215986,121.0,0.5170082667429752,0.4214876033057851,-0.09552066343719007,0.03056300685686827,3981.841678
0x84f7860753f0fb62e7e786523690661c4255ade1,113.0,0.2552566364920354,0.02654867256637168,-0.22870796392566373,0.016069876993577266,6210.114509,27.0,0.1105925918185185,0.037037037037037035,-0.07355555478148146,0.03836685021900016,1488.84857
0x85264d29fa7279946d15105c17eb6c2533f572aa,103.0,0.3776421100106796,0.3786407766990291,0.0009986666883495254,0.04662033657879572,3545.7436810000004,140.0,0.4269016649771429,0.37142857142857144,-0.05547309354857144,0.03616033119110786,6129.36258
0x8546a601f7c7cc3dae7141f20b0e09e42bbf35b8,28.0,0.6517857275785716,0.6071428571428571,-0.044642870435714466,0.05412234637457116,4894.821363,150.0,0.7585051209019998,0.84,0.08149487909800013,0.026035225399579885,170204.977003
0x85630920a4199fb360724c2e07492b343cdf5e98,84.0,0.9814846467714284,1.0,0.018515353228571563,0.003461398657047318,7786.7502,76.0,0.9745113935342103,1.0,0.025488606465789654,0.005133889083899855,4013.23
0x85ad17bb98ad98420b043867a803fa9d8213d3fb,61.0,0.5334389774344261,0.47540983606557374,-0.0580291413688524,0.0473172639982413,962.8186559999999,49.0,0.5395917867326531,0.46938775510204084,-0.07020403163061223,0.06327343866871958,363.548813
0x85c3e3052e5bbe835ff27a4cbf2abd296a89700c,22.0,0.5326059563272729,0.6363636363636364,0.10375768003636343,0.10038510497797978,3016.3348050000004,79.0,0.45547721520506324,0.379746835443038,-0.07573037976202524,0.05297280869108842,14248.653518000003
0x85d57ae07c1c0cae93f1ed6d05166eff4233bbf0,26.0,0.36153847619615387,0.2692307692307692,-0.09230770696538465,0.08066704220158166,4162.496175,36.0,0.3483333679944444,0.1111111111111111,-0.23722225688333332,0.03701911342303343,1934.6878669999999
0x8644485e16abbbad5b3141b3b4ee6742ba96ad01,52.0,0.4404074954750001,0.34615384615384615,-0.09425364932115393,0.0501607231589241,8257.268586,39.0,0.5502564186410256,0.23076923076923078,-0.3194871878717948,0.07555101129738404,8087.20449
0x864929c386be023347d02e9eea10c942febbba57,42.0,0.4945604584928572,0.5238095238095238,0.029249065316666656,0.07232216485131285,2623.717376,75.0,0.46678806656000005,0.52,0.05321193343999997,0.0582497079610126,4975.762837
0x86b1d13d442471814d47218b1486cb364cc0c094,53.0,0.2987232897962264,0.18867924528301888,-0.11004404451320754,0.05057918928107983,4692.257774000001,393.0,0.1804497477745547,0.18829516539440203,0.007845417619847334,0.017536178675132835,72697.163649
0x86c878cde72660ec52f5e6f0f0438b76de8fc867,88.0,0.6299269848795455,0.8522727272727273,0.22234574239318183,0.021504659309687323,35777.560337999996,123.0,0.7328444392447153,0.9349593495934959,0.2021149103487806,0.018847306537580592,43844.319706999995
0x86ffba1728ec739f158410e3d95a0ca5daed1d98,265.0,0.48705112439547177,0.4490566037735849,-0.03799452062188685,0.020987371017913516,1987.911548,107.0,0.5299065420560747,0.4205607476635514,-0.10934579439252329,0.04311660916671054,557.213075
0x871188a9ede9648ee1e8c2fb651f2d503afcd2d0,45.0,0.5861421065488889,0.7777777777777778,0.19163567122888892,0.05185574626440308,1610.856803,24.0,0.4997606884541667,0.625,0.1252393115458333,0.09167431225559242,1063.3311370000001
0x8718865882e085b764825b637788043c16185040,25.0,0.844446095592,0.96,0.11555390440799995,0.046887240761375945,110104.381224,43.0,0.6395211690697674,0.46511627906976744,-0.17440488999999998,0.0557584736352066,176591.89549800003
0x8721b919230aac913e9aabed38d143c34a515a7b,28.0,0.347197869975,0.25,-0.09719786997500002,0.05367254054833856,464.92749699999996,20.0,0.2993295830999999,0.3,0.0006704169000000815,0.06561521278527788,517.731642
0x87c85a2235e9dcb79a15730c6988b0e6bf5d72eb,52.0,0.9336537667903847,1.0,0.0663462332096153,0.010461551517415372,66.37503599999998,35.0,0.9453713196314283,0.9714285714285714,0.026057251797143133,0.0291388458932142,40.260662
0x88335d2d601fbbf411e3832407e7665facab07ec,48.0,0.72743739805625,0.6458333333333334,-0.08160406472291659,0.06217391052486833,92.41451,31.0,0.6873869915064517,0.7419354838709677,0.05454849236451609,0.08082453793221876,50.10693499999999
0x88fbcd3e2a14d387841fe071621ebfbbb08f760e,25.0,0.350539846064,0.32,-0.03053984606400001,0.05911568890084935,306.636641,27.0,0.5203703688037037,0.4444444444444444,-0.07592592435925927,0.09341001020883878,1873.997589
0x8929a63143fba9416c8e0d3c96388b429c47733e,23.0,0.3065652201347826,0.21739130434782608,-0.08917391578695652,0.03992397195589813,1010.804042,33.0,0.4057575768878788,0.3939393939393939,-0.011818182948484857,0.05478189274340973,4203.531514
0x893575c7d99542163c6b6e8a0fe5af0b6d217daa,1391.0,0.5161998672514737,0.511861969805895,-0.0043378974455786645,0.011690453947169683,6356.717992,11397.0,0.4897733744863035,0.47284373080635256,-0.016929643679950923,0.004139244460977552,92983.765943
0x894381f05b7133c66b6b35f60db29d4d33096c65,272.0,0.5707733647356618,0.5882352941176471,0.01746192938198532,0.02382873260660038,1845.1244699999997,146.0,0.6197517993452055,0.636986301369863,0.017234502024657483,0.03768215402981353,512.026067
0x8951294fc954ddb5cba44caabc58edc2dbc1dfcf,69.0,0.5330579891463768,0.5072463768115942,-0.025811612334782574,0.04716626894901677,490.36575300000004,37.0,0.49108109244864856,0.40540540540540543,-0.08567568704324313,0.07707445510792166,379.333852
0x89687c25a41012b265a6856e1574fbfb1a94c3c1,159.0,0.4509542194735848,0.4025157232704403,-0.048438496203144554,0.031225073796032857,1393.6451270000002,25.0,0.44719990935599996,0.32,-0.12719990935599995,0.08584388730567827,75.41389699999999
0x89b95743b1cac9a67851042531f0acbe89c6118e,54.0,0.5593333599185185,0.6851851851851852,0.12585182526666672,0.06149002414347038,1035.54551,25.0,0.502800019916,0.48,-0.022800019916000003,0.10053277731812815,396.119325
0x89d63b7bf6e68e5796546d712d0101770be5c3c5,40.0,0.91181170891,0.975,0.06318829109000001,0.016015584661581497,3524.9081969999997,66.0,0.91038037655,0.8636363636363636,-0.04674401291363639,0.040290647273129546,13794.922974000001
0x8a269634753d90783f52c58e5ae9a8b9679e937e,36.0,0.49264814876388907,0.4166666666666667,-0.07598148209722239,0.07054803966488174,50738.096054,50.0,0.43202360904799997,0.1,-0.332023609048,0.040596471984204574,140881.059227
0x8a38b73b9f64e51e295ba8153af8dc066a22d420,48.0,0.5251875030395833,0.4583333333333333,-0.06685416970624997,0.04981893569211373,1103.668936,26.0,0.5159631092346154,0.46153846153846156,-0.05442464769615385,0.07416502086172225,316.16869999999994
0x8a3d4139bd0efbfdd946fef2b8cdd908a9f9316c,66.0,0.541933354451515,0.5606060606060606,0.018672706154545526,0.057101858632006716,3485.0700570000004,34.0,0.38000001405,0.35294117647058826,-0.027058837579411743,0.08305929759320416,899.655884
0x8b82f7661b2fc76e4ea3bf2068f7582851ba2e22,43.0,0.18586499439767443,0.09302325581395349,-0.09284173858372094,0.03115499489693961,3056.412706,24.0,0.2556346145875,0.16666666666666666,-0.08896794792083332,0.06542415051975518,444.759058
0x8c0b024c17831a0dde038547b7e791ae6a0d7aa5,66.0,0.16518182474242427,0.09090909090909091,-0.07427273383333335,0.03885090510742132,41113.012522000005,55.0,0.47345455250363644,0.9818181818181818,0.5083636293145454,0.020817895103945768,17838.978171
0x8c73d0083d00049fd1c6a1bae61e166bba436daf,25.0,0.8091999260880001,0.96,0.1508000739119999,0.03795452103834531,28623.832793999998,35.0,0.83879391782,0.9714285714285714,0.1326346536085714,0.02723977515493177,54238.80161499999
0x8c95a7968260a697277ffd94ec927e34f5f88a0b,46.0,0.8195858496217392,0.9565217391304348,0.13693588950869562,0.03979401606182461,19015.095112999996,21.0,0.7017459997809525,0.9047619047619048,0.20301590498095223,0.0661758929331883,7637.126404
0x8ca21445fc588f48128c2180fb885fb07ecb1d74,81.0,0.41580244491111107,0.2962962962962963,-0.11950614861481479,0.03479920375513807,1478.454653,76.0,0.46670388534078944,0.4868421052631579,0.020138219922368472,0.050516036893067204,679.2001619999999
0x8d07c1d46cb9aed55bd3742d5ef757b3c91fb9fe,168.0,0.23418772462261903,0.17261904761904762,-0.06156867700357141,0.02613465080155183,9814.244094,225.0,0.2618367769991111,0.27555555555555555,0.013718778556444433,0.026767553056766355,10344.120291
0x8d0c8253703b8febbe53f45d182671c5385dc90a,24.0,0.44708333385416665,0.4583333333333333,0.011249999479166661,0.07611326524259716,278.955105,247.0,0.4675708660425102,0.48582995951417,0.018259093471659826,0.024401782762870472,7520.689684000001
0x8d10b39465225d7a881b56b4af8354997f0c940a,31.0,0.4861290117548387,0.45161290322580644,-0.03451610852903225,0.06742074523400036,581.3971829999998,60.0,0.47983331964,0.5333333333333333,0.05350001369333335,0.0613970243692889,2242.396332
0x8d114f32faa0c5fb423e4d5d590f72deaad3a8e1,82.0,0.3076433778085366,0.24390243902439024,-0.06374093878414638,0.045661426863748494,662.703562,90.0,0.2752222205477778,0.16666666666666666,-0.10855555388111113,0.034229540767340964,713.139205
0x8d191441006b5e569f92023d24cce825cf40bf25,42.0,0.508948347002381,0.42857142857142855,-0.08037691843095246,0.0641426012050541,930.348269,35.0,0.5317408950514284,0.5428571428571428,0.011116247805714408,0.07003545675807644,1805.136491
0x8d88d51a302d3bfb8fc2f71abdfd5f676cbd1e28,96.0,0.41847262741666674,0.4479166666666667,0.029444039249999943,0.048154265357593665,7755.775106,35.0,0.4768571503571429,0.45714285714285713,-0.01971429321428575,0.07606540368412484,3682.4157389999996
0x8dd8f566b50f54a7a8ec02412723974b40679a1c,231.0,0.38895749925411255,0.37662337662337664,-0.01233412263073591,0.024546040956809307,12195.288387,78.0,0.5092135491333333,0.3974358974358974,-0.11177765169743586,0.048727549115453093,4773.235202
0x8e1c011dbfa2db2b5af9b021c56a18f37ab0a9a5,285.0,0.6740361535677193,0.7017543859649122,0.027718232397192955,0.021171744202887338,947.079386,172.0,0.6365082381965116,0.6453488372093024,0.008840599012790773,0.026897899255632206,577.992886
0x8e52216607ebb117b498b689bcdc6d778cd32320,804.0,0.989183818932587,1.0,0.010816181067413,0.0004132060797287981,263955.14288000006,525.0,0.9657803767015238,0.9714285714285714,0.005648194727047584,0.003620887943923061,235114.248493
0x8e62319a1be9bc75972881c074596ad2cbcefd00,28.0,0.5708991096285713,0.6428571428571429,0.07195803322857164,0.06403828562870525,1339.2386510000001,55.0,0.4638596136945455,0.4,-0.06385961369454546,0.06341451375285717,909.6356200000001
0x8f142d9acab6bdbb823d0f0a2b035e4783aeca5a,221.0,0.3837149523276019,0.34841628959276016,-0.035298662734841724,0.028311968590070204,3621.804087,109.0,0.5136193961614679,0.46788990825688076,-0.04572948790458714,0.038528220385180945,1003.420725
0x8f41129e43ebfbfe6075d0804f3b2bb763b3260e,22.0,0.4202727421954545,0.6363636363636364,0.21609089416818184,0.0606390862380888,3322.247855,29.0,0.5079128969206896,0.10344827586206896,-0.4044646210586207,0.05174823103199233,1962.7608059999998
0x8f764c8d09187f0cdee635f8043f0624c680aea6,43.0,0.6248839911813953,0.5116279069767442,-0.11325608420465105,0.07466807796157116,32814.829981,74.0,0.4842791659729731,0.6351351351351351,0.15085596916216198,0.05446080943565398,70805.269002
0x8f88b822c115fc168672b142a953d37d1ea4ca51,58.0,0.31281034484827586,0.3275862068965517,0.014775862048275856,0.0581635679032506,9080.763724,75.0,0.31429333714666663,0.36,0.04570666285333336,0.049071449235766,13229.566146000001
0x8fb021f6e9e2efa5d4a0ceda7ada0ad59649408c,22.0,0.46590910495000004,0.5,0.03409089504999996,0.09035681625024988,246.370432,81.0,0.39333333924074076,0.37037037037037035,-0.022962968870370415,0.049935589288168915,746.4487980000001
0x8fb42a78d00f0b08670b51a4fae571389b78d080,103.0,0.5041941853485437,0.47572815533980584,-0.02846603000873782,0.03677867356885245,666.0273619999996,68.0,0.6089705882352943,0.6470588235294118,0.038088235294117534,0.050285212592617,399.99999999999994
0x8fc9392c8ad729cb5cd7590baa423c04827dec4b,200.0,0.123340042826,0.08,-0.043340042826,0.017348641162231143,11063.537858,20.0,0.15949996067,0.0,-0.15949996067,0.021392016358755817,466.1869689999999
0x8fe730b55cf3468c01a884cfcde79c2dfb4d6c1f,24.0,0.3222083333333333,0.16666666666666666,-0.15554166666666666,0.07045709916727791,326.38,28.0,0.44681304761785723,0.39285714285714285,-0.05395590476071438,0.050811436746919174,1234.0
0x901bd4c78eec2c0e78e058fda39e03f33a7759ef,106.0,0.29341928480566043,0.39622641509433965,0.10280713028867922,0.04433966411075976,9579.958245,31.0,0.29119919096129027,0.06451612903225806,-0.2266830619290322,0.05493055677454615,2178.947352
0x9079e3b10d8422844afd9cb7f36468a3c6a0b19b,132.0,0.564372796281818,0.7803030303030303,0.21593023402121225,0.0332539707258543,7779.129101999999,50.0,0.562814008934,0.64,0.07718599106599999,0.05084779323659021,3929.264428
0x9086ecc713bc35f307d7ba3c87d1c1c1c1514d46,49.0,0.4719134573836734,0.4897959183673469,0.01788246098367352,0.06500436712276124,24239.555119,43.0,0.4872161885418605,0.5581395348837209,0.07092334634186043,0.07597944633069818,18102.118075999995
0x908aad3bfbd70410e73f1db6a3e46c2a917cad16,1576.0,0.5271409040589466,0.5558375634517766,0.02869665939282995,0.010888441813533272,59542.795734,673.0,0.547019569152749,0.6523031203566122,0.10528355120386323,0.015628382993502575,40315.369162
0x90e048187a50d43f1c8438abd37fe639a393ff4c,38.0,0.35368421762368424,0.15789473684210525,-0.19578948078157898,0.03619260899258806,8735.833274,114.0,0.451315795031579,0.43859649122807015,-0.01271930380350883,0.0431528530893836,1038.9696159999999
0x9106cf79b02f85d8f1e546802ed916648f44afcb,97.0,0.6635979423938144,0.7216494845360825,0.05805154214226804,0.016865296169073046,83019.31399600001,60.0,0.44305000755999996,0.45,0.006949992440000052,0.01614061365396194,23376.783300999996
0x914a43289a5541bd0b41f6a3bdef82235687a1c8,183.0,0.4858469966868852,0.47540983606557374,-0.010437160621311448,0.016833814988105072,868.761001,468.0,0.5655235302876067,0.5491452991452992,-0.01637823114230752,0.019725766386056928,5338.826636
0x91ac00e15e85a986f4d3d035e3d9b1b4ac435ff3,22.0,0.515909090909091,0.7727272727272727,0.2568181818181817,0.08568639681406133,283.13,86.0,0.39616279288488365,0.38372093023255816,-0.012441862652325497,0.0496879280773365,1720.6366090000001
0x92603675eac91ad4d0c00fb562aef54294051068,131.0,0.6715059985221373,0.6641221374045801,-0.007383861117557178,0.02574209744082037,471.084348,24.0,0.6533332067833333,0.625,-0.028333206783333287,0.09147673757894288,43.219533
0x92669f1c125aa94ec4219af8c2fd1283c42e8f3c,39.0,0.6123124673692307,0.5641025641025641,-0.04820990326666663,0.06661272815991384,8027.856179999999,41.0,0.6863140964195121,0.6829268292682927,-0.0033872671512193975,0.06529536171442996,6011.134277
0x9267ea71a21824a32a38dd019d41e0de252a5696,28.0,0.748214295675,0.75,0.001785704325000026,0.08505841875961491,1139.1248269999999,103.0,0.7257994447805823,0.8058252427184466,0.08002579793786424,0.038988360803630294,5128.887801000001
0x92c89d98c71fa68d2c32cdfa9426b56ab07c45f6,1406.0,0.466785214736202,0.4879089615931721,0.021123746856970105,0.008231778088468939,63634.13985299999,3844.0,0.46117066851573885,0.4799687825182102,0.018798114002471333,0.006123210163054494,132031.926952
0x930b9f51d80ff27a8ab75cc51711c67847f9faa6,24.0,0.26150373914166664,0.16666666666666666,-0.09483707247499998,0.0639401001867326,291.085022,82.0,0.3791130144,0.15853658536585366,-0.22057642903414634,0.03919352817677018,3484.5906489999998
0x93957e3f35f2b26baa52ae5b6df1c0e07fa1ec86,164.0,0.9167246624134145,0.926829268292683,0.010104605879268425,0.020381966875375374,14690.627192999995,62.0,0.9185644864935482,0.9354838709677419,0.01691938447419372,0.03161723546100532,67.50806299999999
0x93bfac600820abf164a28e18ea1131ba7ba2a572,197.0,0.7635290257274113,0.868020304568528,0.10449127884111664,0.02411280248359745,6658.967836999999,278.0,0.7656094483866906,0.7949640287769785,0.02935458039028782,0.024151068714054987,13810.167264
0x93f48e638d6035fff58c835299874255219af72a,24.0,0.9668749998041667,1.0,0.03312500019583331,0.007076525971890615,155.51268499999998,63.0,0.9620173892079364,0.9682539682539683,0.006236579046031809,0.02232071486060558,540.8405129999999
0x945a49252f772a10c6ddd1d1e1e24ee20438a48c,3507.0,0.4767168611441403,0.4816082121471343,0.004891351002993982,0.006472200212116085,24615.323804,1754.0,0.47503421766966936,0.475484606613455,0.000450388943785629,0.010740096705175263,14231.393105
0x94746ed6c69bdd5d5711b18d781d3978ef705091,306.0,0.03298366113627451,0.026143790849673203,-0.0068398702866013066,0.00924968552264725,5117.545481,144.0,0.031694445060416666,0.013888888888888888,-0.017805556171527778,0.00980701645629401,2201.1138979999996
0x948b7f2f159eb7f5c0270a0b188ab580d77da188,356.0,0.5489156296926966,0.5842696629213483,0.035354033228651716,0.020533969797693355,18225.205536,30.0,0.48399994531333335,0.6333333333333333,0.14933338801999996,0.07960242232101136,370.91586500000005
0x94bb23ba929a98606b5f7514afaa6756f7bb77ee,38.0,0.29901470568421046,0.10526315789473684,-0.19375154778947362,0.05403807329565978,8516.416527000001,144.0,0.25520378988333337,0.2013888888888889,-0.05381490099444447,0.031204143316512643,27083.379424000002
0x952786297c560ebe88de2bac6ccf7cbcf531f108,531.0,0.22953676300244824,0.22033898305084745,-0.009197779951600787,0.009914562316955196,9992.127417,275.0,0.3784619564650909,0.38181818181818183,0.003356225353090936,0.02203742393146807,7718.534634
0x956526d81247fe9f7179813585d4db1a29aaec9a,69.0,0.440351891731884,0.15942028985507245,-0.28093160187681154,0.04877057543819407,663.021115,122.0,0.38476368534754096,0.3770491803278688,-0.007714505019672135,0.03471937310831978,1087.734833
0x9644f8279ece7be8422bb2f40712f0c696c7d03b,21.0,0.6252380952380954,0.7142857142857143,0.08904761904761893,0.0784428963122819,1086.5974999999999,50.0,0.5154000213819999,0.52,0.0045999786180001,0.06544180279723241,4215.589922
0x9663a1bc594a019693631f39ed50e03496185b70,29.0,0.45620689655172414,0.5172413793103449,0.06103448275862072,0.07694656969661105,492.65986000000004,80.0,0.4660000004125001,0.4625,-0.0035000004125000928,0.05301065697733943,2091.134357
0x9694d6672357c3cf44ae8256f08b99280f0ab7ad,69.0,0.5662319041028987,0.6376811594202898,0.0714492553173911,0.038945650369857955,6163.005285,59.0,0.5944067962152544,0.6949152542372882,0.10050845802203379,0.06162547460590227,4059.2465919999995
0x97488b77e6e3b3e0ae90465c82739f0ed494228c,81.0,0.6951851430703704,0.7777777777777778,0.08259263470740741,0.024002812631523478,321.20712899999995,87.0,0.6749424895574713,0.896551724137931,0.22160923458045978,0.024552056386637308,848.571684
0x978f75054e9beb93bc208b1140ec33fbfe1ae14d,143.0,0.676135042090909,0.7342657342657343,0.05813069217482525,0.03339081424897407,939.7221050000003,118.0,0.6618175843169493,0.6864406779661016,0.024623093649152383,0.042373376914221696,869.234067
0x982543486678a1b6f5c1e9ba189427fe5b789ffc,24.0,0.43374997083750005,0.375,-0.058749970837500054,0.07603229316042284,1242.4390130000002,36.0,0.3559818186027778,0.4444444444444444,0.08846262584166664,0.08307161093990927,999.7883880000002
0x985d4f391c400f4a8479461a4ac3e49dbbb833c9,157.0,0.43496817617961786,0.40764331210191085,-0.027324864077707012,0.034629980138550835,1821.6175429999998,218.0,0.3773394653490826,0.3073394495412844,-0.07000001580779819,0.027492249324095788,2952.690203
0x986b121c40e715167dde178b8520bf132a57bdc6,55.0,0.979576134607273,0.9454545454545454,-0.03412158915272756,0.026678253657435636,86187.16333200001,6916.0,0.452306177800188,0.4347888953152111,-0.017517282484976915,0.00531378142437624,104097.275563
0x98883c610e4400dd998f81cf41658d51ff06e6fe,434.0,0.41248967618387095,0.4078341013824885,-0.004655574801382456,0.020907035663776496,20646.088664000003,298.0,0.4468153739466442,0.46308724832214765,0.016271874375503426,0.026874422228215483,34191.202744
0x98a79b835565d6fbc877121d04020e961325b766,142.0,0.6669568743612675,0.5704225352112676,-0.09653433914999987,0.02789948480338533,12777.519409999999,42.0,0.7573300036214285,0.5714285714285714,-0.18590143219285715,0.05805548859415424,5647.851242
0x98db8cca55c32b24cfb414b5b43d273f4e1fdd17,14945.0,0.48113909201603217,0.48618266978922714,0.005043577773194974,0.003163967031295203,1406944.27624,15332.0,0.5047590384456692,0.5393947299765197,0.034635691530850554,0.003280798068739573,1607447.5769840002
0x9991fe1fbb5b4b5394a98cfc60b8fae47f6436b8,53.0,0.5658401933641509,0.6037735849056604,0.03793339154150943,0.06289268339117579,572.7044940000001,105.0,0.5091115411342857,0.5047619047619047,-0.0043496363723809495,0.04546248136502498,2496.8070910000006
0x99bce72fb855cc8eebe6c85683ede46da1784f35,153.0,0.2077678926620915,0.1568627450980392,-0.05090514756405229,0.023743929478441665,8914.170880000001,710.0,0.2272863841869014,0.19436619718309858,-0.03292018700380281,0.014629958586350656,40420.813473
0x99d76c8a97a7c7ed25ecedc881d5aed3a73c6435,212.0,0.524417235210849,0.5283018867924528,0.003884651581603782,0.028707681566946655,56584.640065,76.0,0.48921576355921054,0.47368421052631576,-0.015531553032894774,0.05274310310507275,31107.128106999997
0x99f0d31fdced5b3a0e5ee2867730a6644a6c9495,292.0,0.31742125222020545,0.4623287671232877,0.14490751490308224,0.02818230864015562,80651.757416,271.0,0.32694466068708483,0.19557195571955718,-0.13137270496752765,0.02341641400721621,51342.585731
0x99f7db1fbcf6a73fa23d1a7a46bbc224627d1a59,130.0,0.33521538595,0.27692307692307694,-0.05829230902692306,0.03373208579090575,9456.470421,102.0,0.3447058835411765,0.4117647058823529,0.06705882234117644,0.04343184042196607,7613.398131000001
0x99fb27843152178165372024b0e022333421acba,59.0,0.8551456789949153,1.0,0.14485432100508466,0.008901957986237686,49747.733758,24.0,0.8695833429541667,0.9583333333333334,0.08874999037916664,0.03013443582030219,11174.329518
0x99fc64e30de1d36502c984d69d3b81f39910ec26,27.0,0.4885674029925926,0.48148148148148145,-0.007085921511111148,0.05995430030999416,23199.416328999996,46.0,0.4039076931543478,0.43478260869565216,0.030874915541304337,0.061061056076735586,48587.774019
0x9a3fa403a6666eef75f92f181fcf13f9c051914a,119.0,0.5152824308512606,0.3277310924369748,-0.18755133841428578,0.030391021008204892,33309.291243,55.0,0.7869090916363635,0.7090909090909091,-0.07781818254545436,0.06241637679089201,42499.968314
0x9aa7b3591a8dd282aa9f8cb83b48747e2edae3d9,47.0,0.14856652673829787,0.02127659574468085,-0.12728993099361702,0.023514170419894904,2879.9492509999995,55.0,0.1963326569490909,0.12727272727272726,-0.06905992967636365,0.043241104245582855,1114.95
0x9abbdf321694eec4028e9b3be0d2a07a662f3f96,20.0,0.78181742443,0.9,0.11818257557,0.04659112703495876,4746.948321,44.0,0.7873039603772726,0.9090909090909091,0.12178694871363649,0.037710288897754,23985.284648
0x9ac2536ed93f8fe8ce91d9662b03bcbb19ccbe3d,328.0,0.6937120396963414,0.21951219512195122,-0.47419984457439024,0.02271473703437799,203722.04845,75.0,0.7192501251159998,1.0,0.28074987488400016,0.013773815124777381,218875.00497900002
0x9b37c805c6ce091575cfeee561fde5f7d6570eb2,284.0,0.6921674237183099,0.6936619718309859,0.0014945481126760196,0.020325096975362368,1024.0119180000002,110.0,0.6410908315790909,0.6363636363636364,-0.004727195215454505,0.03273078969018654,674.3814780000002
0x9c76cdb43fb46454da005fbc82047a64a18ec926,83.0,0.3233734981746988,0.21686746987951808,-0.10650602829518072,0.043595202521776115,125867.42310799999,67.0,0.3534038122194029,0.2835820895522388,-0.06982172266716413,0.04855989749901052,121651.785584
0x9cb48ddd4185f3e947edf596589e40e574588285,411.0,0.5552524436437956,0.8175182481751825,0.2622658045313869,0.021577936523014738,34623.177539,128.0,0.6471705885171876,0.6015625,-0.04560808851718756,0.036599084310481526,27597.651943
0x9cb990f1862568a63d8601efeebe0304225c32f2,20.0,0.07950000000000002,0.05,-0.029500000000000012,0.029633506995327182,40488.970774999994,183.0,0.62506397581694,0.7213114754098361,0.09624749959289614,0.022134921435491225,566509.678953
0x9d8a71b1caf3cf1d7cc72b610058c6c424865201,123.0,0.15204311508861787,0.032520325203252036,-0.11952278988536583,0.017242625595600535,51230.713662,186.0,0.29606325225322583,0.3387096774193548,0.04264642516612899,0.032616199863410626,118143.26068200001
0x9d94f602535e518ee1cb6aade0ca9569f1b1017d,2246.0,0.5006655250018701,0.5213713268032057,0.020705801801335633,0.006839279895911207,552881.463396,1012.0,0.49588143327312245,0.4288537549407115,-0.06702767833241097,0.011716249217093173,342523.406625
0x9e20c1016cfdf518c84aa398d64bf9b2277a5cf9,22.0,0.4290453653090909,0.4090909090909091,-0.01995445621818176,0.08720678241052959,88.02832500000002,489.0,0.5254701971224949,0.588957055214724,0.06348685809222909,0.020760878578613223,2117.074173
0x9e5c74c0bf46f0bf3fcd1064d17e6201c67fd8e6,1671.0,0.4827107640836625,0.5266307600239377,0.043919995940275236,0.010133452365844647,426111.847033,92.0,0.20010869977608695,0.08695652173913043,-0.11315217803695651,0.02658988040591984,74633.27545199999
0x9ec29efed08d7f8ace3f3eaff98d5bb21789bd08,146.0,0.35723665881780825,0.2534246575342466,-0.10381200128356166,0.03350045990122487,26648.329518000006,153.0,0.3904755667771242,0.3006535947712418,-0.08982197200588238,0.0341642267675586,82007.37037700001
0x9ef1dcac29e39d2279c2c393a532739c11145aca,26.0,0.4626923076923077,0.5,0.03730769230769232,0.06498652568579166,303.04106,187.0,0.5541631022743316,0.5187165775401069,-0.035446524734224716,0.029927914422465982,3467.4602999999997
0x9f208e85f326f865077fffa68b32d8b0e2bc12c3,39.0,0.8630769265974357,1.0,0.13692307340256427,0.032959722366943285,1293.81857,29.0,0.9706367852965518,1.0,0.02936321470344816,0.006798559394462863,1143.962246
0xa05a6054ea4274b34d663b868dc3bd61a68e4635,115.0,0.46495653376869567,0.48695652173913045,0.021999987970434787,0.03839618423864146,695.548319,78.0,0.4393589981294872,0.4358974358974359,-0.003461562232051296,0.05218496875984292,568.021942
0xa0bb2ef3dc4048ea1dbf88619e2c06d125a04c8a,139.0,0.8727631874582735,0.8776978417266187,0.004934654268345162,0.020632143776910323,8173.386653,112.0,0.8732856999348214,0.875,0.0017143000651785867,0.028570166537576304,1035.498027
0xa0f21e6d351baa9185716b5c00c2925ed9621848,41.0,0.513635783804878,0.6341463414634146,0.12051055765853669,0.0779138952488033,31490.52,1092.0,0.48791989883461534,0.3974358974358974,-0.09048400139871793,0.012554483698522046,607609.9527749999
0xa16a1302ca05463f30faebeb5c045767fde233a1,26.0,0.9861103471923076,1.0,0.013889652807692388,0.0039762051261627955,8419.067141,98.0,0.9688156975510203,1.0,0.03118430244897974,0.0035102405402706737,255114.85
0xa18267dca1488ff8178f10aad5078601cbbe3106,43.0,0.6757309276930232,0.7209302325581395,0.04519930486511625,0.056886026693015936,3328.7217279999995,60.0,0.7045193641099999,0.7166666666666667,0.01214730255666674,0.05546563048797922,4476.050199
0xa383e8937ce63067bf7ce06dc44181ef9080a2f0,77.0,0.5177922082337663,0.5194805194805194,0.0016883112467531713,0.019467801768047514,364.934042,106.0,0.4770232899943396,0.5849056603773585,0.10788237038301884,0.041154154772298855,2813.400043
0xa41520ea8271085561a0099311862ce6f1976fb9,33.0,0.5096515550939393,0.48484848484848486,-0.024803070245454473,0.0793533521221729,1684.205193,21.0,0.42032671231428587,0.2857142857142857,-0.13461242660000017,0.08429524784629835,739.9738540000001
0xa41e921dae0934071c3e51fe2d394da315670a1c,24.0,0.95003125,1.0,0.049968750000000006,0.007162773512305616,1202.52,47.0,0.9437159814127659,0.8936170212765957,-0.05009896013617021,0.041568210204063726,1949.3705560000003
0xa42f127d7e8df9f16881ffcc9ed0bc0326875f5a,4493.0,0.4995632793338972,0.5123525484086356,0.01278926907473843,0.005010169767223968,486652.019466,7249.0,0.48733225983248724,0.49165402124430957,0.0043217614118223335,0.004732351667831677,178242.46319799998
0xa44a3129e3b47d2702519ace8694c0e1f46388ec,63.0,0.5988389658873016,0.5873015873015873,-0.011537378585714242,0.0592203148454033,15232.107547,38.0,0.48911782121842107,0.5,0.010882178781578933,0.07053351730487405,12891.093789000002
0xa4e810d1f9273ba30a3827ab966cc857942cff03,70.0,0.5321067309885714,0.6142857142857143,0.0821789832971429,0.04704112433933114,3385.6350399999997,118.0,0.5034321646271186,0.5254237288135594,0.02199156418644077,0.04041174337061153,1353.942783
0xa4f9c68b4bd09e51e41cc8ebdb565171d1af9419,353.0,0.2010555747240793,0.059490084985835696,-0.14156548973824362,0.013769695606167026,75923.84659500001,114.0,0.3393859694561404,0.631578947368421,0.2921929779122806,0.046012857363162185,56084.58961899999
0xa509ae942ac8d8bc3f8c5df30cb6ae2c9b13ae46,16595.0,0.47405108649492017,0.4748418198252486,0.0007907333303284192,0.003033960321196527,333360.24537,10679.0,0.47329208442073223,0.4763554639947561,0.003063379574023861,0.003866294314472382,225796.250474
0xa516cadaca301e84c7bee177bad1a7398589235c,24.0,0.2991666726458333,0.25,-0.0491666726458333,0.07463902486228126,648.67953,26.0,0.2901757096307692,0.23076923076923078,-0.059406478861538436,0.06658532127834058,842.043022
0xa54de3eb0aeebe109eae42f9501a98ea6b78deb8,20.0,0.71080329705,0.85,0.13919670294999997,0.06421346636866146,3881.786124,22.0,0.6529717371636363,0.6818181818181818,0.028846444654545444,0.09150296565535346,5152.856059999998
0xa55771fced93da3cea427d3233c96602910a5e8a,20.0,0.0405,0.0,-0.0405,0.003802699871905417,1299.9272399999998,29.0,0.3920689671241379,0.5517241379310345,0.15965517080689656,0.08171873333677836,6209.855293
0xa56d4ac84d4cf2a1c0ae6a7b6324d30c6b643053,42.0,0.732709075497619,0.7380952380952381,0.0053861625976191485,0.06323898704721669,1430.6947920000002,36.0,0.8051584113166667,0.8611111111111112,0.055952699794444505,0.061215588056127784,2150.7578999999996
0xa578b91dc07afb421d156151925b55f871856702,90.0,0.5274444623422223,0.5222222222222223,-0.0052222401200000546,0.055811398511164706,6756.640497,93.0,0.34201793926881713,0.34408602150537637,0.0020680822365592433,0.04502678781064333,1301.819456
0xa5a15b8c9d47d66e3b70c695355d9ae026ad3e3b,46.0,0.010000000000000002,0.0,-0.010000000000000002,2.585973076299243e-19,5099.980299999999,43.0,0.010000000000000002,0.0,-0.010000000000000002,2.676736436011058e-19,2399.9628999999995
0xa62373e4098417a42d666da61338dcc69e0fa4fe,227.0,0.5156922717603525,0.5506607929515418,0.03496852119118932,0.02265067278569009,39721.598213000005,81.0,0.5232133345024692,0.43209876543209874,-0.09111456907037047,0.040064664920507365,14143.642521000002
0xa65782757e48fb8fc62bd7295c29ee0a0eae31a1,52.0,0.5315384680346154,0.7115384615384616,0.1799999935038462,0.058466450754097524,287.727575,203.0,0.5417635497182267,0.7536945812807881,0.21193103156256143,0.02767206927992557,1111.443303
0xa65c599c826f116b687efd166d77deb107453bc1,28.0,0.45259638300357147,0.42857142857142855,-0.02402495443214292,0.0626771593739341,894.35885,24.0,0.3776040763333333,0.2916666666666667,-0.08593740966666663,0.08796778496459744,205.058316
0xa680f5f2fc0f573377a4ac43eb210acaa1343384,66.0,0.9578943799318181,1.0,0.04210562006818186,0.00498769449197135,17398.124967,99.0,0.9569263595171716,0.9797979797979798,0.022871620280808136,0.014566273930108294,19230.818311000003
0xa724f59888106305377a25968a934eea9df47bda,32.0,0.428980263634375,0.09375,-0.335230263634375,0.045547177840513084,16234.719060999998,24.0,0.65521087525,0.9166666666666666,0.26145579141666664,0.03248306867023781,4894.189081
0xa7c00ff2f91ed5a18432376d5a97363648acdada,141.0,0.33479738412907806,0.2978723404255319,-0.036925043703546157,0.033140316522795275,19306.384184000002,66.0,0.32617576417121213,0.18181818181818182,-0.1443575823530303,0.041288764711226535,7475.333673
0xa7ccdf4fee269ba6d0e5b6c0a4cef57954f4949e,28.0,0.6146428571428572,0.6071428571428571,-0.007500000000000062,0.07993652409004211,140.0,24.0,0.53875,0.16666666666666666,-0.3720833333333333,0.08078191065685424,123.517775
0xa82a8a824d9102e2309584da10c8622478bda759,39.0,0.46850829605641026,0.0,-0.46850829605641026,0.022463966395205294,14550.252113999999,27.0,0.5529110292851852,0.5555555555555556,0.002644526270370373,0.07955951523464173,32292.147044999998
0xa9753050608809ac9a610158e49daf7686b142ee,143.0,0.5791650949937063,0.6223776223776224,0.04321252738391612,0.030308957375744548,8710.978344,86.0,0.5304811716511626,0.5581395348837209,0.027658363232558325,0.04691582914521373,849.3504179999998
0xa983f49ffe0c40254966e7b7ccef91f3b7367ab4,90.0,0.5076776194355556,0.2777777777777778,-0.22989984165777777,0.03804529489636773,1036.632994,128.0,0.50790882934375,0.4765625,-0.031346329343750035,0.03429081205027296,966.3658929999999
0xa99f117a015e20cbfdd13ba35119161f75f9164b,121.0,0.3464870415528926,0.3140495867768595,-0.0324374547760331,0.03821757064580016,12664.579068000001,44.0,0.3550120296954545,0.18181818181818182,-0.17319384787727266,0.05023102413949411,2792.6482910000004
0xa9c4b118095a4f67ba9ba461aadf6a9cfe5e7433,34.0,0.25751729152352937,0.11764705882352941,-0.13987023269999996,0.04313366559776355,31181.200081,90.0,0.7460000114222224,0.4666666666666667,-0.2793333447555557,0.0602250883839101,9700.691456999999
0xa9f5e5c9c761a0c7d692ba479028f778a5dd937f,764.0,0.4412473866536649,0.4319371727748691,-0.009310213878795826,0.015278366122581617,61036.619657999996,2118.0,0.46497403567129364,0.4702549575070821,0.005280921835788488,0.009154438828775193,185831.24854300002
0xaa08417743ca4ed010ce0d27899b530e50fad98a,30.0,0.7299475311033333,0.8,0.07005246889666672,0.075244472658294,39459.991631,99.0,0.7230490211919192,0.8282828282828283,0.10523380709090913,0.03248860720127376,59766.905838000006
0xaa119000d7a9610494a2717eb54a3b15c965650b,26.0,0.9124902197346155,0.8846153846153846,-0.027874835119230945,0.053344213606157924,1817.78063,139.0,0.5950062602705036,0.5827338129496403,-0.0122724473208633,0.01730562874121336,11522.777948
0xaa9741de9f0c041b6c933f6857863f3e4181946f,140.0,0.6896636754028571,0.6857142857142857,-0.003949389688571392,0.03183998173541953,503.119595,40.0,0.66067485868,0.6,-0.06067485868,0.06484454080772095,93.42804600000001
0xab9fd3d22809132d0bcdc8cd7413a32ac35175f1,42.0,0.4316427621238095,0.5476190476190477,0.1159762854952382,0.06078228945772549,2755.7209270000003,88.0,0.5159772742761363,0.625,0.10902272572386373,0.034561652596653086,4438.345646
0xabb01475dccf18c57ea012b7b2d7637c26d51369,48.0,0.34445833894375005,0.3125,-0.03195833894375005,0.05831093204294688,269.317741,48.0,0.37843750179166663,0.3958333333333333,0.017395831541666684,0.05378616837806701,238.225005
0xadafdd00c50d98005b55b40355ffe43b7a47aefd,52.0,0.4456726031749999,0.5769230769230769,0.13125047374807697,0.05168730151609597,6469.312972000001,20.0,0.3955000181650001,0.65,0.25449998183499994,0.09210541412201996,993.9597600000001
0xadfb6cba33cebca02eab6111ace1e3924b9cc2ef,543.0,0.5276593141038675,0.6114180478821363,0.08375873377826881,0.016081342248337467,56382.827170000004,1245.0,0.5150522284373494,0.5694779116465863,0.05442568320923691,0.01233108365483693,253752.88944899998
0xae0249866c927ddb01faa2fe0ea4e11957b47ed0,57.0,0.6154066771526315,0.7543859649122807,0.13897928775964918,0.03856024502823211,754.923854,26.0,0.5171039988038462,0.46153846153846156,-0.0555655372653846,0.08377668522645934,537.467633
0xae5123e8a2f7125e9479d5916b37b7274ab61d03,365.0,0.5357256361504109,0.6136986301369863,0.07797299398657542,0.02189564903258849,393038.179334,32.0,0.5250492928093751,0.5,-0.025049292809375068,0.08483783760082782,19397.728414999998
0xaeb50a7e23d833da8be30e69b55172d1f52858e2,61.0,0.2714308699278689,0.4426229508196721,0.1711920808918032,0.06291872145854653,21280.076374,24.0,0.24288326352916667,0.08333333333333333,-0.15954993019583336,0.04146215590799092,10704.952976
0xaf76cdb1c3b4d9eb1d3a7f48e5ae844f25d8ffea,513.0,0.39419108773859646,0.4015594541910331,0.007368366452436659,0.01922811316991602,3867.1892530000005,707.0,0.37904384935205093,0.38048090523338046,0.0014370558813295298,0.017099230608245555,5444.933467
0xafafeebd1d3b9c3391099aa3db30c75ca77d1635,2655.0,0.4981518011779661,0.5092278719397364,0.011076070761770307,0.006687276155734665,166781.61871799998,7318.0,0.5029003936930582,0.5062858704564088,0.003385476763350659,0.00466065310502163,458350.675481
0xafe307d5e175ef92a0a5b1837ce55ad4a8c31f2a,147.0,0.9012360036585034,0.9319727891156463,0.030736785457142868,0.0173474479434524,2248.8960179999995,66.0,0.8671000611272728,0.8939393939393939,0.02683933281212114,0.03587963131502754,2117.535937
0xb07e7b15d3656426bcf8d8ddf14c65caceb40df5,113.0,0.33546018275132744,0.23008849557522124,-0.1053716871761062,0.03449168330347066,8742.541484,37.0,0.45702702700810804,0.4594594594594595,0.0024324324513514406,0.07443219036320255,2202.673017
0xb0a015956d3d27ca3004c6ce2efb0fd7e0b87d2e,41.0,0.49498216084878044,0.3902439024390244,-0.10473825840975604,0.066269043425142,500.693249,20.0,0.41439897462499997,0.4,-0.01439897462499995,0.08192724670057625,390.199487
0xb113dc3fbd32b6f8d0a5c13c48a13c6a8c678bc6,134.0,0.8078805704835821,0.8432835820895522,0.03540301160597015,0.02110106578982893,45720.80175099999,29.0,0.7022069034689653,0.7586206896551724,0.05641378618620707,0.052175114369627795,7810.484699000001
0xb1556d9d1a734508178d15ba822e579901a7ca84,225.0,0.4138694687355556,0.37333333333333335,-0.04053613540222223,0.025891231781538144,5614.708879,663.0,0.4938226438019608,0.49924585218702866,0.005423208385067879,0.015223830914686846,18109.266185
0xb17610d8ee16a48750d1f6048a5e0f52bc78567c,25.0,0.5827999417,0.68,0.0972000583,0.06894326121065211,113.175162,452.0,0.5535151433455753,0.5752212389380531,0.021706095592477825,0.021268737345791003,1833.428251
0xb1a0b051ce3007469becf74d020828cc9992fb89,24.0,0.282916663825,0.4166666666666667,0.13375000284166666,0.09781454821711145,3611.864843,43.0,0.31475140303953486,0.23255813953488372,-0.08219326350465114,0.06532225539692668,10042.461321
0xb1a0c66711201258aab95891bdd467dea413c18c,269.0,0.5607583778356877,0.5947955390334573,0.03403716119776956,0.00858197753816368,56606.95276,43.0,0.5881104957279071,0.5813953488372093,-0.006715146890697743,0.01646093857869424,10589.89418
0xb21324246d3c761222f3c33fd0878cb1163049e1,155.0,0.8545346173141936,0.8709677419354839,0.016433124621290318,0.0215553341809872,1837.9286900000002,24.0,0.6778023647125,0.5,-0.1778023647125,0.0839672778488636,2336.2577
0xb2e78c7862bd6c49de63ccfe251bd03a9c503182,20.0,0.9322691483250001,0.95,0.01773085167499988,0.045327432250467585,2505.544196,31.0,0.9396665347387096,0.8709677419354839,-0.06869879280322577,0.05866423534757162,5293.956758999999
0xb2eef663d87af3ced2c9017e735041caaa659bdc,358.0,0.4362314949304469,0.4581005586592179,0.02186906372877101,0.013374803435697372,200775.17656199998,60.0,0.53445008522,0.5,-0.03445008522000004,0.02236546880759458,15596.681244
0xb31e41965df4ab8014de4c4d8da9deff0a6ac120,81.0,0.8634521995728395,0.9135802469135802,0.05012804734074072,0.025784193728313917,24939.711356000003,97.0,0.5660542074237113,0.6804123711340206,0.11435816371030938,0.051066480104253194,145154.437774
0xb41ead279375742d6c2a1a2239bdce56376411fd,109.0,0.018981651614678897,0.0,-0.018981651614678897,0.0011607891599228091,1258.524153,152.0,0.03594736909276316,0.006578947368421052,-0.029368421724342106,0.004377139348557628,3514.3879859999997
0xb4218a8df77b1d49197958acf401079be6128856,81.0,0.5729215092580247,0.6666666666666666,0.09374515740864198,0.036840687095929574,6367.651924000001,248.0,0.5263623073919355,0.5967741935483871,0.07041188615645166,0.028637490738647624,41871.883361
0xb4c058e1bf845a6ba70249524ffaf1f29ce222eb,43.0,0.39313566303255815,0.5116279069767442,0.11849224394418606,0.060721216931569885,886.9539630000002,137.0,0.2563552286189781,0.24817518248175183,-0.008180046137226255,0.03362730896547362,7224.625658
0xb4d0807e3447a8ac6dc52f51070d4e7caa6fa1c5,68.0,0.40425940020441176,0.4411764705882353,0.036917070383823525,0.054168140768432724,16789.505174,103.0,0.3347453999067961,0.27184466019417475,-0.06290073971262133,0.0407448032398607,22937.271071000003
0xb4d250f58c26840e09723a83ce9c8149aa32ce99,676.0,0.4767898751494083,0.5295857988165681,0.052795923667159794,0.016093848781775413,213475.422872,1577.0,0.37651054052752064,0.39759036144578314,0.021079820918262493,0.01061052061425081,697211.758445
0xb524ffe87088b380b33059fa716fbdaf0f2c0808,40.0,0.2314249999825,0.225,-0.006424999982499985,0.015045822640746222,6237.009719000001,72.0,0.721044523511111,0.8333333333333334,0.11228880982222234,0.024061051630961595,19682.67989
0xb52bed5692f410333fe07d5fedd575cac0b89646,57.0,0.6765612866017544,0.631578947368421,-0.04498233923333339,0.06298365819161607,143.83685400000002,92.0,0.9248016196641305,0.9456521739130435,0.02085055424891291,0.02300665946198754,603.841205
0xb595d09ce5bbc4d39e3b3d04e80c402d2c8d5922,1421.0,0.9891724564321605,1.0,0.010827543567839548,0.0002505500595128421,695524.458398,488.0,0.9873547663165986,1.0,0.012645233683401425,0.0008278498391345533,553223.294
0xb5e767d1ab98bf46b717e07e8303c28dd35e3c1a,54.0,0.597407419288889,0.9814814814814815,0.38407406219259255,0.018866402432827226,4617.363111999999,37.0,0.35729732420540533,0.0,-0.35729732420540533,0.018541605071897366,3053.8686049999997
0xb617de22f4ff8117503be24398d89a7b29c0ea50,25.0,0.7660764267919999,0.76,-0.006076426791999934,0.07637148104435401,479.136779,29.0,0.7807019309413793,0.896551724137931,0.11584979319655175,0.07020754539910633,385.770143
0xb6d2d81518cda8f9025697f942b2533ad4efd67b,23.0,0.4825651962478261,0.5652173913043478,0.08265219505652166,0.09962061834562595,401.38919,25.0,0.410519987692,0.56,0.14948001230800007,0.10071628607903169,460.594431
0xb6fc9e6aa8f5f624b742cf86299bd32a5f57b24e,33.0,0.4023014390969697,0.36363636363636365,-0.038665075460606046,0.08572134368137466,3818.3240480000004,86.0,0.4079090503732558,0.4418604651162791,0.03395141474302327,0.05424744497255372,8804.42098
0xb71e6248aab14b21ab06ee8dcafdb26a0966641a,84.0,0.48904743085476193,0.44047619047619047,-0.04857124037857147,0.050977229948389984,15391.102048,233.0,0.48561446027725325,0.5665236051502146,0.08090914487296136,0.025756637157371646,22503.152403
0xb763736e0af6cbc0ffd440051eeaa2920ef44a90,507.0,0.9894227837323473,1.0,0.010577216267652734,0.00038182303691168166,151297.19471999997,120.0,0.9846102745016668,0.9916666666666667,0.0070563921649998695,0.00784219109035678,55914.476916
0xb767acca4b6c04da69b5042c7b5660b99932d848,36.0,0.8345907275999999,0.8888888888888888,0.05429816128888898,0.04873057312076149,16232.716785,33.0,0.7833924295636363,0.9090909090909091,0.12569847952727276,0.055014000864887974,11846.369275
0xb7f372371312abd222e621d91be911013d58d6dc,128.0,0.4909048330273438,0.4609375,-0.02996733302734378,0.04241657623851355,1217.9519570000002,583.0,0.622434733835849,0.5951972555746141,-0.027237478261234904,0.018764773424416032,2695.559281
0xb7f55b6d32c2ee3768192d676cd66354f51fc669,54.0,0.40648149233333336,0.12962962962962962,-0.27685186270370377,0.020598698477118756,33547.18696000001,42.0,0.4619047770428571,0.9523809523809523,0.49047617533809523,0.04319008564919112,28385.726046
0xb80465cf5a62609aaf1fd6a7f29dfd24b4b7cd66,28.0,0.29293944552857143,0.2857142857142857,-0.007225159814285731,0.07214225858414659,6161.911822,25.0,0.257389184064,0.36,0.10261081593599997,0.08412002628243262,2699.6974230000005
0xb8340dea08214f3b3584994cb2594b89843be4c1,31.0,0.45888779102580635,0.41935483870967744,-0.03953295231612891,0.07326292367524281,255.876981,52.0,0.2906809065942308,0.3076923076923077,0.017011401098076917,0.06443441117856395,439.0
0xb8e143d45b06b3e2d1faa7bb8ebd6a83ffc29bc1,461.0,0.5044136116360087,0.5336225596529284,0.029208948016919645,0.020002370345251312,7055.205199999999,102.0,0.5463058812176469,0.6274509803921569,0.08114509917450996,0.04316540476321919,1075.2764880000002
0xb8ee94bd599a92d4747dda5f3bc6d2b243349e81,67.0,0.7542421198701492,1.0,0.24575788012985078,0.009307876896720683,2138.886665,42.0,0.4860346409738095,0.9047619047619048,0.41872726378809527,0.04087538125560455,1707.838269
0xb8fc63b6b017d941510cd32e275058c40171b543,93.0,0.34139785231182795,0.2903225806451613,-0.051075271666666644,0.035300242284973006,475.39374100000003,169.0,0.3301775255118343,0.30177514792899407,-0.028402377582840255,0.032299552045789735,1624.427445
0xb91cdd2b03d05f67db8ed560fb56cca7f668ed66,20.0,0.4685,0.55,0.08150000000000002,0.1118158142473124,389.16999999999996,92.0,0.39260869835217393,0.2826086956521739,-0.11000000270000004,0.04152118268176097,1933.5705980000002
0xb946612a2824a414bdc2427e9a23e731d3842671,380.0,0.3640526449378948,0.1394736842105263,-0.2245789607273685,0.015852095710998722,53962.14773,27.0,0.4170370370370371,0.4074074074074074,-0.00962962962962971,0.10480545194910822,191.01
0xb9d0a761228e1c4aa3fb4a7bc1a4a9284d322a3a,27.0,0.3765529965555555,0.5555555555555556,0.17900255900000006,0.08154059808100643,3392.0017149999994,38.0,0.36057714005263153,0.23684210526315788,-0.12373503478947365,0.055216956241689194,3058.205013
0xb9e54c9cfc98466d2f3d16790d09ec11333d13ff,23.0,0.8086956611391305,0.9130434782608695,0.10434781712173902,0.02491745900420032,3582.259311,88.0,0.4055454582943181,0.20454545454545456,-0.20100000374886354,0.03341089873349272,15610.281778
0xba58e7209765989edcd8d72f614d15ee438428c2,47.0,0.3608728193297873,0.3191489361702128,-0.04172388315957454,0.04537662768736261,23247.307955999997,33.0,0.4538520727,0.42424242424242425,-0.029609648457575743,0.07634084502285497,16916.224114
0xbac4ab50a9059b89131cf7bad38bb12c031586db,73.0,0.5742288626109588,0.589041095890411,0.014812233279452136,0.04968753754103943,2713.952237,142.0,0.49161262642323944,0.4647887323943662,-0.026823894028873252,0.03717868416187143,1141.481634
0xbacd00c9080a82ded56f504ee8810af732b0ab35,23.0,0.4478260890217391,0.34782608695652173,-0.10000000206521736,0.06024980890527816,1661.7488870000002,21.0,0.7676190476190475,1.0,0.23238095238095247,0.0137131282580349,4766.0
0xbafb727ce842d0a8b0490c6b25b6f70c92b43031,117.0,0.7878632460555555,0.8376068376068376,0.04974359155128216,0.03399486294181348,521.4961999999999,45.0,0.7900000000000001,0.7777777777777778,-0.012222222222222356,0.06119920189029412,212.55999999999995
0xbb7c7568708d24e21b8bc5e5172780e2664582f2,31.0,0.21228152488064517,0.1935483870967742,-0.01873313778387098,0.041143547334909165,8603.411939,40.0,0.136341159335,0.125,-0.01134115933499999,0.040962757248588964,1811.139892
0xbb8ef6381e4a35b4124584cfce1c73137e2508c1,1071.0,0.5654526760911298,0.5658263305322129,0.00037365444108306,0.012658656597785272,30924.457397000002,469.0,0.5941879896078891,0.5756929637526652,-0.01849502585522389,0.019050451593868284,19958.1
0xbbbfc884670cf97e20bebdeb3918e1042ccc388e,84.0,0.5755989677345239,0.6309523809523809,0.05535341321785703,0.040967695215793846,960.8037219999999,93.0,0.6136464059505377,0.6344086021505376,0.02076219619999997,0.04455714456245643,691.091173
0xbc38bb6c1117fffae09e15bff4eb61d1f604bb0e,23.0,0.5798673932608697,0.6086956521739131,0.028828258913043414,0.07761850593802821,469.206368,129.0,0.49951217257131786,0.4496124031007752,-0.04989976947054264,0.041425760171571575,2291.468086
0xbd3a01ef18c402d09b5e1bcdd63c43bd52ad91fd,40.0,0.4795748812075001,0.55,0.07042511879249996,0.059167385473887786,12451.087662999998,27.0,0.5348164314333334,0.48148148148148145,-0.053334949951851895,0.08305581163240333,5469.400974000001
0xbe0c69b37d57a0e2f171b606adab285e56fec0cd,46.0,0.46555723229999996,0.45652173913043476,-0.0090354931695652,0.05584070402774535,2303.392044,114.0,0.6217631628368421,0.631578947368421,0.009815784531578942,0.04226856073491719,1540.911731
0xbe53f59bc7854f669bb3581a026a2de8455d2dba,81.0,0.783191363808642,0.7901234567901234,0.0069320929814814525,0.04566044431149918,2815.439672,25.0,0.5727033333320001,0.4,-0.17270333333200005,0.10173713041711378,580.0
0xbe572d0401a49586bd8264a1883d5fc76b6b53c6,27.0,0.1549815303592592,0.0,-0.1549815303592592,0.023146109659242704,526.1527580000001,127.0,0.28361308555669285,0.3228346456692913,0.039221560112598475,0.03484952735659181,1481.7727869999999
0xbebf0f282a06a4b9de180536ee15211f77c29bae,118.0,0.4590651460127118,0.3813559322033898,-0.077709213809322,0.03792059618230205,7086.805487999999,66.0,0.40334885199848486,0.3333333333333333,-0.07001551866515154,0.05411223436266316,2222.5762120000004
0xbed0d1ec25fa20b268f9ea66eb145d1262f73c7d,42.0,0.48089587583571425,0.47619047619047616,-0.004705399645238084,0.0787753775357646,1071.621967,80.0,0.55131903954625,0.4875,-0.06381903954624996,0.05652102433370138,1002.4359730000001
0xbee0225a438ec1e3e04d9aa5e4275d1664567dff,32.0,0.152174144334375,0.09375,-0.05842414433437501,0.05377711376684457,2045.5767580000002,46.0,0.16648462180000004,0.10869565217391304,-0.057788969626087,0.044446751576740405,2003.879907
0xbf1c5d7fb785ac49b7d8dc5f25fd7f87a89bec86,64.0,0.42803741811718754,0.3125,-0.11553741811718754,0.03704441865672623,924.988866,35.0,0.4862856677742858,0.5142857142857142,0.028000046511428456,0.062289375771094904,193.11745299999998
0xbf39c303bb8b7f061e3721fa14bf781a590f3394,22.0,0.736239496390909,0.9090909090909091,0.17285141270000004,0.05638892139862826,818.142073,65.0,0.6662676220276924,0.6,-0.06626762202769243,0.06026627214067043,6906.197047
0xbf4405e53fcdb12e668d5819205f4209341971a4,20.0,0.3964021537800001,0.2,-0.1964021537800001,0.05660490454313029,3436.8762159999997,71.0,0.3342253531633802,0.29577464788732394,-0.03845070527605626,0.049883021291221234,30148.544365
0xbf49b28a5cd0a1780dc66133dc9d31e018d6b4a5,25.0,0.27451208428400004,0.16,-0.11451208428400003,0.06919150712125473,1616.167916,326.0,0.6239283810493864,0.6441717791411042,0.020243398091717824,0.02377616974646756,3357.8550069999997
0xbfd770b7ff07fb2ece41b0e7c593db65a84cf0bf,2337.0,0.47650306318973046,0.5147625160462131,0.03825945285648269,0.008166383568187862,167955.905768,709.0,0.6059219112476728,0.7009873060648801,0.09506539481720733,0.014523461187665782,77429.47565400001
0xc04cb9838e64771be9d2ae12cf11c41abd72cebf,139.0,0.7587251856971223,0.7410071942446043,-0.017717991452518067,0.03520225805613496,3297.560654,405.0,0.7509460085533333,0.7580246913580246,0.007078682804691372,0.020355247907054026,6381.311715
0xc076a2bc7afa9720011b7fee8c1d1c39e978d987,59.0,0.5459963302271187,0.423728813559322,-0.12226751666779667,0.0548880773576378,1915.303069,43.0,0.4653544498,0.23255813953488372,-0.2327963102651163,0.07188288470803711,2169.5845149999996
0xc07d5961e7a361992983c1a3a865d00dc28cb1df,1396.0,0.5816655632252865,0.5630372492836676,-0.0186283139416189,0.01122401416473082,190410.239685,14516.0,0.5981532719734638,0.6406723615321025,0.0425190895586387,0.0035874606009730953,1880513.1486980002
0xc095b5100653f0c34337c718f201dae96d762d65,28.0,0.9830185952392855,1.0,0.016981404760714525,0.004806730693980996,2217.04632,39.0,0.9807252130897438,1.0,0.019274786910256192,0.00551421752095826,1721.96
0xc110fd11db49913925aee3983741f440afb99a30,132.0,0.5052272800409091,0.5454545454545454,0.040227265413636304,0.03813660299989152,7708.046641999999,3608.0,0.4431566081085366,0.4686807095343681,0.025524101425831502,0.0069869736575111484,116286.79130499999
0xc1554f5b196c09bd05510d2c30c7d9f681abe36b,73.0,0.5138607647958905,0.547945205479452,0.034084440683561534,0.05002140275223815,491.01857700000005,241.0,0.6033937223385893,0.6804979253112033,0.077104202972614,0.02498704402153829,1171.554585
0xc1b5c7da3eda1d6dda8c7b0180cf188f1cf0c8f8,1644.0,0.5088439512313868,0.48905109489051096,-0.019792856340875853,0.009817606110859798,19225.96013,2358.0,0.5350651390840968,0.5203562340966921,-0.014708904987404736,0.008552455607338688,39309.876705999995
0xc1d7e47eed8622aa036b0e5b5db22240b05647a4,23.0,0.4145812830608696,0.43478260869565216,0.020201325634782552,0.09385068613475468,11782.543870000001,71.0,0.3899386447577464,0.30985915492957744,-0.08007948982816898,0.05310291913837255,37152.648685
0xc23dc0eca9e1c2e293de8911b9ac254f0bcd82c8,80.0,0.6590138777125001,0.825,0.16598612228749987,0.03215896368957554,19906.437882,178.0,0.6976098227095505,0.7584269662921348,0.06081714358258428,0.023085977240449345,110292.629878
0xc2494b32d65dea3a3a80712589d10bc5733f8a61,20.0,0.437500005225,0.2,-0.23750000522499998,0.08620011985650033,6801.550369,81.0,0.4059259331296296,0.5555555555555556,0.14962962242592598,0.05514191683843684,12435.578144
0xc263cc8ce512356a127d29ef1d28d1d1f2721e83,137.0,0.3817482097160584,0.1897810218978102,-0.19196718781824818,0.02604315908746226,2695.139121,21.0,0.5300182780666667,0.5714285714285714,0.041410293361904715,0.07599951381032408,505.55247199999997
0xc2bec11a79567ea92f7c5dfa6587eadaede6af12,161.0,0.48747804699440994,0.4906832298136646,0.003205182819254637,0.035587945067907814,3089.9484249999996,452.0,0.4519019196909292,0.46017699115044247,0.008275071459513283,0.021140666257700332,41711.153839
0xc2e5359b204c4296b7e1a07603fe0b657486b3a5,78.0,0.36972059302564103,0.2692307692307692,-0.10048982379487181,0.020146415008114864,29213.0,80.0,0.340017315605,0.25,-0.09001731560499998,0.027950306921509512,17671.0
0xc2ff87b109dcb2586f0a51d6fd6b448aa740ce1c,24.0,0.9787083333333332,1.0,0.02129166666666682,0.0011648212630610887,1331.4852,24.0,0.9896666666666666,1.0,0.010333333333333417,0.00034403123102809364,1539.17
0xc30d3e52587c8f8d523ba298c3f1e468fec6acfa,46.0,0.15593478943043482,0.10869565217391304,-0.04723913725652178,0.03233578699887625,679.2947449999998,64.0,0.14621875,0.09375,-0.05246875000000001,0.03570048719676398,1363.5823449999998
0xc33d6aa3eb972639f31e46a6a02201cece380d40,277.0,0.4517111513187726,0.41155234657039713,-0.040158804748375465,0.0252140712270982,12963.587772,68.0,0.4644276360382353,0.45588235294117646,-0.00854528309705882,0.05158736674456101,4735.357027
0xc398df62d1f9c08e64bad13e0d913570cb1bf446,24.0,0.3938800500375,0.2916666666666667,-0.1022133833708333,0.10139021028288803,10302.08527,58.0,0.42140920080172417,0.1724137931034483,-0.24899540769827588,0.051926431262459875,33285.455768
0xc39969c3ccce23cb870f4fffd92e88cba04f53ab,25.0,0.49200000507200004,0.4,-0.09200000507200001,0.05851780294469956,4143.109412,26.0,0.4496154263576923,0.4230769230769231,-0.026538503280769232,0.046949857481609035,1797.1751490000001
0xc3cd1d612bbf9fbf80da5a9bff0b0470cb46816c,103.0,0.8619708792271846,0.9320388349514563,0.07006795572427171,0.00919771627888846,14076.924005000003,77.0,0.8589220865012989,0.948051948051948,0.08912986155064917,0.009239010422574334,12459.793751999998
0xc3df245255a20677d1d4a6a20eab896e1a1c9945,46.0,0.5291541176630434,0.391304347826087,-0.13784976983695646,0.07516712597205033,35762.971147,52.0,0.45763566870384625,0.5384615384615384,0.08082586975769218,0.06723026631732575,38857.115594
0xc3e45193d37ec34b82129adfc46abff7bb415bf6,111.0,0.4400517166738738,0.1981981981981982,-0.24185351847567563,0.029743205082326522,45739.334735,35.0,0.17157142965142855,0.22857142857142856,0.05699999892000002,0.032332697735129694,44599.96702900001
0xc3ec148928919476fe3df6fdd269a3f5abaee987,55.0,0.22835096533636365,0.14545454545454545,-0.0828964198818182,0.01662790901678933,3320.2110780000003,71.0,0.45235572671267604,0.3380281690140845,-0.11432755769859154,0.05433970545380035,5312.655553
0xc46368a3374e87566eff1ffae7e6ec0163509a2f,42.0,0.41452383095000006,0.38095238095238093,-0.03357144999761913,0.058741961217690514,10500.198296,61.0,0.230000001104918,0.01639344262295082,-0.2136065584819672,0.016468271875562875,46727.737144
0xc470627a6ec13908543f4fe3d6551a7b6520c792,102.0,0.23956953388823526,0.20588235294117646,-0.033687180947058804,0.033090143121323724,40971.499173,32.0,0.35591008505625,0.1875,-0.16841008505625,0.07163142099638767,14348.505082
0xc4dbd5631f003f3f7d10bc31338b1fe5c6ff7e0c,320.0,0.29559063396624996,0.096875,-0.19871563396624997,0.01614442202028545,40746.397904,144.0,0.32404257931944447,0.3680555555555556,0.04401297623611111,0.04096419268033956,16638.89607
0xc4fe817476491890086330a639ac417d51bf601f,1049.0,0.4513784690492851,0.4613918017159199,0.010013332666634844,0.013044792602124355,20913.355239,6528.0,0.45378294587141543,0.4644607843137255,0.010677838442310073,0.005270854295393185,262279.29472999997
0xc5187cb669690150643ba2f9aac6b7d98d212594,24.0,0.7088749977041667,0.75,0.04112500229583327,0.022139079132076633,745.770094,57.0,0.8887596788017544,1.0,0.11124032119824556,0.0028130013513928687,6528.002506000001
0xc51f24a8102704e5fd2ac1a368a0d54363a1891b,41.0,0.5331707258292683,0.6341463414634146,0.10097561563414637,0.045610767146395184,169.64741400000003,34.0,0.48882355155294127,0.4117647058823529,-0.07705884567058835,0.06516061213826156,149.972018
0xc547a1d8d09a3d0ce75e904ffbf034bf5024c570,62.0,0.30056412810000005,0.2903225806451613,-0.01024154745483874,0.05020016756726544,9350.629198,25.0,0.35634045435600004,0.4,0.043659545643999986,0.08202260531232261,738.825239
0xc5dc24925a883c9886215afcdea7c0f200a17cf2,65.0,0.8123382882415384,0.7692307692307693,-0.043107519010769146,0.03122532047033109,14331.494101999999,72.0,0.9317179799194446,0.9861111111111112,0.054393131191666555,0.015599925373907215,11119.23
0xc5eaa4c9a190445777d9c1329bc1a5821e6f42e8,34.0,0.5735337114970589,0.6764705882352942,0.10293687673823526,0.07060358657427064,905.22941,31.0,0.596090072716129,0.45161290322580644,-0.14447716949032258,0.07718657020972469,2497.21225
0xc718ff81acd22596bcebd234a5d429fd34e164a8,1364.0,0.5806069013959677,0.6085043988269795,0.027897497431011775,0.00983739435059598,157461.874122,323.0,0.4895394462839009,0.3498452012383901,-0.1396942450455108,0.023443925805072905,9338.371919000001
0xc75b0390b025086df22363d6c22602506c3b3ea7,140.0,0.527441074602857,0.55,0.022558925397142993,0.03410443752592731,5964.556151,217.0,0.489224390681106,0.543778801843318,0.054554411162211935,0.03039025221845188,2915.905085
0xc7d02944a76b9f83b199e9090ecc92c82d241f8a,301.0,0.4098571460936877,0.34219269102990035,-0.06766445506378732,0.01703579230573661,36960.433091,3062.0,0.38535336835254735,0.30633572828216854,-0.07901764007037881,0.006736247967434784,23864.61232
0xc7e521a9b509d24963f6e5192626033bebea9256,66.0,0.32328508371363635,0.30303030303030304,-0.020254780683333307,0.03827649020789042,4692.870225,173.0,0.48577963728092494,0.47398843930635837,-0.01179119797456657,0.03728136535793807,11764.284947
0xc7f7edb333f5cbd8a3146805e21602984b852abf,38.0,0.3100000029184211,0.39473684210526316,0.08473683918684205,0.0817776683008846,3037.5043370000003,218.0,0.6548624067669724,0.555045871559633,-0.09981653520733935,0.028332134879598497,6088.976977
0xc8ad82573545a469291e501594f79f4c1d647889,285.0,0.803247092851228,0.8105263157894737,0.0072792229382456775,0.021364774291971214,3183.92667,116.0,0.802684300988793,0.8103448275862069,0.007660526597413897,0.034513673166649085,701.8688139999999
0xc8c28bae5a3387505ed318e8ede8d167da3a080b,80.0,0.63953744397125,0.6125,-0.027037443971249964,0.04113758779997917,1362.320251,83.0,0.4661083716771084,0.5060240963855421,0.03991572470843374,0.04530142540800009,756.753167
0xc9255b8d5e4cbd5c349fb7c137e815e220ed6d24,187.0,0.49150267802727277,0.5080213903743316,0.016518712347058817,0.03162540438262594,883.898991,818.0,0.48709772293398534,0.5036674816625917,0.016569758728606332,0.013190843441852828,43589.297897000004
0xc984f7b215e8a66a731edcce098108e91a78ab6d,50.0,0.5761999425359999,0.68,0.10380005746400012,0.059102740281703384,193.48391999999998,70.0,0.720334626197143,0.7285714285714285,0.00823680237428559,0.045043737534461746,114.75063
0xc98ff9dad68a08a4e5ea0930a5ddbb05db86a13f,396.0,0.5817089339002525,0.6136363636363636,0.03192742973611118,0.005675360044533749,8754.114819999999,645.0,0.7127710963455814,0.7286821705426356,0.015911074197054176,0.004214413028463003,17451.34
0xc9c36d3afb757d75fd54feafab1b1f04419d079f,52.0,0.6558428369461538,0.75,0.09415716305384625,0.05763841458803202,2734.481955,47.0,0.7862704511595746,0.8723404255319149,0.08606997437234032,0.043377710336066244,5032.219436
0xca20c5b6c8a29c92c57f618d378011a143ea7b68,959.0,0.49695929368446295,0.5057351407716372,0.008775847087174216,0.012878319922669792,38405.67581999999,89.0,0.3874397529539326,0.5617977528089888,0.17435799985505618,0.02769520476243471,2729.5879959999997
0xcb016f2b417f98c88fc91fffe7e69d4a6b1c7dfb,108.0,0.5846759953703704,0.5925925925925926,0.007916597222222155,0.010955294438274797,3577.97,442.0,0.5845144796380091,0.5746606334841629,-0.009853846153846213,0.004399810058889066,21848.0
0xcb1664d142672b4007a9a19238f88a5bf68f96b5,49.0,0.7143033655040816,0.673469387755102,-0.040833977748979566,0.05653953332760273,44483.517151,29.0,0.661293369651724,0.5517241379310345,-0.10956923172068955,0.07359564026348117,21263.771426
0xcbb0a53223e45e8319cc1ee4db3a76a9678dbd65,464.0,0.8876939712969828,1.0,0.1123060287030172,0.003519851907104598,4288.230740999999,163.0,0.8940490952601228,1.0,0.10595090473987723,0.0016095366068467406,2748.932162
0xcbbc99e5b59ccb608d4df588322093c21f022b70,100.0,0.288530001859,0.27,-0.018530001859,0.036453386608255846,5473.318304000001,62.0,0.4217742038903226,0.45161290322580644,0.02983869933548383,0.05739059202227706,4436.395433
0xcbef04dead0a5d75b28d2bb4ef149a222da10c11,29.0,0.6300197767620689,0.7241379310344828,0.09411815427241388,0.07204428716673429,6913.739814,23.0,0.6133349225478261,0.6521739130434783,0.038838990495652204,0.10212896416058619,19911.599062
0xcc9218c5a8a154458ef10c05aa742a5f225e649d,86.0,0.3137382497325582,0.38372093023255816,0.06998268049999995,0.052775396959143794,19680.059617,76.0,0.26361630217368426,0.0,-0.26361630217368426,0.015800014880749388,34827.44977600001
0xccd81fbd3395dc43a0531f8484b21c2462daf4de,32.0,0.35532278177500004,0.1875,-0.16782278177500004,0.06549631574354159,69016.995454,91.0,0.6943635664879121,0.7472527472527473,0.052889180764835175,0.03137455644231843,150688.3864
0xcd3fe2f02819b8a9dc435a892251d3f226ef8e2b,790.0,0.9871088612001266,1.0,0.012891138799873358,0.00034344600074185023,319553.07101,518.0,0.9776949821411197,0.9806949806949807,0.0029999985538610163,0.00607375093830578,272154.784424
0xcd91a549956854fdc38efad7e80ff5da8f5432b8,211.0,0.7924081894161136,0.933649289099526,0.14124109968341247,0.012510332726898513,17391.260462,28.0,0.7447119114249999,0.7857142857142857,0.04100237428928577,0.027778514275610504,3896.7165410000002
0xcd96b01fac6276ac3d8ad618dacca0d3592f11a3,106.0,0.6407743724132074,0.7358490566037735,0.09507468419056608,0.038537903917599585,4697.8100030000005,435.0,0.6111545700579311,0.6206896551724138,0.009535085114482755,0.0204022312009042,11817.575976
0xce262f1a9cdb4b67477ffd2460edc03fb1558e06,84.0,0.4965476314714286,0.38095238095238093,-0.11559525051904768,0.042692428733773366,16357.577571,140.0,0.4940249372364286,0.42142857142857143,-0.07259636580785717,0.03964225074999219,29341.281089000004
0xce9d204439cfcc2affaf0ce4de449e5750c23c05,76.0,0.521493166261842,0.47368421052631576,-0.04780895573552618,0.05183942120573498,29007.252917000005,22.0,0.599741167790909,0.4090909090909091,-0.1906502586999999,0.10742680577006838,10095.027017999999
0xcf006e28309313be21b36d22bde515882182353f,347.0,0.4809221948331412,0.5100864553314121,0.029164260498270866,0.011890573785099666,35502.308132000006,27.0,0.3614814858296296,0.37037037037037035,0.008888884540740771,0.05247529114781673,4225.565877000001
0xcf37bbb2c1687b70ea553b6fe05f740251d7993f,60.0,0.2988778629016666,0.16666666666666666,-0.13221119623499997,0.030940373330860804,7732.824202999998,42.0,0.27242857808571436,0.11904761904761904,-0.15338095903809532,0.03954862869098708,3548.9203049999996
0xcf6c5492124794394dd9eac46498a8babbe47e66,842.0,0.5862960114479809,0.7684085510688836,0.18211253962090268,0.011573096478820578,540590.168692,837.0,0.5609234564541219,0.5913978494623656,0.030474393008243728,0.012099123253603739,1058017.132095
0xcf7379b4b891c06d88807f6f70efa75378120215,223.0,0.502287013513453,0.49327354260089684,-0.00901347091255611,0.023137782181623802,31034.006928000003,859.0,0.516812593351106,0.540162980209546,0.023350386858440042,0.013544804192201576,211767.22698
0xcfaa77e8c04bfb48016896da941677afee3b28f7,62.0,0.27563574889193565,0.25806451612903225,-0.0175712327629034,0.038325272255660826,2242.931184,317.0,0.44575395215331226,0.4794952681388013,0.03374131598548902,0.02356104565275362,7716.03481
0xcfff4295288ee29f75a38a7028611b7c1e93673d,216.0,0.9005105870194444,0.9722222222222222,0.07171163520277779,0.006314104758220119,7502.854256,25.0,0.6004238506640001,0.56,-0.040423850664000005,0.03237579483935941,743.78
0xd03450276d4aa4069ce11bac4cfb1683a724eece,143.0,0.3179021078517483,0.20279720279720279,-0.11510490505454549,0.031238253812840396,7397.421655,645.0,0.3935845094243411,0.36589147286821705,-0.02769303655612404,0.017538697217217406,50446.800172999996
0xd0ac6e6b585c00042a0552a6cf35f2f056ef7dee,1580.0,0.5492430050381646,0.5481012658227848,-0.0011417392153797445,0.00820297518221403,489835.5438290001,750.0,0.5692217204761334,0.6253333333333333,0.0561116128571999,0.013237218457844953,267715.98080300004
0xd1001f4ef07ee37774934a8bc0083185ef6b853d,184.0,0.46084234439565214,0.4891304347826087,0.028288090386956566,0.0292316712849541,10047.543027,196.0,0.47894662494846946,0.4336734693877551,-0.04527315556071437,0.03040412579297583,11759.591755000001
0xd123211134d5dffbaaad1effd054f4b8a686d341,126.0,0.29000376970476177,0.047619047619047616,-0.24238472208571415,0.01908607307999044,140710.48006300002,229.0,0.3373658958087336,0.1615720524017467,-0.1757938434069869,0.02540004102479719,344648.095966
0xd1553bc3632eb34a0dac37ceafc46e2f1e1a8250,32.0,0.6153124823687499,0.65625,0.04093751763125009,0.06096726962249471,169.73089,1062.0,0.48294801532514126,0.4830508474576271,0.00010283213248585277,0.01220499214635542,10412.97998
0xd179df5741623d36c931646d1778ccd7874774ad,65.0,0.3833846319707692,0.35384615384615387,-0.029538478124615353,0.03479847951847111,25692.37521,50.0,0.47590001083399996,0.4,-0.07590001083399994,0.04929204270368302,22504.448088
0xd1a1be96c34d8a5f4041687d4703eac0033a7beb,53.0,0.989963169811321,1.0,0.010036830188678958,3.683018867924441e-05,4536.1305,102.0,0.9868627450970586,1.0,0.013137254902941375,0.0022073648469024825,25786.439276000005
0xd1a63a243042d864520512fbdbd2fd20e0ab1507,570.0,0.9524902245580702,1.0,0.0475097754419298,0.002772646095671968,9004.16,57.0,0.9652784689,1.0,0.03472153109999998,0.00537705636710357,157.87
0xd20869e79436b2baf9e73b6f46aa629b0ea729e6,72.0,0.5031480162152778,0.5694444444444444,0.06629642822916659,0.044513071205304025,5575.526666,89.0,0.5170561187910113,0.4943820224719101,-0.022674096319101222,0.04894083516922146,642.4179879999999
0xd218e474776403a330142299f7796e8ba32eb5c9,4426.0,0.48503100141936284,0.49774062358788973,0.01270962216852689,0.004828382059888528,1155022.261117,4652.0,0.3965698755458942,0.3968185726569218,0.00024869711102759595,0.005301856084267759,461969.610126
0xd23f8c8aab13cfb2a35da40b67f8471faf9894a1,193.0,0.9034843152067358,0.9585492227979274,0.05506490759119165,0.0068723351241400405,2387.9230509999998,98.0,0.8138277704632652,0.8469387755102041,0.03311100504693898,0.011965889164667644,4905.645453
0xd2a1c2356cabd7eed1d90cdc2be0f8471e0d4ca0,42.0,0.6862029946023811,0.7380952380952381,0.05189224349285704,0.05932767025746602,180.588529,35.0,0.5928285185342859,0.6,0.0071714814657141135,0.07252713745998637,190.022057
0xd2aefe830ebe42d817a65c7b2bccab0ec362f36b,31.0,0.2841935508,0.12903225806451613,-0.1551612927354839,0.03100770237722004,489.967272,35.0,0.45175714543142853,0.45714285714285713,0.005385711711428598,0.0727775880527412,1307.681118
0xd3068c33df79fee7535fa68941b561a03e24463d,24.0,0.8694831752875,0.9583333333333334,0.0888501580458334,0.025425523328057646,6636.652367000001,20.0,0.7730464932749997,0.8,0.026953506725000298,0.058334492965150676,2963.6072660000004
0xd325c37cc18227ffc33e0effd0097a5926e78c5f,331.0,0.6725961771389728,0.8338368580060423,0.16124068086706955,0.012583347328771286,4783.887801,107.0,0.29363201326635513,0.37383177570093457,0.08019976243457944,0.04070941188929667,2948.93516
0xd32ce89f16509d3c8f8b5e9750305a5b2bc2a4c2,65.0,0.527803864463077,0.5384615384615384,0.010657673998461403,0.023568116742039416,2424.460641,41.0,0.6329123902439024,0.6341463414634146,0.001233951219512197,0.022043409010234744,1817.49
0xd37ab1a5eeb25696c568e20e94af72b8d3422358,965.0,0.4548145269111917,0.43626943005181346,-0.01854509685937822,0.014159260617641473,8847.874694999999,1433.0,0.4921730755669226,0.47522679692951847,-0.01694627863740411,0.009818412993693171,6080.929521999999
0xd3b4cb5efe52ce31201bc3a2334da4e3305730a6,37.0,0.8273243239432432,0.8378378378378378,0.01051351389459465,0.05259619562582194,354.49950900000005,23.0,0.8623043478260869,0.8260869565217391,-0.03621739130434776,0.07508756302237599,145.35
0xd3e775abc3c974c4868bdbe384f8bf067135bf64,315.0,0.6806984338311112,0.8095238095238095,0.12882537569269836,0.01718092195540856,25448.430937,124.0,0.5043145225741936,0.6129032258064516,0.108588703232258,0.039001467513295605,8778.610603000001
0xd410ddf625bbfc1952eef4c5973b50acd9393a1b,30.0,0.31400000394333333,0.5,0.18599999605666667,0.07642981949543838,1269.9665029999999,20.0,0.59450000229,0.65,0.055499997710000026,0.04293492632050093,2039.978214
0xd46e2bf5fbf2349351611e071d696eaa8910d10d,20.0,0.252160610935,0.15,-0.10216061093499998,0.08094277315561182,6670.308937,53.0,0.2745757909566037,0.3584905660377358,0.0839147750811321,0.060523659250790625,10602.308568999999
0xd4accfab6746279f5c7f739611e0e8a4b680f49b,25.0,0.5002798589599999,0.56,0.05972014104000012,0.09895623807507434,61.794928999999996,116.0,0.5350602408999999,0.5431034482758621,0.008043207375862171,0.04071346392079712,261.029159
0xd5d40f34e2302d41a6b4feaaaf3571b1bf1f8b32,834.0,0.03537473004628298,0.005995203836930456,-0.02937952620935252,0.0028970282557020566,363971.858961,687.0,0.053277741621979624,0.02911208151382824,-0.024165660108151386,0.006725867069668701,374307.388272
0xd6a8f78e03f156228fb87fcb8bafea5b92fa58fd,137.0,0.42014599319562046,0.49635036496350365,0.0762043717678832,0.031102561878292342,15726.839753,70.0,0.3263857246371429,0.18571428571428572,-0.14067143892285716,0.04209364424674231,8363.693624
0xd6d297a2a225d2e5d9f1be5f1d0878a814024a24,146.0,0.08169178241438357,0.0,-0.08169178241438357,0.006639389480822718,17514.479841,165.0,0.08666667537575756,0.12121212121212122,0.03454544583636365,0.024378066544449874,10743.748431
0xd6e8a0a4bb5c54922bf881fc9a39970b6898b293,27.0,0.23874654758518515,0.2222222222222222,-0.016524325362962944,0.06933216183022635,7005.510157000001,26.0,0.19604615061153846,0.11538461538461539,-0.08066153522692307,0.0513999512427173,3907.2746559999996
0xd75280521357703324701fe3fe0d6c30292c85d4,163.0,0.16798561430306747,0.06134969325153374,-0.10663592105153372,0.015875957979465553,8020.8730399999995,23.0,0.250713056573913,0.17391304347826086,-0.07680001309565215,0.0709938116535951,1129.954569
0xd78e89abff29eec7c7db36c7da8d446cb4986421,36.0,0.480000008911111,0.5277777777777778,0.04777776886666679,0.07056811446300555,491.99538300000006,50.0,0.47266000948400005,0.44,-0.03266000948400005,0.055322191049986,3070.9538749999997
0xd7f9d0ef6cabe0f2419827effca57463f5aa29a9,698.0,0.5345962535113181,0.5343839541547278,-0.0002122993565902842,0.014935174777360284,8447.528826,23.0,0.6217391304347827,0.5217391304347826,-0.10000000000000009,0.1025793821597146,256.0
0xd96aa9293c34e244734f8b22bbcfde0ae9eed8ce,151.0,0.21048904888410594,0.2251655629139073,0.014676514029801357,0.0323204557924313,2452.383799,254.0,0.3623628024610236,0.3031496062992126,-0.05921319616181098,0.026465868201548698,1617.3810720000001
0xd9e0aaca471f489be338fd0f91a26e8669a805f2,10799.0,0.4908855224110288,0.4831928882303917,-0.007692634180637092,0.003605153846659572,834351.617971,14899.0,0.47781766060038927,0.48587153500234914,0.00805387440195987,0.003306799175564424,2039671.625006
0xda596a33c3da5d6497a8bcc67615274c8be36630,23.0,0.8093260601739132,0.9130434782608695,0.10371741808695634,0.038469280255303905,338.884064,27.0,0.7510740589777777,0.7777777777777778,0.02670371880000011,0.054037596350221526,1451.539403
0xda770326bd091d26f816917aa83a6baff668683f,1331.0,0.44409167419429,0.44402704733283244,-6.4626861457584e-05,0.01117382050147173,35139.520280000004,4566.0,0.4694073676031975,0.4734997809899255,0.004092413386728,0.006396833731398535,169524.32802200003
0xdb250854cb0a4c1784fe2d1179f5c3c4577feb12,26.0,0.37877941096153844,0.38461538461538464,0.005835973653846194,0.057633267090547204,6651.021537999999,29.0,0.5331034387448276,0.6551724137931034,0.12206897504827585,0.06313910525364293,2398.8285459999997
0xdb465b694f7beefdbf8d1edfa2035128d4cb56e7,191.0,0.5335339414984294,0.5130890052356021,-0.020444936262827285,0.03319528603859089,1161.531226,62.0,0.5190321773451614,0.4838709677419355,-0.035161209603225885,0.05983174640864749,221.57424899999995
0xdb83e85ffd22faa4009273034770f96ffc5b1e50,3116.0,0.49279758447666877,0.5234274711168164,0.030629886640147652,0.006983824878283144,263098.793822,6937.0,0.5118554262602278,0.5433184373648551,0.031463011104627236,0.0050772481930172935,868300.7161409999
0xdbdd45150249e229eb4ca8aa48a30dca21faa5de,627.0,0.49163968221993626,0.4625199362041467,-0.029119746015789538,0.016222533941704607,75582.259645,2071.0,0.5397852822088846,0.6170931916948335,0.0773079094859489,0.009404249514324788,243635.462896
0xdc0cac2441a9b42764a18bb24d2e0cf7465e218a,33.0,0.38014370662424246,0.48484848484848486,0.1047047782242424,0.08627002057027738,16240.892558000001,108.0,0.3901004465861111,0.4074074074074074,0.01730696082129629,0.04321419936815057,25029.745280000003
0xdc16718af9f04590b38a8e8aa32dedcd034740a5,75.0,0.34237265197733324,0.2,-0.14237265197733323,0.04547211461379115,22715.972207000003,73.0,0.3610527725027397,0.2602739726027397,-0.1007787999,0.04883868461326894,25177.449123000002
0xdc4f58a48ed4467743609fdce11eea483c759804,56.0,0.36089285989464287,0.125,-0.23589285989464287,0.030858681448139597,2329.447394,179.0,0.4866145292145252,0.5027932960893855,0.016178766874860306,0.027529259948419954,5851.536752
0xdc638130977549d8b9e846943197fac2bdd9d5c8,120.0,0.5135833375091666,0.5416666666666666,0.028083329157500003,0.01590601570446239,8505.662612,355.0,0.4794366259411268,0.4253521126760563,-0.054084513265070466,0.023161614499654593,11673.095136999998
0xdc8634e3191aa4be3868b17d9ef8ba9c58537e77,735.0,0.41821618077972794,0.38639455782312926,-0.03182162295659868,0.013616572164051974,16247.647206000001,576.0,0.41321425181041666,0.3923611111111111,-0.02085314069930555,0.016644648561551116,17818.089746999998
0xdcddcde4000c5ce9b05a15715b23b08c3c596d55,59.0,0.6383389448135592,0.7457627118644068,0.10742376705084755,0.04759933566769863,690.19686,88.0,0.49678403482954553,0.5568181818181818,0.06003414698863624,0.045200304322788445,746.876031
0xdd5ef115f801999575b03d78d0115ad8b2d59040,105.0,0.6571756953133334,0.7714285714285715,0.11425287611523804,0.03741390533342947,22526.432500000003,553.0,0.4445540422878843,0.5117540687160941,0.06720002642820977,0.01864130115618264,66550.46843000001
0xdd63228c777685690f02b1526f5b0294f381a39a,30.0,0.18204775065999998,0.03333333333333333,-0.14871441732666665,0.03052146801199476,2250.6146710000003,55.0,0.3183272302090909,0.23636363636363636,-0.08196359384545451,0.055341462567348745,1272.0189309999998
0xddb6e6246546230503f153506ac1e9914978b9b3,208.0,0.41965663818365384,0.3701923076923077,-0.04946433049134613,0.026600751381437023,7309.022980000001,3911.0,0.4379917828225774,0.33162873945282534,-0.10636304336975205,0.006960374165170593,66877.76999999999
0xddf57e9fa333d2a55ef1ead963eb84eaca1baaa3,29.0,0.5126018339758622,0.7931034482758621,0.28050161429999987,0.07665366752353178,2261.6917620000004,22.0,0.6673118124227271,0.6818181818181818,0.014506369395454688,0.10911968280337955,1507.7364059999998
0xde0463ea7f611b065e8ab06bbfbddad75e6dfa37,1156.0,0.5129779937969723,0.4610726643598616,-0.05190532943711068,0.008341658765292465,394406.59366400004,55.0,0.3905107874618183,0.38181818181818183,-0.008692605643636442,0.05457181549433536,17894.635319
0xde0f5594d2867335c5d1d8d8578ec33f5f4dddd3,36.0,0.21794140823333336,0.05555555555555555,-0.1623858526777778,0.013688672726675876,21130.708144,23.0,0.35084702165652176,0.391304347826087,0.04045732616956521,0.09325014185256167,18362.391193
0xde256da54a8d8b4429b599aca4027c542bf5c0a5,100.0,0.426021680164,0.3,-0.126021680164,0.03525947948971469,1539.410186,34.0,0.5711764382323529,0.7352941176470589,0.164117679414706,0.053997287975719316,1429.3401139999999
0xde7db574c99b1cf4829e6543ee1522eaef78499e,54.0,0.3240370441296296,0.37037037037037035,0.04633332624074077,0.05075801294883156,7247.381448,22.0,0.2064090910045455,0.18181818181818182,-0.02459090918636367,0.08201490357069938,4399.965625999999
0xde9f7f4e77a1595623ceb58e469f776257ccd43c,4120.0,0.49276667769611654,0.5172330097087379,0.024466332012621328,0.00603892275391786,2231227.626378,2656.0,0.5482639451690888,0.5963855421686747,0.04812159699958585,0.008075117486010964,1395332.632615
0xdebbe89ceb32828a99648bca497684f5209ceedb,155.0,0.4338058299890323,0.5548387096774193,0.12103287968838705,0.026176525702472146,66931.599901,25.0,0.8775231456400001,0.96,0.08247685435999985,0.008787171979866955,5398.37136
0xdf1d322a2f868a0eaa18513b54ec9d8eafffb0a8,256.0,0.5796093852875,0.6796875,0.10007811471250005,0.02261510526149926,11723.093149,82.0,0.48963415978292674,0.45121951219512196,-0.03841464758780477,0.04715465274729043,4028.3339779999997
0xdff6c7389271f500caa957671f8c2b68db170918,45.0,0.5375555555555555,0.6666666666666666,0.12911111111111118,0.06201809952676183,303.2468,78.0,0.4466666764320513,0.5897435897435898,0.14307691331153843,0.048843198313006965,515.9231179999999
0xe0682f6feca8fa12d74e523f3856a5ea47edc5ea,3175.0,0.47743735368560625,0.45921259842519685,-0.018224755260409398,0.006620894593178206,17514.678584,51.0,0.49450981052156867,0.5098039215686274,0.015294111047058745,0.05048964312219685,265.206393
0xe0b01fa337f48b3792ae9e76f3665bfc4f3a5294,31.0,0.5472308956419354,0.5161290322580645,-0.031101863383870887,0.06640579139784812,5250.002272,58.0,0.6803957543637932,0.7413793103448276,0.06098355598103444,0.04419918214021307,8247.929803
0xe121ca930b64f2f9bad27fee1ceee76e105184da,29.0,0.8412068386172414,0.9310344827586207,0.08982764414137923,0.029163547438963662,96.13707500000001,49.0,0.7621592096285714,0.9183673469387755,0.1562081373102041,0.036421269979438745,364.90544300000005
0xe167832b5a41e5bb5ed0a34cbf7bc603a84703a1,34.0,0.44498914935,0.4411764705882353,-0.0038126787617647206,0.07591296287383352,18179.785507,28.0,0.43531967662499993,0.21428571428571427,-0.22103396233928566,0.0646067684392853,7612.030465000001
0xe2461f9519cada58eb1a3ec91f5b9c6e21fbdedc,81.0,0.5300986814049382,0.654320987654321,0.1242223062493828,0.044578201502151395,365.598722,188.0,0.49073744286010634,0.4734042553191489,-0.017333187540957418,0.03184458103900059,2167.864191
0xe30e74595517de48f1fb19f4553dd3d9f1e96b87,24.0,0.14710071066666666,0.0,-0.14710071066666666,0.002845476013972296,50502.557555,431.0,0.5861404620373549,0.8909512761020881,0.3048108140647332,0.012129456744281508,418715.654711
0xe394fd07cfceaceffcfab62afa3969afe8ec289c,39.0,0.6339656409923078,0.3333333333333333,-0.3006323076589745,0.05352625520623249,16871.746779999998,22.0,0.4871600960181818,0.45454545454545453,-0.032614641472727246,0.09577550545025253,48296.257079999996
0xe3d4dee2427b98042822543f8e1e8ab7bafb2bac,296.0,0.7729108121337839,0.6655405405405406,-0.1073702715932433,0.023139868349734645,207974.10778199998,52.0,0.7252914188403845,0.5192307692307693,-0.20606064960961523,0.06459794319424422,75202.93833599999
0xe4816d50a04c26bf31a752ebc3f011288f62d138,73.0,0.3973972709109589,0.3424657534246575,-0.05493151748630137,0.022425357548023904,1767.344145,74.0,0.4698476177391892,0.35135135135135137,-0.11849626638783783,0.04999368702846276,2347.098462
0xe4a4f67a36a36723288b19ac566f504634f7cdb9,316.0,0.5662407270477848,0.6107594936708861,0.04451876662310128,0.023809014020059135,2318.515484,141.0,0.5630803788765956,0.6382978723404256,0.07521749346383,0.037900971508374945,1131.202765
0xe51648e1aee597bbf8a3e7e00326c4c482c51d31,51.0,0.6870480994921567,0.6666666666666666,-0.020381432825490098,0.04097756768588606,1109.8267720000001,50.0,0.7708199787899999,0.76,-0.010819978789999851,0.0554809302661951,375.867102
0xe5241830e8876c115d7dc8311ad9f43d85fdd34f,23.0,0.2508260909391305,0.13043478260869565,-0.12039130833043485,0.03300489519331507,15910.392349,68.0,0.43367649898382354,0.6617647058823529,0.22808820689852938,0.06920240487091484,60666.492746
0xe542afd3881c4c330ba0ebbb603bb470b2ba0a37,91.0,0.040333073092307686,0.02197802197802198,-0.018355051114285707,0.005845410046550598,13113.372794000003,58.0,0.112363072,0.017241379310344827,-0.09512169268965517,0.004493373678381435,19035.568843
0xe54d37c9c12e5fd3d684ff4d193ef1f44dabfdec,64.0,0.8735856404062499,0.90625,0.032664359593750136,0.033010771393973036,17950.677772,60.0,0.7797800410616669,0.8166666666666667,0.03688662560499978,0.03734294461444366,16034.848050999999
0xe5b1377410ddd77dc3bf6fd5172e13fdc31330b2,63.0,0.589365095084127,0.5238095238095238,-0.06555557127460321,0.05324338539621276,1206.0899270000002,135.0,0.5507786536377778,0.5185185185185185,-0.03226013511925929,0.03661825411301423,2732.187546
0xe71359d50ea42c73bff065ec47f418506a7ac9a0,55.0,0.37933848917818175,0.3090909090909091,-0.07024758008727267,0.02838843271492563,38546.544169,82.0,0.7972500213304877,1.0,0.20274997866951228,0.013018683322112132,11190.877387
0xe786c3487e60cf9ae9cde877791614e0ac3d9d92,39.0,0.9104615412230768,1.0,0.08953845877692324,0.02116673890695624,280.27436500000005,41.0,0.9252682970414634,1.0,0.0747317029585366,0.01857565225475017,931.513793
0xe8246a3a7b6aecb8dbac72627f6c869ad10965b4,25.0,0.416811375928,0.32,-0.09681137592799999,0.09165048416929719,266.724583,23.0,0.5123098514739131,0.4782608695652174,-0.03404898190869565,0.09891006110911058,218.541994
0xe857c906ec3308ae8d6ba8f66c33c0f38c207b3b,53.0,0.22957144025849058,0.18867924528301888,-0.040892194975471696,0.047503857383117916,8697.675365000001,83.0,0.26800247333253013,0.20481927710843373,-0.0631831962240964,0.04166298351565234,29691.097311
0xe8c2c1f21d20a99d7e85139d5a549ae7b96545b2,174.0,0.4383454164264368,0.39655172413793105,-0.04179369228850577,0.022009706869594175,5132.03048,143.0,0.5412538793993007,0.6153846153846154,0.07413073598531472,0.032457773158022854,3089.91
0xe8c6c9d86734255cb17a4095510a27c5da8d737a,681.0,0.5733503051076358,0.6093979441997063,0.03604763909207043,0.014785996888428484,6714.3839499999995,66.0,0.5041249151984848,0.48484848484848486,-0.01927643034999993,0.04649972585589929,831.67488
0xe8e086f7ef06af27889edfb5026e1453c61d7eec,130.0,0.4899769538961539,0.8846153846153846,0.39463843071923066,0.02561314030384801,3680.42,2417.0,0.4585191584220107,0.395945386843194,-0.06257377157881666,0.008701345399165656,60242.84
0xe8e1b119302ae410e77b2af7d7456809007549dd,6432.0,0.4875484608416044,0.4797885572139303,-0.007759903627674092,0.004629604844551972,183585.811071,2085.0,0.49850059070095915,0.5160671462829736,0.01756655558201442,0.009802414102623764,62576.491263
0xe9010cf300384ce6b86ed9cd9436d515d3593139,87.0,0.3901748285770114,0.4367816091954023,0.04660678061839091,0.0474649348644347,1501.721078,20.0,0.48854995401000006,0.5,0.011450045989999935,0.11325052748498773,179.08143099999998
0xe9076a87c5ed90ef16e6fe6529c943baeca0cff6,673.0,0.4214751063793462,0.38781575037147104,-0.033659356007875174,0.01443048253814786,33503.381280999994,2933.0,0.5086688800903512,0.49403341288782815,-0.014635467202523011,0.008016650629940504,960991.760586
0xe91171f655be1568e4c63f29663c0028649e3d4e,558.0,0.4633002547444444,0.5268817204301075,0.06358146568566309,0.01776157267628919,101919.087038,1366.0,0.45298966545973646,0.42020497803806733,-0.03278468742166912,0.010814805703370761,315035.086426
0xe9ac854320a29544ef419bbde0fed483af758de4,22.0,0.5580908607363636,0.6363636363636364,0.07827277562727275,0.09044261685456542,1415.1487859999997,127.0,0.48484247946535436,0.5039370078740157,0.019094528408661382,0.03915357281327606,2130.4268839999995
0xe9b8dc8ced6e8017ea50303e494e266ece9aab1f,71.0,0.8001971830985916,0.8028169014084507,0.002619718309859187,0.047595776008401466,90.72999999999999,44.0,0.5497727281886363,0.45454545454545453,-0.09522727364318179,0.048984485057749036,164.580784
0xea104fad5b61d01a3031d65389c96650b8a8a070,48.0,0.4824791666541666,0.16666666666666666,-0.31581249998749994,0.04826832580721053,1893.543045,40.0,0.5529999996125,0.6,0.04700000038749996,0.06918036615047277,1014.033443
0xea9b517a08ccf962b85db123b36e775a87d02be5,113.0,0.6474464507858407,0.7256637168141593,0.07821726602831858,0.031733982772716246,1256.194941,85.0,0.3927058896317647,0.3058823529411765,-0.08682353669058823,0.03991187067627635,346.128458
0xeaac36f714563e13d88db7a4f0a0898388f2d71d,127.0,0.3031683465811023,0.3228346456692913,0.01966629908818901,0.03412928751319774,49744.94565,48.0,0.39999999945625,0.3958333333333333,-0.004166666122916662,0.06212985665174591,27178.632045
0xeab61f1c7168138db3e0bb87acadfb77ce8dd4c6,132.0,0.28864394744696964,0.24242424242424243,-0.04621970502272721,0.03676099323013521,9650.93027,41.0,0.4517073374292682,0.3902439024390244,-0.061463434990243815,0.027284769199059387,3623.047506
0xeaf34ea3f75a2eb1e1c34c36eb0a7a6fe855e802,100.0,0.17741299709299996,0.05,-0.12741299709299997,0.017815944346676757,83595.35694099998,216.0,0.13648737192129634,0.05092592592592592,-0.08556144599537041,0.012823866824693907,121775.30941
0xeaf87f6b98ac9b5e3d3cf43769d21cbcabf39f45,25.0,0.19999862857200001,0.08,-0.11999862857200001,0.04606168950408588,7700.610000000001,457.0,0.48416018987636766,0.47045951859956237,-0.013700671276805299,0.016912017705013677,123526.449682
0xeb7114282b7cfdf77abb6081da3f4356b68f1ab1,30.0,0.44366666704000013,0.4,-0.04366666704000011,0.08054338923906515,134.71829200000002,45.0,0.5189565116666668,0.5777777777777777,0.05882126611111094,0.07184163684674677,233.24533099999996
0xeb77d9d56dcb015a9b55b765851201032776ef9e,174.0,0.7003414156724137,0.7988505747126436,0.09850915904022994,0.02994283809193906,200374.269316,165.0,0.6700708607903031,0.6303030303030303,-0.03976783048727284,0.03573216857125926,164495.114363
0xebdeffe1451bb31f9266f15e27feb25b177e1de0,182.0,0.267864064895055,0.21428571428571427,-0.053578350609340714,0.026407480376068326,5114.513513,221.0,0.37429733652760183,0.3665158371040724,-0.007781499423529459,0.029820426023867967,7051.766261
0xec593b3c1a9a0ed15e597dc4ea09cafbffe3bb35,262.0,0.43598092872709926,0.38549618320610685,-0.05048474552099241,0.022831238196493308,51667.68609799999,90.0,0.15010000300666665,0.0,-0.15010000300666665,0.01898557903461633,13649.904150000002
0xec690ecdbe75275f390d9460b112dfc53ae36fba,674.0,0.6210990062747774,0.6780415430267063,0.05694253675192884,0.014321810389788027,65600.99784,413.0,0.4918468093687651,0.44552058111380144,-0.046326228254963686,0.019832958951231112,57068.66625
0xed3192e93b31c3933031570e310ed04a80d7d9c8,78.0,0.47320513350256405,0.08974358974358974,-0.3834615437589743,0.03805320249809173,9420.507827,24.0,0.44750000029166664,0.25,-0.19750000029166664,0.08216113982627393,4114.304783
0xeda045f91a24d199f78ef1f591fbbe6a5b517dff,31.0,0.39064516241935493,0.3870967741935484,-0.0035483882258065536,0.09392807609931826,3462.4217040000003,59.0,0.4600169576118644,0.4067796610169492,-0.05323729659491522,0.05098682185772396,6108.6243190000005
0xedf72350cc1d1fc9b02186f33a19a27108e24003,397.0,0.4594774635622167,0.4534005037783375,-0.006076959783879177,0.021505698884547775,17482.497402,31.0,0.3367069896967742,0.16129032258064516,-0.17541666711612905,0.06553950708996652,1413.10724
0xee116af853563721c484b94e418494c690cd53c9,63.0,0.5932575760952382,0.6507936507936508,0.0575360746984126,0.02308999352632539,7143.934581,54.0,0.7254722495944445,0.7962962962962963,0.07082404670185183,0.03374375533737001,9319.707726999999
0xee6712ea09d6a9c86793bb6dde10ea59040e67a6,178.0,0.015556180264606742,0.0,-0.015556180264606742,0.0004725681105405803,21682.05665,30.0,0.007100000000000001,0.0,-0.007100000000000001,0.0007433227667925852,5256.5695
0xee8474425f2a4b3ec975bfbca46c9307d417becb,36.0,0.4957890582583333,0.3888888888888889,-0.10690016936944441,0.05472833790359357,898.166361,24.0,0.5246994346875,0.625,0.10030056531249998,0.0919361290605969,518.70199
0xee9dbe91dd9d329970dedecd26dece3b5b905f41,38.0,0.6329288912289474,0.7105263157894737,0.07759742456052632,0.07032596121958107,275.20928399999997,20.0,0.41450002118499996,0.3,-0.11450002118499997,0.09860467446898077,111.92207600000002
0xeea3f08e8a36081233e4c4b4142fd61a7b56a6a2,1411.0,0.5568276233077251,0.5669737774627923,0.010146154155067255,0.011144089015840014,31052.232878000003,9862.0,0.559744624805881,0.593490164266883,0.033745539461001894,0.004133351285729685,1351907.2623450002
0xef045ed0f5e9c29ee5b74fd549fa9bf1b081f6e3,63.0,0.7742857162809523,1.0,0.22571428371904767,0.01013153204048194,12205.133927000004,60.0,0.7266666702950002,0.7,-0.02666667029500025,0.044993199256017774,14463.488819
0xef292327dc97299c63f30e998614740d9a852f1e,491.0,0.6161106890647657,0.570264765784114,-0.045845923280651735,0.016953649553129776,196980.765378,157.0,0.6874701663656051,0.6942675159235668,0.0067973495579617405,0.03239688844018242,33079.041834999996
0xef46e7d4e632d4de3c69c24d1814eb8d2dc2b0ea,87.0,0.35574713706206895,0.11494252873563218,-0.24080460832643677,0.03009484216478323,24185.473507000002,57.0,0.43329825519298243,0.43859649122807015,0.005298236035087722,0.06766876349395061,20361.243282000003
0xf0ac5725f74f44cd80f5e65c7f9fc5b3e5d24ec7,22.0,0.1658650127409091,0.09090909090909091,-0.07495592183181818,0.0634496100052261,8230.338001000002,62.0,0.21306253591612906,0.25806451612903225,0.04500198021290319,0.05765967447908825,1976.9771859999998
0xf0b3810f3a4f20179e8afefa0e5606b2cbbabf0d,62.0,0.8344842607306452,0.9193548387096774,0.08487057797903219,0.030384487476369324,1278.57012,459.0,0.8070676107152507,0.840958605664488,0.03389099494923731,0.015009924694158914,7956.458553
0xf1451f85b26b3a2138bfbd4c4b83465713bf7426,93.0,0.8394691793301077,0.8494623655913979,0.009993186261290199,0.03443579989219169,254.47857799999997,22.0,0.8023635720227272,0.8181818181818182,0.015818246159091,0.0812564415873198,48.789857
0xf1528f12e645462c344799b62b1b421a6a4c64aa,112.0,0.769553589067857,0.7053571428571429,-0.06419644621071408,0.03322867417118723,100524.44845699999,58.0,0.5213793350344829,0.7586206896551724,0.23724135462068952,0.04323698485190438,63369.057952999996
0xf18af4ede11048b8695d775f72ec5e7a236ee4e5,1035.0,0.4402383584731401,0.42028985507246375,-0.019948503400676332,0.012793410272310056,22849.050735999997,472.0,0.5684272371171611,0.5932203389830508,0.024793101865889677,0.018437710267420727,13601.059137
0xf1aa7bfb5e991ddf2cb3f0242e7717ec76459359,46.0,0.5931007461456522,0.6739130434782609,0.08081229733260864,0.054999099646167095,4919.228891,40.0,0.5314419294849999,0.325,-0.2064419294849999,0.06318452876079343,2678.6408500000002
0xf1ee4842fa0c7283632185e42577027452d4519c,394.0,0.5432692092502538,0.5177664974619289,-0.02550271178832486,0.02199126141060013,8742.266346999999,89.0,0.5711148390438202,0.5730337078651685,0.0019188688213482852,0.04421186270407523,2290.3203909999997
0xf23a0aa1089b041518346ee5d5d95d2c62eedf6f,212.0,0.6548042492886793,0.7452830188679245,0.09047876957924517,0.020426953587806367,8066.186162000001,210.0,0.6063047779952381,0.5523809523809524,-0.05392382561428566,0.029061431868396864,10029.90429
0xf30a0a3548861a989ec2826dba90b27c02a061fb,246.0,0.4493089586719512,0.5,0.0506910413280488,0.024768509300406565,4302.775989,187.0,0.4351336906588235,0.39572192513368987,-0.039411765525133646,0.03230815343528834,3756.0115180000003
0xf4748da7a58650b3327b007a8fdef0b27fc92775,50.0,0.41865710189399996,0.4,-0.01865710189399994,0.06622085356252358,876.902682,145.0,0.4665547523868966,0.5172413793103449,0.050686626923448275,0.040162853012902636,1002.495942
0xf4c57e13a5a29854bbe97f1a7e1dff562d23c8c1,32.0,0.6375000006218751,0.65625,0.018749999378124937,0.062497983828482435,3078.357598,24.0,0.4365540628208333,0.3333333333333333,-0.1032207294875,0.06682252507607495,2551.97124
0xf4f88a1e25ff5dfae68326eb62049d6a1b7c5bf1,114.0,0.3878875926552631,0.2894736842105263,-0.0984139084447368,0.03995052229396946,2486.961298,75.0,0.332411863884,0.25333333333333335,-0.07907853055066666,0.049582215332935616,2279.153765
0xf504d6bcf88d485d21f65398b9deb04d92180111,572.0,0.4620247570652098,0.4090909090909091,-0.052933847974300674,0.019188124925338928,3296.983491,1202.0,0.48455400492579037,0.5074875207986689,0.022933515872878507,0.013091487164688064,9566.418026000001
0xf5198df69e13937a40d1c76d6f72d9aa067d906b,219.0,0.5176712401968037,0.3607305936073059,-0.15694064658949775,0.023172987588522934,150717.91441700002,252.0,0.7002377342226191,0.9682539682539683,0.2680162340313491,0.012935474414394528,174795.995274
0xf5aeb7346eb74e2208bb231a4edb6cb34f483e6c,20.0,0.347000001525,0.25,-0.09700000152499999,0.09275349293342003,1910.810809,46.0,0.38766933021521743,0.41304347826086957,0.025374148045652134,0.06638896525470342,3293.791523
0xf5ecf5f9bc10877170b186814324b23768d623bd,113.0,0.775752212493805,0.9646017699115044,0.18884955741769938,0.01897239696608334,5548.093215,32.0,0.9173437500000001,1.0,0.08265624999999988,0.00937992981942502,1584.989125
0xf6d2e3deb333a5716acbd4044e65e887accdbebd,21.0,0.45028565317142866,0.42857142857142855,-0.02171422460000011,0.09119672798091592,112.68991000000001,50.0,0.534299923942,0.64,0.10570007605800003,0.06890639841539017,239.746255
0xf75350ccd4b3620c12ad07eb43078953cafbbcfe,574.0,0.3155037978749129,0.18466898954703834,-0.13083480832787456,0.012916411066735734,2501.3773380000002,409.0,0.4687756954224939,0.4841075794621027,0.015331884039608779,0.02190974427848293,1746.8617820000002
0xf7c3b6cb4badc158f44cef43364701d3a393eac2,20.0,0.7424499186650001,0.75,0.007550081334999903,0.07267086861259081,51.14151700000001,60.0,0.7093499105083332,0.7166666666666667,0.007316756158333493,0.045652028311818506,133.05917399999998
0xf7f0b0b1e9c0fe02ccad926916ee31aef74b912c,117.0,0.5248034347555555,0.5726495726495726,0.04784613789401715,0.035164049709555535,7486.891834,153.0,0.5008496883235294,0.45098039215686275,-0.04986929616666663,0.04004555226378184,15478.932778000002
0xf898dc38744d9e173bcaadef0647ceb42ad8e720,111.0,0.5817567567567566,0.5945945945945946,0.012837837837837984,0.04160097794742219,2872.3,194.0,0.5000412352252577,0.4845360824742268,-0.01550515275103087,0.031728452306751226,1878.795459
0xf8ab270075d9bc4c2e786f59ced74c72511e13a1,20.0,0.5749999975450001,0.75,0.17500000245499991,0.09050298064697564,762.6314259999999,147.0,0.8115578232972789,0.9659863945578231,0.1544285712605442,0.015855541377240302,272410.257104
0xf8c860fb134ec5514e29366bd117d2483ab97c4c,62.0,0.5016129353790322,0.5161290322580645,0.014516096879032325,0.05033450926987554,772.968864,279.0,0.47261651268996413,0.4874551971326165,0.01483868444265235,0.030300142488030805,4499.381727
0xf9706baa6dd084f1f0c3b88602a543d0c313f7f6,191.0,0.13141869095340317,0.06282722513089005,-0.06859146582251312,0.014431853800071576,77941.421725,73.0,0.3433291445356164,0.2876712328767123,-0.0556579116589041,0.04391862824953535,9791.940603
0xf988e28c12d3fde9973159f0596612fc249a32a7,20.0,0.90631992739,1.0,0.09368007261,0.030543998014534945,397.09104999999994,24.0,0.8810833240833333,0.9166666666666666,0.03558334258333329,0.05289749187826524,425.971395
0xf9a043c3c196d606b5d2e94545d937be533a6e74,233.0,0.8419974534892704,0.9055793991416309,0.06358194565236053,0.018942022690689085,662.818856,79.0,0.831683481277215,0.8481012658227848,0.016417784545569747,0.03919051732200046,298.24034499999993
0xf9d6d6fe8071159a05962099b3b1c2dc8877910d,22.0,0.17590909105909092,0.09090909090909091,-0.08500000015,0.059097651970793544,8925.201632999999,168.0,0.5888586108791667,0.6726190476190477,0.08376043673988098,0.02842704232727071,70537.110424
0xf9ef91d1eecb656cf6b70d685eff5ff0750f7ee6,92.0,0.7622812411336958,0.8260869565217391,0.06380571538804336,0.030663083560272152,7000.634231999999,140.0,0.6722824896485715,0.7857142857142857,0.11343179606571419,0.030275843776469854,9358.877695
0xfb07351915105d24ab2b05ac396293de27ee28bd,24.0,0.7730832314041667,0.9583333333333334,0.1852501019291667,0.04638477501661573,35.255431,22.0,0.7149999293181819,0.9545454545454546,0.23954552522727268,0.04791079584413192,39.057057
0xfb5148fc7223630e0967dbfa8cd920d83ab4742d,37.0,0.6761784833378377,0.6756756756756757,-0.0005028076621620414,0.051024741078537626,20113.456652,58.0,0.6636207110672413,0.6206896551724138,-0.042931055894827486,0.06777991653405573,24005.037215
0xfb7733abe6c47124d4e2be5c2dbf1d5766c61c78,63.0,0.4116190315063491,0.3968253968253968,-0.014793634680952295,0.058820189028409825,2852.9184990000003,107.0,0.3965985439028038,0.42990654205607476,0.03330799815327096,0.0469456395477344,7567.679865000001
0xfbad997d0ad3f2a0459df3043903384f04084f53,61.0,0.43072459719344264,0.45901639344262296,0.028291796249180323,0.04228129663871248,7798.612667999999,64.0,0.5071071032015625,0.609375,0.10226789679843751,0.04988033741939903,4983.841392
0xfbd8c9c22ca76b3662d0e53a4f79719fdc684027,625.0,0.92947186097504,0.9792,0.04972813902495998,0.002829872040177156,12441.604152,136.0,0.9077870629816177,0.9779411764705882,0.0701541134889705,0.005112958831173564,6971.9
0xfbe49f06348d605b47ec2d681569f479c8c8f12f,34.0,0.5527817488529411,0.5882352941176471,0.03545354526470601,0.0733731850452209,345.549388,22.0,0.5760702763954545,0.6818181818181818,0.10574790542272727,0.09989187253380556,455.369974
0xfbf82be9cf773cd2dbc596bb5526fb2948e099f4,31.0,0.565290322580645,0.5806451612903226,0.015354838709677576,0.06951527330261922,163.91192,24.0,0.6845000051041666,0.625,-0.05950000510416664,0.08699633404395779,181.627141
0xfc0cb8da7a6bfcb50bc3a99632d378316f0dcfc9,53.0,0.3691766215792452,0.4716981132075472,0.10252149162830199,0.05014662144062841,27691.574213,45.0,0.40314660778222217,0.15555555555555556,-0.2475910522266666,0.0403290557518696,49175.196595
0xfd3e6449d0c1e807501dcc17c0d9447201f35a7a,89.0,0.525253481322472,0.6179775280898876,0.09272404676741564,0.0482107451396668,2326.656323,389.0,0.6010874849043703,0.6555269922879178,0.054439507383547525,0.020941871223082328,21927.578105
0xfd51fe946f44511e4776c3e8cc14abe16652ce69,143.0,0.5340349761594405,0.46853146853146854,-0.06550350762797197,0.034434004095630806,1079.9155469999998,119.0,0.5367227194957983,0.6050420168067226,0.06831929731092434,0.040008244026354944,892.841782
0xfd557e6db670c9704bc1d0d8e8b585c7d9c9f905,114.0,0.8954041880684211,0.9298245614035088,0.03442037333508763,0.008046685365940703,3088.0,23.0,0.9025755289869567,1.0,0.0974244710130433,0.004456936984557382,613.0
0xfe24dd640f792355d3c829cf6f21c27b363a3919,48.0,0.7482499691791666,0.7916666666666666,0.04341669748749999,0.051385717985576354,177.031361,201.0,0.6803843512119403,0.736318407960199,0.05593405674825869,0.026442645332711755,683.0400810000001
0xfe37cfb53702f9d85ce5b04b516e000268ed911d,69.0,0.7418019401144927,0.7391304347826086,-0.0026715053318840942,0.039656595142497406,2583.461711,70.0,0.7292107193128572,0.7285714285714285,-0.0006392907414286553,0.052199528170242496,2830.670315
0xfe787d2da716d60e8acff57fb87eb13cd4d10319,21302.0,0.36165395267370204,0.35668012393202514,-0.0049738287416769,0.00245949043384588,8843279.012957,31070.0,0.4539442313234181,0.4391696169938848,-0.014774614329533309,0.002315743363415821,24200842.209257998
0xfe90414e4e858f5ce8e2e895bec19913fae05ce2,109.0,0.6478865445752293,0.6788990825688074,0.03101253799357806,0.036750158579236095,281.992564,159.0,0.6095443064779874,0.6037735849056604,-0.005770721572327053,0.03435022773798127,339.67379600000004
0xfea6d7d20a5ba852ec160c3a4db14b734073b795,24.0,0.36448784373750004,0.2916666666666667,-0.07282117707083335,0.0499501874554557,820.993274,1621.0,0.46585750454213454,0.4688463911165947,0.00298888657446017,0.00960878192579703,16022.901698000001
0xfeab36deb82b3d240e5235d1efd28c1e82509cd0,30.0,0.32662002684,0.3,-0.026620026840000033,0.07202125971962717,15423.831676,53.0,0.3715340593113207,0.3018867924528302,-0.06964726685849054,0.04974054309070882,44608.212367
0xfec906153f1f1a5c749032c2e0138d328c9679c9,56.0,0.8166070696714286,0.9642857142857143,0.1476786446142857,0.02478084711398341,258.09720799999997,49.0,0.8012856131755102,0.8979591836734694,0.09667357049795922,0.044125157071246264,92.447474
0xff34c2cc46e7624310f3549ea355540d57a4694b,1008.0,0.5346261785687499,0.5505952380952381,0.015969059526488194,0.01414011248213948,65671.556687,244.0,0.5087624327061475,0.4918032786885246,-0.016959154017622935,0.03047720112577647,57443.824017000006
0xff80bb23621f03fc6300808730316c78abe09b4d,179.0,0.4363463794960894,0.4134078212290503,-0.02293855826703911,0.018424876079300226,28130.288043999994,31.0,0.8087096971870965,1.0,0.1912903028129035,0.015075022829285951,15672.973320000001
0xff81cc85838ce8f91a7d4ae2eeddadfa3f8444c9,42.0,0.5590240263142858,0.7380952380952381,0.1790712117809523,0.05314051219131345,100634.15985899999,52.0,0.6167506177096154,0.6923076923076923,0.07555707459807692,0.05898118024198028,242359.942347
0xfffab62484cf9e826630ffcce557eda470e217c5,1323.0,0.4622018370886622,0.4474678760393046,-0.014733961049357591,0.008117540075299601,65170.534512,8192.0,0.4700394420268799,0.4761962890625,0.006156847035620083,0.004452205583584011,304723.18103700003
