wallet,n_markets_p1,n_fills_p1,avg_entry_p1,win_rate_p1,edge_p1,edge_se_p1,notional_p1,n_markets_p2,n_fills_p2,avg_entry_p2,win_rate_p2,edge_p2,edge_se_p2,notional_p2
0x00093a689df7fb09a137f9db7102d9e967c85497,51.0,127.0,0.41704398631842193,0.4117647058823529,-0.005279280436069041,0.05742134583963333,1079.24618501817,177.0,463.0,0.47826123269523685,0.4858757062146893,0.007614473519452398,0.03319411794538932,7188.201001889784
0x01956113cdbbf5cd6e2caa5ede24e64f23cc9f64,23.0,27.0,0.7836640333250868,0.782608695652174,-0.001055337672912925,0.07676761749665766,1643.5299420174044,30.0,31.0,0.74358512573126,0.7333333333333333,-0.010251792397926788,0.07758316203488799,1688.99992902158
0x01c78f8873c0c86d6b6b92ff627e3802237ee995,28.0,160.0,0.3308875451224533,0.17857142857142858,-0.15231611655102478,0.0716423484440647,4243.614657398623,64.0,322.0,0.34105469967522867,0.296875,-0.04417969967522872,0.05710415091585352,21237.24285699647
0x023d4f8499200936492f4f4328ff679c540a23ac,59.0,66.0,0.7551591507988111,0.8135593220338984,0.058400171235087124,0.045655567232035565,2533.2620129106704,45.0,53.0,0.43348642113206454,0.35555555555555557,-0.07793086557650895,0.06357440175861775,764.1264519842573
0x03097eaaf923518da334d6819653ea74b9f4d35e,25.0,43.0,0.31321809194620287,0.24,-0.07321809194620287,0.06273126803303417,62.518949000113096,30.0,47.0,0.3590495789530099,0.13333333333333333,-0.22571624561967654,0.05460671564900346,74.68679299987558
0x03bab08ec71cc18c39484b849ecbf1190ce4beba,134.0,8608.0,0.49907313194666814,0.5522388059701493,0.05316567402348108,0.04160312718544499,82834.48702977934,25.0,1503.0,0.48961397114380434,0.64,0.1503860288561957,0.09084405392376534,15263.76081800826
0x05c5a55c0eed25f98a846f9b5a1875a99d358181,20.0,21.0,0.49986405936841455,0.55,0.05013594063158542,0.09487470091681244,830.5071431025194,24.0,24.0,0.6112916624416668,0.75,0.13870833755833334,0.08645075851674343,451.9977740039014
0x05d3e8e5b270710ec7c6d1ad4c702eb84536c06a,49.0,85.0,0.550136427181695,0.7142857142857143,0.16414928710401927,0.06422957751864757,1961.453932472412,58.0,98.0,0.5286524625876885,0.5344827586206896,0.005830296033001175,0.0628451611109543,2169.749901995057
0x06a9865f05e5f379840e6df4feadc98892571a49,20.0,27.0,0.6398495668818891,0.65,0.01015043311811108,0.09170953203246703,2109.825775386548,29.0,35.0,0.6290732150086951,0.5172413793103449,-0.11183183569835019,0.08476993412006546,4085.8419211283012
0x071f9c6bfa9cb3c609fe8e9ffbf43521cb1892bd,75.0,77.0,0.7259950927208311,0.9066666666666666,0.18067157394583547,0.03431466952165748,3396.325460445697,42.0,55.0,0.7546323061728548,0.8333333333333334,0.07870102716047842,0.056243929657343705,1158.624891001306
0x081e14554b92ee3dc53a21bd5b01f306692ef76e,34.0,66.0,0.4620538309558076,0.4411764705882353,-0.020877360367572293,0.07576886325717289,18031.070032922657,45.0,94.0,0.45302324155721263,0.3111111111111111,-0.1419121304461015,0.07089268843414923,24053.11225316977
0x0a655325b49accb62fd4f6a33fa073c06e91d43f,41.0,48.0,0.8817860697704835,0.9512195121951219,0.06943344242463856,0.03505258798569609,90.4986229997658,39.0,50.0,0.6436488850924238,0.6410256410256411,-0.0026232440667828686,0.07916065326175861,93.44693199841674
0x0adedcb79423aed988a849827ff80b8cc7b3ed94,48.0,84.0,0.6566308152433618,0.75,0.09336918475663825,0.05217257187110867,39279.70223600425,23.0,28.0,0.5337196997608696,0.5652173913043478,0.03149769154347828,0.09134294125904985,4271.938700000464
0x0b2a9c62c82d2813ad34ac25cbdd8608ad3c0a73,22.0,28.0,0.6045036772046085,0.5909090909090909,-0.013594586295517574,0.09177819431638759,328.6447,59.0,89.0,0.6305918263360826,0.576271186440678,-0.05432063989540455,0.05986508751818793,1196.0788390007317
0x0c222c7066850fbb4f94100a73b3e057759a0a8c,21.0,206.0,0.3886291167519806,0.23809523809523808,-0.15053387865674248,0.09470309866016753,1043.4121199940905,76.0,781.0,0.43585158454431855,0.2894736842105263,-0.14637790033379222,0.04732085359432712,9014.066346963335
0x0c99d9f172fc4c25fd2aa92f9fc272da5f020c88,234.0,1603.0,0.46075238018803594,0.41025641025641024,-0.050495969931625695,0.028358487414170873,66755.77267717186,228.0,1336.0,0.4460005917874255,0.38596491228070173,-0.060035679506723755,0.029408417559144508,148155.74604592184
0x0d10fdbccf762e55a70e7df0856fb6914cb1780b,132.0,183.0,0.4828555507026717,0.5378787878787878,0.05502323717611619,0.03565332250943773,685.0675939037127,143.0,176.0,0.6334851451193195,0.7062937062937062,0.07280856117438685,0.03528891986360401,1979.9994909843838
0x0d2d845a6ff64e31e04a70afce8a573940767ff5,216.0,13811.0,0.47533619568505997,0.49537037037037035,0.02003417468531041,0.03199903048213459,238513.4609510328,727.0,27246.0,0.48927537942146054,0.5502063273727648,0.06093094795130424,0.016728737567156864,1219085.9694600888
0x0d5f3020b3da232af2a29e0fe499e45e2a3a1171,150.0,498.0,0.7021753785848542,0.84,0.1378246214151457,0.027989050290128957,9499.726919979128,161.0,415.0,0.7225211467467813,0.7763975155279503,0.053876368781169144,0.025760106546711167,4894.723188006793
0x0df758f3a438f88d9b98da42ab76cd585a101ec1,140.0,505.0,0.5170778991354639,0.5071428571428571,-0.00993504199260675,0.03555258618714181,14358.234222581765,204.0,942.0,0.5014499858607161,0.5735294117647058,0.07207942590398983,0.02955730035458745,10580.557884002741
0x0e31656d0c1395ca32fed2518624aa091dec0117,23.0,23.0,0.7499998735391303,0.7391304347826086,-0.01086943875652176,0.0909999607691677,25.77443866015758,27.0,35.0,0.7331642461318417,0.8518518518518519,0.1186876057200102,0.0657345081915957,38.49993800000449
0x0ec7f0eac6c47934ab9b41e02bd8f15a5f4293d1,34.0,58.0,0.4181877355381133,0.4117647058823529,-0.006423029655760415,0.08064848112307817,190.91540999991275,153.0,294.0,0.4973635366510245,0.48366013071895425,-0.013703405932070296,0.034267328987303586,1215.894759999309
0x0eca22b35c0aacf21e5ecff602489ee239e5c56a,67.0,297.0,0.48403570069340557,0.582089552238806,0.09805385154540039,0.04936104829895826,3285.388129000467,71.0,352.0,0.44118966303792234,0.352112676056338,-0.08907698698158428,0.05329276614900809,9206.081831991183
0x0ee52436cfd4c726385fec293d48d99d3b44e798,23.0,64.0,0.23862450438130423,0.2608695652173913,0.022245060836087065,0.06966928017809317,4250.741667957862,20.0,46.0,0.20385055017621773,0.3,0.09614944982378226,0.0836951370391528,5562.519966959657
0x0f76e9a901b9b18b0ac0561556079aa4f0a6dcc9,37.0,252.0,0.46022139233795706,0.43243243243243246,-0.027788959905524643,0.07694925354110674,4966.3360809885435,125.0,1734.0,0.5411243366107029,0.552,0.010875663389297109,0.03868852197988845,25147.119095020505
0x12082135bdeab5384b248951b1fc3caca49f0160,30.0,108.0,0.1912376412299072,0.13333333333333333,-0.05790430789657386,0.05425597432763606,169.62876985708806,79.0,464.0,0.31291728884120984,0.31645569620253167,0.003538407361321775,0.04366838050000023,1085.7591509869178
0x1301e16c030c2414987afcd4048ca3be9a4f2f0a,43.0,101.0,0.6190061019454888,0.7441860465116279,0.1251799445661391,0.06442436066969168,235.95885809296703,28.0,111.0,0.6107770082605152,0.6785714285714286,0.06779442031091341,0.08466670981659097,139.42981400037664
0x133a9901fcdb918685b90c93f8fd574521df504a,58.0,87.0,0.43095666347025663,0.46551724137931033,0.03456057790905371,0.06039245927932371,2053.986443853829,161.0,214.0,0.38801455095922976,0.34782608695652173,-0.040188464002708035,0.037359966512621814,7731.229831979466
0x147c2760baa011fdcd0d02ea0f610ffb0fd92540,71.0,155.0,0.5207956013141115,0.6619718309859155,0.141176229671804,0.052947641490852966,397.53339000000005,106.0,196.0,0.4842729811061284,0.5094339622641509,0.02516098115802263,0.04590559327351456,668.2067149997825
0x14e72e19ea2f6e2be41504dd3268184ebe5fa32c,48.0,186.0,0.5082060932528732,0.4791666666666667,-0.02903942658620648,0.061900080580524035,4242.020599997963,121.0,2397.0,0.48931938576078665,0.4462809917355372,-0.043038394025249414,0.04116187896018874,29225.84459399318
0x157eaba3d17f22b38c3fa957dc1c7fc4f4587aca,84.0,203.0,0.7137346227453433,0.75,0.03626537725465668,0.03641363703711502,1097.4800440285405,35.0,51.0,0.577850685776984,0.6857142857142857,0.10786359993730167,0.06668944365698436,175.08292900000575
0x15ac9d4fb9c30fca4fec2fdecde3fdace721f3ba,47.0,168.0,0.9838085354617024,1.0,0.01619146453829788,0.004171294687738753,25506.113800004998,39.0,75.0,0.9717751711358975,1.0,0.028224828864102578,0.016227763037564326,26585.028699961615
0x162bb1bebef09f6baa118456520d0e656d32dadd,168.0,168.0,0.9176190198220239,0.9345238095238095,0.01690478970178569,0.019120405950326456,955.6297868102375,92.0,92.0,0.9194456122847825,0.9239130434782609,0.0044674311934782395,0.027845797902240652,91.99956799988826
0x167a59f38ffe5eb3b116c793fae3ae295070d542,24.0,74.0,0.6076910195394096,0.6666666666666666,0.05897564712725705,0.08593357273434253,1262.6852779995472,146.0,189.0,0.7061711381326143,0.7397260273972602,0.03355488926464585,0.03321328020203911,5838.020694995232
0x1793797bdedaab854f300cf2b587b98b8c644ebb,22.0,22.0,0.5413169353636363,0.5909090909090909,0.049592155545454555,0.0918942539663383,362.5659096917733,20.0,20.0,0.486499982575,0.65,0.16350001742500003,0.10030551989025309,139.7774820020162
0x18a460ad85afd38a627960295c6ad6f2cd533a31,53.0,727.0,0.502700296195812,0.4716981132075472,-0.03100218298826476,0.06059304593064868,33616.952875046125,48.0,1021.0,0.44661310264274934,0.4791666666666667,0.03255356402391733,0.06464655915103165,16113.374076027581
0x18a703d1effbc7c36d3f83be924b19484e4a206c,27.0,59.0,0.30925929224868554,0.2962962962962963,-0.012962995952389192,0.0826991370373144,154.13721999986947,26.0,63.0,0.4630456576506073,0.46153846153846156,-0.0015071961121456872,0.083386037775431,254.41198699966574
0x18d21689151f6c1ed20d1912f2196ba6a727e9c3,108.0,444.0,0.7146172841223665,0.8981481481481481,0.18353086402578161,0.027054252819912947,1307.8191870008252,29.0,110.0,0.693010229143479,0.8620689655172413,0.16905873637376254,0.0647437826801574,355.6398209986352
0x1a1e0ac0b3ecc0b5bb133af94a26d5236557f992,26.0,58.0,0.35910626723356326,0.3076923076923077,-0.05141395954125553,0.08925669072374133,1614.9799460513725,59.0,73.0,0.44161617996481495,0.423728813559322,-0.01788736640549292,0.06061349822502738,1612.7299379898454
0x1a59d3f300b446d78a42941ab1b71dd61273a57e,76.0,446.0,0.4538405177939834,0.4868421052631579,0.033001587469174504,0.049427837007496644,6116.915060999197,81.0,591.0,0.4710075052472893,0.4074074074074074,-0.06360009783988196,0.04949934397748802,12974.378039996496
0x1ab8222ecb2f0b03f6249616c3bea54bb0f41b4a,27.0,300.0,0.4856709299795619,0.5185185185185185,0.032847588538956654,0.06992027164491155,37710.049362947975,36.0,602.0,0.5618274189139217,0.6666666666666666,0.10483924775274499,0.05710880440108168,113010.39585493735
0x1bc1473f1c37f9737f224c6d2dbf37f6b881a6a7,27.0,34.0,0.5922222222222222,0.7037037037037037,0.11148148148148149,0.07943121108545732,99.96999999999998,31.0,34.0,0.6136175115207373,0.6451612903225806,0.03154377880184332,0.07846336722611773,123.76999999999998
0x1bcef021c846cd82e3daab1f0e239c052465c696,33.0,79.0,0.6974284476019749,0.8181818181818182,0.1207533705798432,0.06771542161831555,315.22226999988555,39.0,66.0,0.7213031289138373,0.7692307692307693,0.04792764031693194,0.06701543604956982,242.3664539999998
0x1c417a8bd74eb86f7d9efc6213fdcedcb79e0e80,85.0,95.0,0.010223529196470588,0.0,-0.010223529196470588,0.0001573380720031792,10.949262999842148,112.0,140.0,0.009999999999999998,0.008928571428571428,-0.0010714285714285708,0.008928571428571428,11.868595999999998
0x1c70ac3d24049820abc5e31af2cac9710124b25e,45.0,92.0,0.6392032360395133,0.7111111111111111,0.07190787507159781,0.04893824342193082,4983.225878923211,23.0,48.0,0.744508144320358,0.782608695652174,0.03810055133181577,0.06603531322392839,3188.724880961929
0x1cba5593c7f29eca329a4749e447a81b4ec1b694,48.0,4172.0,0.48102323573733835,0.6458333333333334,0.164810097595995,0.06708973124032781,82782.31718105091,141.0,20316.0,0.4983122572013702,0.5815602836879432,0.08324802648657305,0.04138567399417114,378876.89094700525
0x1cdd071bb612de6d66d0c882b676c663697de595,145.0,8270.0,0.43313950586539013,0.2482758620689655,-0.1848636437964246,0.035457625509132895,49920.76616699714,165.0,5433.0,0.3642154243085019,0.24848484848484848,-0.1157305758236534,0.0321464768452375,39094.85159199501
0x1d0aaf736915c4bbb39341fe8a2c6dca3b73ea32,52.0,85.0,0.14987520738404367,0.057692307692307696,-0.09218289969173597,0.03044619287293872,465.97115398008856,130.0,225.0,0.21385042432142973,0.2230769230769231,0.009226498755493341,0.03450691378487731,1125.7089310129754
0x1d2a47b6ec514a0fe26cb07a45cd4702b4647682,29.0,50.0,0.5248822635021737,0.6206896551724138,0.09580739167024008,0.07822020404811647,118.88996000016496,100.0,226.0,0.5852442390508817,0.62,0.03475576094911835,0.043705510072564256,850.9378269997568
0x1d3bed1d05fd31c69c7f1fd95a39edd674a3583b,49.0,71.0,0.5839363896230187,0.5918367346938775,0.007900345070858836,0.05285793788576787,7481.109686991846,63.0,79.0,0.5710893014522077,0.6031746031746031,0.03208530172239546,0.05247582305536775,5389.999751003801
0x1d501441fa9dfd74a99e4502ed50b1684d63d283,138.0,661.0,0.5508436518833086,0.6159420289855072,0.06509837710219858,0.03562259377522513,3278.4063640493423,44.0,248.0,0.5944928384028733,0.6590909090909091,0.06459807068803594,0.07214569746867455,1395.9106259996051
0x1dd21c41843601515bd0e2e70a242495f9059e07,34.0,35.0,0.47728787208346607,0.38235294117647056,-0.09493493090699555,0.06940843452697816,1071.3391184079449,25.0,25.0,0.525062936068,0.6,0.07493706393199999,0.09296377338361156,1344.759977997849
0x1df231bd33dae91463e1682927e8096b82c289a0,87.0,2567.0,0.45740837966173414,0.47126436781609193,0.013855988154357722,0.04971691796320779,62883.807448981024,100.0,1593.0,0.34954663340907205,0.39,0.04045336659092809,0.04403692191465701,45561.41302595063
0x1e320f759590d8f6e793078bf03e72721a794847,29.0,48.0,0.48324442380825516,0.5517241379310345,0.06847971412277928,0.07580561949866656,88.27994300000962,65.0,113.0,0.4962066278563022,0.49230769230769234,-0.0038989355486098924,0.05857142431563683,200.59987700058855
0x1e3bb7def89b002d45fd86d37f35918c2618e232,84.0,524.0,0.5139336954545948,0.47619047619047616,-0.03774321926411866,0.05053420424449659,10100.233501000796,53.0,250.0,0.5575216700970327,0.5094339622641509,-0.0480877078328817,0.06331422900783172,6561.875617995122
0x1e4647c2429fa5a9e95088c883f2c5fa9a965737,34.0,148.0,0.572016075628261,0.5294117647058824,-0.042604310922378645,0.05847851931623412,7329.283271158468,20.0,71.0,0.6116158010309991,0.6,-0.01161580103099918,0.09548347844969535,6600.012094996458
0x1e72356e539c6bda23fde32c4aea2be6cbced0b9,93.0,423.0,0.11982641152097487,0.07526881720430108,-0.04455759431667377,0.0241659219662115,1410.8592051125622,68.0,170.0,0.19797245159514892,0.11764705882352941,-0.08032539277161951,0.03557420990706077,914.8664980033093
0x1e7d01a3d42980d5befc94208a0b30f39b7869a5,51.0,65.0,0.48745293340373963,0.4117647058823529,-0.0756882275213867,0.05738394032895043,350.7499400009429,44.0,51.0,0.704314464546038,0.7272727272727273,0.022958262726689386,0.06524454980713176,368.489888997689
0x1fa841254cc408589b07121fce6c1cb583430b19,102.0,233.0,0.5798585965087968,0.6666666666666666,0.0868080701578699,0.0385956493659633,2118.7226498166137,93.0,231.0,0.48728362232084427,0.45161290322580644,-0.035670719095037925,0.04510023807102651,2603.7797499979697
0x2005d16a84ceefa912d4e380cd32e7ff827875ea,384.0,31381.0,0.4889106587527568,0.5,0.011089341247243145,0.0253220806083237,3801757.433957061,625.0,35703.0,0.4503588763131519,0.4464,-0.003958876313151929,0.019279195182694928,8410743.601693673
0x200ffb575b936d297fcf39076ddf2b476ae07a96,79.0,333.0,0.5302324075773955,0.5569620253164557,0.026729617739060043,0.04997759578166284,6749.992412482592,59.0,153.0,0.40829685810372973,0.4576271186440678,0.0493302605403381,0.062421010231956495,2738.500616995672
0x204f0a3daba2136fa857863d5d008c6a02b6ba2c,43.0,66.0,0.36219076628247293,0.37209302325581395,0.009902256973341043,0.06887999937644265,210.97486900101913,104.0,230.0,0.3024545820819195,0.25961538461538464,-0.04283919746653491,0.039982596034071,652.7131410015984
0x204f72f35326db932158cba6adff0b9a1da95e14,377.0,15687.0,0.5395272156546838,0.7188328912466844,0.17930567559200059,0.02283383379333892,3664568.736946263,327.0,16402.0,0.5209787710530417,0.6636085626911316,0.14262979163808975,0.02601581878334948,3812268.1362964455
0x20bae509245385789fb8af1e79bcba81d2766c27,68.0,73.0,0.7591064749601097,0.7941176470588235,0.03501117209871376,0.04493671919261267,21478.923582729636,29.0,30.0,0.7540503726881503,0.7931034482758621,0.03905307558771171,0.07910110173404822,7718.919935091016
0x21f70bb325ee47b550d7ffc0ff4ac11c6bc94c3a,26.0,66.0,0.8185039346845412,0.9615384615384616,0.14303452685392026,0.044009162263792846,696.0997090050524,135.0,288.0,0.8720971344467685,0.9259259259259259,0.05382879147915725,0.019923774121580203,24001.342344016502
0x222b39028382cf70873f92487fb6e93324751a8d,84.0,4605.0,0.5695530358003804,0.6666666666666666,0.09711363086628634,0.04623805313451278,32336.041442002985,121.0,9890.0,0.49798930525629,0.48760330578512395,-0.010385999471166009,0.041968635086868364,26099.777804997844
0x22da1a1fc2b14f5c76b0e179048734c015ef2866,32.0,499.0,0.5072133156853631,0.5625,0.055286684314636986,0.08432447224591395,4066.317834003893,198.0,2323.0,0.550732046493862,0.601010101010101,0.050278054516239,0.02860562409972332,24916.53870296738
0x230287e270f04ba48df3162c5f7de6bdb8a0d6d2,122.0,624.0,0.4882934715651387,0.5491803278688525,0.06088685630371369,0.03546867048341915,39057.7137121635,54.0,98.0,0.4561106509845019,0.46296296296296297,0.006852311978461123,0.06278672429666096,4437.859902229246
0x23267ee8ae2297a6bdcbac6f4b4ef4f287e9b627,23.0,83.0,0.3693046562639015,0.2608695652173913,-0.10843509104651021,0.06644122320887438,153.52255782783283,123.0,132.0,0.6892878672189846,0.7235772357723578,0.034289368553373265,0.03685198453999985,5229.769702975505
0x23447e2f8f088433717010381defa92e349a6ba3,73.0,110.0,0.6916995029216204,0.821917808219178,0.1302183052975575,0.03846479444033416,202.08048856937995,34.0,60.0,0.6907155123953793,0.5882352941176471,-0.10248021827773218,0.07349406356176959,88.14989600006258
0x237419de121f3aecf3e1e0a613ecb9dc82b9a426,32.0,34.0,0.31300992965012325,0.21875,-0.09425992965012325,0.06637576645446472,7432.724545818508,27.0,30.0,0.35880461051030077,0.1111111111111111,-0.24769349939918966,0.054762191730463594,6062.327376020643
0x237f21a15396d2e56c7ca5f74cfbc6af9dade76e,52.0,78.0,0.4686961042878928,0.40384615384615385,-0.06484995044173897,0.06295911557019347,170.1459594398963,64.0,177.0,0.4855088675272116,0.421875,-0.06363386752721165,0.05564144863629769,565.2999349997665
0x25bfc5364d26671ee6620fbb9f3cd13a69bf7a56,90.0,187.0,0.3289295062235079,0.3333333333333333,0.00440382710982543,0.0408063564389527,3269.0334989276425,34.0,71.0,0.3004644135564596,0.23529411764705882,-0.06517029590940074,0.06499433211614164,849.1225819859843
0x26c283df72be6f746b6acd37b7b06ff89da60cdf,33.0,102.0,0.4604347124810264,0.3333333333333333,-0.1271013791476931,0.0810388808704807,635.058374999834,61.0,172.0,0.4446581762221208,0.45901639344262296,0.014358217220502203,0.06067245852221434,752.4121250031733
0x26d61145a64b1b5036c82a147dfeb7d56fa0cacc,127.0,6724.0,0.5262608680666796,0.5826771653543307,0.05641629728765131,0.03826698235807139,37006.862608982694,172.0,9954.0,0.49295372305611246,0.45930232558139533,-0.03365139747471706,0.03520460811999474,22253.548451000184
0x26dd8dd873a26eb19d3c55d2afe4b7a939c90249,70.0,185.0,0.5715549514675485,0.7,0.1284450485324513,0.049773330029276655,3188.8074005170347,35.0,92.0,0.522592325877236,0.6571428571428571,0.13455053126562116,0.07592211375680687,756.0499020018516
0x26fbcc79d77dad5461b15794d56fc209340d67b8,24.0,47.0,0.6279288887525508,0.625,-0.0029288887525508595,0.0897731976576285,5833.685640083952,27.0,78.0,0.5207644945323215,0.6296296296296297,0.1088651350973081,0.08407957609543633,4431.061882995092
0x27b1c4821ca70c03bd279e708520c765bec76a0b,109.0,244.0,0.7035576297340936,0.8073394495412844,0.1037818198071908,0.03402864752604043,3903.830240598147,75.0,190.0,0.735611969268433,0.8,0.06438803073156706,0.04013334261346368,3720.0093749973944
0x290367f43d250062f470bb531fde2e3ab32e9203,29.0,36.0,0.6528838754666437,0.8275862068965517,0.1747023314299082,0.057762254550524916,7861.540020745943,50.0,65.0,0.7080601314798202,0.68,-0.028060131479820144,0.05920322703077458,13346.540094985905
0x2965e1d56e1b8818fce18ffa8abd243e2e850ded,40.0,102.0,0.3623516504830862,0.35,-0.012351650483086141,0.06386573051545567,1067.0430169794495,42.0,110.0,0.4238827518671916,0.5238095238095238,0.09992677194233235,0.06895310964821239,1410.1313280099228
0x299632478989dd858d3bbeae87c412dd3dd57571,35.0,49.0,0.560970688533036,0.7142857142857143,0.15331502575267827,0.07166925123833064,187.16605719984724,39.0,42.0,0.5734214449022245,0.5641025641025641,-0.009318880799660475,0.07767711896576208,178.54564400028832
0x2a69660046d7acc4ab204d7cc5ba78b0776cd2f7,40.0,287.0,0.28739600561015577,0.2,-0.08739600561015572,0.06427216143532913,6261.855917608932,72.0,1225.0,0.24305543465676235,0.1388888888888889,-0.10416654576787343,0.038018776292534244,77160.87210725258
0x2accf659831fc5b1370c8fc03fbbd0b000d3cfed,22.0,44.0,0.6621026873167938,0.7272727272727273,0.0651700399559335,0.07561162050117747,73.99370699993574,52.0,129.0,0.5376523935112784,0.5192307692307693,-0.01842162428050905,0.06671348051189269,148.80982500106546
0x2b85928c0de8e5521e2dc79369d6190abd7abf37,52.0,367.0,0.48572982190345326,0.5192307692307693,0.03350094732731602,0.06007572123621958,3096.3775754277963,58.0,1075.0,0.46588025901917685,0.43103448275862066,-0.034845776260556155,0.060682309088951183,4699.600649000657
0x2c335066fe58fe9237c3d3dc7b275c2a034a0563,35.0,790.0,0.6627902272564944,0.6285714285714286,-0.034218798685065804,0.07256414668562129,659334.0571851698,133.0,925.0,0.5070581872297875,0.6090225563909775,0.10196436916118994,0.034741303386954296,2497403.2696214523
0x2cd663c09e032357b4330f6a7f6042c533563806,28.0,128.0,0.6147833379072861,0.7142857142857143,0.09950237637842818,0.07801893281271544,1960.4255590018588,29.0,509.0,0.5157511062899724,0.3103448275862069,-0.20540627870376563,0.07651073906182644,1974.5204370002
0x2d6ac4f70307102ac46e9e6ded67f3838ddf8add,25.0,268.0,0.4990548339599474,0.6,0.1009451660400527,0.09411503720138881,17137.76542300102,35.0,866.0,0.48668526779215515,0.4857142857142857,-0.0009709820778695612,0.08633503605174388,101354.17688595763
0x2da1e296796be933c357a6c650cdef38d714fb50,51.0,62.0,0.9519926563223539,0.9803921568627451,0.028399500540391302,0.015035658451711521,79054.27698265176,23.0,53.0,0.9596476296964924,1.0,0.04035237030350772,0.009499737676097188,21032.71228199491
0x2db8f5b0fc0ebc26e309321843492a1a62a9e042,25.0,31.0,0.7252921846014686,0.72,-0.00529218460146879,0.08014264973399113,5037.794862462121,20.0,20.0,0.7277994839749999,0.8,0.072200516025,0.06781192687004665,3057.9099380162847
0x2e6c80dfdcc99f76f76c91a21d74a8f9a00ee09c,104.0,343.0,0.5697007728879547,0.6442307692307693,0.07452999634281449,0.03782234438323862,10045.634779139444,46.0,107.0,0.5034777508240577,0.5869565217391305,0.0834787709150727,0.06769207862476047,585.679882001462
0x2e893bbca455c5ae407b8f9a1e4d858504ac9cd6,25.0,42.0,0.5949118081521281,0.6,0.005088191847871962,0.07887445114930296,77.7798789990016,34.0,50.0,0.7080189180965772,0.6176470588235294,-0.09037185927304778,0.06649663440934277,60.319834999845256
0x2ecb34e1cb95b3c8d9d3e2905668d3eee03a7645,34.0,212.0,0.4324738520029917,0.38235294117647056,-0.05012091082652108,0.0701482844259002,4038.3813436294836,30.0,118.0,0.42215264315979295,0.4666666666666667,0.04451402350687371,0.08452934327140872,3088.2443179813527
0x2ed38d810b127567c6f63021ac2ef9224b12274c,66.0,174.0,0.5799004361437953,0.6666666666666666,0.08676623052287129,0.05109196737572698,673.5593756876625,119.0,319.0,0.45790708545968195,0.46218487394957986,0.004277788489897906,0.0396371981819282,2976.549653986326
0x2f26606ccc45a934838a97d44a30c32012ae0d8f,142.0,1418.0,0.49698532434790105,0.5140845070422535,0.017099182694352424,0.03258933859920177,24029.255685570606,124.0,626.0,0.46612872830556346,0.49193548387096775,0.025806755565404273,0.03691715794191416,10287.264184011643
0x2f578e983bfce63208b317f36d531e7af9483e7a,26.0,34.0,0.637355132023077,0.6923076923076923,0.05495256028461529,0.08097246838172505,5496.850105569948,30.0,31.0,0.5836966019168449,0.5666666666666667,-0.017029935250178173,0.07813511306844272,2551.6999700035967
0x30d05e6f3adea1a242432516060c098524f2ee0b,33.0,33.0,0.5381818181818182,0.48484848484848486,-0.05333333333333333,0.08023245898479914,35.189127000000006,63.0,91.0,0.4117460470230782,0.4603174603174603,0.04857141329438214,0.05531035092961404,125.68625999996478
0x31121402eafd4a157141db8f84b5da297ff63fcd,53.0,78.0,0.9873371547169814,1.0,0.012662845283018875,0.0008413059776503636,5924.814458499615,62.0,82.0,0.980617549513005,1.0,0.01938245048699512,0.004538918796387734,3214.6750499982295
0x3252790b3229b4cdeec7aee5f139fafc74791d21,24.0,53.0,0.42538484914980756,0.4583333333333333,0.03294848418352573,0.09380575871282376,2284.102190783106,35.0,107.0,0.4208103805644155,0.22857142857142856,-0.19223895199298688,0.06865632027532395,4312.242984999382
0x326d3674e86249556a3367ba78249b265f723584,38.0,132.0,0.4460987442836336,0.42105263157894735,-0.025046112704686253,0.07676842998681581,372.1129819999959,88.0,749.0,0.47423526995158716,0.2840909090909091,-0.19014436086067815,0.04873696711538148,2942.6579979970315
0x32b484581fc5606de9c1e43af4636b6be9bc8b21,114.0,2954.0,0.5092056688544043,0.42105263157894735,-0.0881530372754569,0.04247148433341333,393476.37626100355,302.0,5119.0,0.45714361960681726,0.4271523178807947,-0.02999130172602251,0.026386675017114725,1821268.47067652
0x32ccd9015a900fde62040162a04bedf093c668b3,221.0,992.0,0.46634226650278854,0.48868778280542985,0.02234551630264127,0.028071885673599993,45194.14042862722,96.0,316.0,0.4918354869834247,0.5104166666666666,0.018581179683242,0.04494099184735287,6513.4996500639245
0x32f155483fa055a476dad2cec03fdf3463ab593b,43.0,48.0,0.3119204065715944,0.18604651162790697,-0.12587389494368742,0.0542638025116233,93.74996199954624,27.0,28.0,0.24086453025428178,0.1111111111111111,-0.12975341914317068,0.05871769238962006,51.499976999274146
0x3308f2d02d40fa571da699c62c168f859afdf04b,56.0,333.0,0.4737846979606944,0.5714285714285714,0.09764387346787706,0.05571363198784819,6631.655499998635,111.0,871.0,0.48654197699453267,0.5315315315315315,0.04498955453699882,0.04460650339838984,35347.099644058
0x35e701f088b6ef25fff6b902769c1cd8b85f8331,41.0,160.0,0.4554623058706686,0.36585365853658536,-0.08960864733408319,0.07305258347912381,5043.203095009069,64.0,430.0,0.4458144613528552,0.359375,-0.08643946135285516,0.05643091499723047,18628.133192991227
0x365f951dc281322d83f6fcda884c7f66a938706a,20.0,681.0,0.5253564639904866,0.65,0.12464353600951342,0.10521895029863447,36464.900388966256,221.0,7959.0,0.51370186970664,0.6108597285067874,0.09715785880014738,0.031285198376780905,281628.4214800047
0x36bfcd8ab96dce2ddea30145ab749b59c6362864,26.0,178.0,0.1591995132932353,0.11538461538461539,-0.04381489790861992,0.06056592241546187,815.4091680004391,20.0,103.0,0.27915947235664895,0.3,0.020840527643351016,0.09620254472785293,339.43970499987995
0x372d0e0736a7c2ca6bf54463e042c3d7f83da034,26.0,209.0,0.45416489942287647,0.5769230769230769,0.12275817750020053,0.06539370282331933,208.99982403365945,67.0,188.0,0.5041959402967252,0.582089552238806,0.0778936119420807,0.05423948921225313,222.89972899931666
0x37c1ff27d21b08d1cae9f38453b895eae2a78de1,63.0,79.0,0.4155985356749038,0.49206349206349204,0.07646495638858818,0.059163683224267946,2283.6097259842895,31.0,39.0,0.4190008241788397,0.5161290322580645,0.09712820807922486,0.08853665573233281,3004.0027719678287
0x37f1007448cb1909a6d1aced75b0fa2638b219a0,48.0,113.0,0.4510589519114747,0.3541666666666667,-0.09689228524480809,0.06228024559481206,1723.9983076608341,45.0,104.0,0.4148361090450383,0.2222222222222222,-0.19261388682281605,0.06016264872349803,2136.8949010272277
0x38abd798e4f62e69f45aaa76124241aac8c975ff,27.0,56.0,0.5200739048292164,0.5185185185185185,-0.0015553863106979717,0.07346336776185014,82.95956060793316,27.0,29.0,0.5369024687492416,0.5185185185185185,-0.01838395023072306,0.08291307880907263,47.68997099930732
0x39dcad6ddc175233875b8b0ccf2687ba1c58fc23,49.0,117.0,0.49842275557032617,0.4489795918367347,-0.04944316373359144,0.052629298459205005,4075.013695332692,64.0,173.0,0.427183314084779,0.375,-0.052183314084779026,0.05593158828117717,11583.079298993656
0x39fcd0aafb7047035e9323e6d1f99cd46f43e2f2,47.0,98.0,0.5667845944994674,0.6808510638297872,0.11406646933031976,0.05167794227967287,12586.201405538655,43.0,146.0,0.4750891003214576,0.46511627906976744,-0.009972821251690122,0.06495104311119566,20022.921804778343
0x3a1646725ec134f97145c0d4566aa821b23c1108,134.0,136.0,0.01,0.007462686567164179,-0.002537313432835822,0.00746268656716418,16.964974999999995,25.0,25.0,0.01,0.08,0.06999999999999999,0.05537749241945383,4.003847
0x3cadb93ce001cb0ac411683a32437414550c92f0,48.0,70.0,0.4809363622496495,0.5208333333333334,0.039896971083683876,0.06281215207986535,1709.941160124425,160.0,205.0,0.3818800190709024,0.31875,-0.0631300190709024,0.035752099990171815,7625.699834000421
0x3dba749e7319053a455dc7d53776dfe1366f98b8,23.0,122.0,0.5103822286573062,0.2608695652173913,-0.2495126634399149,0.08243692680538582,276.43416200031305,43.0,309.0,0.5255025150014884,0.37209302325581395,-0.15340949174567436,0.07232748186786311,768.5816090002529
0x3e69375f65f77f2923b5fa3b1f7c9e1367b77a30,74.0,75.0,0.9243643381761633,1.0,0.07563566182383678,0.006088305220316181,2929.4805043716665,90.0,90.0,0.9624646630844444,0.9555555555555556,-0.006909107528888868,0.02187246492594608,9724.09070600898
0x409367ef0150830a411b4731d8ed8a3324075749,180.0,934.0,0.5656047870443353,0.6944444444444444,0.1288396574001093,0.031991220330438476,35961.99578728432,234.0,986.0,0.5718746453681391,0.6581196581196581,0.08624501275151898,0.028088116072600013,43075.72307304892
0x40d68c19ceb3ab5963c8d8da01d9d634ed769892,37.0,67.0,0.6190751135435063,0.5945945945945946,-0.024480518948911654,0.07301939885038192,218.44988800287126,83.0,648.0,0.5432097890731127,0.6987951807228916,0.15558539164977883,0.050922328014382574,2237.5947269996705
0x40f7a7aad6da78e947ef56eb3207ec7abf391f5e,22.0,59.0,0.32595269873409394,0.22727272727272727,-0.09867997146136664,0.08730294997254734,9236.730093936223,47.0,90.0,0.5865308546270191,0.723404255319149,0.13687340069212967,0.05510595216066476,25466.981836919895
0x4224193fc0d53396eaa57ce3d15805b89a1331fb,23.0,35.0,0.1743928862216371,0.17391304347826086,-0.0004798427433762485,0.05340407079847298,195.99997499236267,59.0,85.0,0.38958149879852216,0.4067796610169492,0.017198162218426967,0.05358178105761174,762.2240270036582
0x42c99f38d2b951b0dc8e8bd5371fa80c9dd19623,276.0,3855.0,0.4977969370034348,0.6304347826086957,0.1326378456052608,0.027404485076111252,850351.4594203094,230.0,1686.0,0.5163949096380185,0.591304347826087,0.07490943818806843,0.029670760218628498,547359.1812442688
0x42d64763e091667e56647e049d2bc85f3cde01cc,54.0,73.0,0.7903467715508279,0.8703703703703703,0.08002359881954246,0.037471607557367705,23368.20353571058,46.0,52.0,0.6953649005204631,0.782608695652174,0.08724379513171074,0.05594840154550457,8523.04471100325
0x43d7c53c20814021da901e89bc0a582ee7881c75,27.0,48.0,0.398301192220408,0.4074074074074074,0.009106215186999451,0.09193102329160116,563.3942890025924,22.0,40.0,0.3544090925271339,0.2727272727272727,-0.08168181979986111,0.09372713851928795,300.57731298896476
0x44114b01724bc80eafc404e89d1680dac5a1985e,90.0,255.0,0.5636987252604,0.5555555555555556,-0.008143169704844369,0.044569099991788125,29907.14788820202,61.0,141.0,0.606108644850775,0.639344262295082,0.03323561744430704,0.05605633259567059,25934.005766993738
0x45d5d8145d37ba26277ad6c442bf58cc6607a7a0,26.0,81.0,0.401847700161261,0.3076923076923077,-0.09415539246895327,0.08150261274594843,725.1512450000868,50.0,127.0,0.408269296093867,0.44,0.0317307039061331,0.061052133920525484,469.225166000074
0x466658e9a04e4586fb0ea46abf0a2fd8902f3a55,45.0,113.0,0.5393560605845009,0.7111111111111111,0.17175505052661025,0.05114280986987651,204.87657816367386,79.0,100.0,0.45826782301742,0.46835443037974683,0.010086607362326928,0.05346538414290074,266.79990100185967
0x46986132369d9c20140e2fbdedd008cc4bf3d7a5,35.0,62.0,0.6837127242838529,0.6285714285714286,-0.055141295712424335,0.0766637403058915,44971.519045520196,20.0,27.0,0.6581909080757828,0.6,-0.058190908075782755,0.10046671149780387,30952.522155022223
0x46996fc536f8828aadbb6bd7f9065b4e10175051,34.0,42.0,0.11633459040844099,0.058823529411764705,-0.05751106099667629,0.04127128505722996,10142.378456898743,25.0,32.0,0.09680137873582983,0.0,-0.09680137873582983,0.009433501028389722,6903.245981323686
0x46b353667fd7d846af3bbeda6584b0e5b883d3de,35.0,38.0,0.41196527062246197,0.42857142857142855,0.016606157948966596,0.06903299434806846,142.54070099999998,70.0,71.0,0.009942857142857144,0.014285714285714285,0.004342857142857142,0.01428495691574148,4.679609999999999
0x47c9014f76660cd2efe17c1f5ea342fd12cd2038,21.0,29.0,0.33754860171122997,0.23809523809523808,-0.09945336361599189,0.0828462967273562,34.59998099948521,61.0,76.0,0.39350634825792175,0.39344262295081966,-6.372530710211413e-05,0.05945245877293503,548.1240609939812
0x4880b7b4c78526c1b0dceab2fbfd9c8888925626,53.0,136.0,0.6192571128743515,0.5849056603773585,-0.03435145249699304,0.057444573046526885,1324.543555924188,24.0,36.0,0.5589600440767214,0.5,-0.05896004407672136,0.09317635747893535,150.9899429995017
0x489d3df3601288940f89d56b5642b0951129f6e3,72.0,2582.0,0.5822261406977476,0.625,0.04277385930225242,0.047407676170057096,86172.27373860092,247.0,3588.0,0.5040073244202112,0.4251012145748988,-0.07890610984531243,0.02901730584632582,26773.903599042766
0x4becf6d0ce9a8fa5bc90fcab5170d017ae0237d3,40.0,92.0,0.8138428398788253,0.825,0.011157160121174733,0.04434418642613124,5050.333873963718,28.0,54.0,0.5332698716563625,0.39285714285714285,-0.14041272879921968,0.0805734940331147,1899.5680380192712
0x4ec7d89d65e5320ee4e73ba0b6608d866e85ed98,33.0,41.0,0.6525269188414267,0.696969696969697,0.04444277812827025,0.06089168560330119,158.04995300091576,21.0,25.0,0.5361568441476712,0.5238095238095238,-0.012347320338147413,0.09953672056862292,44.03997400043956
0x4f29e103339919c4baaea2a60195cf1c8bb27a7e,29.0,1792.0,0.5058084268614459,0.7241379310344828,0.21832950417303684,0.07718950970855583,308725.39855496,74.0,4999.0,0.4891466073219343,0.6216216216216216,0.13247501429968736,0.05489387476594292,1095607.9031622454
0x4ffe49ba2a4cae123536a8af4fda48faeb609f71,49.0,411.0,0.12114087122213987,0.12244897959183673,0.0013081083696968566,0.044601439800278156,1454.233000008805,20.0,115.0,0.20341396826178068,0.15,-0.053413968261780666,0.06853215551368208,535.563765001092
0x505f23d257d23e4a1ec37ff9bca7c88f3bf0645e,104.0,685.0,0.48163505619524744,0.47115384615384615,-0.010481210041401326,0.041526203682097355,4086.9059529997458,153.0,488.0,0.549313658676551,0.6209150326797386,0.07160137400318757,0.03405377753632278,31792.75121299616
0x51519184f4548e873bad2d6fad4482de9192fba8,43.0,43.0,0.8384123998046512,0.9069767441860465,0.06856434438139535,0.04426554020482503,562.1598909925822,21.0,21.0,0.7851154638666668,0.8095238095238095,0.024408345657142852,0.0878692152329809,302.81996500225887
0x51ad675fcb07c4b690501aea44605f798ede5e56,144.0,438.0,0.5118995950322842,0.5416666666666666,0.029767071634382455,0.03253457670364094,28876.369498854452,151.0,348.0,0.7319392370517688,0.8278145695364238,0.095875332484655,0.02289386726189085,52571.242395985566
0x51e16ef08c4cea9fc88e7f567036d97c6e015ec9,30.0,228.0,0.1690742441368478,0.1,-0.06907424413684785,0.043983421715931705,9492.513910023397,25.0,101.0,0.13356410539988486,0.08,-0.05356410539988486,0.05807516714508598,3664.170557954717
0x51eb0959202f6547037ffbc565c6096200036bfa,75.0,182.0,0.7225122141716782,0.7066666666666667,-0.01584554750501148,0.046029034777424656,96347.98374898998,23.0,23.0,0.6873027614869566,0.8260869565217391,0.13878419503478256,0.07587931356034283,1648.829953003668
0x521070c99db06e54af5e8e4a91d6858decdfbd53,32.0,121.0,0.41688102282398165,0.28125,-0.1356310228239816,0.07543297024199708,700.4457769993626,342.0,1252.0,0.40471603681036133,0.3830409356725146,-0.021675101137846674,0.024122360249133046,8729.236935993336
0x5213eb85fcd465c8927a8382f95dd2dc22306a35,36.0,101.0,0.34448997100008993,0.3055555555555556,-0.03893441544453437,0.0633228852902978,14354.844575389043,40.0,87.0,0.4370078005091392,0.425,-0.01200780050913917,0.07485221021289801,15080.690664869599
0x5268527977f700f9bf9b6d5cd843859e4e70135d,186.0,7764.0,0.5308228358255815,0.510752688172043,-0.02007014765353848,0.035502491935322116,1964287.699550946,349.0,10874.0,0.5280793246332606,0.5157593123209169,-0.01232001231234368,0.026292432021730296,3304834.6579715237
0x528ff0b0cc2c8228721b30828ea574aba54e2101,65.0,128.0,0.48855339503503764,0.5230769230769231,0.03452352804188545,0.04406471230053191,30532.30668927295,24.0,48.0,0.4966989064185125,0.4166666666666667,-0.08003223975184577,0.09415764736686931,9362.669935966718
0x5308f42d24fcb82184de18fab9cadacdcb513221,57.0,122.0,0.5215368201533145,0.5614035087719298,0.03986668861861534,0.06163413299287381,712.0174483464995,32.0,69.0,0.6881855849253862,0.6875,-0.0006855849253861526,0.07124717507093475,278.72005799977626
0x5339c9da744ff14e978081f99c2309c4d5529da3,52.0,250.0,0.7121393929300736,0.7884615384615384,0.07632214553146473,0.0469944847145074,21572.92986023418,42.0,143.0,0.720159030851708,0.9523809523809523,0.23222192152924445,0.030854789232541553,10257.160029000332
0x5368b59f5f90f293d8ae0cb9a3651a10e89a7250,130.0,131.0,0.9558527936726648,0.9769230769230769,0.021070283250412058,0.013632438945572272,1246.124392482769,54.0,56.0,0.9567202528392714,0.9629629629629629,0.006242710123691396,0.02528083387857894,533.0792490030414
0x53757615de1c42b83f893b79d4241a009dc2aeea,61.0,446.0,0.42867206061332613,0.4426229508196721,0.013950890206346022,0.040293739586594,116545.44822081775,30.0,171.0,0.4620356329760086,0.43333333333333335,-0.028702299642675188,0.07552993608300623,48383.73998872836
0x53ae11fc1690aad04a90b86f153dd6c77e14f71e,49.0,582.0,0.4870076919210262,0.4489795918367347,-0.0380281000842915,0.0649110026104031,2930.8009636008246,53.0,765.0,0.47350489113094346,0.3584905660377358,-0.11501432509320778,0.06341266399706752,2744.0735279979895
0x55ab6191d1d3609f6ffb12f17d56fe9453da4f88,36.0,210.0,0.4400673182331585,0.3888888888888889,-0.051178429344269596,0.06825453930765414,4118.299599691763,26.0,144.0,0.49222286601475623,0.5,0.007777133985243769,0.0778832900856135,3421.5244729967158
0x56ae0b5c21c44343b85b776142d083c68dff9bad,33.0,57.0,0.3142267334584203,0.3333333333333333,0.019106599874913078,0.058141917799913116,2536.49251302491,32.0,122.0,0.3249465782392311,0.3125,-0.012446578239231166,0.07263543826291297,4756.875103973822
0x579fa62bb9de29237ec17168075e350958ba8d4a,46.0,60.0,0.9406657390176186,0.9782608695652174,0.03759513054759863,0.021254238439897488,982.6286700000783,24.0,27.0,0.9392916666666666,0.9166666666666666,-0.022624999999999992,0.05777582904728802,588.11934
0x580325efbb00a3262513d16bce6bbcc979313f3f,21.0,48.0,0.8409511758459585,0.8571428571428571,0.016191681296898724,0.07027782929396884,831.6599089982371,53.0,495.0,0.49511668511830853,0.6226415094339622,0.12752482431565385,0.057378077604831136,3839.8792359799136
0x592997c2d8119d82d71f21119957c6434d244684,201.0,1619.0,0.5288452086772742,0.5472636815920398,0.018418472914765605,0.029396705417388657,39129.68097697422,121.0,855.0,0.5107844524366623,0.5619834710743802,0.05119901863771797,0.03843573135563173,17930.996796990512
0x592c9f0374ed01fb6ea2acc00ef58ccec71b47d8,25.0,35.0,0.7671190082428359,0.72,-0.04711900824283591,0.06688945254511294,173.99987199891757,24.0,31.0,0.8187295572092311,0.875,0.056270442790768815,0.046955761001614554,110.99992100059957
0x59ae507025f6ac68f4d6e36d77866fb8eeabffb1,20.0,22.0,0.48977447635373184,0.7,0.2102255236462681,0.10361285220826556,88.01425583533856,26.0,26.0,0.5311061326538462,0.5,-0.031106132653846156,0.08713413700946157,87.63997500138402
0x59d762793f3bfe67285ad97371aea22bb73ff69d,27.0,35.0,0.5712395619974151,0.5925925925925926,0.02135303059517753,0.06973723883022834,142.81065938636294,20.0,34.0,0.4814446887614632,0.65,0.1685553112385369,0.09678396083081187,103.84996900190015
0x5b6331e7ff0831a3fe2ed12004747db1a9c911a4,247.0,693.0,0.4104686966266304,0.41295546558704455,0.0024867689604140923,0.027408862947566278,100913.80191519872,296.0,1193.0,0.45019009315190867,0.40540540540540543,-0.044784687746503224,0.02470803829850249,229404.25487429672
0x5b6b22ca9a6f2fcfb4a046c13bd159eab602ec86,25.0,27.0,0.3291457558440635,0.28,-0.0491457558440635,0.08450289254941183,1842.8810869768336,41.0,43.0,0.3370422491510479,0.36585365853658536,0.02881140938553745,0.0753526145586937,1404.8999679997837
0x5bb6fa00189a1417d39dcc1566cabe1340f031c5,32.0,45.0,0.3814062280407374,0.3125,-0.06890622804073743,0.07167697267549632,94.6868969999376,100.0,133.0,0.6417000013058874,0.6,-0.04170000130588745,0.03377048350464802,504.1070840001486
0x5c18d1f705989046f5106d64a0cb34d5deb02f76,50.0,196.0,0.41886356060407864,0.46,0.04113643939592137,0.0598976018526922,5086.080040997865,196.0,996.0,0.42800640912691046,0.4030612244897959,-0.024945184637114568,0.02777861216121733,32208.828343008325
0x5d9e69744d4523af7d7f26adc767eee07907e0e3,75.0,300.0,0.6387840815467046,0.7066666666666667,0.06788258511996198,0.04360987553876855,13353.685162978134,40.0,236.0,0.6289804498762528,0.625,-0.003980449876252806,0.06757549018454863,7933.856475013638
0x5df52b96990dc5079f30870ef32358f13afcc44c,205.0,5625.0,0.49311176533896806,0.5170731707317073,0.023961405392739304,0.03249755359129327,27369.121977499948,25.0,1191.0,0.44763705146214283,0.24,-0.20763705146214284,0.07388309980648175,4036.4846110014582
0x5e115741af79238603a16225a589ac187de69f74,26.0,27.0,0.923266697469275,1.0,0.07673330253072494,0.014671451806990535,1292.1823514329103,27.0,27.0,0.9050563318814816,0.9629629629629629,0.05790663108148149,0.03787606695951743,1621.0158189973192
0x5e2ff2f8e313d2fa09882018d4cc53ccffddf9ba,38.0,84.0,0.4572493285887945,0.42105263157894735,-0.03619669700984713,0.06588252471159431,645.4827979822862,53.0,206.0,0.5241407131131806,0.5471698113207547,0.02302909820757414,0.05930672820354581,2128.6346900044255
0x5e3040eb55cb0f4f86eb0af40cb84c9d3585acbf,74.0,198.0,0.4635723090422486,0.43243243243243246,-0.031139876609816108,0.05407403007437888,16058.122114380596,112.0,233.0,0.6112101468005048,0.6607142857142857,0.04950413891378099,0.037757323628296285,12392.422888997438
0x5fe618a2a52f04e945d5f855e75b8ca0ace5a99f,30.0,41.0,0.12514140543928856,0.06666666666666667,-0.05847473877262189,0.04488765606205181,1051.608016228207,34.0,40.0,0.14734211336633493,0.14705882352941177,-0.0002832898369231777,0.05715402942914483,896.9910789974879
0x60ec17443af511a21945f01430e61c803465f7b0,180.0,878.0,0.5688591229909001,0.6555555555555556,0.08669643256465556,0.028804473123264077,67216.46591162133,175.0,630.0,0.5081922149771932,0.44,-0.06819221497719336,0.030112928407425667,139472.83601079366
0x61234f998ff1a26aafe36125a4c204d30d9c8b33,23.0,25.0,0.8876449310124329,0.9130434782608695,0.02539854724843682,0.060192330482248764,211.73856149933906,35.0,44.0,0.6709544137375529,0.6,-0.07095441373755297,0.0753892543686602,423.99989099964034
0x629da223adfc9957329e02de95ae3d263f92756c,69.0,752.0,0.5234547896695448,0.5072463768115942,-0.016208412857950605,0.052863648287700696,11758.830000821374,241.0,4057.0,0.4784943607793068,0.4979253112033195,0.019430950424012768,0.028661228151180457,44708.82969999212
0x631857e845695738b089cd0773fa16a0897146b1,51.0,264.0,0.29808350275719997,0.3137254901960784,0.015641987438878503,0.060393302883045556,2669.334703991641,312.0,1627.0,0.239259319797373,0.21474358974358973,-0.024515730053783238,0.02189894706233501,16776.956283085816
0x63241b3b48f8ee7c7b401ba41bf70314ccbee147,55.0,406.0,0.44349572507729146,0.4909090909090909,0.047413365831799406,0.05845000098245831,409.72291446914375,85.0,335.0,0.44413636877210283,0.5294117647058824,0.0852753959337795,0.04958546485709032,337.4394000011504
0x6407a638ff11e090d5b6978b50916ca1c487d360,21.0,125.0,0.37364241236600093,0.42857142857142855,0.05492901620542757,0.10217071012298225,1831.4103260028587,27.0,54.0,0.3652477435490597,0.4444444444444444,0.07919670089538476,0.08859313953179462,1036.258953985246
0x6485f47d0344c03eb4340f985159f6eb2dcba265,66.0,671.0,0.574707423599568,0.7424242424242424,0.16771681882467449,0.04972778256532343,148675.67310484615,207.0,1180.0,0.5431204916749248,0.6811594202898551,0.13803892861493025,0.02957893780170853,400812.5048874505
0x655b37299ed593012420cc7fa18fad0bd91cec8b,32.0,33.0,0.9215625059422323,0.96875,0.047187494057767704,0.033855820983283026,160.676766000123,39.0,57.0,0.6673728125013993,0.7692307692307693,0.10185795672937001,0.05675545519519372,301.23717900145135
0x661daf6af6d884012dd6db73c09d72e8be224dc6,68.0,502.0,0.4517314715604919,0.5147058823529411,0.0629744107924493,0.04550078785227694,60830.591597065446,21.0,85.0,0.4984239810652238,0.5238095238095238,0.025385542744300056,0.0861939795430868,14285.76787298897
0x664a25f165a0150ce687410470f3352f5783fc5f,22.0,474.0,0.4943358474881893,0.45454545454545453,-0.03979039294273476,0.06547710164700804,34790.7844329727,67.0,428.0,0.4561959555931463,0.582089552238806,0.12589359664565966,0.0523427040015602,64561.62958509902
0x66ace325b76147e5719d346ba55c315c00c45e75,20.0,22.0,0.6507175320988974,0.8,0.14928246790110258,0.07879889702858572,943.9999500145826,61.0,66.0,0.6561778843959946,0.7213114754098361,0.06513359101384154,0.04791146300473205,2887.7998210040428
0x66b102468892d00a90c98ed8aec1d2b24904340f,65.0,721.0,0.5309453089780083,0.5076923076923077,-0.02325300128570068,0.05116302618384129,31692.53771408925,32.0,434.0,0.5263888118944958,0.65625,0.12986118810550412,0.08004081771308792,39325.4179140588
0x66d1cf4afe7eec9c30d530e473b3bd58f62bc18f,33.0,730.0,0.6212591460317107,0.7878787878787878,0.16661964184707712,0.06560412330078703,159418.05608058267,45.0,1252.0,0.5772679466338969,0.8222222222222222,0.24495427558832536,0.05514389985870458,365200.3672661635
0x677052d6733b1b9663aec3ae718fd8e881105bdf,26.0,174.0,0.406270480616501,0.34615384615384615,-0.06011663446265481,0.08000551176759527,681.0363189985737,60.0,199.0,0.4740185993342522,0.55,0.07598140066574778,0.05133085245847638,6345.198123006866
0x6796daf54ad13ba26faeefc5e0b0889aaf76453f,41.0,126.0,0.3140926753478916,0.2926829268292683,-0.021409748518623248,0.055588879797297534,684.5735769975784,102.0,323.0,0.4629072385077205,0.5392156862745098,0.07630844776678927,0.043094912402634133,4379.7045250026395
0x67be13b1fee39c777ade4c83d99d88c99f056e09,24.0,79.0,0.4494071544351484,0.5,0.050592845564851635,0.07352172650781666,5473.049114997876,48.0,174.0,0.3984502015773548,0.4583333333333333,0.05988313175597854,0.06019325338364394,6559.578650978555
0x680d79396bf9dee75d1f47fa697e8f85f5e905ea,31.0,48.0,0.7388920680357952,0.7419354838709677,0.0030434158351724805,0.06656701599833066,1651.1027028298959,25.0,39.0,0.5245596884167586,0.52,-0.004559688416758641,0.07901633332360741,1358.279954012007
0x6982049c65e98606f65a0ce71fdb9b61296da165,21.0,30.0,0.7445116685141164,0.8095238095238095,0.06501214100969308,0.07896542939479523,51041.34989237605,68.0,86.0,0.6925724735614234,0.6911764705882353,-0.001396002973188044,0.04832034418977133,154792.39004310934
0x6b23c73159b753c96d3c1ed94413f113300c04a3,120.0,662.0,0.48922215964372334,0.5833333333333334,0.09411117368961,0.03989192842906272,4650.73581663544,215.0,685.0,0.5981611686844152,0.6651162790697674,0.0669551103853523,0.02924307349491806,23229.434795072233
0x6cd3d327343df5e5c2671c78d41d1665a792226e,53.0,385.0,0.43261058899202615,0.32075471698113206,-0.1118558720108942,0.056923528653844736,803.0257020001663,79.0,804.0,0.41935012661453813,0.31645569620253167,-0.10289443041200647,0.04734585761572281,1618.629581999966
0x6de2137468c3b825d45ca994a0d676a9be27d0e5,29.0,126.0,0.37602924620807104,0.10344827586206896,-0.27258097034600204,0.06128590296206964,550.4039930003163,46.0,2282.0,0.4693897090534155,0.1956521739130435,-0.273737535140372,0.054745566181180975,6945.632901997123
0x6e9b760c0bdf0e1e2d9d0e85c1a257c7423d8b7d,21.0,39.0,0.25281777591271437,0.14285714285714285,-0.1099606330555715,0.07563737706399189,153.10630000007532,20.0,33.0,0.3626377090397165,0.5,0.13736229096028352,0.10076936420325967,201.73310699932958
0x6f6aea5df8a9d50538e784efb196cc55dfbc9888,65.0,122.0,0.5359720798835221,0.5538461538461539,0.017874073962631635,0.056232030013736056,3643.958545143816,57.0,85.0,0.5311884317532959,0.631578947368421,0.10039051561512516,0.060442955220178014,1634.627993002458
0x6f702c8615f43e450c5287837e4717df68f0862a,21.0,22.0,0.9857607481047614,1.0,0.014239251895238099,0.00247527318265615,3526.4403562493108,21.0,21.0,0.9699874149666664,1.0,0.030012585033333313,0.011050272654147163,1007.3285000001999
0x6fb1e3d2e8b343247f0f2435d935f80876cf9cbd,56.0,79.0,0.7012785644971126,0.7678571428571429,0.06657857836003025,0.040797737481116286,717.5760579999996,41.0,74.0,0.7014951868219123,0.7073170731707317,0.005821886348819481,0.05023779677418942,606.1963219999998
0x710cad178b1e6fec99981fd7ff48fc05c7bd78ea,153.0,1122.0,0.7887532032372128,0.8758169934640523,0.08706379022683956,0.022707433428458133,225342.29083877505,49.0,112.0,0.6171285208884757,0.6938775510204082,0.07674903013193243,0.06400105256422135,35778.17598189716
0x717990979ff84a32d47205a7eede94317aab7d79,30.0,43.0,0.4815345104496141,0.5333333333333333,0.05179882288371938,0.0890312011330288,1105.758976002994,165.0,284.0,0.44719032303181483,0.42424242424242425,-0.02294789878939051,0.03692469026857192,8595.299551868806
0x72a009fd238b8af5d19e75d8000ca081b19e9bc4,74.0,89.0,0.7906287952977575,0.8378378378378378,0.047209042540080355,0.04236277206787484,703.2351932006534,49.0,76.0,0.7953753519355938,0.9183673469387755,0.12299199500318161,0.03793996236161264,4647.641638002068
0x72bc9c9d09dda1095030730e7bc93b86f07bb24e,40.0,69.0,0.9469285366253721,1.0,0.05307146337462797,0.009357774096456314,1625.499386399337,54.0,93.0,0.9506923189845472,1.0,0.0493076810154526,0.00606056711393608,2422.016593003318
0x7424166aa0f03ff032f1bf93b6b6c40b5589c708,30.0,31.0,0.7308789276504442,0.8,0.0691210723495558,0.0570103368731807,159.0449062133408,46.0,48.0,0.7861264751865101,0.8260869565217391,0.03996048133522901,0.04986100850975428,230.99979300145117
0x746295855be6f49fe2da2accd69ea34b3cf23ac3,61.0,189.0,0.5619813674996966,0.5901639344262295,0.028182566926532968,0.059544422530435785,28155.960748301703,103.0,287.0,0.5645089221245869,0.5825242718446602,0.018015349720073428,0.04159643124397257,55785.52308854454
0x7547479d43f4b52d892a6f2254050eea50edd158,53.0,150.0,0.42300237096231497,0.4528301886792453,0.02982781771693033,0.06732040965867031,3469.1964619840796,288.0,919.0,0.3366445424024229,0.2777777777777778,-0.05886676462464518,0.025893742563298402,21699.418785032394
0x75a7ac4ebe7c0d1bfbf8f29e3f4a78cba62e2d61,30.0,48.0,0.188273859172529,0.06666666666666667,-0.12160719250586238,0.05217332554318351,8240.789968893796,30.0,33.0,0.24680553865826288,0.23333333333333334,-0.013472205324929517,0.07947016524896226,7270.635173903767
0x7629c3d8c561e1d0babf66261eee0dcd09d6226c,39.0,39.0,0.5407692307692306,0.6666666666666666,0.12589743589743593,0.0759009920018936,147.7826,57.0,68.0,0.8066912373079901,0.8245614035087719,0.017870166200781766,0.0489684851036704,1560.186444997736
0x76f17a9dd13c914894dddeae523594b65681f655,46.0,697.0,0.4989284592273961,0.5217391304347826,0.02281067120738652,0.0666903925180675,10381.552056845947,34.0,273.0,0.5031762303011087,0.5882352941176471,0.0850590638165384,0.08198873645373063,3570.3215000004207
0x775d9de0c72c76a459fadfbb4cd79d5715236beb,25.0,311.0,0.45355812128951345,0.36,-0.09355812128951342,0.0873451817911106,4880.8469685659575,244.0,3940.0,0.4786681020527465,0.48770491803278687,0.00903681598004031,0.0281645900066184,47322.05118998231
0x782d570ea303f2ce7b71e9ed78ac530d713b8211,49.0,59.0,0.6424622497835196,0.7346938775510204,0.09223162776750082,0.054814115927663776,5232.068306705773,32.0,47.0,0.6304083956317483,0.75,0.11959160436825172,0.06925863005835049,1253.0003270025004
0x787df3d924a815f02028ae6b6cfa60b38b39aecd,54.0,401.0,0.5749811969183082,0.4074074074074074,-0.16757378951090077,0.06364517326155576,2162.0240250037677,31.0,109.0,0.5594595384209774,0.4838709677419355,-0.07558857067904183,0.07712586858764008,680.1648810015593
0x78857e71c0601752a6c487b2d2e1fe9c22ed1173,45.0,633.0,0.5159727821420577,0.7111111111111111,0.19513832896905342,0.06596871680254462,2728.7017290089407,31.0,615.0,0.5236505292131843,0.7096774193548387,0.18602689014165447,0.07881825812042904,2606.2589500043787
0x78a10b187b24b56e4027704cc5d144d1074f5551,64.0,215.0,0.2895887147904942,0.234375,-0.05521371479049421,0.04670083110208864,3056.672435766436,57.0,178.0,0.3479962680316492,0.19298245614035087,-0.15501381189129834,0.04973430718631531,8080.708783968682
0x79328e12389c608ee7de1492c2ca7d86d6815b38,25.0,30.0,0.689732485689282,0.72,0.030267514310717936,0.0802092953226318,7329.375913905596,25.0,29.0,0.8267312554235714,0.96,0.13326874457642865,0.04140733451855892,13474.484255132793
0x79d0f23f043edc5be95ecd24e76e9e8a6cbc4dff,25.0,66.0,0.12865094414793524,0.04,-0.08865094414793524,0.034243539926967284,331.7664619943923,30.0,67.0,0.260642259405955,0.23333333333333334,-0.027308926072621628,0.07776731231877516,429.3909519897691
0x7a18a12ae5d6476108235c1e6d89dcae871d61a0,46.0,197.0,0.4204876951376725,0.43478260869565216,0.014294913557979709,0.04646735969558186,3556.188720491652,27.0,110.0,0.36815930591637386,0.4074074074074074,0.03924810149103354,0.06815780041519066,962.3996030165503
0x7a5d94f83ff0195387eaf9f4463433d03eda54db,145.0,1304.0,0.4451374225139516,0.36551724137931035,-0.0796201811346413,0.03394459377435569,93232.2723554532,75.0,496.0,0.4803796851614704,0.49333333333333335,0.012953648171862925,0.05128003365476565,7942.309332974459
0x7cb207841c27d6d76d272e55209694c86e7bf12f,40.0,257.0,0.715590204802617,0.825,0.10940979519738295,0.03788113699815249,59459.75430880595,47.0,110.0,0.8394540123510439,0.8297872340425532,-0.009666778308490252,0.05521463020282944,21586.346998025216
0x7d0e41915dd94259bbe9dae12d33b1c26d304f01,31.0,78.0,0.46274671834984865,0.3225806451612903,-0.14016607318855828,0.07337589522144791,692.6615610004525,58.0,211.0,0.4132241810518554,0.43103448275862066,0.017810301706765272,0.058577873163711366,2022.6699009991353
0x7d9a514f9da9e8aa7fa37306943c7d1720d805e6,146.0,6042.0,0.4896267053027816,0.4726027397260274,-0.017023965576754136,0.04077537313118819,583947.2623107228,201.0,7881.0,0.493974923780343,0.46766169154228854,-0.02631323223805448,0.034996933742790594,494791.0647198579
0x7e391a15247b055f04844c53b847ff9ee349fe16,31.0,33.0,0.2253247555022703,0.03225806451612903,-0.19306669098614127,0.03594626747910718,453.0859822294557,87.0,92.0,0.22438753294609012,0.16091954022988506,-0.06346799271620508,0.037155037327013696,1060.7099409881425
0x7edb8d9e184f9747d6957dc3d54e1e8a0d6e7993,149.0,6699.0,0.505240524948427,0.5436241610738255,0.038383636125398614,0.03738479665906533,20427.897486487916,157.0,8869.0,0.5013949236178535,0.5477707006369427,0.04637577701908915,0.036994367336939595,30169.910990004366
0x7fea691e28d169a33c500607279f2acb49058f74,144.0,5579.0,0.5028831635391052,0.5416666666666666,0.03878350312756141,0.04030147273175467,430140.5852771639,128.0,3006.0,0.5066794210314552,0.5,-0.006679421031455236,0.04389736435423681,277192.3018557673
0x803d7fa890bfe8dbd31b495c570c7301d03ffc31,34.0,49.0,0.7735869682328259,0.8823529411764706,0.10876597294364464,0.055120768722062154,147.89291947831236,20.0,33.0,0.5730967575181799,0.7,0.12690324248182014,0.0794938402189741,93.11098400152495
0x809866978e1b5b4bc4d2f24963427ed6aad75646,173.0,581.0,0.5731370732712926,0.6878612716763006,0.11472419840500793,0.030554315988640748,9367.871485756468,99.0,308.0,0.4878991833532358,0.494949494949495,0.007050311596259222,0.045847301028275125,1961.9296639867614
0x80d8dddcfdc075eb70f6d2d774a27bfb255ab703,142.0,545.0,0.4893568188741211,0.4859154929577465,-0.0034413259163746292,0.036253963487183925,18450.845266967524,126.0,348.0,0.4613057739494923,0.40476190476190477,-0.05654386918758764,0.040061237531634306,24966.22700903749
0x8165f885f94e120a28c4d38396acfe4b871b97b8,26.0,45.0,0.8925358927580394,0.9615384615384616,0.06900256878042213,0.029100794486817537,16295.938094703613,41.0,87.0,0.8971580663848003,0.926829268292683,0.029671201907882708,0.027152125473600602,19992.45312800792
0x829ae1c1147ca6d2a4529bf36d264fd6cf73a748,50.0,71.0,0.7568361460985764,0.88,0.12316385390142377,0.03386567189660641,149.06517063587393,56.0,112.0,0.5000914080872152,0.5178571428571429,0.017765734769927672,0.06272967857291493,363.0398759946362
0x831d0c4050cef46dd2cefc1f1cfb8579d1c20705,46.0,61.0,0.6543994122351586,0.7391304347826086,0.08473102254745012,0.06231338983070878,493.55743600033594,111.0,151.0,0.5172750003282428,0.5045045045045045,-0.01277049582373842,0.04380292458043694,404.04985399680373
0x84ad9c5c547a82ec9a08547b94bd922446e5bfb7,290.0,52548.0,0.6195432280507469,0.6655172413793103,0.04597401332856337,0.026179783797725235,555876.077505203,235.0,23624.0,0.6356605537837331,0.8042553191489362,0.16859476536520304,0.02553898483264405,368733.3388142185
0x85264d29fa7279946d15105c17eb6c2533f572aa,42.0,103.0,0.36601790984904714,0.35714285714285715,-0.008875052706189948,0.06911957196297738,982.5833969459266,63.0,140.0,0.4636900613859688,0.47619047619047616,0.01250041480450736,0.05387472028347059,3219.8407349577833
0x85630920a4199fb360724c2e07492b343cdf5e98,51.0,84.0,0.9759747123294119,1.0,0.024025287670588247,0.00558682938554509,7593.995221985354,59.0,76.0,0.9782598021411291,1.0,0.021740197858871064,0.004857676273254517,3918.3088800024802
0x85c3e3052e5bbe835ff27a4cbf2abd296a89700c,22.0,22.0,0.5326059563272729,0.6363636363636364,0.10375768003636363,0.10038510497797978,1732.4159609243566,75.0,79.0,0.4547607246368607,0.38666666666666666,-0.06809405797019409,0.05423005111269545,6872.009927989521
0x864929c386be023347d02e9eea10c942febbba57,25.0,42.0,0.49764812580501405,0.56,0.06235187419498598,0.08973184963297783,1135.0499530178145,50.0,75.0,0.4639849903769089,0.54,0.07601500962309114,0.07041117130704104,2270.9383860146654
0x88335d2d601fbbf411e3832407e7665facab07ec,26.0,48.0,0.7529573410655767,0.8076923076923077,0.054734966626731024,0.07560224855152287,63.527827008416935,26.0,31.0,0.6824185830025152,0.7692307692307693,0.08681218622825405,0.08139567227821783,32.099936000083545
0x893575c7d99542163c6b6e8a0fe5af0b6d217daa,51.0,1391.0,0.5612990722629101,0.6274509803921569,0.06615190812924679,0.06459090154704325,3334.37763800009,394.0,11397.0,0.5112978959424515,0.5,-0.01129789594245144,0.02380085507063046,46627.49229401328
0x894381f05b7133c66b6b35f60db29d4d33096c65,44.0,272.0,0.5992568544581677,0.7727272727272727,0.1734704182691051,0.05648376721148403,974.7870226343591,47.0,146.0,0.6294924998329431,0.7446808510638298,0.11518835123088672,0.060317647697270695,304.6697979991828
0x8951294fc954ddb5cba44caabc58edc2dbc1dfcf,35.0,69.0,0.5594519424757406,0.45714285714285713,-0.10230908533288333,0.07363593879414519,273.6551650011013,24.0,37.0,0.4861360288866203,0.4166666666666667,-0.06946936221995363,0.09153625482641586,164.26855500006855
0x89d63b7bf6e68e5796546d712d0101770be5c3c5,25.0,40.0,0.9034839560304975,0.96,0.05651604396950263,0.023533171498026452,3405.5096960057563,47.0,66.0,0.9300736519123394,0.8723404255319149,-0.05773322638042455,0.043380969324896594,13103.346700958567
0x8d07c1d46cb9aed55bd3742d5ef757b3c91fb9fe,36.0,168.0,0.16152270292831436,0.027777777777777776,-0.1337449251505366,0.023719967044784674,755.5934870060912,43.0,225.0,0.16124072225693264,0.13953488372093023,-0.021705838536002425,0.04020884879419533,1016.7492439990792
0x8d10b39465225d7a881b56b4af8354997f0c940a,25.0,31.0,0.4718735195223531,0.4,-0.07187351952235305,0.07643798474393385,290.6445749971775,45.0,60.0,0.48903390690264154,0.5333333333333333,0.044299426430691825,0.07001774094608741,1062.0558489848604
0x8d114f32faa0c5fb423e4d5d590f72deaad3a8e1,49.0,83.0,0.28821286849592787,0.1836734693877551,-0.10453939910817278,0.048567445197913686,186.577710054341,57.0,89.0,0.28332756022680955,0.17543859649122806,-0.10788896373558153,0.04571551352881926,204.8541640006421
0x8d191441006b5e569f92023d24cce825cf40bf25,35.0,42.0,0.5181916092890771,0.4857142857142857,-0.032477323574791446,0.06930507033973397,471.6106597224022,31.0,35.0,0.5448617649207425,0.5806451612903226,0.03578339636958012,0.07492982139800208,990.2999609647363
0x8dd8f566b50f54a7a8ec02412723974b40679a1c,41.0,231.0,0.4638006935617293,0.5609756097560976,0.09717491619436826,0.06819698436060818,4492.762630406671,28.0,78.0,0.5230750927284054,0.6071428571428571,0.08406776441445185,0.08008836088226799,2301.1702510000846
0x8e1c011dbfa2db2b5af9b021c56a18f37ab0a9a5,60.0,290.0,0.5932548598057115,0.7666666666666667,0.1734118068609551,0.0456457841486756,481.6343492123614,28.0,167.0,0.5956381533625379,0.7857142857142857,0.19007613235174783,0.06867106447466965,319.9995729972099
0x8e52216607ebb117b498b689bcdc6d778cd32320,105.0,804.0,0.9857398219044152,1.0,0.01426017809558496,0.0018910189670877501,260887.1332261486,160.0,525.0,0.9802900624243118,0.9875,0.007209937575688193,0.006142319223086627,231183.53154301632
0x8e62319a1be9bc75972881c074596ad2cbcefd00,22.0,28.0,0.5595637628777514,0.5909090909090909,0.031345328031339326,0.0725493026356482,886.5898762014097,43.0,55.0,0.47002293763913555,0.4418604651162791,-0.02816247252285647,0.0715757219600511,397.5599430047819
0x8f142d9acab6bdbb823d0f0a2b035e4783aeca5a,36.0,223.0,0.4604831521534277,0.4166666666666667,-0.043816485486761064,0.06857126628600778,714.4523300013346,36.0,107.0,0.5500953058081394,0.6111111111111112,0.061015805302971855,0.07010460142743713,489.9841189999601
0x8fb42a78d00f0b08670b51a4fae571389b78d080,32.0,103.0,0.5506795571663512,0.53125,-0.019429557166351107,0.07596954203335335,337.17676680018167,40.0,68.0,0.5936411795224329,0.575,-0.018641179522432893,0.07189897232858877,240.17637000000002
0x9079e3b10d8422844afd9cb7f36468a3c6a0b19b,60.0,132.0,0.614098581495297,0.7333333333333333,0.11923475183803632,0.04663695228947341,4789.091083670847,30.0,50.0,0.5476132186225201,0.6333333333333333,0.08572011471081306,0.07118519302655944,2038.4149520256865
0x9086ecc713bc35f307d7ba3c87d1c1c1c1514d46,49.0,49.0,0.4719134573836734,0.4897959183673469,0.017882460983673472,0.06500436712276124,9486.796499822227,40.0,43.0,0.48323188127734384,0.575,0.09176811872265621,0.08018756522928115,8136.186353943263
0x908aad3bfbd70410e73f1db6a3e46c2a917cad16,96.0,1593.0,0.5301338985171719,0.5833333333333334,0.05319943481616157,0.046479158605000334,31918.180984012237,41.0,656.0,0.5395867307920607,0.5609756097560976,0.021388878964036944,0.07323240093302626,21413.0296689883
0x93957e3f35f2b26baa52ae5b6df1c0e07fa1ec86,164.0,164.0,0.9167246624134145,0.926829268292683,0.010104605879268265,0.020381966875375374,13427.037130363315,62.0,62.0,0.9185644864935482,0.9354838709677419,0.016919384474193527,0.03161723546100532,61.99971699984818
0x93bfac600820abf164a28e18ea1131ba7ba2a572,56.0,197.0,0.7746872508797671,0.9464285714285714,0.1717413205488043,0.030887478868891857,5237.529397693818,58.0,278.0,0.7747907543562632,0.9137931034482759,0.13900234909201264,0.03693665358143137,10420.934051011325
0x93f48e638d6035fff58c835299874255219af72a,22.0,24.0,0.967954545240909,1.0,0.03204545475909093,0.007339178342935243,150.3189469994624,58.0,63.0,0.9628018850183201,0.9827586206896551,0.019956735671335,0.01742665610106057,521.1477609993751
0x945a49252f772a10c6ddd1d1e1e24ee20438a48c,119.0,3507.0,0.45812282768593454,0.42016806722689076,-0.03795476045904374,0.04333333478589914,11482.03399399843,43.0,1754.0,0.4491389435746769,0.46511627906976744,0.015977335495090603,0.07280168774484458,6858.977394000807
0x94746ed6c69bdd5d5711b18d781d3978ef705091,75.0,306.0,0.02892972592572016,0.013333333333333334,-0.015596392592386833,0.013312250253297235,179.84236600103625,54.0,144.0,0.031171284046726238,0.037037037037037035,0.005865752990310794,0.02581407858862805,67.65150400171089
0x948b7f2f159eb7f5c0270a0b188ab580d77da188,136.0,356.0,0.5135546472261555,0.5367647058823529,0.02321005865619737,0.036327963493261575,7413.4331416590385,20.0,30.0,0.47709511317189135,0.7,0.22290488682810872,0.09076443066148188,77.96996900297921
0x94bb23ba929a98606b5f7514afaa6756f7bb77ee,32.0,38.0,0.2994469044856778,0.09375,-0.20569690448567785,0.05451855343260254,2903.6243295746176,58.0,144.0,0.24290860563723307,0.10344827586206896,-0.13946032977516412,0.03724033154909942,6800.043119983319
0x952786297c560ebe88de2bac6ccf7cbcf531f108,88.0,531.0,0.20254777059773119,0.22727272727272727,0.02472495667499609,0.026598560119268897,579.6698588378442,48.0,275.0,0.41215579447789225,0.5416666666666666,0.1295108721887744,0.04343240826464403,1527.0092289988947
0x9694d6672357c3cf44ae8256f08b99280f0ab7ad,25.0,69.0,0.6265871075432059,0.72,0.09341289245679402,0.07443066205100024,3882.1490071996955,22.0,59.0,0.6419887701731534,0.6363636363636364,-0.005625133809516988,0.10422075005964734,2575.27651699478
0x978f75054e9beb93bc208b1140ec33fbfe1ae14d,109.0,146.0,0.6821849056818774,0.7431192660550459,0.060934360373168454,0.038279933890172646,556.104423091803,82.0,115.0,0.6897016351830328,0.7439024390243902,0.05420080384135736,0.04633793088233846,524.604092001075
0x982543486678a1b6f5c1e9ba189427fe5b789ffc,20.0,24.0,0.39307121335386047,0.3,-0.09307121335386051,0.08831181250765642,492.9999789766341,23.0,36.0,0.3540951521320967,0.43478260869565216,0.08068745656355555,0.10098129487630017,345.3999690008802
0x985d4f391c400f4a8479461a4ac3e49dbbb833c9,58.0,157.0,0.4377059944285363,0.4827586206896552,0.04505262626111889,0.06088283707727535,641.7737070006638,69.0,218.0,0.3896883557385696,0.3188405797101449,-0.07084777602842467,0.0529558207138778,971.9346350023552
0x98883c610e4400dd998f81cf41658d51ff06e6fe,121.0,434.0,0.3880484887651833,0.2727272727272727,-0.11532121603791058,0.035558734256883176,8583.24629599922,127.0,298.0,0.43302822982232797,0.4330708661417323,4.2636319404376405e-05,0.040683629957718265,15148.208528986079
0x98db8cca55c32b24cfb414b5b43d273f4e1fdd17,272.0,14969.0,0.5225397891723256,0.6433823529411765,0.12084256376885083,0.028263700732919835,733308.1968696676,375.0,15308.0,0.5217080995254315,0.5146666666666667,-0.007041432858764916,0.024063659609307893,871227.6550017609
0x9991fe1fbb5b4b5394a98cfc60b8fae47f6436b8,45.0,55.0,0.5600237881791088,0.6,0.039976211820891124,0.07293218526802363,348.9499180041068,57.0,103.0,0.5377953031456629,0.5087719298245614,-0.02902337332110149,0.05929750397487346,1111.8498989784584
0x99bce72fb855cc8eebe6c85683ede46da1784f35,21.0,153.0,0.2052504648737339,0.09523809523809523,-0.11001236963563872,0.05810601249154102,1959.1378050018482,139.0,710.0,0.20652895811355973,0.09352517985611511,-0.11300377825744463,0.024950287972042372,9535.099237001532
0x99d76c8a97a7c7ed25ecedc881d5aed3a73c6435,52.0,212.0,0.5140216486449137,0.4807692307692308,-0.033252417875682956,0.05516356190839596,23886.62146091042,33.0,76.0,0.5235682403072082,0.6060606060606061,0.08249236575339786,0.06998121144147781,13360.435198002624
0x99f7db1fbcf6a73fa23d1a7a46bbc224627d1a59,46.0,130.0,0.2857271852940863,0.15217391304347827,-0.13355327225060803,0.047457091314797924,2037.2274594012147,26.0,102.0,0.287046784144423,0.2692307692307692,-0.017816014913653776,0.07781238791112653,1845.6435539980737
0x99fc64e30de1d36502c984d69d3b81f39910ec26,23.0,27.0,0.4765357298805808,0.5217391304347826,0.04520340055420178,0.07039570480441476,17181.422611767357,40.0,46.0,0.413395785769411,0.475,0.06160421423058897,0.06768629085816259,19746.86995385494
0x9aa7b3591a8dd282aa9f8cb83b48747e2edae3d9,27.0,47.0,0.14655237917324504,0.037037037037037035,-0.109515342136208,0.037313101648700484,191.21260599435072,40.0,55.0,0.18251846151171236,0.05,-0.13251846151171237,0.03233599025284363,144.9857100018
0x9b37c805c6ce091575cfeee561fde5f7d6570eb2,74.0,285.0,0.6219655953573682,0.8243243243243243,0.20235872896695611,0.0385277711532337,471.6334819965065,22.0,109.0,0.6331646153214339,0.6818181818181818,0.04865356649674808,0.08558350540971847,258.599670997553
0x9c76cdb43fb46454da005fbc82047a64a18ec926,31.0,83.0,0.32842930783547464,0.16129032258064516,-0.16713898525482956,0.06702177254300627,39386.14793786319,26.0,67.0,0.357842186992932,0.38461538461538464,0.026773197622452536,0.08725801292654942,36799.317507800726
0x9cb48ddd4185f3e947edf596589e40e574588285,79.0,411.0,0.6218861697977272,0.6962025316455697,0.07431636184784253,0.049318878848532956,20606.024674546756,43.0,128.0,0.6394795869539386,0.7209302325581395,0.08145064560420102,0.057388538693607806,22872.91982212063
0x9d8a71b1caf3cf1d7cc72b610058c6c424865201,30.0,123.0,0.16135592626921907,0.06666666666666667,-0.09468925960255242,0.04340174675846187,5281.75892277349,38.0,186.0,0.2713537354314709,0.2631578947368421,-0.00819584069462882,0.06400349069430074,36668.53613099969
0x9d94f602535e518ee1cb6aade0ca9569f1b1017d,137.0,2246.0,0.5057190403474704,0.5912408759124088,0.08552183556493832,0.03479466248721757,287553.9567991338,157.0,1012.0,0.49204683026547025,0.49044585987261147,-0.0016009703928588173,0.0336398251809471,172759.1114070522
0x9ec29efed08d7f8ace3f3eaff98d5bb21789bd08,56.0,146.0,0.3856345148744828,0.30357142857142855,-0.08206308630305426,0.05509089922921911,9992.353795244779,73.0,153.0,0.40520103598721596,0.3561643835616438,-0.04903665242557215,0.051309754251810225,32125.109873032237
0xa05a6054ea4274b34d663b868dc3bd61a68e4635,52.0,115.0,0.4952671944477196,0.5769230769230769,0.08165588247535727,0.06697038184598379,314.51296900117734,41.0,78.0,0.4397621155448557,0.43902439024390244,-0.0007377253009532983,0.07647572235719831,234.28958799814023
0xa0bb2ef3dc4048ea1dbf88619e2c06d125a04c8a,113.0,140.0,0.8990035097876043,0.9026548672566371,0.003651357469032885,0.023749276174285003,7452.798884017944,80.0,111.0,0.8735499393713522,0.9375,0.06395006062864787,0.027803307246897932,823.6965079976286
0xa18267dca1488ff8178f10aad5078601cbbe3106,34.0,43.0,0.6723629982404422,0.7058823529411765,0.033519354700734236,0.06553033924308169,2302.1787279189716,57.0,60.0,0.7022075841256761,0.7368421052631579,0.03463452113748164,0.05575276985228077,2970.658588989765
0xa42f127d7e8df9f16881ffcc9ed0bc0326875f5a,56.0,4493.0,0.47949060120232306,0.5714285714285714,0.09193797022624839,0.06457120846286948,233721.06220299727,61.0,7249.0,0.4716309438101209,0.5245901639344263,0.052959220124305165,0.06278391244124673,83694.80748000967
0xa44a3129e3b47d2702519ace8694c0e1f46388ec,35.0,63.0,0.5962473831894264,0.6,0.00375261681057367,0.07752181089660215,8686.533467025994,28.0,38.0,0.5155643978848158,0.5357142857142857,0.020149887829469897,0.08450678541850222,5116.456878952578
0xa4e810d1f9273ba30a3827ab966cc857942cff03,38.0,70.0,0.5121746751317169,0.5789473684210527,0.06677269328933581,0.06424931693105244,894.9078343152992,50.0,118.0,0.5133772469933994,0.56,0.04662275300660065,0.06295858956755096,640.2898789969958
0xa509ae942ac8d8bc3f8c5df30cb6ae2c9b13ae46,319.0,16629.0,0.5078360647330853,0.6551724137931034,0.14733634906001816,0.025815753946866967,163106.98423726013,342.0,10645.0,0.4637521933557925,0.4590643274853801,-0.004687865870412372,0.024682905173637422,107687.71015997135
0xa56d4ac84d4cf2a1c0ae6a7b6324d30c6b643053,31.0,42.0,0.7423945923692806,0.7096774193548387,-0.03271717301444202,0.07465952286121366,1076.148856625812,35.0,36.0,0.8054087724614721,0.8571428571428571,0.05173408468138503,0.0628321547923433,1667.219861026201
0xa578b91dc07afb421d156151925b55f871856702,44.0,90.0,0.5295181447307259,0.5909090909090909,0.06139094617836507,0.07759283321152503,3114.9643354005148,49.0,93.0,0.33640787621310314,0.2857142857142857,-0.05069359049881743,0.06264737548545142,425.42981599757644
0xa62373e4098417a42d666da61338dcc69e0fa4fe,106.0,227.0,0.5325330939452909,0.5,-0.032533093945290886,0.04053417591444495,22983.606963968443,29.0,81.0,0.5381512199706893,0.5517241379310345,0.013572917960345298,0.07030256812967231,7068.604791021692
0xa65c599c826f116b687efd166d77deb107453bc1,23.0,28.0,0.48171128440260147,0.4782608695652174,-0.0034504148373841388,0.07131730464621919,86.54368700010822,23.0,24.0,0.3784010399978784,0.30434782608695654,-0.07405321391092193,0.09102833545106295,68.36979799958549
0xa680f5f2fc0f573377a4ac43eb210acaa1343384,66.0,66.0,0.9578943799318181,1.0,0.042105620068181825,0.00498769449197135,16586.238460208147,99.0,99.0,0.9569263595171716,0.9797979797979798,0.022871620280808084,0.014566273930108294,18340.143125087976
0xa7c00ff2f91ed5a18432376d5a97363648acdada,34.0,141.0,0.31355467982560925,0.20588235294117646,-0.10767232688443275,0.0640579942961154,6171.889130308689,28.0,66.0,0.33463373127014845,0.17857142857142858,-0.15606230269871993,0.0661647058402395,2702.761206998793
0xa9753050608809ac9a610158e49daf7686b142ee,72.0,143.0,0.5384687850349086,0.6111111111111112,0.07264232607620263,0.04415334201134209,2952.0187447225085,44.0,86.0,0.52908351211945,0.5681818181818182,0.03909830606236815,0.06603560491412054,436.44990699992945
0xa9f5e5c9c761a0c7d692ba479028f778a5dd937f,174.0,764.0,0.4267775970509771,0.4367816091954023,0.010004012144425194,0.029535453450107104,29154.92010703867,326.0,2118.0,0.4728516000641591,0.43558282208588955,-0.037268777978269475,0.022860730577062425,105560.39662796436
0xaa119000d7a9610494a2717eb54a3b15c965650b,23.0,26.0,0.9116501026903316,0.9565217391304348,0.044871636440103065,0.05626086904056173,1187.9997950171976,134.0,139.0,0.601500874899986,0.5895522388059702,-0.011948636094015861,0.017911154408808416,3892.4990539867295
0xab9fd3d22809132d0bcdc8cd7413a32ac35175f1,22.0,42.0,0.4722958995985332,0.5,0.027704100401466838,0.07941952075415035,1181.178686399697,27.0,88.0,0.46072953846806974,0.5185185185185185,0.05778898005044878,0.07314977955529284,2403.511449000293
0xabb01475dccf18c57ea012b7b2d7637c26d51369,24.0,48.0,0.30366983583272017,0.16666666666666666,-0.13700316916605348,0.07138900092675528,88.72724500008451,23.0,48.0,0.43803480325147665,0.43478260869565216,-0.0032521945558245053,0.08597142947861404,88.2453619999995
0xadfb6cba33cebca02eab6111ace1e3924b9cc2ef,23.0,543.0,0.5102695379032948,0.6086956521739131,0.09842611427061831,0.09801497746065468,26420.9407900196,118.0,1245.0,0.5201655608716155,0.559322033898305,0.03915647302668961,0.04552095167712192,127537.17633287875
0xae0249866c927ddb01faa2fe0ea4e11957b47ed0,32.0,57.0,0.6279145324520942,0.75,0.1220854675479058,0.055035429629830435,307.4677261902856,21.0,26.0,0.48883085702065926,0.47619047619047616,-0.012640380830183044,0.0921498144396469,184.51995599615066
0xaf76cdb1c3b4d9eb1d3a7f48e5ae844f25d8ffea,80.0,516.0,0.36912628451001595,0.2375,-0.13162628451001596,0.04152844053769152,1418.7240500000091,96.0,704.0,0.33682275571102743,0.3229166666666667,-0.013906089044360746,0.04203656738851516,1780.47654699973
0xafafeebd1d3b9c3391099aa3db30c75ca77d1635,110.0,2669.0,0.5246991589687077,0.6454545454545455,0.12075538648583785,0.04210260047425953,92304.69158110309,215.0,7304.0,0.5036658030962805,0.6093023255813953,0.10563652248511483,0.03192442636198387,231087.36106904226
0xafe307d5e175ef92a0a5b1837ce55ad4a8c31f2a,92.0,147.0,0.9102478652677526,0.9239130434782609,0.013665178210508031,0.023050919723255542,2124.8634168977487,46.0,66.0,0.8737162691632006,0.9130434782608695,0.039327209097669076,0.03838854056933044,1945.2467179911714
0xb07e7b15d3656426bcf8d8ddf14c65caceb40df5,55.0,113.0,0.3352700018115932,0.23636363636363636,-0.0989063654479569,0.04944319194971158,2590.376759008754,21.0,37.0,0.4604287243227688,0.47619047619047616,0.015761751867707362,0.10027380348196248,953.1099989993018
0xb1556d9d1a734508178d15ba822e579901a7ca84,50.0,225.0,0.45402092736386784,0.44,-0.014020927363867846,0.05781221462418006,2207.86688099994,156.0,663.0,0.4797418207212598,0.4935897435897436,0.013847922868483681,0.033122720402125,8939.769046004802
0xb4218a8df77b1d49197958acf401079be6128856,43.0,81.0,0.5288213701163366,0.627906976744186,0.0990856066278494,0.06249667484387273,2683.064233993626,136.0,248.0,0.5034880540657666,0.5588235294117647,0.055335475345998135,0.03881141446519823,17649.762540959535
0xb4c058e1bf845a6ba70249524ffaf1f29ce222eb,21.0,43.0,0.4174808896859933,0.38095238095238093,-0.036528508733612415,0.07654597185932781,331.48318699924357,74.0,137.0,0.2508652047775801,0.22972972972972974,-0.02113547504785041,0.043393924364702165,1438.8987490014642
0xb4d0807e3447a8ac6dc52f51070d4e7caa6fa1c5,40.0,68.0,0.4058493929245056,0.425,0.019150607075494337,0.06574860231164067,7441.915102031478,47.0,103.0,0.34372549094017363,0.2765957446808511,-0.06712974625932257,0.0625757884367633,8013.757613896573
0xb4d250f58c26840e09723a83ce9c8149aa32ce99,159.0,675.0,0.48578886845717056,0.5283018867924528,0.04251301833528233,0.034191041195697734,108351.39590493352,258.0,1578.0,0.3781400246725356,0.3372093023255814,-0.04093072234695417,0.02508177138928192,285422.3076161598
0xb595d09ce5bbc4d39e3b3d04e80c402d2c8d5922,146.0,1421.0,0.9857138328396788,1.0,0.014286167160321283,0.0015134863520274895,685409.2412901525,102.0,488.0,0.9828058841700471,1.0,0.017194115829952738,0.002587295379174112,538987.7554172858
0xb6fc9e6aa8f5f624b742cf86299bd32a5f57b24e,30.0,33.0,0.41222153764385006,0.4,-0.012221537643849926,0.0923298562034125,1249.0541478354703,68.0,86.0,0.4127798157181707,0.47058823529411764,0.057808419575946915,0.06028791218818349,3432.8702370521996
0xb71e6248aab14b21ab06ee8dcafdb26a0966641a,20.0,84.0,0.46580322614016795,0.3,-0.16580322614016788,0.08755301269595145,9624.654090864893,40.0,233.0,0.557841780391563,0.6,0.04215821960843704,0.06426074366556725,12595.769044030309
0xb763736e0af6cbc0ffd440051eeaa2920ef44a90,69.0,507.0,0.9859638566154902,1.0,0.01403614338450983,0.002774241828259519,149161.6186876073,67.0,120.0,0.9803467603014925,0.9850746268656716,0.004727866564179114,0.014086032521470964,54795.72130907249
0xb767acca4b6c04da69b5042c7b5660b99932d848,27.0,36.0,0.8209874946024205,0.9259259259259259,0.1049384313235054,0.041235630050934044,11748.898843993928,21.0,33.0,0.8028129374276534,0.8571428571428571,0.054329919715203866,0.08205500524105055,8965.032410940736
0xb7f372371312abd222e621d91be911013d58d6dc,105.0,128.0,0.5023977349020357,0.4380952380952381,-0.06430249680679756,0.047298669545202524,580.938876236814,294.0,583.0,0.6027396420485881,0.5476190476190477,-0.05512059442954055,0.027235271862514832,1482.662028001907
0xb8340dea08214f3b3584994cb2594b89843be4c1,30.0,31.0,0.4681814021922869,0.43333333333333335,-0.034848068858953626,0.07541264888655046,79.36207903931174,51.0,52.0,0.2903239145666667,0.3137254901960784,0.02340157562941176,0.06538539750876107,129.42630000030002
0xb8e143d45b06b3e2d1faa7bb8ebd6a83ffc29bc1,106.0,461.0,0.47738742025085773,0.5754716981132075,0.09808427786234988,0.04158159380126455,3301.8411251609355,27.0,102.0,0.5561203636188797,0.6666666666666666,0.110546303047787,0.07708193148055065,507.44645000044966
0xba58e7209765989edcd8d72f614d15ee438428c2,33.0,47.0,0.43079873373098304,0.42424242424242425,-0.006556309488558731,0.05675230612363911,3729.73766009878,25.0,33.0,0.47405712105878167,0.44,-0.0340571210587817,0.08826581661518121,5639.929168063081
0xbac4ab50a9059b89131cf7bad38bb12c031586db,44.0,73.0,0.536349796941047,0.5681818181818182,0.03183202124077119,0.06448849646297956,1018.1652839931805,107.0,142.0,0.49074972285274654,0.4766355140186916,-0.014114208834055003,0.04356921667341785,418.8198440019959
0xbb7c7568708d24e21b8bc5e5172780e2664582f2,27.0,31.0,0.23290860786573384,0.2222222222222222,-0.010686385643511551,0.04681316200509208,5941.276272548059,34.0,40.0,0.13265800189329494,0.11764705882352941,-0.015010943069765536,0.04493539434387883,158.8499770026504
0xbb8ef6381e4a35b4124584cfce1c73137e2508c1,190.0,1071.0,0.5779211185720213,0.6894736842105263,0.11155256563850495,0.028538529209485873,18102.015196204797,141.0,469.0,0.5870530133719251,0.6382978723404256,0.05124485896850047,0.03588805124654341,11805.018660001904
0xbbbfc884670cf97e20bebdeb3918e1042ccc388e,32.0,84.0,0.5688434396080252,0.625,0.05615656039197478,0.07376497829576792,264.0998860012346,52.0,93.0,0.6022215334664273,0.6538461538461539,0.05162462037972664,0.06240477156938882,304.06982100103255
0xbd3a01ef18c402d09b5e1bcdd63c43bd52ad91fd,40.0,40.0,0.4795748812075001,0.55,0.0704251187925,0.059167385473887786,5306.843161367053,25.0,27.0,0.5439459907010591,0.48,-0.06394599070105915,0.0883129931206135,2653.953835990474
0xbe0c69b37d57a0e2f171b606adab285e56fec0cd,39.0,46.0,0.4501739559760759,0.4358974358974359,-0.01427652007864003,0.06317035958698825,896.3382458182139,46.0,114.0,0.6307156492743119,0.6739130434782609,0.043197394203949024,0.06343159984078443,935.7555510008117
0xbe53f59bc7854f669bb3581a026a2de8455d2dba,75.0,81.0,0.7817133381240666,0.8133333333333334,0.03161999520926681,0.04559526850091934,2200.680615526349,20.0,25.0,0.567593749999375,0.5,-0.06759374999937498,0.11495333108919169,329.16999999949996
0xbebf0f282a06a4b9de180536ee15211f77c29bae,67.0,118.0,0.4410582587441499,0.417910447761194,-0.02314781098295582,0.04838657403009805,3531.900475921392,40.0,66.0,0.4173311375711505,0.325,-0.0923311375711504,0.06779636855241603,911.9471460052118
0xbed0d1ec25fa20b268f9ea66eb145d1262f73c7d,26.0,42.0,0.4993084439629815,0.5,0.0006915560370184559,0.09292915127998502,586.3632279579573,50.0,80.0,0.5537341184773951,0.52,-0.03373411847739513,0.06990878255143969,555.4299090035767
0xbee0225a438ec1e3e04d9aa5e4275d1664567dff,30.0,32.0,0.14689911384676527,0.1,-0.046899113846765234,0.05661047760880202,227.34841849611055,40.0,46.0,0.17466898284209487,0.125,-0.049668982842094866,0.05090044392413063,296.1409639873535
0xbf1c5d7fb785ac49b7d8dc5f25fd7f87a89bec86,27.0,64.0,0.4291206238014829,0.3333333333333333,-0.09578729046814959,0.07005079880062354,292.1503380025404,35.0,35.0,0.4862856677742858,0.5142857142857142,0.028000046511428563,0.062289375771094904,87.469945999179
0xbfd770b7ff07fb2ece41b0e7c593db65a84cf0bf,264.0,2337.0,0.5087544140807408,0.4772727272727273,-0.031481686808013505,0.026253862380521728,74315.74667848807,302.0,709.0,0.5657112455551875,0.6754966887417219,0.10978544318653437,0.022172113023978986,40621.856099850906
0xc04cb9838e64771be9d2ae12cf11c41abd72cebf,101.0,138.0,0.7790046588427811,0.8613861386138614,0.08238147977108011,0.033020567349162484,2389.125195015504,250.0,406.0,0.7782585329686557,0.928,0.14974146703134425,0.016599921475420942,4892.208056015157
0xc07d5961e7a361992983c1a3a865d00dc28cb1df,41.0,1396.0,0.5885620271714859,0.6097560975609756,0.02119407038948976,0.07748655059445174,114863.16922136353,212.0,14516.0,0.6478997902829311,0.6792452830188679,0.03134549273593685,0.028982649337348336,1047761.8437730647
0xc095b5100653f0c34337c718f201dae96d762d65,21.0,28.0,0.9806914603190473,1.0,0.019308539680952405,0.006364375581989795,2158.744225651924,26.0,39.0,0.9760878196346153,1.0,0.023912180365384623,0.00816984615112979,1680.1609300010002
0xc1554f5b196c09bd05510d2c30c7d9f681abe36b,35.0,73.0,0.5638942462742987,0.5428571428571428,-0.021037103417155846,0.06929954423504474,249.34017100070992,67.0,241.0,0.5042917221034263,0.5970149253731343,0.09272320326970794,0.04998199499264605,645.5145069989458
0xc1b5c7da3eda1d6dda8c7b0180cf188f1cf0c8f8,85.0,1644.0,0.4189531786735556,0.5176470588235295,0.09869388014997402,0.04995913190911535,6396.605153998037,122.0,2358.0,0.4777510954852627,0.5655737704918032,0.08782267500654055,0.04066679972110969,16454.53316999546
0xc1d7e47eed8622aa036b0e5b5db22240b05647a4,21.0,23.0,0.41975736513926615,0.42857142857142855,0.00881406343216245,0.10131739220739235,3675.789978003962,58.0,71.0,0.3823883192451056,0.3103448275862069,-0.07204349165889867,0.057674974428701224,12389.29993894894
0xc2bec11a79567ea92f7c5dfa6587eadaede6af12,34.0,161.0,0.4606657713781587,0.4117647058823529,-0.04890106549580571,0.07587365757603175,1476.7991910064334,150.0,452.0,0.4347754325343366,0.3333333333333333,-0.10144209920100324,0.03730421284557982,18382.37858697388
0xc30d3e52587c8f8d523ba298c3f1e468fec6acfa,24.0,46.0,0.19262500206365463,0.20833333333333334,0.015708331269678726,0.05833478744860631,69.9580086994991,43.0,64.0,0.14651162790697675,0.06976744186046512,-0.07674418604651162,0.03886232468860993,128.760685
0xc33d6aa3eb972639f31e46a6a02201cece380d40,50.0,277.0,0.4598534282886525,0.4,-0.059853428288652484,0.05487326948165967,5777.524641627604,32.0,68.0,0.4583619614991272,0.40625,-0.05211196149912723,0.06761973819081107,2253.5706009926093
0xc470627a6ec13908543f4fe3d6551a7b6520c792,56.0,102.0,0.2441222584974343,0.26785714285714285,0.023734884359708577,0.05001235803553943,7984.378100286895,25.0,32.0,0.3643881563432694,0.2,-0.16438815634326936,0.08141497378162083,3486.2005758803107
0xc4dbd5631f003f3f7d10bc31338b1fe5c6ff7e0c,64.0,321.0,0.3005172859704709,0.171875,-0.12864228597047087,0.04596630177371464,12625.289530047054,37.0,143.0,0.3044877952430767,0.24324324324324326,-0.0612445519998334,0.0702109091015312,5137.9860620082245
0xc4fe817476491890086330a639ac417d51bf601f,109.0,1058.0,0.4548129207485707,0.5229357798165137,0.06812285906794303,0.043100735306905225,9734.406784005207,557.0,6519.0,0.46435069088640263,0.4542190305206463,-0.010131660365756294,0.017406323259552454,124271.22128298644
0xc547a1d8d09a3d0ce75e904ffbf034bf5024c570,46.0,62.0,0.30255349569867424,0.2391304347826087,-0.06342306091606557,0.05403859767061792,2926.1394627874115,23.0,25.0,0.3496281980944996,0.34782608695652173,-0.0018021111379778174,0.0830114672297801,277.1599860011775
0xc5dc24925a883c9886215afcdea7c0f200a17cf2,34.0,65.0,0.7781452422151964,0.7941176470588235,0.015972404843627153,0.03110509627283584,13497.014606001163,21.0,72.0,0.942380660034388,1.0,0.05761933996561193,0.016740756164343198,10665.163180007225
0xc5eaa4c9a190445777d9c1329bc1a5821e6f42e8,30.0,34.0,0.578004869171766,0.6666666666666666,0.08866179749490068,0.07391091723735536,503.90273800030684,26.0,31.0,0.6072642948307035,0.46153846153846156,-0.14572583329224204,0.08826475087949641,1360.2939520097675
0xc718ff81acd22596bcebd234a5d429fd34e164a8,134.0,1364.0,0.5870008459510544,0.7014925373134329,0.11449169136237833,0.030913518140936496,70722.18287335223,44.0,323.0,0.46901673307964464,0.3409090909090909,-0.12810764217055365,0.0611056634280391,4420.276433001069
0xc75b0390b025086df22363d6c22602506c3b3ea7,56.0,140.0,0.51872343745522,0.5178571428571429,-0.000866294598077129,0.06003289509280824,2612.5239481154435,96.0,217.0,0.46399041033126204,0.5416666666666666,0.07767625633540459,0.046388321754991114,1258.9297679956146
0xc7d02944a76b9f83b199e9090ecc92c82d241f8a,36.0,305.0,0.3352281016108857,0.1388888888888889,-0.19633921272199678,0.0510011882268949,17519.445374008348,269.0,3058.0,0.43794740107032654,0.3754646840148699,-0.062482717055456646,0.023611487262313057,9424.95211300244
0xc8ad82573545a469291e501594f79f4c1d647889,110.0,285.0,0.8443153354678258,0.9181818181818182,0.07386648271399227,0.022686695622086243,2367.9574748051596,43.0,116.0,0.8153299841248465,0.8604651162790697,0.0451351321542232,0.04919725211249503,540.8701389998971
0xc8c28bae5a3387505ed318e8ede8d167da3a080b,32.0,80.0,0.5811088832615975,0.59375,0.012641116738402514,0.07120875947432907,581.3577819742337,44.0,83.0,0.4697424777908749,0.5227272727272727,0.0529847949363977,0.06837014565208875,308.999901998484
0xc984f7b215e8a66a731edcce098108e91a78ab6d,45.0,50.0,0.5855940108707349,0.6666666666666666,0.08107265579593174,0.06356471030249944,94.62290348058006,70.0,70.0,0.7203346261971428,0.7285714285714285,0.008236802374285729,0.04504373753446174,75.27803399976072
0xc98ff9dad68a08a4e5ea0930a5ddbb05db86a13f,68.0,396.0,0.5623992396983795,0.5735294117647058,0.011130172066326367,0.034252448284231185,3238.644161532451,68.0,645.0,0.5718391835814811,0.6029411764705882,0.031101992889107265,0.01828739849917722,11227.130200001498
0xc9c36d3afb757d75fd54feafab1b1f04419d079f,29.0,52.0,0.6300137044106672,0.7241379310344828,0.09412422662381559,0.08239050914308671,1917.6926754126532,23.0,47.0,0.7625276099492241,0.782608695652174,0.02008108570294979,0.07583484994195593,3838.514142039186
0xca20c5b6c8a29c92c57f618d378011a143ea7b68,55.0,959.0,0.552814132164512,0.6,0.04718586783548802,0.05261281156890537,11618.38122468008,23.0,89.0,0.4011277484526047,0.43478260869565216,0.033654860243047445,0.06207781696705672,710.3162059911399
0xcb016f2b417f98c88fc91fffe7e69d4a6b1c7dfb,24.0,108.0,0.5666676997127299,0.5416666666666666,-0.02500103304606327,0.06574332128612811,2020.43019,41.0,442.0,0.6825154334666433,0.7317073170731707,0.04919188360652743,0.028380584698807717,16137.972999999998
0xcb1664d142672b4007a9a19238f88a5bf68f96b5,41.0,49.0,0.7249611650333023,0.7073170731707317,-0.017644091862570595,0.05445934239189678,34682.975754775354,21.0,29.0,0.6671600552851926,0.6190476190476191,-0.04811243623757371,0.08628410013754742,13685.879336967346
0xcbef04dead0a5d75b28d2bb4ef149a222da10c11,28.0,29.0,0.6439490545035714,0.75,0.10605094549642856,0.07363363925343662,4155.09758441114,21.0,23.0,0.6022399118980553,0.6666666666666666,0.06442675476861141,0.10510891914184495,12157.309972113722
0xccd81fbd3395dc43a0531f8484b21c2462daf4de,23.0,32.0,0.3576944867194694,0.21739130434782608,-0.14030318237164333,0.08117500423181427,22122.704874712537,37.0,91.0,0.49787638423189456,0.4864864864864865,-0.011389897745408098,0.06995585576458531,122197.57485308118
0xcd3fe2f02819b8a9dc435a892251d3f226ef8e2b,62.0,790.0,0.984066307951961,1.0,0.015933692048039117,0.0014122470976125718,315767.92488878476,89.0,518.0,0.9732866720160295,0.9775280898876404,0.0042414178716111165,0.01600098692917353,266949.9337641124
0xcd96b01fac6276ac3d8ad618dacca0d3592f11a3,68.0,109.0,0.6358644312340784,0.6764705882352942,0.04060615700121568,0.05083676795311617,2402.586627997907,248.0,432.0,0.6153817464901253,0.6491935483870968,0.033811801896971444,0.02724021745530945,6950.68970900262
0xcf6c5492124794394dd9eac46498a8babbe47e66,50.0,854.0,0.5893211499247895,0.7,0.11067885007521056,0.050188867496160396,345877.1453438676,76.0,825.0,0.5877159019127717,0.631578947368421,0.04386304545564947,0.04468699465964315,634448.2648470227
0xcf7379b4b891c06d88807f6f70efa75378120215,22.0,223.0,0.5308234601675083,0.5454545454545454,0.014631085287037231,0.10294633111980975,16226.235872999277,37.0,859.0,0.4803302889205074,0.4594594594594595,-0.020870829461048023,0.08284054403951491,103865.4612099541
0xd03450276d4aa4069ce11bac4cfb1683a724eece,45.0,145.0,0.334209083598227,0.26666666666666666,-0.06754241693156032,0.06559530104860417,2529.6638859885347,102.0,643.0,0.4080215062775133,0.37254901960784315,-0.03547248666967023,0.04366144797148364,19099.096687007244
0xd0ac6e6b585c00042a0552a6cf35f2f056ef7dee,61.0,1580.0,0.5617163244107608,0.7704918032786885,0.2087754788679278,0.05121335763494608,243465.94783083806,26.0,750.0,0.5618775697715972,0.7307692307692307,0.16889166099763356,0.07531072250052376,143459.92014197673
0xd1001f4ef07ee37774934a8bc0083185ef6b853d,59.0,184.0,0.46388784081474865,0.5932203389830508,0.1293324981683022,0.055358102149910444,2329.0452622487405,80.0,196.0,0.46157081863593197,0.3875,-0.07407081863593198,0.05015751785912816,3061.1397999578594
0xd20869e79436b2baf9e73b6f46aa629b0ea729e6,43.0,72.0,0.48850303294463815,0.5116279069767442,0.023124874032106002,0.0616409466243562,2049.2829153629764,45.0,89.0,0.5289769152444193,0.6,0.07102308475558067,0.07045337801115553,329.0299050037514
0xd218e474776403a330142299f7796e8ba32eb5c9,345.0,4426.0,0.4780208166255919,0.5507246376811594,0.07270382105556746,0.022506967250526446,639551.7753320595,506.0,4652.0,0.38693453050056986,0.38537549407114624,-0.0015590364294236778,0.016613038323593062,294076.2604946748
0xd37ab1a5eeb25696c568e20e94af72b8d3422358,71.0,965.0,0.4511456118707505,0.4788732394366197,0.027727627565869238,0.059776485872128915,3429.7344041863666,36.0,1433.0,0.4790110270006237,0.4722222222222222,-0.006788804778401467,0.07925120072289529,3015.025860000383
0xd3b4cb5efe52ce31201bc3a2334da4e3305730a6,36.0,37.0,0.8255715256538093,0.8611111111111112,0.035539585457301674,0.04789708262838042,190.59813430039296,21.0,23.0,0.8722851719275407,0.8571428571428571,-0.015142314784683784,0.07303920175979728,123.868
0xd3e775abc3c974c4868bdbe384f8bf067135bf64,59.0,315.0,0.6668676810354679,0.7627118644067796,0.09584418337131168,0.04545009643336041,15704.306081005747,20.0,124.0,0.4888044407370197,0.55,0.06119555926298028,0.11479807423664092,3639.705405999036
0xd4accfab6746279f5c7f739611e0e8a4b680f49b,25.0,25.0,0.5002798589599999,0.56,0.059720141040000015,0.09895623807507434,24.999972999891007,116.0,116.0,0.5350602408999999,0.5431034482758621,0.008043207375862074,0.04071346392079712,115.99984499967626
0xd5d40f34e2302d41a6b4feaaaf3571b1bf1f8b32,116.0,834.0,0.03650826224728007,0.02586206896551724,-0.010646193281762818,0.014251922904267912,11788.337243396705,81.0,687.0,0.06048127586502535,0.06172839506172839,0.0012471191967030437,0.024585761797523024,15265.852334964544
0xd6d297a2a225d2e5d9f1be5f1d0878a814024a24,21.0,146.0,0.0949848427069457,0.0,-0.0949848427069457,0.015324942802012917,516.4102770002607,32.0,165.0,0.10624517344132453,0.125,0.01875482655867547,0.057920927612613776,692.8604039960845
0xd78e89abff29eec7c7db36c7da8d446cb4986421,25.0,36.0,0.4992000049347919,0.48,-0.01920000493479178,0.08611023872424689,245.3690085997692,21.0,50.0,0.5503618462819915,0.5238095238095238,-0.026552322472467655,0.07852983187557501,1052.0165820001278
0xd96aa9293c34e244734f8b22bbcfde0ae9eed8ce,43.0,151.0,0.26174050556903355,0.32558139534883723,0.06384088977980364,0.0650959477441407,403.62545839657025,239.0,254.0,0.36687810328073833,0.30962343096234307,-0.057254672318395226,0.02745032911637677,479.9988040017198
0xd9e0aaca471f489be338fd0f91a26e8669a805f2,181.0,10840.0,0.4982677350633439,0.6132596685082873,0.11499193344494354,0.03544307150747235,419089.22946106165,241.0,14858.0,0.49620378842058294,0.5850622406639004,0.0888584522433175,0.03128517960584148,1019848.3256350413
0xda770326bd091d26f816917aa83a6baff668683f,167.0,1331.0,0.4582747344262307,0.4550898203592814,-0.003184914066949257,0.0313006503749518,15188.97146298372,476.0,4566.0,0.5011127099903279,0.4894957983193277,-0.011616911671000171,0.01875918411197794,89733.91799100122
0xdb465b694f7beefdbf8d1edfa2035128d4cb56e7,46.0,191.0,0.5088325583596898,0.45652173913043476,-0.052310819229254915,0.0694713060984821,538.3097860025683,22.0,62.0,0.479621924887317,0.5,0.02037807511268304,0.10505287016773962,96.5299409988748
0xdb83e85ffd22faa4009273034770f96ffc5b1e50,151.0,3134.0,0.48258523975660833,0.4503311258278146,-0.03225411392879369,0.03757202148822439,124609.97533668976,332.0,6919.0,0.48389252264892707,0.5301204819277109,0.046227959278783835,0.02492260375396563,418850.725211028
0xdbdd45150249e229eb4ca8aa48a30dca21faa5de,157.0,627.0,0.4760343807757418,0.4585987261146497,-0.017435654661092058,0.034131931985210986,37483.740648634506,447.0,2071.0,0.5019080568948974,0.5413870246085011,0.03947896771360376,0.02017761439745697,135029.65454537186
0xdc16718af9f04590b38a8e8aa32dedcd034740a5,24.0,75.0,0.358314104499454,0.2916666666666667,-0.06664743783278733,0.08986686698619323,7603.576945305142,25.0,73.0,0.38042797441044157,0.24,-0.1404279744104415,0.08126113805987416,9227.341740863805
0xdc8634e3191aa4be3868b17d9ef8ba9c58537e77,115.0,741.0,0.44478455280449447,0.391304347826087,-0.05348020497840756,0.041461931814569315,6947.645901822788,68.0,570.0,0.42708521340696537,0.3235294117647059,-0.1035558016422595,0.04951052154193657,8267.876723001997
0xdcddcde4000c5ce9b05a15715b23b08c3c596d55,27.0,59.0,0.6199781469097373,0.7037037037037037,0.08372555679396651,0.06804032739823036,410.25040807491865,43.0,88.0,0.5042690607445188,0.627906976744186,0.1236379159996672,0.06551348992241152,351.9399149960368
0xddb6e6246546230503f153506ac1e9914978b9b3,39.0,208.0,0.47532517858575374,0.48717948717948717,0.011854308593733364,0.06286616753201421,3143.462477140363,262.0,3911.0,0.48714473730977104,0.5305343511450382,0.0433896138352671,0.02745557102055621,29838.955450009118
0xde9f7f4e77a1595623ceb58e469f776257ccd43c,301.0,4120.0,0.4866473909798826,0.6411960132890365,0.1545486223091539,0.024368386447557545,1082463.8053653077,261.0,2656.0,0.5384248722189329,0.6896551724137931,0.15123030019486022,0.026406593427938437,740749.3172385502
0xdff6c7389271f500caa957671f8c2b68db170918,20.0,45.0,0.5523945929504003,0.65,0.09760540704959966,0.09286412818783611,168.248304,36.0,78.0,0.44796907234420286,0.5833333333333334,0.1353642609891305,0.07215765159381467,243.24683699995933
0xe121ca930b64f2f9bad27fee1ceee76e105184da,26.0,29.0,0.839884130960557,0.9230769230769231,0.08319279211636602,0.03214672761734247,52.99986400083427,38.0,49.0,0.7668179626245591,0.9736842105263158,0.20686624790175662,0.03162231459355652,262.9998560011081
0xe2461f9519cada58eb1a3ec91f5b9c6e21fbdedc,46.0,81.0,0.5074657098286481,0.6304347826086957,0.1229690727800475,0.06065477959328624,171.28356227682306,86.0,188.0,0.4689938036355174,0.5,0.031006196364482614,0.04799917058914392,900.7898110132543
0xe51648e1aee597bbf8a3e7e00326c4c482c51d31,40.0,51.0,0.7101581254811362,0.775,0.06484187451886372,0.044153611053518796,741.8053739607069,50.0,50.0,0.7708199787899999,0.76,-0.01081997879,0.0554809302661951,293.32985900208683
0xe5b1377410ddd77dc3bf6fd5172e13fdc31330b2,29.0,63.0,0.5745147961850002,0.5172413793103449,-0.05727341687465536,0.08429732689628547,729.3410270001319,56.0,135.0,0.5467802679835704,0.5178571428571429,-0.028923125126427522,0.05253827476417656,1458.5332869942636
0xe8246a3a7b6aecb8dbac72627f6c869ad10965b4,21.0,25.0,0.4146441386900023,0.3333333333333333,-0.08131080535666889,0.1029440947142339,95.25488499875804,20.0,23.0,0.512977045690945,0.5,-0.012977045690945063,0.10320934389207322,105.31939100000201
0xe857c906ec3308ae8d6ba8f66c33c0f38c207b3b,42.0,53.0,0.23041164868945274,0.14285714285714285,-0.0875545058323099,0.04709754570756658,1813.4866757145253,63.0,83.0,0.27692611932595124,0.14285714285714285,-0.1340689764688083,0.039073390049499994,7044.428599043946
0xe8e1b119302ae410e77b2af7d7456809007549dd,91.0,6432.0,0.4859786993478824,0.38461538461538464,-0.10136331473249788,0.04960120878723561,90320.86966301377,34.0,2085.0,0.49920603575135397,0.4411764705882353,-0.058029565163118656,0.08357946875108416,30627.111047020677
0xe9076a87c5ed90ef16e6fe6529c943baeca0cff6,109.0,675.0,0.4058492976713399,0.3486238532110092,-0.057225444460330836,0.037301776558933526,12944.37100700297,367.0,2931.0,0.4732195447440231,0.46866485013623976,-0.004554694607783371,0.021701954475402355,457387.0122040491
0xe91171f655be1568e4c63f29663c0028649e3d4e,151.0,558.0,0.4915386647588785,0.5298013245033113,0.0382626597444329,0.03369138990348938,45244.71612070344,380.0,1366.0,0.4544782011502901,0.46578947368421053,0.01131127253392043,0.020402811767889405,160100.09093493596
0xe9b8dc8ced6e8017ea50303e494e266ece9aab1f,62.0,71.0,0.8001757765683754,0.9032258064516129,0.10305002988323757,0.03853767121577443,72.37242,36.0,44.0,0.564933534321601,0.5277777777777778,-0.03715575654382327,0.04841342507828684,53.29515800028692
0xea9b517a08ccf962b85db123b36e775a87d02be5,40.0,113.0,0.6319829642071049,0.775,0.14301703579289501,0.05963064423527803,720.605618023483,31.0,85.0,0.38976355054396955,0.25806451612903225,-0.13169903441493727,0.07251955275704981,132.98407600001312
0xeaac36f714563e13d88db7a4f0a0898388f2d71d,43.0,127.0,0.35167918500661266,0.3488372093023256,-0.002841975704287026,0.06407212286426629,12318.675910017422,35.0,48.0,0.39829509978120636,0.4,0.0017049002187936083,0.07191175928555626,9179.97277593939
0xeb77d9d56dcb015a9b55b765851201032776ef9e,73.0,174.0,0.7120489631430684,0.8904109589041096,0.17836199576104106,0.03311238966496884,140404.51641295763,70.0,165.0,0.6927384676409384,0.6714285714285714,-0.021309896212367025,0.05272139540656916,112860.16605977557
0xebdeffe1451bb31f9266f15e27feb25b177e1de0,94.0,182.0,0.26228793149121726,0.19148936170212766,-0.0707985697890896,0.03545935808489621,978.9034363558816,107.0,221.0,0.36668375999189756,0.308411214953271,-0.05827254503862654,0.0387719000577754,2175.4029909813185
0xec690ecdbe75275f390d9460b112dfc53ae36fba,81.0,674.0,0.6131446731297563,0.691358024691358,0.07821335156160174,0.040644470785140004,41457.5429155055,89.0,413.0,0.5232380071246082,0.5730337078651685,0.049795700740560306,0.04564397948153372,28732.411879975232
0xee116af853563721c484b94e418494c690cd53c9,29.0,63.0,0.5778567804628938,0.6206896551724138,0.04283287470951991,0.04114909530815567,2728.9930745328465,28.0,54.0,0.7619044411700215,0.8214285714285714,0.05952413025854989,0.052414524531805264,3565.9997260147316
0xee8474425f2a4b3ec975bfbca46c9307d417becb,33.0,36.0,0.521808866804237,0.42424242424242425,-0.09756644256181264,0.05947878194502807,342.47393900425556,24.0,24.0,0.5246994346875,0.625,0.10030056531249999,0.0919361290605969,197.21996600444606
0xeea3f08e8a36081233e4c4b4142fd61a7b56a6a2,40.0,1460.0,0.4109279694621041,0.725,0.31407203053789595,0.06807956023482317,12138.050009983483,314.0,9813.0,0.5613984770419441,0.7452229299363057,0.18382445289436153,0.02309821551565049,740197.368979122
0xef292327dc97299c63f30e998614740d9a852f1e,81.0,491.0,0.5578950570754306,0.5432098765432098,-0.014685180532220777,0.04667806003479306,70852.96753905035,82.0,157.0,0.654401494394249,0.6341463414634146,-0.02025515293083431,0.04209482576217575,19675.633300980815
0xf0b3810f3a4f20179e8afefa0e5606b2cbbabf0d,26.0,62.0,0.8594558348045529,0.9615384615384616,0.10208262673390871,0.04417804226246806,1059.6447580076529,143.0,459.0,0.84248675142884,0.9300699300699301,0.08758317864108998,0.019160967591208663,6823.68820398473
0xf1451f85b26b3a2138bfbd4c4b83465713bf7426,90.0,93.0,0.8479395120578103,0.8555555555555555,0.007616043497745422,0.03478786386433224,218.3108348584695,22.0,22.0,0.8023635720227272,0.8181818181818182,0.015818246159090887,0.0812564415873198,38.1799399995393
0xf18af4ede11048b8695d775f72ec5e7a236ee4e5,144.0,1035.0,0.4762699815782568,0.5763888888888888,0.10011890731063217,0.03638977505615439,9679.502393063267,109.0,472.0,0.561739742067366,0.6697247706422018,0.10798502857483595,0.040096791108469775,7840.6350339856335
0xf23a0aa1089b041518346ee5d5d95d2c62eedf6f,47.0,212.0,0.7120673766413554,0.8297872340425532,0.11771985740119781,0.0463586627092623,5486.143529999097,55.0,210.0,0.5720268381991449,0.6,0.027973161800855115,0.04943750092939248,5673.189323002369
0xf30a0a3548861a989ec2826dba90b27c02a061fb,43.0,246.0,0.4438189656298284,0.4883720930232558,0.04455312739342738,0.06468515995783516,1964.135995999957,27.0,187.0,0.4735919680275657,0.3333333333333333,-0.1402586346942324,0.08417626082030856,1722.064770002019
0xf4748da7a58650b3327b007a8fdef0b27fc92775,27.0,50.0,0.3996779067161499,0.37037037037037035,-0.02930753634577951,0.08446729956934193,366.07956199836536,46.0,145.0,0.47401113638047615,0.5869565217391305,0.11294538535865421,0.07023863194463703,457.922745000154
0xf4f88a1e25ff5dfae68326eb62049d6a1b7c5bf1,57.0,114.0,0.3864801290397846,0.24561403508771928,-0.14086609395206529,0.052042266557374116,1020.8397184381325,48.0,75.0,0.32235489970067627,0.2916666666666667,-0.0306882330340096,0.0626258582603285,598.1420680014614
0xf504d6bcf88d485d21f65398b9deb04d92180111,78.0,576.0,0.40111779352905896,0.21794871794871795,-0.18316907558034104,0.042262949830005545,1468.337380007603,226.0,1198.0,0.4642267276183755,0.4646017699115044,0.0003750422931289228,0.029651501222155843,4621.069344012508
0xf5198df69e13937a40d1c76d6f72d9aa067d906b,20.0,219.0,0.5741135671112383,0.5,-0.07411356711123826,0.09128847863473909,87073.15841776,20.0,252.0,0.7459098978347409,0.85,0.10409010216525902,0.0791147282303524,130124.97714630303
0xf75350ccd4b3620c12ad07eb43078953cafbbcfe,26.0,574.0,0.33569256928520114,0.2692307692307692,-0.06646180005443186,0.06274613600685276,573.9994849990009,26.0,409.0,0.520594918134861,0.6923076923076923,0.1717127741728313,0.07741846034576166,747.9987729800524
0xf9706baa6dd084f1f0c3b88602a543d0c313f7f6,43.0,192.0,0.21879427613719402,0.20930232558139536,-0.009491950555798698,0.04980922233960022,4524.9318869764065,50.0,72.0,0.38002722580126497,0.36,-0.02002722580126497,0.05575255752026076,1512.5998050028272
0xf9a043c3c196d606b5d2e94545d937be533a6e74,64.0,233.0,0.8377153482845321,0.890625,0.05290965171546784,0.037766019956107504,551.7792049997327,31.0,79.0,0.8363484059416326,0.8387096774193549,0.0023612714777222453,0.06374705565279412,246.9895940024608
0xf9ef91d1eecb656cf6b70d685eff5ff0750f7ee6,38.0,92.0,0.8026955346750433,0.8947368421052632,0.09204130743021988,0.04422472350061715,5448.200466960469,38.0,140.0,0.7147718498481774,0.9473684210526315,0.2325965712044542,0.032087241501900045,6917.048620031205
0xfb07351915105d24ab2b05ac396293de27ee28bd,24.0,24.0,0.7730832314041667,0.9583333333333334,0.18525010192916666,0.04638477501661574,26.399928000176747,22.0,22.0,0.7149999293181819,0.9545454545454546,0.23954552522727274,0.04791079584413192,26.599953999897917
0xfb7733abe6c47124d4e2be5c2dbf1d5766c61c78,33.0,63.0,0.40855024628172043,0.3939393939393939,-0.014610852342326496,0.07968482754482539,1078.4427950413935,74.0,107.0,0.39712977575676567,0.3918918918918919,-0.005237883864873791,0.05542055741626818,2866.7799110074857
0xfbad997d0ad3f2a0459df3043903384f04084f53,32.0,61.0,0.40960572807358475,0.375,-0.03460572807358472,0.05966353158053759,2968.985919028317,38.0,64.0,0.5373500574777588,0.6578947368421053,0.12054467936434642,0.057781866115390344,1942.8099109708785
0xfbe49f06348d605b47ec2d681569f479c8c8f12f,32.0,34.0,0.5473306043954609,0.5625,0.015169395604539157,0.07657354299270502,205.4555804009537,22.0,22.0,0.5760702763954545,0.6818181818181818,0.10574790542272727,0.09989187253380556,262.79048400283153
0xfbf82be9cf773cd2dbc596bb5526fb2948e099f4,31.0,31.0,0.565290322580645,0.5806451612903226,0.015354838709677434,0.06951527330261922,94.64342720000002,22.0,24.0,0.6740454561368175,0.5909090909090909,-0.08313636522772666,0.09288013688672718,140.43834199999975
0xfd3e6449d0c1e807501dcc17c0d9447201f35a7a,49.0,89.0,0.5448398626244982,0.6938775510204082,0.1490376883959099,0.05692885099195501,1221.6979519850295,204.0,389.0,0.6216318390161838,0.6666666666666666,0.04503482765048295,0.027559025272215473,16367.311088951974
0xfd51fe946f44511e4776c3e8cc14abe16652ce69,26.0,143.0,0.4939465196898229,0.38461538461538464,-0.1093311350744382,0.07833119844969358,535.1436370027878,27.0,119.0,0.5381163350854737,0.6296296296296297,0.09151329454415584,0.08333276743396106,462.81449500021745
0xfe24dd640f792355d3c829cf6f21c27b363a3919,25.0,48.0,0.7895641461990445,0.84,0.050435853800955444,0.06686908780148683,141.9760220167187,79.0,201.0,0.7164038480677998,0.759493670886076,0.04308982281827611,0.036818642638518126,481.42840899844487
0xfe37cfb53702f9d85ce5b04b516e000268ed911d,31.0,69.0,0.7955090096954005,0.9354838709677419,0.13997486127234132,0.0393112996586645,2136.1261390007553,43.0,70.0,0.7457302987633367,0.813953488372093,0.06822318960875626,0.059095741298516725,2158.690118997613
0xfe787d2da716d60e8acff57fb87eb13cd4d10319,333.0,21323.0,0.382260806811777,0.25225225225225223,-0.13000855455952473,0.022600978097196543,3420486.4286520714,465.0,31049.0,0.5004441038222086,0.43655913978494626,-0.0638849640372624,0.02089164399738698,11193316.66336817
0xfeab36deb82b3d240e5235d1efd28c1e82509cd0,22.0,30.0,0.33361215260668,0.3181818181818182,-0.015430334424861823,0.08961865031047414,5366.056003188828,28.0,53.0,0.3647460202756148,0.2857142857142857,-0.07903173456132914,0.07063981431106207,16736.947951822076
0xfec906153f1f1a5c749032c2e0138d328c9679c9,44.0,56.0,0.8168418030281613,0.9545454545454546,0.1377036515172931,0.03142937170584816,211.61987500040814,32.0,49.0,0.7981785952213197,0.90625,0.1080714047786803,0.05337394763802562,74.29987600008177
0xff34c2cc46e7624310f3549ea355540d57a4694b,100.0,1011.0,0.5088743608072395,0.54,0.03112563919276051,0.04493259492783939,34850.97317382349,80.0,241.0,0.508397235593887,0.5375,0.029102764406112973,0.051276455221363856,28782.685205015616
0xff81cc85838ce8f91a7d4ae2eeddadfa3f8444c9,36.0,42.0,0.5553860289378132,0.6944444444444444,0.1390584155066312,0.059226807234241376,61491.69170935904,44.0,52.0,0.618566764845648,0.6818181818181818,0.06325141697253381,0.06377516100042784,157940.62462353866
