wallet,n_markets,n_fills,avg_entry,win_rate,edge,edge_se,notional,shrink_w,edge_shrunk,t_stat,p_value,q_value,significant_fdr
0x9267ea71a21824a32a38dd019d41e0de252a5696,65.0,131.0,0.7442941039784312,0.9846153846153847,0.24032128063695327,0.017646918968443528,5085.25626500601,0.8976290274738923,0.2169781671205455,13.618313829552864,0.0,0.0,True
0xae5123e8a2f7125e9479d5916b37b7274ab61d03,42.0,397.0,0.5720627319005733,0.9047619047619048,0.3326991728613316,0.04001902754841737,247312.33558173853,0.6303144456370074,0.21425095131661553,8.313524671703044,0.0,0.0,True
0x9c5ef1b4f38313f629aacd5e85b441f366f42ea3,20.0,39.0,0.12754400816417777,0.85,0.7224559918358222,0.08830097457813817,746.0300000000001,0.2593737181446369,0.1964932443177471,8.181744259192923,2.220446049250313e-16,1.735312230611078e-14,True
0xed6b67679e2a295263960286b7c6e44e31176e8c,39.0,85.0,0.6917903536996454,0.9487179487179487,0.2569275950183032,0.030935832335008257,127.71584164809023,0.7404763411526898,0.19344005094191535,8.305178029024724,0.0,0.0,True
0x60a32ad6f44ae555507b464268f499252c613850,108.0,3774.0,0.3571614747036525,0.6388888888888888,0.28172741418523634,0.0432279620349329,10673.965058604284,0.5937044950048163,0.1722588648379364,6.517249505252408,7.160827486529797e-11,3.5514950168769897e-09,True
0x779a9702c5043ab56bcb7dc90b4a1f27ad77b689,26.0,60.0,0.8079628061278269,1.0,0.19203719387217297,0.01902226130049035,49506.43447979241,0.8829901784740793,0.1710057731190398,10.095392489809962,0.0,0.0,True
0xeea3f08e8a36081233e4c4b4142fd61a7b56a6a2,354.0,11273.0,0.5443961598012843,0.7429378531073446,0.19854169330606034,0.02196118649807977,752335.4189891055,0.8498879870995288,0.17058405983253094,9.040572253389875,0.0,0.0,True
0x70ac8457ed2aca137619956eed4924b9275e0c7d,163.0,1009.0,0.6451397106377391,0.8466257668711656,0.20148605623342666,0.025688846820277045,13897.89104204388,0.8053638491753933,0.1646629388095522,7.843328182189445,4.440892098500626e-15,2.9366822364187474e-13,True
0x492bb408693470df7d031ef48f3a5466055b45ee,56.0,3323.0,0.5885450330524177,0.8571428571428571,0.2685978240904395,0.04565788931126602,634536.5401496381,0.5670740642015686,0.15763835481553828,5.882834886635098,4.032982170443233e-09,1.6251657839957967e-07,True
0x01756b2fa3e85a04b51e7d8792e6faae9e3269ed,35.0,47.0,0.7649315668011294,0.9714285714285714,0.206497004627442,0.03075289895581352,1510.2232691958077,0.7427493147969487,0.1565388044039924,6.714716714158938,1.8843149263148007e-11,1.079921821103527e-09,True
0xfb07351915105d24ab2b05ac396293de27ee28bd,46.0,46.0,0.7453042608413043,0.9565217391304348,0.21121747828913043,0.033202549704402035,52.99988200007466,0.7123905372288237,0.15400593674210342,6.361483686330479,1.9981416521375195e-10,9.09528742769071e-09,True
0x1831d1abf62dfadabcabb3d1c2bf4476146a6c99,84.0,266.0,0.8215799275336576,0.9880952380952381,0.1665153105615805,0.0165315863343025,20657.996318075566,0.9090202432037863,0.1524845251601995,10.072554877329994,0.0,0.0,True
0x18d21689151f6c1ed20d1912f2196ba6a727e9c3,137.0,554.0,0.7100435279589523,0.8905109489051095,0.18046742094615717,0.025236864391717927,1663.4590079994605,0.8108686735254795,0.1486610408999037,7.1509446714537885,8.617551117140465e-13,5.291586745501252e-11,True
0x204f72f35326db932158cba6adff0b9a1da95e14,704.0,32089.0,0.5309116739150006,0.6931818181818182,0.16227014426681755,0.017192871806799907,7476836.873242708,0.902321229741571,0.14762090793021632,9.438222194074553,0.0,0.0,True
0x1a5cab6883a675daf12949fc58ac1ebbe776d123,36.0,42.0,0.8336538511977705,1.0,0.16634614880222942,0.020982140711105008,2188.024544696375,0.8611569737499728,0.14495743620193274,7.927987477187638,2.220446049250313e-15,1.5069816739517257e-13,True
0xf0513b8fa7efb5d5b96896a2ee13be0e77c5900e,42.0,310.0,0.5592767413717643,0.8333333333333334,0.27405659196156895,0.05307844833008843,769.4261719996277,0.4921841692870344,0.14113069840309828,5.163236691797097,2.427159144779978e-07,7.824554292984453e-06,True
0x4ccbe9944f48b58da0e3534021983e41f9e3604e,22.0,88.0,0.603747555324305,0.9090909090909091,0.30534335376660404,0.060012691275506964,578.3512528005617,0.43122963330269914,0.13866701527821623,5.0879796802451365,3.6189813479303723e-07,1.1245003489533049e-05,True
0xde9f7f4e77a1595623ceb58e469f776257ccd43c,562.0,6776.0,0.5106935166086943,0.6637010676156584,0.1530075510069641,0.017893190503624316,1823213.1226038577,0.8950537670737787,0.13824046143686622,8.551160899783188,0.0,0.0,True
0x9f285de92c5462f096ee709d7bbbd58a1e56d173,44.0,91.0,0.7046388088128936,0.9318181818181818,0.2271793730052883,0.0454041608766337,1206.9486949988625,0.5698081817822738,0.13473854033208402,5.00349238085361,5.6300892326e-07,1.6689655322845287e-05,True
0x66d1cf4afe7eec9c30d530e473b3bd58f62bc18f,78.0,1982.0,0.5958796079175875,0.8076923076923077,0.21181269977472028,0.04217415456060288,524618.4233467462,0.6055538628748669,0.13311432488951894,5.022334222974224,5.104725235849372e-07,1.5308239980529687e-05,True
0x85b87f40ee6adfa4b5b3f94bb8719dc379689d57,26.0,91.0,0.7319857702343268,0.9615384615384616,0.22955269130413467,0.04718311008019807,265.29442786252406,0.5508743623865028,0.13197738795966615,4.865145407200996,1.143726905405984e-06,3.136838134352989e-05,True
0xe121ca930b64f2f9bad27fee1ceee76e105184da,64.0,78.0,0.7965010935110584,0.953125,0.1566239064889417,0.023955332376011662,315.99972000194236,0.8263381697867069,0.13155975347364937,6.538164615314685,6.2278404655558e-11,3.212320112133682e-09,True
0x11c5fb3a52f32280c53dea9c2675ba48b2be70e3,47.0,158.0,0.6194047438326438,0.851063829787234,0.23165908595459025,0.048025102904231565,541.3816129993767,0.5421071275434038,0.13121454389423312,4.823708268081158,1.4091348032874151e-06,3.708325160896167e-05,True
0x93bfac600820abf164a28e18ea1131ba7ba2a572,114.0,475.0,0.7747399105432475,0.9298245614035088,0.15508465086026116,0.024095821159006076,15658.46344870514,0.8246534916403676,0.1300472558002004,6.436163757892791,1.2253087433578003e-10,5.851983794666235e-09,True
0xf9ef91d1eecb656cf6b70d685eff5ff0750f7ee6,76.0,232.0,0.7587336922616102,0.9210526315789473,0.16231893931733704,0.028324115616189704,12365.249086991676,0.7729157426338186,0.1282512162710114,5.730768138248864,9.997684902174342e-09,3.966773748108866e-07,True
0x1c7082bd81866ab9c4ead5eef614974f942ccaf0,26.0,27.0,0.8512170592476195,1.0,0.1487829407523807,0.022243877935951905,26455.76286006654,0.846595194853536,0.12784527245233904,6.688714134324064,2.2513990671768624e-11,1.235395360478538e-09,True
0x67f86c1572ab5a3ef073a85b0d23631c201f497d,22.0,24.0,0.8408273772139875,1.0,0.1591726227860127,0.028147128057583876,2024.0998849989496,0.7751085826485211,0.12614145442398653,5.655021800461299,1.5582649393053316e-08,5.998157132042463e-07,True
0x8bc2f8994458800d9c4dbd1d4507b32e4f7a4c80,26.0,63.0,0.6964316077359267,0.9230769230769231,0.22664531534099636,0.0493528673634235,44422.89446621554,0.5285400309081884,0.12558845268496782,4.592343412836195,4.382963528781758e-06,0.00010276057218843777,True
0xd0ac6e6b585c00042a0552a6cf35f2f056ef7dee,87.0,2330.0,0.5617645126795164,0.7586206896551724,0.19685617697565594,0.04218549068999044,386925.8679728147,0.6054254657910022,0.12403364781536498,4.66644274502572,3.0645898776437974e-06,7.599593552349379e-05,True
0x077bdcd6677e2972206bf40d49e0f6f613e3b0b6,55.0,105.0,0.7322600070236562,0.9090909090909091,0.17683090206725283,0.03641697428035056,186.28353910723783,0.673092629879081,0.12304340947941915,4.85572746120935,1.1994557944650097e-06,3.222288014505479e-05,True
0x789163de11b9d77ed1846c749e2b780c0ef2c020,105.0,653.0,0.6567032701857327,0.8285714285714286,0.17186815838569575,0.034985833358850915,2193.5883589922596,0.6904854174654964,0.12247841838663788,4.912507203211026,8.991907864963622e-07,2.4935624068538905e-05,True
0x8e1c011dbfa2db2b5af9b021c56a18f37ab0a9a5,88.0,457.0,0.5940131804828837,0.7727272727272727,0.1787140922443891,0.037811930271615314,801.6339222095713,0.6563401342809287,0.12152306175113435,4.726394314192056,2.285416528913231e-06,5.778518851046297e-05,True
0xc04cb9838e64771be9d2ae12cf11c41abd72cebf,351.0,544.0,0.7784732301575068,0.9088319088319088,0.13035867867440218,0.015229212838798568,7281.33325103066,0.9217124795688912,0.12111588730164471,8.55977784631751,0.0,0.0,True
0x6485f47d0344c03eb4340f985159f6eb2dcba265,273.0,1851.0,0.5507568927995637,0.6959706959706959,0.1452138031711322,0.025414225710820103,549488.1779922966,0.8087112576221628,0.11978822882016923,5.713878708069687,1.1042972314356803e-08,4.31512509071609e-07,True
0x2e73b22d89cf192a64e7fde40ae4111199603f4e,143.0,873.0,0.674450635751514,0.8251748251748252,0.15072418942331117,0.028248257269065755,5000.642146438944,0.7738557734887478,0.11941957779899466,5.3356986941763305,9.517733912112192e-08,3.3170588863969384e-06,True
0xd9afff32e933cf802c033c45f7a1bd824946359c,77.0,123.0,0.5667854653919296,0.7532467532467533,0.1864612878548238,0.041370824059063574,17372.749435231628,0.6147028875530617,0.11935611696404673,4.5070721237899445,6.5728296536615716e-06,0.00015271466375489363,True
0x9b37c805c6ce091575cfeee561fde5f7d6570eb2,96.0,394.0,0.6245320374324667,0.7916666666666666,0.16713462923420008,0.03597521583274551,730.2331529940593,0.6784408039236659,0.11734502069890519,4.645827005214799,3.3871676441421528e-06,8.088430883557974e-05,True
0x2d67bf6d38a2f9ae509883b91cf254b3fbfa3667,277.0,3193.0,0.5385636908087434,0.6787003610108303,0.1401366702020869,0.024983140641260327,89265.96275667539,0.8139485087832957,0.11635182505377441,5.609249542095097,2.0320584326327662e-08,7.595186518492615e-07,True
0xa0091382f6d90c2734809e3b87086a66522e3470,27.0,27.0,0.6674073436999999,0.8888888888888888,0.22148154518888888,0.05278755125111099,29.36430061061484,0.4949314988272136,0.11582879280088089,4.195715465854793,2.720115555399083e-05,0.0005895107577625408,True
0xc56b88b804ebb510e3eceaff9a4fc03954db3afd,218.0,1468.0,0.6754649535609787,0.8119266055045872,0.1364616519436085,0.024531595886106716,2056.2189300019522,0.8194095491286569,0.11403862005806074,5.562689544421059,2.6564824118224806e-08,9.787240200128825e-07,True
0x4ae3eb4b800f743803a70308df9e73f0c60093c3,82.0,366.0,0.7101127495832921,0.8658536585365854,0.15574090895329323,0.033516549724224944,1086.1293130049658,0.7085180404627229,0.1139294658901044,4.646686793083822,3.3730870343529062e-06,8.088430883557974e-05,True
0x9abbdf321694eec4028e9b3be0d2a07a662f3f96,51.0,64.0,0.7945199356889068,0.9411764705882353,0.1466565348993286,0.03015686872327555,24913.064579222653,0.7501571601717018,0.11308765451486555,4.863122104787251,1.155485159998193e-06,3.136838134352989e-05,True
0x56cc7a163d7a56134a394b76abaa47c7bdcad589,151.0,1153.0,0.5638831162827438,0.7152317880794702,0.15134867179672637,0.03232245904705686,6108.597340017515,0.7232722332775061,0.11286908845466809,4.682461553323787,2.8345036309218585e-06,7.097266858395605e-05,True
0x5339c9da744ff14e978081f99c2309c4d5529da3,94.0,393.0,0.7157226354056977,0.8617021276595744,0.14597949225387696,0.03036603808084573,31830.08988923452,0.7475572597116433,0.11223220378151094,4.8073275764597625,1.5296124393771038e-06,3.9847176577308595e-05,True
0x071f9c6bfa9cb3c609fe8e9ffbf43521cb1892bd,117.0,132.0,0.7362751180625832,0.8803418803418803,0.14406676227929707,0.030058386402903602,4554.950351447004,0.7513812677420285,0.11130621895609667,4.792897408005255,1.6438970027454758e-06,4.239610370080582e-05,True
0x6ea8fea90ffdc34882c293d7235f0897890a7347,32.0,124.0,0.7064931988406352,0.875,0.16850680115936476,0.04189382213255689,254.13107999990365,0.6087353295487771,0.1073872484084301,4.022235083401791,5.764847710398868e-05,0.0011799636702475144,True
0x3b241eb14ec150df698a6d5a0deeecb2ecc311ef,78.0,343.0,0.7520052971909027,0.8974358974358975,0.14543060024499468,0.03395092819629471,20770.915815045613,0.7031709594275437,0.10591254760809736,4.283552997554468,1.8393226092427994e-05,0.0004089321559687224,True
0x8c73d0083d00049fd1c6a1bae61e166bba436daf,50.0,60.0,0.8310432017716368,0.96,0.128956798228363,0.025965355123423007,70715.60378822596,0.8019854217330447,0.10585636821803664,4.966494685529364,6.817392050884052e-07,1.9843761250773165e-05,True
0x78857e71c0601752a6c487b2d2e1fe9c22ed1173,76.0,1248.0,0.5191044947631752,0.7105263157894737,0.19142182102629865,0.050254938049245204,5334.960679013318,0.519504712196639,0.10535297199100997,3.8090151626238784,0.00013952140277440073,0.0026188092393671474,True
0xdb708045854f5b4754e9fa6004c106019d1452c0,42.0,57.0,0.6006099214535778,0.7857142857142857,0.18510436426070784,0.048402672978750116,5462.8399299624225,0.5382168171428511,0.10530462140298279,3.8242591342418817,0.0001311659041496327,0.002487329902955167,True
0xc2d4b72a7f02e7ed63c1ce6da4ef0ff7f205d21f,47.0,95.0,0.6405597011913639,0.8297872340425532,0.18922753285118935,0.049692907840575666,392.64976899837785,0.5251167503962135,0.10520597238301838,3.807938417656447,0.00014013015705027776,0.0026188092393671474,True
0x1d185efc9d0cd7e20f32652fa364cfbeb1cf6f62,26.0,80.0,0.6349538849580151,0.8461538461538461,0.21119996119583123,0.05646691080781531,4180.355256999083,0.4613190571783817,0.10405448369567744,3.740242881616964,0.0001838425216833528,0.0033389427001504707,True
0x30a2b6d2aed5f54438d2c93dfe51450ccd6adeac,21.0,29.0,0.8877864132666433,1.0,0.11221358673335681,0.016234400091193528,1654.4806060087492,0.9119765625038846,0.10341854562592823,6.912087056067314,4.775735362727573e-12,2.864330581505677e-10,True
0x88ad6170a0017d37832ea460acb368133a329e5f,22.0,23.0,0.8785020227500001,1.0,0.12149797725000001,0.0234890552506559,2027.561624198254,0.8319075128928382,0.10314203761473148,5.17253571731487,2.3093833667608976e-07,7.539113547944753e-06,True
0xc37e45b04525711081b6c53de27c30c71e1d9e64,52.0,129.0,0.7273017544234223,0.8846153846153846,0.15731363019196226,0.04069346576964007,1388.4896390036024,0.6224924700099193,0.1025685901432566,3.865820401793555,0.00011071639276050149,0.0021964428994564102,True
0x54ac698b73ded7cba348bec6a8a9af0299ee47e6,49.0,568.0,0.5527147347918413,0.7551020408163265,0.20238730602448524,0.05514052056412494,2159.6276929997966,0.4731524443259134,0.10223845543937314,3.670391645815559,0.00024217911552470994,0.004248843122028755,True
0x4126330ba61224a3b265921fcdea1adc50d6e68b,151.0,7220.0,0.6754786964401192,0.8079470198675497,0.13246832342743067,0.03110126429354958,27207.553975001443,0.7384212626601309,0.10103394246316573,4.259258471846261,2.0510618946367742e-05,0.00044827869714137634,True
0x2b784d9d800d92a9bf531ce4efaf1710671dc6b5,70.0,344.0,0.6129494080861875,0.7857142857142857,0.17276487762809825,0.04761397859956141,1946.8081999406838,0.5463721802445234,0.0999719796669889,3.6284486764080173,0.0002851294177199648,0.004902325121998595,True
0xfec906153f1f1a5c749032c2e0138d328c9679c9,76.0,105.0,0.8089836102673861,0.9342105263157895,0.1252269160484035,0.028749319720301182,285.9197510004899,0.7676426564155755,0.0989867159993044,4.355821886107975,1.32568544959355e-05,0.00029990726092120746,True
0xf3b0736d4ce1570dd91a526cf3bc5a9fadd3786f,22.0,37.0,0.7851985362242755,0.9545454545454546,0.16934691832117907,0.04918810672119038,57.74011509980416,0.5302062619586276,0.09556563835462363,3.442842784762519,0.0005756338436382347,0.008581269842445128,True
0x0c0ba327b6b52de1080b862a32773770633ac814,61.0,146.0,0.5167631548342613,0.6885245901639344,0.17176143532967314,0.050084511189624335,4175.882397010806,0.5212004009688159,0.09540971179496298,3.429432198696506,0.0006048455308360623,0.008964923126587383,True
0xf2bbdd3a75a7f217125d433f832990a671823250,25.0,25.0,0.64514202338,0.88,0.23485797662,0.06773264246329716,8426.389914949736,0.3731187556221529,0.0953383920533251,3.467426754349122,0.0005254669262384493,0.007925024577596262,True
0x2a49696229245f89b31df4ce3a9449292a0f737a,40.0,49.0,0.7019228193602327,0.875,0.17307718063976724,0.05059304863531219,1236.8154922530578,0.5161563002504129,0.09528448507964554,3.420967609351878,0.0006239876342486461,0.009195794907012904,True
0x4f29e103339919c4baaea2a60195cf1c8bb27a7e,103.0,6791.0,0.49383779923111737,0.6504854368932039,0.1566476376620867,0.04499476286367226,1404333.3017172052,0.5742429970782041,0.0951891508732871,3.4814637902794776,0.0004986812009448727,0.007794538286283798,True
0x466d386307c823388314beca7054edaa55dae0e2,25.0,28.0,0.8181680193799322,0.96,0.1418319806200677,0.039464833156559846,142.56379100019763,0.636789394159778,0.09478333809904048,3.5938826868318428,0.00032578656667170414,0.00549152650618513,True
0xf17a1cab834c88c4824d65291b3e6402d663b0b7,47.0,164.0,0.8007359787704056,0.9361702127659575,0.13543423399555177,0.03702944350785798,5093.587417987176,0.6657109100204249,0.09427064940565975,3.6574741925789787,0.0002547128961327694,0.0044087554303786055,True
0x42c99f38d2b951b0dc8e8bd5371fa80c9dd19623,506.0,5541.0,0.5062505609282456,0.6126482213438735,0.10639766041562788,0.020153567679217735,1397710.6406645782,0.8705142650037666,0.09421290886691895,5.279346173796546,1.2964566598050453e-07,4.399423323206858e-06,True
0x4738e7cb88fcc7b4e576a57de74e0ef9ae5de64a,67.0,146.0,0.5933326409995638,0.746268656716418,0.15293601571685403,0.04491776393989718,611.0267020032243,0.5750802780033473,0.09317553270606581,3.4048002906264907,0.0006621245717286506,0.009647566499933275,True
0x894381f05b7133c66b6b35f60db29d4d33096c65,91.0,418.0,0.6148730669044802,0.7582417582417582,0.143368691337278,0.041314318053002015,1279.4568206335418,0.6153501073317189,0.09295180593536949,3.4701938236848235,0.0005200829143845453,0.007889963742339662,True
0x871188a9ede9648ee1e8c2fb651f2d503afcd2d0,52.0,69.0,0.5568915593748003,0.7307692307692307,0.17387767139443053,0.05303153419994699,1611.801120894524,0.49262619467198204,0.09189564256142427,3.2787599683398247,0.001042642794070625,0.013778638425810322,True
0x88d17ad6bf91ca0935f6e70b37ebe3db92b618da,20.0,336.0,0.7833548671352452,0.95,0.16664513286475496,0.05064008335043339,485835.5868866396,0.5156921537230074,0.09189290273794697,3.290775248365162,0.0009991170375036607,0.01342043145688511,True
0xafafeebd1d3b9c3391099aa3db30c75ca77d1635,325.0,9973.0,0.5107847850838712,0.6215384615384615,0.11075367645459032,0.025442414080880153,323392.0526501454,0.808368045664364,0.09188614474201395,4.3531119375115095,1.342185744124258e-05,0.00030099974209534447,True
0x5bf87389d9bbf0e000c6a4a32dc259d9ddac5b60,23.0,36.0,0.6963272757927212,0.8695652173913043,0.17323794159858308,0.052856071259018866,25589.43989525715,0.49428297849521935,0.09184714000188,3.2775410179397957,0.0010471551498483223,0.013778638425810322,True
0x409367ef0150830a411b4731d8ed8a3324075749,414.0,1920.0,0.5691486200099636,0.6739130434782609,0.10476442346829737,0.021107147031588856,79037.71886033323,0.8597304128405214,0.09179399292026169,4.96345732142328,6.924926376772333e-07,1.9843761250773165e-05,True
0x6ea69afa98edd560bceb7730a046831215629223,121.0,979.0,0.49646266156190927,0.628099173553719,0.13163651199180976,0.03748750855274551,1768.6679599571205,0.6602168089553493,0.09108679861790632,3.511476677800423,0.0004456245617834309,0.007228086445531247,True
0xc978ca4620ffdae9428177ae6e219d77a9f8706b,120.0,646.0,0.4912244451138959,0.625,0.13377555488610407,0.03849346744046215,6237.8449696440675,0.6482370607075519,0.091043742786377,3.4752794118382484,0.0005103215056863064,0.007835037198919172,True
0x84ad9c5c547a82ec9a08547b94bd922446e5bfb7,525.0,76172.0,0.6267576500455122,0.7276190476190476,0.1008613975735354,0.018608465406471687,924609.4163194215,0.887458814891339,0.09089420457948577,5.420188896310473,5.953609383269054e-08,2.1325498054792903e-06,True
0x891f0e7b955829d5b93b40c57569aec9fb5a88bf,24.0,39.0,0.5379147912024288,0.75,0.21208520879757123,0.06498991242713342,568.4508018873521,0.3926496555476615,0.09074349757804777,3.2633558174949195,0.0011010119129952756,0.014340958200074827,True
0x32012fbaf8ae7eb63f09e46ecf2d3bb4e05127a4,24.0,46.0,0.9032455468601185,1.0,0.09675445313988158,0.014642126676408204,8289.735558954093,0.9272011623966687,0.09060601590721164,6.607950831061652,3.8967495896713444e-11,2.093691081617166e-09,True
0x3ba75c0c0bb7b932836b3654513469587138dd5a,26.0,46.0,0.6076208468029406,0.8461538461538461,0.2385329993509056,0.07188897759935513,5402.010349979607,0.34570560861245864,0.09050775889483918,3.318074721833926,0.0009064023328155812,0.012303219033323074,True
0x2ffe164d6e056a57d074a17b3f4a591c571da60f,47.0,52.0,0.8471087879105823,0.9574468085106383,0.11033802060005624,0.02633682414100274,29046.032711525222,0.797435055652952,0.09047825540377952,4.189496045890948,2.7957465339012444e-05,0.0006008525259109424,True
0x56c9fbdeccf198f1f5ad95ace39b24f5f7fb0d9e,30.0,442.0,0.8357872049534826,0.9666666666666667,0.13087946171318424,0.03767775794448337,308588.6746896919,0.6579419379093817,0.09031722046452839,3.4736531272914313,0.0005134243065596511,0.007835037198919172,True
0x1c713e186d165ecdd8384edef06a7359cdf4be3c,59.0,176.0,0.725706512599317,0.864406779661017,0.1387002670617,0.04122066772787982,300.20000379920003,0.6164238277865808,0.09021481281375289,3.3648233933845115,0.0007659266727479963,0.010794125076596078,True
0x6432462f709b8a2580ce828373593d27b85636fe,29.0,44.0,0.48160676867255386,0.6896551724137931,0.20804840374123917,0.06452774987012848,121.98394554802319,0.39605868437386993,0.0898257711780542,3.224169510946329,0.001263385908849779,0.015991393145922947,True
0x92c89d98c71fa68d2c32cdfa9426b56ab07c45f6,43.0,5250.0,0.5006872500877427,0.7209302325581395,0.22024298247039661,0.0682892257403055,97628.46173197665,0.3692983846634015,0.08909083110818765,3.2251497960739846,0.0012590677135548844,0.015991393145922947,True
0xf8ab270075d9bc4c2e786f59ced74c72511e13a1,34.0,167.0,0.7222651391430467,0.8823529411764706,0.16008780203342368,0.05042192791366338,223858.98004838685,0.5178483548070322,0.08883000633841547,3.1749639225921573,0.0014985513158713992,0.018403637350630185,True
0x2813aab2a36ef87d3af07f08047c8320001a3177,32.0,142.0,0.5898108582161328,0.78125,0.19143914178386723,0.06082630091150086,1343.8186529933269,0.4246365089994492,0.08836703433240718,3.1473086299033923,0.0016478093114440373,0.02004575572742534,True
0x7c8a88ee29d0fc5e7eec02f8b3f71a33190c02ac,28.0,249.0,0.6777267117756789,0.8571428571428571,0.17941614536717818,0.05756795609977733,2454.8138120780354,0.4517367125789072,0.08779060618434763,3.1165974532118597,0.0018295120047200353,0.021844034537837828,True
0xd3daf0b630913ce0b92a4176705b839f0f5dc91f,131.0,315.0,0.5815469752959878,0.7022900763358778,0.12074310103989012,0.034564175892990524,461.2162957037399,0.6956441234454318,0.08773675569771146,3.4933018919272523,0.0004770868263845873,0.007577009384792414,True
0xd84124f6e5b4c8d29c30286b6dcff1be58fc9ac8,94.0,183.0,0.6118101979786617,0.7446808510638298,0.13287065308516827,0.04053446809892193,230.83552300021805,0.6243306459700293,0.0875746573688117,3.277967105943155,0.0010455757913017116,0.013778638425810322,True
0x473200f1e5aaa65fd8206570ec3b597a6fc5f40d,152.0,1146.0,0.4865793223316305,0.6052631578947368,0.1186838355631063,0.034000384155552274,9638.947455164076,0.702562957703328,0.0870403157716125,3.4906616060608595,0.0004818261105490329,0.007577009384792414,True
0x804827e673fc737aaa2e09683a796cee0715a602,32.0,147.0,0.6626795669865155,0.84375,0.1810704330134845,0.05875008523298597,854.2346169995346,0.44168925049988117,0.0868421594498823,3.0820454522816627,0.002055834436688553,0.023990936706876822,True
0x7e1b851f575a44af392bd3cb3f9ae608de9b106c,23.0,72.0,0.730003009913581,0.9130434782608695,0.18304046834728843,0.05963544879798693,1008.7566960031334,0.434325574461824,0.08645499997391697,3.0693232303379125,0.0021454432894305597,0.024812099746374053,True
0x0843b63f312fb74a0df3f2b8c3ff54e1b15c293d,24.0,189.0,0.5082556072230496,0.75,0.24174439277695034,0.0756956939272708,222.38650765604558,0.32274912206446904,0.08635063927932342,3.193634673713684,0.0014049378862215356,0.017504032891620003,True
0x972bf37cae72a169e17ae0e6179821d5778b78ba,101.0,11775.0,0.49731083887727917,0.6435643564356436,0.1462535175583645,0.04715186383081627,435903.07062798314,0.5512021376990255,0.08613391652230822,3.1017547489348654,0.0019237726642302722,0.022654838817579324,True
0x10bc2154e36d78d2477798d713466968c14a0b14,121.0,269.0,0.9130597987274254,1.0,0.08694020127257454,0.007378433576747632,40536.628809948335,0.9804522423605055,0.08548108525268543,11.783016051883637,0.0,0.0,True
0xdd8e67a862bd81067891ad41e86e9673229ef023,44.0,68.0,0.7526528851773381,0.8636363636363636,0.11098347845902569,0.03087208990218122,342298.95034185686,0.7412682980602622,0.08545004129464748,3.5949454284008264,0.0003244595806339845,0.00549152650618513,True
0xd9e0aaca471f489be338fd0f91a26e8669a805f2,422.0,25698.0,0.49708903567731205,0.5971563981042654,0.10006736242695333,0.023439532816325097,1438937.5550961029,0.8324969525196331,0.08536548373291372,4.2691705167971055,1.9620123846042503e-05,0.00043248119144396254,True
0x1e108d3abe5034e0e6e583a696689c16b7e378f7,94.0,231.0,0.6755877818472896,0.7978723404255319,0.12228455857824232,0.0373903500917731,463.00727366615416,0.6613801684700876,0.08504043737490997,3.270484450616264,0.0010736344451396374,0.014055346365559008,True
0x26dd8dd873a26eb19d3c55d2afe4b7a939c90249,105.0,277.0,0.5552340762707777,0.6857142857142857,0.13048020944350794,0.041520985818878454,3944.857302518887,0.6129852623036044,0.08474139117738236,3.1425123192566917,0.0016750466427986055,0.020281433294730533,True
0x0d5f3020b3da232af2a29e0fe499e45e2a3a1171,311.0,913.0,0.7127080752860447,0.8070739549839229,0.09436587969787809,0.019094163732859146,14394.450107985922,0.8822083257994328,0.08469879585893118,4.942132110006151,7.727282353986453e-07,2.1899627682341828e-05,True
0xfb1b88dc2106c9468b2aedd12d91a9234c04f426,54.0,102.0,0.7025698423103207,0.8333333333333334,0.13076349102301246,0.04174206538179953,177.7364842697979,0.6104626401780612,0.0846161912821322,3.1326550286136117,0.001732329157644097,0.020876994848430495,True
0x830d4dbdf69fd9d18cdf9ea0fd263d729f8dc2d4,33.0,66.0,0.45151103930731695,0.6666666666666666,0.21515562735934976,0.07034005365788815,285.3099329970801,0.35562439348380936,0.08443818583812436,3.058792482669958,0.0022223102958740526,0.025472614458040808,True
0xf18af4ede11048b8695d775f72ec5e7a236ee4e5,253.0,1507.0,0.513092921868031,0.616600790513834,0.10350786864580296,0.0269186736333547,17520.137427048896,0.7902835819001457,0.08437935744310167,3.845206864782046,0.00012045078002631548,0.002335658358555396,True
0x890a961f53737087d2fbafb65eb62804a89f7623,24.0,37.0,0.7311869876867969,0.9166666666666666,0.18547967897986975,0.0619467843180021,1721.828084200882,0.4157426013280424,0.0842961540853675,2.9941776804380185,0.002751856390005303,0.030856685347059463,True
0x7ddeb72e6b8726b146d085c20a90bb64158030b1,93.0,789.0,0.601311514187422,0.7311827956989247,0.12987128151150273,0.041650262634139214,39058.962616178615,0.6115092530198195,0.08419458593283936,3.118138357308987,0.0018199734423354208,0.021831216315269998,True
0x0338944c41fd335514667ba288881e1dc3c06562,87.0,239.0,0.7373457820219482,0.8505747126436781,0.11322893062172992,0.03330669560469595,277.098482506852,0.7111054916526455,0.08407011991682263,3.3995846350415393,0.0006748828958060837,0.009778219035302753,True
0xa6bbc560ddd9e1c0f80a03123bbd3ff22baba47f,26.0,33.0,0.7877897130747262,0.9230769230769231,0.135287210002197,0.04420311889443021,9636.516606849009,0.5828989641907284,0.08398767798998387,3.0605806419520274,0.002209082625615366,0.025434036122598345,True
0x49007e1e636d0e922d0122a02ea743e41d194a72,31.0,295.0,0.8763242573945548,0.967741935483871,0.09141767808931622,0.017392606538407074,427812.14943270315,0.9002661832690478,0.08352662592190023,5.256122932893579,1.4712396545490947e-07,4.927697492314436e-06,True
0xe84f8e41ad5ad780e24f7bcbdca23b5f615ab777,58.0,360.0,0.6141284531751774,0.7586206896551724,0.1444922364799952,0.04855568557476793,2511.5589669908413,0.5366475351245951,0.08323903893652161,2.9758046821829023,0.002922209108996654,0.032158528885080855,True
0x789c0d48c4ff22a306223f0713cf3a0d5e420d10,61.0,319.0,0.6263617980878042,0.7704918032786885,0.14413000519088448,0.04864394958903023,24585.135701001404,0.5357442245281473,0.08292556185031948,2.9629585263649614,0.003046976200214324,0.03301744378299471,True
0xfeef43350c1e8dd36b2784b4ffd8d256d9724b1f,33.0,193.0,0.5916764785752416,0.7878787878787878,0.19620230930354632,0.06630861563437884,1979.3118150070322,0.38311117670938344,0.08275290136170996,2.9589263390053624,0.0030871288381852935,0.033312574366861386,True
0xf76885c094cd767027bc9b26140b80b0dc937831,166.0,549.0,0.569499834056922,0.6746987951807228,0.10519896112380094,0.02959266997300965,5374.848469004091,0.7571693574028494,0.08263940873941128,3.5548992780897737,0.0003781239097682132,0.006251163867257832,True
0xd84cfa609e2973fe9fa1e7fe0bcf51a5b507efd5,20.0,53.0,0.6689716934458609,0.85,0.18102830655413896,0.061837043824199696,214.95024526346552,0.4166042320666392,0.08259091340232133,2.927505834023945,0.003416926502840756,0.035108579485363785,True
0x1f5b6d4c95bcfde08a174f2ccdbef5e2b1a17216,20.0,32.0,0.7441389263337512,0.9,0.15586107366624868,0.05351321599677679,841.8223511105182,0.48810693880856126,0.08237138976271607,2.91257160989234,0.003584659984487981,0.03643852694878206,True
0x76f2ee870089a09a67c7423f6771e216a7f89c52,41.0,48.0,0.7629191415724069,0.9024390243902439,0.13951988281783703,0.04723979364744222,186.3646180019641,0.5502801891004458,0.08230502928471665,2.9534397177747045,0.0031425397872073546,0.03362908759837248,True
0xbcfeaae6a2fc07df22f01626f7d171f83caf4b94,55.0,304.0,0.6416674904042847,0.7818181818181819,0.14015069141389713,0.04752616770792086,611.9692650005298,0.5472870475508368,0.08226946521291607,2.9489163164851426,0.0031889031180465377,0.03384436683720996,True
0x2d0d806c90cba0b65492f48a68a0d401e55b7822,37.0,44.0,0.7835985327519425,0.918918918918919,0.13532038616697642,0.04555312512454183,69.93749399180885,0.5682016369079842,0.08219889474670151,2.9706059858025484,0.002972128307779931,0.03247931739730696,True
0xf0b3810f3a4f20179e8afefa0e5606b2cbbabf0d,169.0,521.0,0.845097379640488,0.9349112426035503,0.0898138629630621,0.017533557780023256,7883.332961992382,0.8988073706252356,0.08196968216209771,5.122398094549352,3.016741403349954e-07,9.488019608828697e-06,True
0x8404bab8e71914ddef3f63827c3a5460d544ea03,59.0,104.0,0.5065495464151606,0.6779661016949152,0.17141655527975466,0.0592420526682505,104.21987499978681,0.4375805318237838,0.08192436608856508,2.893494528956821,0.0038098092795739724,0.03823151024132792,True
0x33048c041cd11826f0b594500ff3b1b15c791c1c,29.0,36.0,0.9047896575089598,1.0,0.09521034249104025,0.02313483816948546,12490.916127155813,0.8361144008463165,0.08162196580071045,4.115453144453865,3.864194931524345e-05,0.0007972606982721028,True
0x23732d68936043e3f9e5ca12bcaee45adfdea1f3,74.0,345.0,0.6859620496446072,0.8108108108108109,0.12484876116620372,0.04155773972300458,11387.41140839435,0.6125653699790352,0.08124213656805523,3.004224050642793,0.0026625916975340225,0.030250325938062747,True
0x252810bff65ae3f19f9a7a1a9853f0615993b77d,85.0,652.0,0.622836218804637,0.7529411764705882,0.13010495766595115,0.044493419299584974,9765.802533779179,0.5797125483370076,0.08059156189059848,2.924139338222647,0.00345410092600984,0.0353497074927753,True
0x99fb27843152178165372024b0e022333421acba,27.0,83.0,0.8600842921712285,0.9629629629629629,0.10287867079173442,0.03068727979517299,53979.404359862194,0.7435647441650146,0.07965022126928037,3.352485833818249,0.0008008933997947221,0.011164886908489664,True
0xab969bd37a5b6a75ed79190ebe120618da0e8d69,38.0,39.0,0.7534001763683608,0.8947368421052632,0.14133666573690237,0.05010949185450935,185.4399470012715,0.5209515210072833,0.07952019418458908,2.8205567549410997,0.0047940392339038684,0.04647088853550509,True
0x15df13523bea23449223664e05b67b99424fc68b,145.0,277.0,0.8466875318128035,0.9379310344827586,0.09124350266995507,0.022040953828370943,730.2913485814784,0.8489605377294706,0.07931939727113343,4.139725684308051,3.477213687941294e-05,0.0007350601722295572,True
0x454dff77dccafb6acf71357d2ec4f29a32b31359,27.0,71.0,0.6746095554931739,0.8518518518518519,0.17724229635867791,0.06390914162533996,122.01920107441106,0.40067611783124846,0.07838637082898363,2.773348097800165,0.005548273642036916,0.05147121483026333,False
0x365f951dc281322d83f6fcda884c7f66a938706a,241.0,8640.0,0.514669055954262,0.6141078838174274,0.09943882786316531,0.029928549617307856,318093.32186897093,0.7529950654210763,0.07791425502483647,3.3225408225482216,0.0008920161803300797,0.012295908776514005,True
0x99d4291db7710e216a8b8f95323385442cc47c0d,120.0,837.0,0.5716248874228003,0.6833333333333333,0.11170844591053312,0.03754961062849069,3302.528816993304,0.659473775217083,0.07785608802783935,2.9749561724023463,0.0029303041054649093,0.032158528885080855,True
0x12b8ca5271b9afe07564b8f81c2bb7c5a16dff48,46.0,73.0,0.660193228643095,0.8043478260869565,0.14415459744386158,0.05258475936730249,3139.7999139532526,0.49685589627933446,0.07781099794576803,2.7413760028252168,0.006118244872072687,0.05555969551082908,False
0x9b6ddace2b05a5835d61d6c1d4aee31ae928ccf4,30.0,47.0,0.7879573785115096,0.9333333333333333,0.1453759548218237,0.05337032347729073,78.48313709889779,0.48944316422300904,0.0774313545844409,2.7239099437664396,0.006451409529774299,0.058053846158333,False
0x44aa79b5dd6502b66836d250dec8452b638120e6,48.0,50.0,0.6168768985458333,0.7708333333333334,0.1539564347875,0.05673626324105943,371.7376022861318,0.45895480941988737,0.0773120349964699,2.7135455525749776,0.00665674154515461,0.05880881021753326,False
0x6c0a40489cfd646e1b4b225c7a15b70db620f6bd,95.0,263.0,0.6399320520119698,0.7578947368421053,0.11796268483013557,0.04161084879940446,1289.812077591135,0.6119589897985227,0.07695989081915502,2.8349021525324876,0.004583972313827012,0.04546947922061485,True
0x86aa1083a5d98544320e925903350cd896250d32,22.0,44.0,0.8026232576450066,0.9090909090909091,0.10646765144590255,0.035638072864179755,7983.689292007473,0.6825351719658455,0.07657163866809397,2.9874693800549026,0.002812974715768135,0.031177078832364695,True
0x75110b2afa07a881292528a355715a0febe1582e,68.0,355.0,0.5188573113168898,0.6470588235294118,0.12820151221252202,0.04686651368333675,3960.2972670838667,0.5542034634896423,0.0765314811406522,2.735460825585234,0.006229300047848385,0.0563697011347403,False
0x95d6476cd4cb73dc58d69707d727e65e426e845e,35.0,41.0,0.798,0.9142857142857143,0.11628571428571427,0.04121492287930646,162.05349999999996,0.616489736186128,0.07640480215289598,2.821446848905788,0.00478075589774507,0.04647088853550509,True
0x5cf9a5469b58f9eeeff5207ce8bd337dac25efa4,21.0,27.0,0.5799354016140901,0.7619047619047619,0.18196936029067193,0.06706174540433055,526.0799250008197,0.3777871127931886,0.07639675062629729,2.7134599493874965,0.006658461645412839,0.05880881021753326,False
0xaa7789219c17e180dcb5933099c90d885f1d15a5,26.0,37.0,0.588645813770574,0.8076923076923077,0.2190464939217337,0.07799255681603506,143177.70176569093,0.3098221894656068,0.07635226975095852,2.808556391328593,0.00497641661398629,0.047710700548218,True
0x8558363730682d7aab94e544b21741a20df88615,38.0,51.0,0.5089320761923382,0.7105263157894737,0.2015942395971356,0.07341181190570474,6517.460568066664,0.3362850475952191,0.07595453203003741,2.746073613549783,0.006031322882904533,0.05515880040783968,False
0x82def84cdf9312e6627f7b8906f97b79c53b1337,77.0,424.0,0.6227313560317277,0.7402597402597403,0.1175283842280126,0.042265306320281235,18964.57113752159,0.60452201051052,0.07591150968392707,2.7807295027604226,0.005423690797923708,0.05069090109380805,False
0x5974813b27cde970e736ae3b55ec9afc64635c32,21.0,24.0,0.6295238095238095,0.8571428571428571,0.22761904761904767,0.0806990433704578,446.0138999999999,0.2954255053110307,0.07590830710577075,2.820591646596571,0.004793517899222666,0.04647088853550509,True
0x03202396163ce34208eb69bb1e07010f321c3757,26.0,33.0,0.8014316535818623,0.9230769230769231,0.12164526949506077,0.044796806067690896,2633.949886997743,0.5763975938293926,0.07532488846969697,2.7154897898579384,0.006617781696526048,0.05880881021753326,False
0x1cba5593c7f29eca329a4749e447a81b4ec1b694,189.0,24488.0,0.4939213946073303,0.5978835978835979,0.10396220327626751,0.03527074226157279,461659.20812805614,0.6870080427793348,0.0752715907994629,2.9475479281175647,0.003203050956830822,0.0338551984330602,True
0x67d3b2a76a9f31716815e7968f7c1bb90f009431,45.0,87.0,0.6117042607236353,0.7555555555555555,0.1438512948319202,0.0545959454264924,831.9843360016541,0.478103225136065,0.07519329737264228,2.63483476122967,0.008417825112086108,0.07048562001321451,False
0x2be04e5cef19bfdbc354c334cd38bbce0c726dee,49.0,255.0,0.6248902045931967,0.7346938775510204,0.10980367295782371,0.0388059508927811,1304.8294201541178,0.6445410785503277,0.07514389591597768,2.829557591855068,0.004661240986701953,0.046058775880093245,True
0x472bb1eca12654dac3d7d121c49fa154fdfc5d5f,20.0,38.0,0.7591506229976008,0.9,0.14084937700239913,0.053576889698900704,6047.120672841474,0.48751271160188764,0.07496768687003139,2.6289203758181037,0.008565641426688586,0.07135311429752152,False
0x9592e03dda1a4c4dd7cd06a63d50f7a12ca467be,24.0,646.0,0.5515478248665118,0.75,0.19845217513348815,0.07337345550183645,1443.3211795172242,0.3365183820425151,0.07494133925241889,2.704686235317364,0.006836893357430096,0.059940927492358485,False
0x0b567742aab0652a9ba7e537958e2346aa09a082,20.0,33.0,0.6438602663321807,0.85,0.20613973366781932,0.07586187867506287,442.36740000049,0.32179115597839403,0.0746735716137172,2.7173033052710447,0.006581626276192187,0.05880881021753326,False
0x713dd154717aab97cb7ceb4b5efb4ea48978ba88,34.0,35.0,0.9226932067029412,1.0,0.07730679329705883,0.010797569503228766,5868.013959103222,0.9590516712988006,0.07464473245314633,7.159647666444009,8.089084957418891e-13,5.088231732971541e-11,True
0xbb8ef6381e4a35b4124584cfce1c73137e2508c1,331.0,1540.0,0.5818111402239441,0.6676737160120846,0.08586257578814051,0.022432287930371657,29907.0338562067,0.8443915496793286,0.07441508039572314,3.8276334565003927,0.0001293812362259672,0.0024716608016797734,True
0xd63d58be49765b186bd241d4973dc04494d45f12,43.0,45.0,0.8138881183737586,0.9302325581395349,0.11634443976577638,0.04315722405237477,93.40113995532857,0.5944943587414888,0.0741524331834655,2.69582769328683,0.007021397673297347,0.061176299322411684,False
0x9079e3b10d8422844afd9cb7f36468a3c6a0b19b,90.0,182.0,0.591936793871038,0.7,0.10806320612896193,0.03891564235462821,6827.506035696533,0.6432466299865445,0.07389812853741211,2.7768578286389265,0.005488718151740235,0.05110254192540818,False
0xed74a783b3942ce2104d6d9db84c18a1a726d5de,29.0,84.0,0.743171758881059,0.896551724137931,0.15337996525687198,0.05939378938022062,320.37292600010346,0.4363218565399663,0.073854327225327,2.58242430492153,0.009810888152244734,0.07981791969917719,False
0x35d1f47cb89b1b94eb06f70cb0b12d200ebd1f70,20.0,27.0,0.5455874688565713,0.75,0.2044125311434286,0.07642231650604697,236.92392565091424,0.3185869054897091,0.07350218538778326,2.6747753861564028,0.0074779332320724645,0.06407172692862088,False
0xe8469a67de1154e4c539b6e80a7108660c63252b,24.0,56.0,0.36584751100263446,0.625,0.2591524889973656,0.09108431809210324,4401.1218499899405,0.24762949897874104,0.0734253618978103,2.845193271747548,0.00443844832949547,0.04419597776744717,True
0x92603675eac91ad4d0c00fb562aef54294051068,39.0,155.0,0.6101354095672199,0.7692307692307693,0.1590953596635494,0.06207983264031775,258.3466028107743,0.4147007020002365,0.0731741189565942,2.5627543261162873,0.010384550028342154,0.08197887272227916,False
0x5fe0ff9fda392aa72aa945843f3ebcd8b83dcc67,55.0,80.0,0.5532324695440188,0.6909090909090909,0.13767662136507205,0.05379542580203309,1395.1513420040142,0.48547888482401735,0.0731659268178631,2.559262601094029,0.010489447190763057,0.08197887272227916,False
0x27b1c4821ca70c03bd279e708520c765bec76a0b,184.0,434.0,0.7166232572616775,0.8043478260869565,0.08772456882527893,0.0259298593414485,7623.839615595542,0.8024195461269829,0.072821466474513,3.3831486576964376,0.0007165983194388215,0.010210536275318899,True
0x710cad178b1e6fec99981fd7ff48fc05c7bd78ea,202.0,1234.0,0.7471214733605389,0.8316831683168316,0.08456169495629279,0.023080724717442068,261120.4668206722,0.8367551672764777,0.0727647833268378,3.663736559034026,0.0002485624386194818,0.004331368440538132,True
0xe7e16905957afb2ae1ea7087aa28b5e892a8b1ae,126.0,341.0,0.5898697699741683,0.6904761904761905,0.10060642050202227,0.035669491947561416,816.339798000031,0.6821531589110428,0.07253740687417877,2.8205173387365936,0.004794628233986575,0.04647088853550509,True
0x10ff111022291d97966b415a779698312293ff77,20.0,61.0,0.6110000044835914,0.8,0.18899999551640864,0.07266686780293621,1619.0562759997044,0.3408530616989488,0.07252645989483973,2.6009101703537554,0.009297679651854684,0.07636533701316316,False
0x4abdea21c609efca17160f1dcbc652ba498a5a5c,50.0,75.0,0.5837530436605225,0.72,0.13624695633947748,0.05441075392798896,7283.408565019687,0.47979911447011026,0.07176784478778428,2.5040446327907224,0.012278254413274903,0.09313417097598815,False
0x2ff70c7e4021964e80b6edbfccb4cc975149bf32,56.0,225.0,0.5909312801386107,0.7142857142857143,0.12335443414710354,0.0487657915280199,4959.574415005069,0.5344995774817968,0.07165694178387598,2.5295279802077326,0.011421606676123242,0.08785852157019527,False
0x82a59f9c648edcb10ab8f310237f5e34f7fd674e,93.0,798.0,0.4981022637782567,0.6129032258064516,0.11480096202819479,0.04456339102579453,7384.8859318671175,0.5789466288614128,0.07164113345358274,2.5761271614573675,0.009991389406077689,0.08052435399460736,False
0xb8e143d45b06b3e2d1faa7bb8ebd6a83ffc29bc1,133.0,563.0,0.4933707997315839,0.5939849624060151,0.1006141626744311,0.0365229901743846,3809.287575161385,0.671812065786231,0.07162938755612464,2.7548172313940724,0.0058724929742850485,0.05408985493100407,False
0x803d7fa890bfe8dbd31b495c570c7301d03ffc31,54.0,82.0,0.699331334634809,0.8148148148148148,0.11548348018000593,0.04507326494379431,241.00390347983736,0.5733904073296802,0.0714629455890493,2.562128133473626,0.010403292914394235,0.08197887272227916,False
0x5cd24ded164392892bebd5798454cd9a46b087f4,27.0,52.0,0.32991392297886885,0.5555555555555556,0.2256416325766867,0.08435583502921973,1221.4147090004035,0.27731650619617865,0.07146066234178627,2.6748787739286497,0.0074756276218170825,0.06407172692862088,False
0x0e8e3cdbfff4b2135b206f092d8e97fe2ebdcfbc,23.0,36.0,0.7138449502711147,0.8695652173913043,0.15572026712018971,0.06247160273251447,70.52460334359024,0.41165010265965496,0.07133693741025986,2.492656828206239,0.012679132385605474,0.09589291032984315,False
0xa236e6ee37770500d4a826656e5cf5e141b68861,54.0,57.0,0.9281973296088885,1.0,0.07180267039111159,0.005390213516277402,256.971069999642,0.9894717186818783,0.07117617320714335,13.320932496325314,0.0,0.0,True
0x206b508fba874ce6f4d0c417d2c4832de8b85162,32.0,54.0,0.5265642262447972,0.6875,0.1609357737552029,0.06466292471901505,150.71994099802245,0.3950580172381922,0.07101766654131453,2.4888415495359966,0.012816006965267634,0.09664468410358254,False
0x7e388d502d02c66645b9307176e617308b1d85c9,31.0,37.0,0.9257716148223291,1.0,0.07422838517767101,0.012234246457822687,4597.05656459246,0.9480338602455958,0.07101002673441344,6.067262535013647,1.30108790408201e-09,5.592509507712506e-08,True
0xc1b5c7da3eda1d6dda8c7b0180cf188f1cf0c8f8,207.0,4002.0,0.45360702336451325,0.5458937198067633,0.09228669644224993,0.031473357074547736,22851.138323993495,0.7338009211357348,0.07099339293022025,2.932216484681308,0.0033655205605642724,0.034718710102781034,True
0xf2b6e7fb94ca77affe32543d55d9c554ffa07576,20.0,38.0,0.6921532046104205,0.85,0.15784679538957963,0.06358688369186961,79.17449800031473,0.40310639364735334,0.07096878404061682,2.482379796350396,0.013050809151380793,0.09812838717612556,False
0x4d74942328451400b9a85331d33e46142d8f4944,36.0,48.0,0.6908095278533585,0.8333333333333334,0.14252380547997492,0.05793535235835957,5347.329922934433,0.448587486400276,0.07071486675973507,2.4600489973443644,0.013891804879246239,0.10324773712846125,False
0x0a8d3d96b9a83ca54c43ecf528c2c00a92237688,97.0,819.0,0.6464429510608218,0.7525773195876289,0.10613436852680715,0.040962619033639035,4638.050949983393,0.6193891393669044,0.07041867535586384,2.591005434482796,0.009569598030499726,0.07821452798198021,False
0x82f3c19ffb4f182cc45f207a2b4f866d22975cd4,94.0,2044.0,0.407434063528739,0.5212765957446809,0.11384253221594182,0.04526842943384265,3198.775788000407,0.5712753259575625,0.07030726375045385,2.514832823663929,0.011908883860793917,0.0908668978609098,False
0x9d46fcc091ffff18e4731e96360e251a604b26d8,35.0,44.0,0.7995432981941906,0.9142857142857143,0.11474241609152368,0.0457735687512843,1417.8049719993692,0.5658312086310149,0.07026361788586591,2.506739570929878,0.012185045255024729,0.09269979856256276,False
0x0bec8215058ab57f29fc625d063b324421c2c707,30.0,210.0,0.6822085965442992,0.8333333333333334,0.15112473678903396,0.061753761241825716,2482.781437234792,0.41725949017321073,0.07022392797961183,2.4472150967004977,0.014396489351269581,0.10638551873044197,False
0x449e7ee58deb76a7024552db93a0755664fcf0a9,31.0,64.0,0.7044414119707868,0.8387096774193549,0.1342682654485679,0.05497079652977706,113.90369771831875,0.4746896369799422,0.07019525891194639,2.442538109773183,0.01458438969654896,0.1074661172211422,False
0x35f8a1fa25aba0112d0fba107260b059c38dbff0,34.0,34.0,0.8826308952588234,0.9705882352941176,0.08795734003529411,0.029262455481297755,191.031639999554,0.7612719219055064,0.06989498485393501,3.005808589491387,0.002648756766308047,0.03022629955888696,True
0xc02d752ae0e8e3a9b75b8816db5719b152d3dabd,26.0,49.0,0.560364901607376,0.7692307692307693,0.20886586762339338,0.0815003602506463,729.3715410010121,0.29132887084079484,0.06956286678375374,2.5627600538334683,0.010384378727936738,0.08197887272227916,False
0x563724785ffde41d4f0ad26174778277efdc8692,21.0,28.0,0.7536347683448922,0.9047619047619048,0.15112713641701261,0.06242966544175607,800.1999419990428,0.4119754212718852,0.0694913388587338,2.420758390224069,0.015488167610580472,0.11220220299912088,False
0xf1f2b3c6c5bea42a6664fe3a8395addc1ab28c8d,245.0,9969.0,0.47580136477528184,0.563265306122449,0.08746394134716719,0.029825562987062085,264219.76965505123,0.7542750734478629,0.06899343943460351,2.932516022752289,0.0033622757262909975,0.034718710102781034,True
0x28bee57bccea02bf2482dc90ea569d49616603fc,27.0,75.0,0.6477682806157122,0.8148148148148148,0.16704653419910254,0.06897222244605905,137.61981700037848,0.36467465607193383,0.06872994676163503,2.4219392717081756,0.015437930183498594,0.11215330124857148,False
0x9d5a332e63c16df4271a2c1c6d5f84a86574d0f0,74.0,118.0,0.5301798247628321,0.6486486486486487,0.11846882388581662,0.04917475223541008,15952.636039888721,0.5303415317942534,0.06860411599461574,2.4091392127138933,0.015990197278170193,0.1145519966122248,False
0x891dca2895b270a360e6252de3db3e6106f5b19f,46.0,1353.0,0.5091845169135344,0.6521739130434783,0.1429893961299439,0.06016190818944639,6270.80661899581,0.4300118726463521,0.06849602505426952,2.3767430328120334,0.017466251119989895,0.12341222366699708,False
0xfe37cfb53702f9d85ce5b04b516e000268ed911d,74.0,139.0,0.7665835425321743,0.8648648648648649,0.09828132233269053,0.03808894335472481,4294.816257998367,0.6530398007939322,0.06844802832058716,2.5803110739352935,0.00987113519302718,0.0800555272415632,False
0x859467c23cfc72345fec2f845078696896f03733,29.0,111.0,0.6936863685389886,0.8275862068965517,0.1338998383575633,0.05642321196430025,25618.194412932353,0.4617038553000947,0.06844125662541353,2.3731339230082042,0.017637867426373077,0.12428431719294035,False
0x3d84e354fe20b5e14eeb02140f0aeb1297a74b14,20.0,28.0,0.608032827124479,0.8,0.19196717287552093,0.07752607181122326,83.45207661196018,0.31239363278472104,0.06842450804005025,2.4761627719635126,0.013280301700381303,0.09898814475515427,False
0x0cb54b29fde49217703fba65072f1fb8c60c5ad3,20.0,20.0,0.922449980795,1.0,0.07755001920500008,0.02152972490902322,89.99972200014307,0.8548808551323611,0.0680804914393591,3.601997681470536,0.000315781181571273,0.005393375279949093,True
0x9e20c1016cfdf518c84aa398d64bf9b2277a5cf9,100.0,511.0,0.475368132561543,0.59,0.11463186743845694,0.04784823785863771,1011.3174039781203,0.5439382472811145,0.06796064284113493,2.3957385385251597,0.016586917505386767,0.1181703321723549,False
0x555fbc8fd8a930e12d59b0e253c0af9ff01d9525,20.0,23.0,0.9299428648218597,1.0,0.07005713517814033,0.010756150300906705,199673.4393866853,0.9593524771841502,0.06770931044205374,6.513216459260035,7.355849263035452e-11,3.5793840093147983e-09,True
0x68e1e8efcb71c80906e87ca24107721846d4b2fa,102.0,156.0,0.5310827148557126,0.6372549019607843,0.10617218710507167,0.043825208358214365,19187.587877027458,0.5870679968478454,0.06740793190096162,2.4226282334416176,0.015408686453700415,0.11215330124857148,False
0x2262474668f524ef50c65dd308852feb805b21a1,134.0,1435.0,0.556839235411891,0.6492537313432836,0.0924144959313925,0.03593674941795529,21656.973659006355,0.6789074069300839,0.06668921666647419,2.5715875093927916,0.010123342740899544,0.08108105878503082,False
0x782d570ea303f2ce7b71e9ed78ac530d713b8211,81.0,106.0,0.6377002333284988,0.7407407407407407,0.10304050741224191,0.04274469124512012,6485.0686337082725,0.5991167070248559,0.06666277062964314,2.4106036190869755,0.01592614662733971,0.11441095306938472,False
0xbc1c046e5bd1cf3d2af2327c420ea92e3e4d2bf2,29.0,60.0,0.6576354233173085,0.8275862068965517,0.169950783579243,0.07272355533952732,391.93167377360237,0.3405027510273789,0.06597824972238617,2.3369427248954913,0.01944216239481622,0.13478853982857805,False
0xb17610d8ee16a48750d1f6048a5e0f52bc78567c,58.0,477.0,0.4874610177286093,0.6206896551724138,0.1332286374438045,0.05861962910090619,893.1692579942925,0.4427859138491969,0.06584357441106646,2.2727649336448112,0.023040349260700088,0.1535427926184639,False
0x6b23c73159b753c96d3c1ed94413f113300c04a3,335.0,1347.0,0.5591382400728241,0.6358208955223881,0.07668265544956401,0.023563813061205162,27880.17061170767,0.8310169394151596,0.06580249415768867,3.2542549565465833,0.0011369019547344816,0.014734020810352903,True
0x14c69f9fc9a32a5ec5e25dd0888d5306bcf98902,34.0,93.0,0.6880168383277558,0.8235294117647058,0.13551257343695003,0.0598487467442915,152.619168300799,0.43257204467399196,0.06559635674519897,2.264250812401105,0.023558692979578355,0.15526703149856577,False
0x3240fe45eed094fa9c7950e0f7253e1bfe13abd5,23.0,26.0,0.5830630086252012,0.7391304347826086,0.1560674261574076,0.06809995465386172,37.73887823579811,0.3705922231390589,0.06557691811920206,2.2917405297942812,0.021920620180924777,0.1476064737509269,False
0x40d68c19ceb3ab5963c8d8da01d9d634ed769892,120.0,715.0,0.5666015974514841,0.6666666666666666,0.10006506921518261,0.04232419944006129,2456.0446150025423,0.6038560189529332,0.06529609828884572,2.3642519064511265,0.018066523387117117,0.12661294515047566,False
0xe7a5a4a30168020a284c9bcb0f58c1c34026f64a,45.0,50.0,0.7101581848170778,0.8222222222222222,0.1120640374051445,0.04926159944389714,7529.29522858213,0.5294624195899273,0.06511968490517173,2.2748761443032635,0.02291336078576256,0.15309211778881254,False
0x93ba7f3a729afa563b9b3a3eb235acae6ed18fb2,27.0,27.0,0.7378147738703703,0.8888888888888888,0.1510741150185185,0.06689756751476014,32.99995099990552,0.3789401611264722,0.06488494235684825,2.2582901087574796,0.023927578555262397,0.1565179805888703,False
0x86fbea68d619daf670185ecd38a69aa90f7703d4,123.0,564.0,0.5463370667941596,0.6341463414634146,0.08780927466925509,0.03479894728688784,72078.25825112594,0.6927700873118905,0.06460950661888858,2.523331350955591,0.011624880628039902,0.0889631072395101,False
0xdcddcde4000c5ce9b05a15715b23b08c3c596d55,70.0,147.0,0.5488997082653887,0.6571428571428571,0.10824314887746837,0.047782511977821115,762.1903230709553,0.5446201453068369,0.06455100026158801,2.2653298120389915,0.023492447919438497,0.15526703149856577,False
0x1624231bb94bb0b8152281a58cbb18c3f565bf63,65.0,1045.0,0.6299823733838462,0.7230769230769231,0.09309454969307693,0.038690016402262065,165250.6450388164,0.6459108784167633,0.06448485667556042,2.406164647881463,0.016120997291313888,0.1151691191531815,False
0x7b9d149e808c442fb0c06dec2c398f2233be269d,70.0,451.0,0.5486092260476532,0.6571428571428571,0.10853363109520388,0.04820629999199476,4701.705242974968,0.5402369639355238,0.06428737814466173,2.2514408098781113,0.024357631824937,0.15791677219388128,False
0x1ba47bad36b90fc114bfe3034e9220dae4506de0,51.0,171.0,0.5532377208445486,0.6666666666666666,0.11342894582211804,0.05081216350529401,4250.506108068479,0.5139974798689361,0.06427834620066127,2.232318759863475,0.025593902860320927,0.16255898262189789,False
0x7753b5de03032ae0d9aa82499899bc0a254173ce,20.0,25.0,0.7482673002216998,0.9,0.15173269977830017,0.06785080130597144,6189.266453389567,0.3723037519973646,0.0642091512292616,2.2362698281788225,0.025334101580921642,0.1617243761811805,False
0x520c98851e290a7a9bf106a42e007fbbe4de51a8,35.0,79.0,0.6972794415018875,0.8285714285714286,0.13129198706954118,0.059438134206555915,616.6698950051381,0.43595477153242324,0.06417317813421147,2.2088847306896104,0.027182659527533293,0.1692916311095735,False
0x42d64763e091667e56647e049d2bc85f3cde01cc,100.0,125.0,0.74665511087686,0.83,0.08334488912313986,0.03256609942542228,31891.248246713836,0.7202561155002645,0.06346955052796281,2.559253045149086,0.010489735555778257,0.08197887272227916,False
0x73bf804b189823a153ce5364b650c9a8d66f91ee,28.0,47.0,0.7897977881611282,0.8928571428571429,0.10305935469601454,0.046185740496173855,218.9998340026961,0.5614216801501868,0.06325275596013445,2.231410681930113,0.025653937932187842,0.16255898262189789,False
0x809866978e1b5b4bc4d2f24963427ed6aad75646,272.0,889.0,0.5421129883378822,0.6176470588235294,0.0755340704856472,0.025757088412153392,11329.80114974323,0.8045307874662987,0.06317308199888164,2.9325546924009744,0.003361857033633786,0.034718710102781034,True
0x78db5f77c1a3d19fed43f6aa50f69402f886a291,121.0,152.0,0.8847181142041664,0.9504132231404959,0.06569510893632942,0.011685177880802837,3679.7210409984286,0.9523764817878863,0.06315208165459676,5.622088906687298,1.886621214808315e-08,7.15528840145683e-07,True
0xd8d7b8a47a128b13b5153858ba5421bfdefb406d,27.0,78.0,0.6597341845679288,0.7777777777777778,0.11804359320984907,0.05442126387146884,1018.9487386213463,0.4797027025289934,0.0630236920000311,2.1690711463196135,0.030077282877722045,0.1825160295097533,False
0x10445fd428f2293dec2d117f3cf75f9c57d88ceb,31.0,40.0,0.671854528783261,0.8064516129032258,0.13459708411996485,0.062090879553818173,141.82279600000209,0.4146143283327829,0.06300410334514256,2.1677432351928734,0.03017822794212388,0.18269870859797532,False
0x2176d14bea8163dc6d0548d792b1f79d1df7bc30,45.0,201.0,0.5636718276118651,0.6888888888888889,0.1252170612770239,0.05803273908924645,343.12731699795296,0.4477567375685428,0.06285746929648048,2.1576969007865907,0.0309514050785884,0.18606916945846033,False
0xdff6c7389271f500caa957671f8c2b68db170918,56.0,123.0,0.4852639011321305,0.6071428571428571,0.12187895601072661,0.05656805476305665,411.4951409999593,0.4604297339115027,0.06275154761344917,2.154554483466578,0.031196714112455615,0.18651101179635002,False
0x00cb93b8cde5e0e494508da91df66d00ea1c3992,39.0,48.0,0.9364537014259415,1.0,0.06354629857405854,0.006638065982041572,653.3484693948502,0.9841191778229045,0.06273241041775214,9.573013999254425,0.0,0.0,True
0xa509ae942ac8d8bc3f8c5df30cb6ae2c9b13ae46,661.0,27274.0,0.485027163052247,0.5537065052950075,0.06867934224276058,0.018071432156015373,270794.6943972315,0.8931769864339699,0.06265636237749546,3.800437156824869,0.0001444410465716306,0.0026799529432247142,True
0x21cafcffdd5713d78eedd85dda324d8f9e743748,52.0,153.0,0.6165140542610081,0.7115384615384616,0.09502440727745332,0.0421626929447017,32042.519588328287,0.6056837015386972,0.062403464503792416,2.2537556460656383,0.02421154452739982,0.15768074074788924,False
0x376fbec636b920eb563c826750eb498728850cb6,48.0,48.0,0.8210415882645833,0.9166666666666666,0.09562507840208333,0.04260552003696618,47.92967720983361,0.6006822044302574,0.06235051381614994,2.2444293208747443,0.0248047917431653,0.15992889476405828,False
0x5663f5e8005dae03a574cc73919931923f76f2e5,90.0,150.0,0.568752535146576,0.6666666666666666,0.09791413152009062,0.0440736060918735,1521.9997940028752,0.5843250605400067,0.06232504817571486,2.2216047245143504,0.026310030314481647,0.16511083003591537,False
0xe7c2b20c0b6e0aafd9411a0783e214438741206a,20.0,55.0,0.6389597961970475,0.8,0.16104020380295253,0.07350417905651027,1637.0588840012601,0.33572397547547034,0.06223336025522944,2.19089861107277,0.02845913028075886,0.17563064656033645,False
0x21f70bb325ee47b550d7ffc0ff4ac11c6bc94c3a,161.0,354.0,0.8634423320006946,0.9316770186335404,0.06823468663284568,0.018285774032896315,24697.44205302155,0.8909060283809672,0.06213217305617531,3.7315722326050134,0.0001902884297506624,0.003415600389430659,True
0xeb77d9d56dcb015a9b55b765851201032776ef9e,143.0,339.0,0.7025962730371307,0.7832167832167832,0.0806205101796525,0.031860716587963404,253264.6824727332,0.7289947804582586,0.06210436013651205,2.5304047998126307,0.011393099805616869,0.08785852157019527,False
0x56c47f41533170ff7afd6172e9c3c609ae8afce5,42.0,47.0,0.5632599712214286,0.6904761904761905,0.1272162192547619,0.05974814012078705,1008.0506596002787,0.43339814749758054,0.0621025213171819,2.1292080221674037,0.033237053486815826,0.19570402041666213,False
0xff81cc85838ce8f91a7d4ae2eeddadfa3f8444c9,80.0,94.0,0.5901354336871224,0.6875,0.09736456631287765,0.0439881101458157,219432.3163328977,0.585268000667737,0.062084137499654295,2.21342917415922,0.026868071161400664,0.16818629981857358,False
0x571fc6fad6eb52a044266c8c2447c21c019b1d37,100.0,2275.0,0.563887257919046,0.66,0.09611274208095395,0.04322668197083521,29411.140187945253,0.5937187810929754,0.06205979707629941,2.2234586995550725,0.026184885336419494,0.16511083003591537,False
0x3aa799c24535c70c6168c2017011845f84e7303d,95.0,365.0,0.6170026662522906,0.7052631578947368,0.0882604916424462,0.03797853194868689,1547.3168053061324,0.6543541404337316,0.06200386946357759,2.323957433681104,0.020127775541616932,0.13769106928867392,False
0xf78faf62e5a529557d0ed27a562f89c733ae2c89,23.0,40.0,0.5416399169642004,0.6956521739130435,0.15401225694884302,0.07123221301722563,1584.449941023265,0.3498691986254803,0.061878510307796245,2.1621152906143632,0.03060929071626428,0.18444243167580743,False
0xd51eeb5f9ccb5ad52903c807827dfeb1a387ac0c,62.0,230.0,0.6049414716044333,0.7096774193548387,0.1047359477504053,0.04878912370667861,5587.96719162161,0.5342615386097357,0.0616833645013271,2.1467068845113997,0.031816624343347755,0.18863235444021578,False
0xaa76255de9e6cd8cd1c6563655940028cd148b54,25.0,77.0,0.5121332197285523,0.68,0.1678667802714476,0.07665621951738641,241.30481100289006,0.31726153403592183,0.06165299936537014,2.1898651059014687,0.028534021290725464,0.17563064656033645,False
0x63c34e70fff435de0a0156c83aa85ce42050a7fd,28.0,47.0,0.7050276108234844,0.8214285714285714,0.11640096060508706,0.05508517707981263,134.0351148091577,0.47365311597372234,0.06160592805273105,2.113108585208582,0.03459147503723603,0.2013801673160987,False
0x72a009fd238b8af5d19e75d8000ca081b19e9bc4,123.0,165.0,0.792519699974619,0.8699186991869918,0.07739899921237273,0.02971422074630331,5350.876831202721,0.7556588465824854,0.061491791487947374,2.604779707103771,0.00919333478521156,0.07574955402894765,False
0x1f357ea14cef235198369aa145953a8e724595da,42.0,225.0,0.42862396516138157,0.5714285714285714,0.14280460626718994,0.06733352678020321,17868.80423007623,0.3758875618898936,0.061352904582836154,2.1208543959585975,0.03393405741747513,0.19935292501063406,False
0xbf36d61f2120beb32be1f8e935ddbdf15287aef5,51.0,51.0,0.8353528803882352,0.9215686274509803,0.08621574706274508,0.037352255381845625,50.99986800005654,0.661836601443932,0.06121897989757571,2.3081804882028263,0.02098909993690845,0.14244970720338657,False
0x08be0bc96e2f958637b662f0a181f751730cbea8,25.0,52.0,0.7567111974954085,0.88,0.12328880250459147,0.05904939761207652,1123.5283353984669,0.43918444504498516,0.06104262037623925,2.0878926371871573,0.03680752050029623,0.2077168388846039,False
0x3c5295869f916f626bec1116a381886552a799e1,201.0,246.0,0.7115964720495123,0.7860696517412935,0.0744731796917813,0.02743754424806262,494.1191869999874,0.7838849701138842,0.06103587533651596,2.714280076178461,0.006641998528272186,0.05880881021753326,False
0xa497f6d9b942f3a73e24f9642316f0979c677891,32.0,782.0,0.5556948079164341,0.71875,0.163055192083566,0.0756995457669067,8114.547662996853,0.32272687755766505,0.06095041528792161,2.153978474133041,0.03124186006049756,0.18651101179635002,False
0x093a4de0e443fc7e7c11a31c27fd156223321b3f,28.0,31.0,0.7792072166522297,0.8928571428571429,0.11364992620491324,0.05440546471148963,3045.941170040492,0.47984764219592635,0.06093072818845542,2.0889432120025995,0.036712835383646114,0.20763684748777045,False
0x68146921df11eab44296dc4e58025ca84741a9e7,146.0,6269.0,0.5165924926650853,0.6027397260273972,0.08614723336231196,0.03770494000122706,276066.00111705816,0.6576172568754969,0.06086203353986611,2.284773118840884,0.022326134647046247,0.14994557618419863,False
0x0e4aa4ed5fced8643978b1a6852ef0a3d5ebfcd8,39.0,79.0,0.712487417881567,0.8205128205128205,0.10802540263125361,0.05240489277960023,609.4423191681495,0.498569044377223,0.060023992178454465,2.06136100851455,0.039268611826689837,0.2158137677540042,False
0x341d4f882c093e978ce8174147bace7d47402995,66.0,102.0,0.6271596790685484,0.7272727272727273,0.10011304820417899,0.04800447448838197,1103.2329040080572,0.5423204095015765,0.05992122890450733,2.0854940976055953,0.03702447337660142,0.20848497126256563,False
0x5e115741af79238603a16225a589ac187de69f74,53.0,54.0,0.9139897187736067,0.9811320754716981,0.06714235669809147,0.020442269642823443,2913.198170430229,0.8672738135108446,0.05986288182498566,3.2844864034783328,0.00102168427704874,0.013652454665848187,True
0xf4588511f022d13086257abcc6889ac05014f266,28.0,60.0,0.7858697588870093,0.8928571428571429,0.10698738397013356,0.052094178018798856,81.70969199926839,0.5015424177724804,0.05978801941539118,2.0537301487226802,0.04000181686833626,0.21718881200724047,False
0x580325efbb00a3262513d16bce6bbcc979313f3f,74.0,543.0,0.5932589054599389,0.6891891891891891,0.09593028372925037,0.04580559745515959,4671.539144978151,0.5654875018382278,0.05959038081173301,2.0942917254416185,0.03623400099596075,0.2062858467297633,False
0x4e73d4ae46d9a9f633938144ad10c19a893dac97,32.0,64.0,0.6622633379068275,0.78125,0.11898666209317249,0.058636053347970916,8991.706496908151,0.4426476802821584,0.059522680185547246,2.029240634376529,0.04243378664879405,0.2265770926857968,False
0x282bfc4058c35da212d709638af08a017dda5011,20.0,36.0,0.539270340764022,0.7,0.16072965923597796,0.07665145068694615,179.35996099984712,0.3172884859525611,0.05939266595386498,2.0968899844103075,0.03600331534670942,0.20588148620657115,False
0xcdbd24cbc7a3582137db5996c0aef7f1949ed0df,32.0,126.0,0.6006371188342035,0.71875,0.11811288116579652,0.05839214027121071,1114.7399400021654,0.44470545769499287,0.059353649542781654,2.0227530728828267,0.04309861206402976,0.228066281680093,False
0xb5bd8ee4e71353d659cea543f1ab37e7d08eb891,45.0,236.0,0.5280784030847426,0.6444444444444445,0.11636604135970179,0.057609830643108054,13741.778370738013,0.4513765609686638,0.05927107867707634,2.019899035645279,0.04339386134840262,0.22839340493373542,False
0x920b5e398a3449397ab6389aa52156ca98149ecc,27.0,27.0,0.6099380883370371,0.7407407407407407,0.13080265240370367,0.06463156432748164,358.751081995327,0.3952899062942673,0.059140815635402647,2.02381999824327,0.04298867578815191,0.228066281680093,False
0x27559335c14d02fe3c070d78b04fefe7d2576eac,72.0,114.0,0.7336665313600766,0.8194444444444444,0.08577791308436794,0.039441336749300906,220.3722946449799,0.6370648386183421,0.05910894242727849,2.174822664596639,0.029643407980135983,0.18116196488334288,False
0xe83abacce6bf35b11b8de4c890ea4bf19d218355,278.0,732.0,0.6103494589611618,0.6798561151079137,0.0695066561467519,0.024676909997499927,2707.8924050024943,0.81765501728884,0.059074680186063634,2.816667733269432,0.004852469758756639,0.04669596831281109,True
0xf1ee4842fa0c7283632185e42577027452d4519c,73.0,483.0,0.5736983920812446,0.6712328767123288,0.09753448463108401,0.04745667197267291,6347.493527650764,0.5480120688318052,0.05900796654206203,2.0552322903562965,0.039856573674840856,0.21718881200724047,False
0x99f44b0775be938eea22efdb8db9de8fd8eb335f,47.0,47.0,0.8003518728255318,0.8936170212765957,0.09326514845106379,0.04476484155650563,1113.7116188118405,0.5767461230079296,0.05899487490673175,2.083446410356157,0.03721055164371867,0.20862176671554444,False
0x42a1b2b43134d83f6ec639de4c2b40aa2a36a8e9,39.0,544.0,0.4834588728008339,0.6410256410256411,0.1575667682248072,0.07598616915357646,6817.677340005027,0.3210770337084863,0.05893948021595732,2.0736243184775813,0.03811421487963251,0.21139045198832743,False
0x372d0e0736a7c2ca6bf54463e042c3d7f83da034,93.0,397.0,0.4902087675793051,0.5806451612903226,0.09043639371101743,0.043008774717766395,431.89955303297614,0.5961545684675528,0.058879974487733994,2.10274285432408,0.035488253790872726,0.20521122539610037,False
0x6c8f58ec42a3949a3fa19f563d3500acf0cbda09,68.0,203.0,0.5381079939184337,0.6470588235294118,0.10895082961097814,0.054231781802372966,1130.106736993839,0.4814439885535611,0.058830171475876186,2.008984879161962,0.04453873734525393,0.2306264686915067,False
0x0c69d91489f2eaeb9032328bec33a86378142b8d,98.0,1684.0,0.4598459434156109,0.5510204081632653,0.09117446474765432,0.04381774612891429,2913.4764246158943,0.5871505560789858,0.0586097611793734,2.080765735403503,0.03745535388016363,0.2090851897336407,False
0xd819544f6fcffab3614062f71d951b9fdbe62d80,61.0,124.0,0.5935421622609252,0.7049180327868853,0.1113758705259601,0.055833843012827254,442.18444799998684,0.4669272856692244,0.0585593877768331,1.9947735014473682,0.04606758869342564,0.23619942592513865,False
0xca76370f537b164859fce4979ce4eff374c3d365,158.0,259.0,0.8403347831692884,0.9050632911392406,0.06472850796995192,0.01909646849681192,2902.812048999669,0.8821832384133995,0.05855114438495204,3.389553831943225,0.0007000646217476536,0.010030370330484437,True
0xa442bbbd1447d684a7caa952b54c1ba3ba2cdca3,20.0,33.0,0.5443454170704053,0.75,0.20565458292959476,0.0931966967861119,4622.589965984465,0.2391858082392721,0.05854504678309776,2.2066724467882777,0.027336951539629117,0.16947595678053726,False
0x2e6c80dfdcc99f76f76c91a21d74a8f9a00ee09c,150.0,450.0,0.5493923794550263,0.6266666666666667,0.07727428721164036,0.03331872977400621,10631.314661140907,0.7109570432039402,0.058492929693088294,2.319244693173337,0.020381772381995678,0.13905976447927737,False
0x912ff4200c42e6868a1d0c9d8d707998d51eb25b,23.0,26.0,0.611811470703163,0.782608695652174,0.17079722494901084,0.08150415727375201,764.8317729785871,0.2913096344579356,0.05846932311930218,2.0955645780784633,0.03612083420836476,0.20609652969772724,False
0x1301e16c030c2414987afcd4048ca3be9a4f2f0a,71.0,212.0,0.6157608255626823,0.7183098591549296,0.10254903359224726,0.05108676662039529,375.3886720933437,0.5113043473955297,0.05844303683681109,2.007350246968004,0.044712382452793076,0.2306264686915067,False
0xb26d4e63be5eb5a46175257ad64701aece7f039f,39.0,40.0,0.7062523181225371,0.8205128205128205,0.11426050239028349,0.057678635565725764,211.39090167544157,0.4507854671201997,0.05826041747258355,1.9809848355390056,0.04759297421543707,0.2414918002704478,False
0x18d2722b08e1bea4a0682cd570fa5825c389a67d,22.0,28.0,0.7165821583735866,0.8181818181818182,0.10159965980823144,0.05080536915468083,4579.429937940889,0.51406428920918,0.058204089282775644,1.9997819423160477,0.04552381532159222,0.23393275617342602,False
0xc8ad82573545a469291e501594f79f4c1d647889,153.0,401.0,0.8361691256132631,0.9019607843137255,0.06579165870046239,0.021316930683049507,2908.827613805057,0.8573280669371518,0.05815940801973437,3.0863570219692864,0.0020262536835329303,0.02375321931741558,True
0x66ace325b76147e5719d346ba55c315c00c45e75,81.0,88.0,0.6548296492609088,0.7407407407407407,0.08591109147983192,0.040952648959590304,3831.7997710186255,0.6195039053107119,0.05790104563298118,2.0978152491333097,0.035921468919478894,0.20588148620657115,False
0x98b32bbd88e9a4c4d63229193faad0e3db6033aa,22.0,37.0,0.5733400522421263,0.7272727272727273,0.15393267503060096,0.0759517075594699,156.7599280002882,0.3212748351832377,0.0578006721875072,2.0267177654968753,0.04269128456622884,0.22701200597176116,False
0xeefaf8624450af4e516478a5756aad3b11ec7a5a,28.0,52.0,0.535428772095529,0.7142857142857143,0.17885694219018536,0.08526055761166748,61.99994499983866,0.2730609075660262,0.057777681280118245,2.0977688535045385,0.03592556917030798,0.20588148620657115,False
0xcd741947f7430f96bf1820a0b30d8a0fad3100a1,95.0,143.0,0.5386227217150509,0.631578947368421,0.09295622565337015,0.046072287386533975,17310.43038624634,0.5626324921526217,0.05767830398259172,2.017616900013943,0.04363117540858319,0.22888272583966845,False
0xaa9924fa3a3073a5110efbc18e1afe2b3296f152,91.0,354.0,0.7612314432768668,0.8351648351648352,0.0739333918879684,0.03140361052038124,39574.84720408274,0.7346667361876826,0.05757908724855083,2.3542959125666436,0.018557831211542197,0.12970364957877326,False
0x22e875f7b7ebc4c740c3156c9d34983274098435,21.0,80.0,0.7404954713606178,0.9047619047619048,0.16426643340128708,0.0803731627080534,413.4280287410261,0.29711279908111665,0.05744874687655441,2.043797056960004,0.040973600041180225,0.22106885879958954,False
0x655b37299ed593012420cc7fa18fad0bd91cec8b,71.0,90.0,0.7819371813761409,0.8591549295774648,0.0772177482013239,0.03463920019510779,461.91394500157435,0.6947252163869174,0.05739894322667155,2.229201245016899,0.025800517745667495,0.1630870962403835,False
0x015c67f3a69bdbc647fa14e0cb4bbdeafaff9fe3,71.0,77.0,0.7285327836129711,0.8169014084507042,0.08836862483773304,0.04338140932711669,273.62379500142146,0.5919938739119773,0.05733075195648569,2.0370159985211895,0.04164843880195934,0.22284506985529698,False
0x2c335066fe58fe9237c3d3dc7b275c2a034a0563,168.0,1715.0,0.5395023622353514,0.6130952380952381,0.07359287585988666,0.03157384557755266,3156737.326806622,0.7325537039755715,0.057199400336880465,2.330817628125961,0.019762978184379554,0.135916588633373,False
0x51ad675fcb07c4b690501aea44605f798ede5e56,295.0,786.0,0.6245300558625967,0.688135593220339,0.0636055373577423,0.01979668902582111,81447.61189484003,0.874489040160653,0.057165697006656344,3.2129381471204943,0.0013138458081594084,0.016528821167039583,True
0x3c3389bdd398e1a89e4c30337d2c9192497f8ad6,32.0,42.0,0.7692753669007419,0.875,0.1057246330992581,0.05450488883265071,2362.804712998044,0.4789362942874529,0.057042649489148,1.9397275246972823,0.052412812649717866,0.2594484526365113,False
0x23df7df4079ab07c3af1e39a8674133a7074640a,98.0,179.0,0.5503365003446351,0.6326530612244898,0.08231656087985473,0.03934810546887414,10340.514152995202,0.6381585029000039,0.05698041502947632,2.0920082402689064,0.036437778574140545,0.20698905493988648,False
0x8328854ebbf49f7a7cf089027021a9f07bfbe5eb,36.0,55.0,0.6081205685492652,0.7222222222222222,0.11410165367295703,0.059215387561071024,1162.2974619940835,0.43780213894185765,0.056867041697840466,1.9268919511044282,0.05399309679892217,0.2647304118715214,False
0xa5bd52e5c8019c798c8fdf049095d38b98bb226c,30.0,59.0,0.3065526442875425,0.4666666666666667,0.16011402237912423,0.07960064782659043,1636.0904390060389,0.3011624735881978,0.05681362506762742,2.011466322836112,0.04427622404704867,0.2304263814815293,False
0xb26029f229101b219dad78f23e86976032eea5e9,30.0,37.0,0.6678953088429352,0.8,0.13210469115706475,0.06806600244208036,69.40683999999999,0.370824895049569,0.056724390872214876,1.940832227799437,0.052278630570081974,0.2592819004620027,False
0x834f7b428bedefbb2981680bda270be6d7ae266e,23.0,128.0,0.561321199144484,0.7391304347826086,0.1778092356381247,0.08631326311355296,289.2015064791569,0.26821645157377955,0.056689774652579426,2.0600453420953446,0.03939420635542468,0.2158137677540042,False
0x8f1335140a1cb1977b97a6166aa04904eef2203a,45.0,61.0,0.8301381167354884,0.9111111111111111,0.08097299437562269,0.03872791509870091,1484.1442899960941,0.6454629053737201,0.05662464703655895,2.0908172869429484,0.036544445864316044,0.2071387382067496,False
0x1f64aefec94b99491def6bc0adfa061ba3f23633,41.0,146.0,0.5415039042108598,0.6585365853658537,0.11703268115499377,0.061230795165505614,6510.051087002188,0.42140108998793296,0.05643246937146274,1.9113369479958047,0.05596129378994652,0.27235597681837986,False
0x67011de1721bd8af42522c8eacbb4c52d518d7d2,248.0,1052.0,0.5492897358445983,0.6169354838709677,0.06764574802636947,0.026351423057540742,7676.03312999876,0.7972559663541481,0.05642402819882483,2.5670624269003914,0.010256414578767581,0.08189254860260554,False
0xb2e3f666270fafd96b959ffda92ac67d1b454874,56.0,279.0,0.7679588720586946,0.8571428571428571,0.0891839850841626,0.045381188684605396,4261.0107802225775,0.5700562703625999,0.05612671414121934,1.9652192388344463,0.04938886817734356,0.24684862602590898,False
0x3bcda8834e6fead23e9f2feb97b94d48b46aac63,62.0,222.0,0.6795825444489716,0.7741935483870968,0.0946110039381254,0.049039579268887426,555.6261222502758,0.5317125379591607,0.056064176843181976,1.9292784593311185,0.05369630241275791,0.2637766931857194,False
0xd3e775abc3c974c4868bdbe384f8bf067135bf64,79.0,439.0,0.6217883796940886,0.7088607594936709,0.08707237979958223,0.044303296274454305,19344.011487004784,0.581797800364486,0.05580096296652296,1.965370234760364,0.049371401938570925,0.24684862602590898,False
0x65ad5f75ada501370636c782e86ca9f73b773d07,23.0,26.0,0.8675433842612301,0.9565217391304348,0.08897835486920469,0.04563977655543409,233.05989500431448,0.5672688759327356,0.05579575090983402,1.9495791080644655,0.05122630549634488,0.2545522964837639,False
0xe9010cf300384ce6b86ed9cd9436d515d3593139,53.0,107.0,0.29787474391837004,0.41509433962264153,0.1172195957042715,0.06217472470706534,258.5751874551617,0.41395943111631334,0.055730433846465095,1.8853255282841814,0.05938590161197421,0.2820556910815497,False
0x664a25f165a0150ce687410470f3352f5783fc5f,89.0,902.0,0.465623794039112,0.550561797752809,0.08493800371369697,0.04310261003581157,99352.41401807172,0.595104732755885,0.055525822578527326,1.9706000087495095,0.048769645640128756,0.24517917369569603,False
0xfd3e6449d0c1e807501dcc17c0d9447201f35a7a,253.0,478.0,0.6067590846952644,0.6719367588932806,0.06517767419801623,0.024891493629801774,17589.009040937002,0.815059028269745,0.05539778755613507,2.6184718027519702,0.008832459092749101,0.07324409003279721,False
0x66e82367148af2d104741c88f3f7b90e7a1ec0e2,54.0,193.0,0.5790665659303782,0.6851851851851852,0.10611861925480702,0.0566983469248437,765.0069276744233,0.45928683213501975,0.055387790544035406,1.8716351535869677,0.0612570965069954,0.28568182982195506,False
0xf397306ee3fbdb954f887067ec168ee74f3e2354,47.0,54.0,0.6758719625873845,0.7659574468085106,0.09008548422112608,0.04726601312569221,243.1598499987057,0.5500055416068048,0.05508089454081731,1.9059251725244128,0.056659914594034744,0.27519005600379587,False
0x4023ceb6de7fc664d9f480766b09e600466c5746,34.0,219.0,0.5156037218015279,0.6470588235294118,0.131455101727884,0.06996566880438079,218.99956500007445,0.35807402166376867,0.05496413132429468,1.878851499232051,0.06026477286949983,0.28413683588745897,False
0xdb226c4b2c74fe5b880678917c238c0b1a44a11c,45.0,94.0,0.7002242335087967,0.8,0.09977576649120326,0.053648236918321615,167.218207610481,0.48684775256662394,0.054885609538508094,1.8598144547249502,0.06291178158321054,0.28989648721990185,False
0xb767acca4b6c04da69b5042c7b5660b99932d848,48.0,69.0,0.81303612583846,0.8958333333333334,0.08279720749487347,0.04237930946543445,20713.931254934665,0.6032332988632326,0.054824893878337624,1.9537177112903361,0.05073461053874273,0.25308425643987914,False
0x9cb48ddd4185f3e947edf596589e40e574588285,122.0,539.0,0.6280871283036048,0.7049180327868853,0.07683090448328037,0.03766085009328354,43478.94449666739,0.6581439403531599,0.05476944407695262,2.0400735589604344,0.041342999796459834,0.22188573579767584,False
0x2396babfc88a7a7dcc0390262ab747d7cbad9485,36.0,48.0,0.602063654696007,0.7222222222222222,0.12015856752621527,0.0649704509050193,453.8923110031953,0.3927925114862645,0.054663942277062894,1.8494341020023983,0.0643951550324171,0.29445940572447465,False
0x980859cd4e88e51a58498fd901c4058f3cdd6c1a,34.0,203.0,0.7532304616424522,0.8529411764705882,0.09971071482813602,0.05395532825541189,2676.5545669989347,0.48399626446838834,0.054604678829659484,1.848023504854402,0.06459894260825982,0.2944725432879458,False
0x0d10fdbccf762e55a70e7df0856fb6914cb1780b,275.0,359.0,0.5611829397993285,0.6254545454545455,0.06427160565521693,0.025051988944390872,2665.0670848880964,0.8131135624449893,0.05455817251403708,2.5655290603027074,0.010301859145084302,0.08197887272227916,False
0x20e1e9b8dc8b0b8e2b3c782d05664d0b029498db,23.0,76.0,0.5032482546734433,0.6521739130434783,0.1489256583700351,0.0781749605088722,2073.0398771715313,0.3088240525296904,0.05449090439279731,1.9050301707940525,0.05677614933882014,0.2752362577910097,False
0x361aa1c54925e7c257927f7ef29798e191c5ea72,21.0,268.0,0.49619037494614854,0.7142857142857143,0.21809533933956574,0.1029678403455604,278.9175470012898,0.2048003950367987,0.05444422272487442,2.1180918100995134,0.0341672930092376,0.19981280877737814,False
0xc9b761a77099f81cf673e469a1bd20c30c8293eb,29.0,197.0,0.6037852001318593,0.7241379310344828,0.12035273090262337,0.06558109264397491,1872.9246132505677,0.38833917959122066,0.05425899815692264,1.8351742255346588,0.06647987881373463,0.30026551219023045,False
0x8482f6717a2573fd5001cc414bdf06fc47753f7a,86.0,602.0,0.5307168193247878,0.6162790697674418,0.08556225044265403,0.045139936130489146,5676.384338998961,0.5726671328894758,0.054253408273097325,1.8954889567258868,0.05802765340934446,0.27650141918859616,False
0x6832c74809f5b0ace45acacfed7ffa9195b0831f,37.0,456.0,0.5450965162025577,0.6486486486486487,0.10355213244609097,0.05681826191689876,68197.56432413009,0.4582376525891032,0.05411329345655959,1.8225149617836642,0.06837688563928968,0.30509340495454684,False
0x554099531e26bff3aa9a83021fe72c5dd2a460e6,61.0,126.0,0.8861281416292787,0.9508196721311475,0.06469153050186886,0.0266791460925318,2504.901663015083,0.7932309021062286,0.05385786748553154,2.424797640730253,0.015316921847229548,0.11190464998301701,False
0x24a1d2bf2760925f0f9b6f98f50968d3780732f2,46.0,150.0,0.5405595472745496,0.6521739130434783,0.11161436576892882,0.06169567416637232,1395.7452110016413,0.4177172096243343,0.05378331040769151,1.809111696679782,0.07043365228581688,0.3120169219574236,False
0x8201c74931d47ca0151715d43406a5eebe208a41,23.0,425.0,0.7512803354461326,0.8695652173913043,0.11828488194517182,0.06544511527837675,625886.0636295935,0.3893256662065538,0.05356052746089424,1.8073905354438802,0.07070140861763852,0.3120169219574236,False
0x952786297c560ebe88de2bac6ccf7cbcf531f108,136.0,806.0,0.2765270731436704,0.3382352941176471,0.061708220973976664,0.023353377797636323,2106.679087836739,0.8335214295392711,0.05348223649426747,2.642368119451327,0.008232852057115325,0.0691613207013043,False
0xcf6c5492124794394dd9eac46498a8babbe47e66,126.0,1679.0,0.5883529050921438,0.6587301587301587,0.07037725363801499,0.03351236285764449,980325.4101908903,0.7085696377542647,0.05345077290642759,2.1000385421036127,0.03572545082221157,0.20588148620657115,False
0x147c2760baa011fdcd0d02ea0f610ffb0fd92540,177.0,351.0,0.4989232976867319,0.5706214689265536,0.07169817123982193,0.034907596449435994,1065.7401049997825,0.6914415105050227,0.05336929647206718,2.053941792975562,0.039981325692048264,0.21718881200724047,False
0x3679e05be57e5d3e3c9f7a83a7d30d10670f492e,50.0,64.0,0.5542378462203067,0.66,0.10576215377969328,0.05904630417364734,12270.434768004256,0.43921025202255093,0.0533476009472568,1.7911731353864389,0.07326551581642171,0.3173719168509299,False
0x47875f5d2234a8d667bb06b4029de77a8250db20,138.0,291.0,0.6083491855678065,0.6811594202898551,0.07281023472204867,0.03602055104979254,1224.7628979989568,0.6778910647455633,0.0533182359127296,2.0213526056667037,0.043243277139032754,0.228066281680093,False
0xbc94fbf01432cc1a6f012a25ce0e7c593a469954,21.0,116.0,0.6011674258674189,0.7619047619047619,0.160737336037343,0.08475435025507151,182.72948071397497,0.2754313560657478,0.05318179641972177,1.8965083863376657,0.05789285211178874,0.27650141918859616,False
0x8c9773aaa0253362494d3574fd057eff737d5c66,31.0,31.0,0.5706146616032257,0.7096774193548387,0.13906275775161286,0.07576674233953742,1623.157370002831,0.32233912611437826,0.05315825809064019,1.8354063202087234,0.06644550796357374,0.30026551219023045,False
0x3e3ddec6a6ee4fade888b84161917004929313f0,29.0,86.0,0.9441755233870961,1.0,0.05582447661290399,0.013547969132417244,2884.6959585118934,0.9370150048485694,0.05308287031634118,4.120505152268805,3.7804261250107274e-05,0.0007862676593873118,True
0xa42cb15b2d4fb8e3eefac8db48c556d86c33b22e,33.0,111.0,0.550203882120213,0.6666666666666666,0.11646278454645369,0.06547619477272738,2379.8881815415098,0.38909993030641427,0.05282762411834675,1.7787042290821031,0.07528826548590262,0.3214709216691107,False
0x73530b463dfc39f73a27ade344b004818866a4f0,47.0,87.0,0.47940770302989244,0.5957446808510638,0.11633697782117139,0.06556332182510621,504.2514407361044,0.3884679350890534,0.052712919677011506,1.7744216519642906,0.07599343103167833,0.3227197643221653,False
0x8dd8f566b50f54a7a8ec02412723974b40679a1c,69.0,309.0,0.4878540729337139,0.5797101449275363,0.09185607199382248,0.051572277255968364,6793.932881406755,0.5065765086793237,0.05259953449293238,1.7811133593716215,0.07489393372039554,0.3207708276675988,False
0x7332f4ef41f8c41c3b0cdeecd7032efcadc24a18,21.0,31.0,0.6454581082149184,0.8095238095238095,0.164065701308891,0.08719709742065976,111.9099779999629,0.26423614916521215,0.0523994455210557,1.8815500304717556,0.05989713629637028,0.28292072254274536,False
0xfc5efd891d181e10dd8109976db67183bc08f0c5,27.0,58.0,0.7730935871576333,0.8888888888888888,0.11579530173125567,0.0658705221264361,408.16995399888833,0.38624925931420945,0.052272865709924454,1.7579229371977765,0.07876062246403248,0.3297461774914607,False
0xf23a0aa1089b041518346ee5d5d95d2c62eedf6f,102.0,422.0,0.6365553215989869,0.7058823529411765,0.06932703134218951,0.03428473251511249,11159.332853001466,0.6990705479347286,0.05216487960246699,2.022096316826465,0.043166402459823505,0.228066281680093,False
0x3abffa6d0b8a22423a66064ca458499225feb143,34.0,358.0,0.5061795393130241,0.6176470588235294,0.11146751951050535,0.06375940569254039,2988.127519668067,0.4018032087872115,0.052143763293963426,1.748252172362181,0.0804203710543141,0.3335137139293865,False
0xdcb902ab5a34e5be7c7eef0f6773968df223f39a,32.0,66.0,0.5899201603550492,0.71875,0.12882983964495076,0.0725418143187132,1393.6857120298057,0.3416274351910076,0.05210751833420726,1.7759390339885288,0.0757429663285043,0.3225769212063984,False
0x10405ddcc20b5709449bf01f67d329841cc51ce0,20.0,105.0,0.5663139004238845,0.75,0.1836860995761156,0.0951465222071137,153.77865883112128,0.2317314832321929,0.05201290392514219,1.93056031177125,0.05353744993700271,0.26349825073956107,False
0x79328e12389c608ee7de1492c2ca7d86d6815b38,50.0,59.0,0.7582318705564266,0.84,0.08176812944357328,0.045272304065844225,20803.86016903839,0.5712334007050077,0.051981036238228105,1.8061402248193372,0.07089643903336573,0.3120169219574236,False
0x0783dd118ad260270c9508fb5c82cdbfb82800d3,24.0,141.0,0.6837467270812311,0.8333333333333334,0.14958660625210232,0.08195258670268292,448.1597929993441,0.2890493352607885,0.051980148934365575,1.8252823037153167,0.06795843923082256,0.30509340495454684,False
0xc38dd0ff4575f0a3f764b7d7ceb8652b48e748e3,27.0,112.0,0.8808434343610576,0.9629629629629629,0.0821195286019054,0.04558187512488752,5044.718023800228,0.5678920137378536,0.051948461581091676,1.8015829400811216,0.07161104733772472,0.31308932115059807,False
0xf5a4d6426b29a95dd9df6df1465132e8f43ad8b4,25.0,37.0,0.5029260298095672,0.64,0.13707397019043277,0.07663619612126307,158.47646690372997,0.31737471941108547,0.05189774818099644,1.7886322276948314,0.07367406409427901,0.3177348015035879,False
0x9ca2e5b9be07f86aaa7094e6057095f67d5e088e,24.0,114.0,0.30517520697953904,0.4583333333333333,0.15315812635379436,0.08356523081821642,1907.0291149979025,0.28110662889946514,0.0518936723007666,1.8327972633375096,0.06683272629952874,0.30133147050084724,False
0xcbcc1e3a2b3ffb16333307969c6bc4a6e839edc9,20.0,29.0,0.45616603036664916,0.6,0.14383396963335085,0.07972438305204228,2086.517791809702,0.3005090753324215,0.0518247377914886,1.8041402658388623,0.0712093207824418,0.3128600311719206,False
0x7a5116926357843930f73dc5b99c1e4cba011e9f,32.0,32.0,0.43445209845312505,0.59375,0.15929790154687498,0.08620791636725997,2762.0999651418692,0.26869613259006886,0.05179524406681361,1.8478337983282138,0.06462638988017733,0.2944725432879458,False
0x6ec72a92cef215daffe6e745f8e8517e20ed4b43,32.0,94.0,0.6102926175380247,0.71875,0.1084573824619754,0.06264896285916721,611.7382770028545,0.41027753799026917,0.05174917912641112,1.7311919864624732,0.08341752815403791,0.33879339387285634,False
0x6f2e5224a1cc61ab6745a334ccc7d4a7bd6b7c7b,63.0,365.0,0.5112886471131048,0.6031746031746031,0.09188595606149834,0.05279244094202675,3915.353653200315,0.49488519096381833,0.051684168017285446,1.740513498180574,0.08176889198571624,0.33560416245929703,False
0xdaee998426ebc81d0a15d7c13b2bdddaf8e18559,35.0,36.0,0.6074839054481983,0.7142857142857143,0.10680180883751593,0.061854963994502056,326.54994298998884,0.4164633919295901,0.051654530188373335,1.7266489532999962,0.08423072851676028,0.3392769337402507,False
0x19971a001266e2d8132759a7351d70a0ed4e6908,20.0,22.0,0.7084735407547631,0.85,0.14152645924523702,0.07923391411287399,130.72990000013544,0.30310980037462876,0.05146740144167313,1.7861853832390906,0.07406924694542472,0.3189058228251258,False
0x1e4b57f70ea89f197b96eb899409335c5eaa0a04,26.0,31.0,0.5776791697175403,0.7307692307692307,0.1530900610516905,0.08424324308273198,456.6399619951454,0.277852172338985,0.05141633232485376,1.817238456754885,0.06918060884793431,0.3081464425195554,False
0xa76db7b924b91074872918d0c61defa0a89c6a8e,23.0,326.0,0.47064332040412576,0.6521739130434783,0.18153059263935253,0.09542629123638033,1194.0669741334514,0.23068769544477566,0.051336760677819705,1.902312143617563,0.057130359038965794,0.2756596225458925,False
0xca73934ffd3c70099f065fe62e54874f751096ba,21.0,22.0,0.6223808738095238,0.7619047619047619,0.1395238880952381,0.07857806368238725,22.999975000002788,0.30663274188962963,0.05130861697417064,1.7756086311721049,0.07579744639436892,0.3225769212063984,False
0x5b20e906232c334290d7740064efeadcc9b8a8e0,44.0,138.0,0.5343861805553352,0.6363636363636364,0.1019774558083011,0.05964626661397092,12629.00923501189,0.43423644992173527,0.05123926771575974,1.7097039194137085,0.08732063761853293,0.3448159576226393,False
0x5ebdbf0ad6ea30544cb0fcf1ff1c283d6c920784,414.0,1030.0,0.5656410283959326,0.6231884057971014,0.05754737740116889,0.021459892338708025,1385.9799850016218,0.8556850907811862,0.051017008238365545,2.6816247021597817,0.007326560223264833,0.06362019803299665,False
0x747fda2528435ab2719fdc36d07b4248af61f2d7,78.0,105.0,0.6760201366848998,0.7435897435897436,0.06756960690484391,0.03427261178551068,2595.854273999345,0.699219298737655,0.05094453784981055,1.9715336353038053,0.048662869652408736,0.24512019694055104,False
0x1d501441fa9dfd74a99e4502ed50b1684d63d283,182.0,909.0,0.5613962024704562,0.6263736263736264,0.06497742390317025,0.03205042536416223,4674.316990048947,0.7266427036829158,0.05057672242882254,2.0273498140784727,0.04262665047707803,0.22701200597176116,False
0xb4218a8df77b1d49197958acf401079be6128856,179.0,329.0,0.5095737109941159,0.5754189944134078,0.06584528341929201,0.03303559642186103,20332.82677495316,0.7144518143101872,0.05055453951921215,1.9931616362681872,0.04624375049864038,0.2366322074126856,False
0x72bc9c9d09dda1095030730e7bc93b86f07bb24e,94.0,162.0,0.949090709470005,1.0,0.0509092905299953,0.00526199987115753,4047.515979402655,0.9899616531799177,0.050521682440928896,9.674893914202306,0.0,0.0,True
0xedf8d74b6fc764645b1851c55f86cc703e4e5d40,161.0,762.0,0.523952611982512,0.5900621118012422,0.06610949981873027,0.03342287727555937,1190.7779299978315,0.7096726762621977,0.050486129885422,1.9779715335002932,0.04793191810943176,0.2423851309886755,False
0x63241b3b48f8ee7c7b401ba41bf70314ccbee147,140.0,741.0,0.4438846873205698,0.5142857142857142,0.07040102696514446,0.03776232970495458,747.1623144702942,0.6569320394112369,0.05046724227985437,1.8643189526494586,0.062276926825868495,0.2888868117854771,False
0xb5241cd8c2b89bf3e36565dfcfbc249251ed660b,39.0,39.0,0.7841025641025641,0.8717948717948718,0.08769230769230768,0.051769578677497,109.4866,0.5046675389292454,0.05034634108787626,1.6938964915784689,0.09028495376654311,0.3496169606064785,False
0xa8065905876f1746f4d7321c3d7eee503080d49d,24.0,25.0,0.7625187993533488,0.875,0.11248120064665133,0.06691092778912011,58.829978000089525,0.37884617261729103,0.050251120960401185,1.6810587502411087,0.09275150360700035,0.35649199374434265,False
0xec690ecdbe75275f390d9460b112dfc53ae36fba,170.0,1087.0,0.5660758891623553,0.6294117647058823,0.06333587554352711,0.030687678550497324,70189.95479548073,0.7435597888125752,0.05024733991912728,2.06388617631361,0.03902850972307692,0.2155343181494976,False
0x66e46e0518a9ae1b7cb7c8012ce376706de85583,128.0,394.0,0.5241018875557844,0.59375,0.06964811244421566,0.037438032677970294,942.4827670011001,0.6608090903823806,0.050194983542060666,1.860357167891431,0.06283501034967309,0.28989648721990185,False
0x1a31a5a8e54b8452e7b41d48c237746bbdbb0a68,22.0,22.0,0.49954534317272736,0.6818181818181818,0.18227283864545454,0.09770290253655506,21.999977000003884,0.22242563730826315,0.05010363371325782,1.8655826379084086,0.062099780583848796,0.2888868117854771,False
0x37c1ff27d21b08d1cae9f38453b895eae2a78de1,94.0,118.0,0.41672056699003174,0.5,0.08327943300996833,0.048978623248802824,5287.612497952118,0.5323318718782545,0.05008300061352112,1.7003220483949375,0.0890703653886149,0.34699769235232303,False
0x1bcef021c846cd82e3daab1f0e239c052465c696,72.0,145.0,0.7103605666459004,0.7916666666666666,0.08130610002076626,0.04762087185886264,557.5887239998852,0.5463004201850118,0.04999649581369872,1.7073626930170223,0.08775466005454158,0.3448159576226393,False
0xadb0de3b5efb5861bac9cf93ee49a5dee5180f62,37.0,43.0,0.6600044111542029,0.7567567567567568,0.09675234560255391,0.05832285244794458,204.95468769430124,0.4452919239132957,0.04990403327004506,1.6589096990568004,0.0971339899250947,0.36442710943596024,False
0x05d3e8e5b270710ec7c6d1ad4c702eb84536c06a,107.0,183.0,0.5384909136634485,0.616822429906542,0.07833151624309355,0.04544677060745649,4131.203834467468,0.5693482567906827,0.04989344257657109,1.7235881713065357,0.08478221542911468,0.3398372799554188,False
0xb1aad9392ed144ad577e2e55fb83c783e52e16cf,26.0,28.0,0.777695949541183,0.8846153846153846,0.10691943507420168,0.06449501833358284,2606.549634982794,0.39630143485079095,0.04979573464637273,1.6577936999907519,0.09735911336297809,0.36442710943596024,False
0x7bf62398e9a200c5ead5939a14b50ccb28a2342e,53.0,131.0,0.589037582029242,0.6792452830188679,0.09020770098962606,0.05448127677038453,148.88036299940293,0.4791525656510293,0.04962787747688451,1.6557560016409538,0.09777124124154524,0.36442710943596024,False
0xbafb727ce842d0a8b0490c6b25b6f70c92b43031,62.0,162.0,0.797934580690118,0.8709677419354839,0.07303316124536581,0.041400097062733156,578.9928140000151,0.6143677825439176,0.0496111668645464,1.7640818845110287,0.07771819395595636,0.3275085330268161,False
0xc883df1cfa4dacd89aef4efcc328219b1c914ea1,24.0,30.0,0.7290000001762063,0.8333333333333334,0.10433333315712708,0.063355554877046,434.38101699999976,0.40486150590840986,0.04955870015648671,1.6467906146447076,0.09960109112885052,0.36959886909540357,False
0x55c65834e066dc3a5b4047395e6eaa62cc720d49,32.0,32.0,0.819006271053125,0.90625,0.08724372894687503,0.052641510411385366,686.9776289929066,0.4963165975019422,0.04949407844826014,1.6573181176808685,0.09745517622953637,0.36442710943596024,False
0x056c3c1d6b90f764bd1f6c47fdaf7380619ca69a,23.0,119.0,0.597176930270105,0.7391304347826086,0.1419535045125036,0.08238663231491922,20300.68684130606,0.28688314917737356,0.049492944858357577,1.723016228772317,0.08488559030570642,0.3398372799554188,False
0x46f804d6f4eb54292d4329e160b2640b702f68cc,38.0,517.0,0.4056117424977942,0.5263157894736842,0.12070404697589004,0.072406819279792,11507.285351995504,0.3424658212865145,0.049422411964559626,1.667025953860361,0.09550924422088491,0.36223285418479734,False
0x15366fec3c72731622619329ec93a0474b5a3ca5,54.0,60.0,0.7321346862658544,0.8148148148148148,0.08268012854896031,0.04946275386467602,535.4555140004428,0.5274314789814221,0.04941906455571063,1.6715633904081224,0.09461044890997794,0.3598825187888394,False
0x693b91d7d29c9575315e89f0b4720aa6b8d084e3,33.0,152.0,0.7676538175842575,0.8484848484848485,0.08083103090059093,0.04817785157796371,29662.977602655403,0.5405301950845126,0.04934150596721652,1.6777632927401562,0.09339331794317252,0.3573610785985785,False
0xbaef40366903e40c5e0d31458e445a4566364776,25.0,48.0,0.6538581251875054,0.8,0.14614187481249466,0.08451643616880791,75.92565865917342,0.27655476754164016,0.04931211211693562,1.7291533036319693,0.08378166127173015,0.3392039315852309,False
0x1f54b6dd05117f40e1b478573471f4b63a8979d2,26.0,31.0,0.34113406421363257,0.5,0.1588659357863674,0.0899043046718876,48.706971057592405,0.2525202892162119,0.04930829309685656,1.7670559420503875,0.07721886000706357,0.32593689027531414,False
0xabb3969895db9944686e20a56ba38f7d3a7ff5b0,80.0,138.0,0.5821729720731843,0.6625,0.08032702792681565,0.047958205821615675,19353.09354490471,0.5427990688614953,0.04922342971067977,1.6749381372939254,0.09394636995816263,0.3584137398255938,False
0xa84dc430e7542ac09c7ae0a426a1e89fded7bebd,47.0,101.0,0.5960936245968957,0.6808510638297872,0.08475743923289145,0.051301110872904725,7538.766519264147,0.5092117751355593,0.04919448764537539,1.6521560213944035,0.09850274911065071,0.3662667045672136,False
0xa82001b0312d5a1441f6d20efd04c148b9692dce,22.0,28.0,0.5623744203913269,0.7272727272727273,0.16489830688140036,0.09261531449530869,492.7499849964136,0.2414707635157698,0.04914541214708663,1.7804647944023673,0.0749999259726879,0.3207708276675988,False
0x03bab08ec71cc18c39484b849ecbf1190ce4beba,159.0,10111.0,0.49758584251225557,0.5660377358490566,0.06845189333680098,0.037853713232999596,98098.24784778758,0.6558417456534776,0.049125568129132983,1.8083270435178052,0.07055561527288434,0.3120169219574236,False
0x88f17731836942b533f33958a302fb4c31bad3d0,77.0,203.0,0.9507757317365607,1.0,0.04922426826343914,0.0027098206496116344,8908.946039653636,0.9973180114709402,0.049125228544527555,18.165138814811915,0.0,0.0,True
0x829ae1c1147ca6d2a4529bf36d264fd6cf73a748,106.0,183.0,0.6211974165831402,0.6886792452830188,0.06748182869987868,0.036983207997992366,512.1050466305102,0.6662667599992539,0.04906466657463783,1.8246613085468932,0.06805215541894793,0.30509340495454684,False
0x724c7f277889814c98afcd38555e25c6e68f1521,42.0,75.0,0.8606539922831486,0.9285714285714286,0.06791743628828001,0.03770070461893669,21533.530653001755,0.6576678414893016,0.0488766179557367,1.8014898388441727,0.07162570743654628,0.31308932115059807,False
0x65a63d29189f834a959178d8987d3551e14044ac,28.0,31.0,0.7148928072250001,0.8214285714285714,0.10653576420357139,0.06590245514133561,47.889979000076856,0.38601949354041715,0.04867472325210919,1.6165674552654046,0.10597168168078963,0.38621248822614074,False
0x0d2d845a6ff64e31e04a70afce8a573940767ff5,943.0,41057.0,0.4860825229134409,0.5376458112407211,0.0515632883272802,0.014836518217162274,1457599.4304111216,0.925400506466647,0.04863400947626007,3.475430527064895,0.0005100340811075021,0.007835037198919172,True
0x3654e2c92f08f722e8983db1f5d48c8962bf1b78,93.0,284.0,0.530746406085207,0.6021505376344086,0.07140413154920172,0.04136685173109972,1279.989649000582,0.6147483709834497,0.04863283916494371,1.7261195513102074,0.0843259071452116,0.3392769337402507,False
0x5ab486c9cd3513a20fd27907c5e57a78fdf25c9c,24.0,35.0,0.824319182165981,0.9166666666666666,0.09234748450068575,0.05738674478162929,1137.5248447207673,0.45329886797938335,0.04858354755675155,1.6092128043172806,0.10756981754695039,0.3896384261988554,False
0x97488b77e6e3b3e0ae90465c82739f0ed494228c,27.0,168.0,0.5758288770824126,0.6666666666666666,0.0908377895842541,0.056690734914129674,554.4702339991351,0.4593535195418271,0.04837474440390048,1.6023392485888126,0.10908061099760502,0.3904973643095355,False
0x466658e9a04e4586fb0ea46abf0a2fd8902f3a55,124.0,213.0,0.4876950060054735,0.5564516129032258,0.06875660689775233,0.03928831261847621,471.6764791655335,0.6388605233302713,0.048366651210857335,1.7500524281976415,0.08010926741399449,0.3333152230019471,False
0x1ab8222ecb2f0b03f6249616c3bea54bb0f41b4a,63.0,902.0,0.529188923656339,0.6031746031746031,0.07398567951826429,0.04417218185624485,150720.44521788528,0.5832393660384019,0.04827607846153219,1.674938307531317,0.09394633655356621,0.3584137398255938,False
0x71271e0ffcf12540d937fb419fe65351be62c7a2,63.0,151.0,0.5566028742652418,0.6349206349206349,0.07831776065539317,0.04800010166034806,703.0779810031265,0.5423656309637808,0.04810418521156336,1.6316165580142914,0.10276028787808711,0.37968306939482327,False
0xb05345cffb45cf0b01fcfb851e92d5e14d467e01,30.0,68.0,0.5957221252235296,0.7333333333333333,0.1376112081098037,0.082640342169755,92.65117699900878,0.2856267191610063,0.04808976409275413,1.6651819740427836,0.09587645615141005,0.3625592088188952,False
0x5968454ab9fa39745d5d4adf78f23b80ebe53fc4,299.0,740.0,0.5770099714630416,0.6321070234113713,0.05509705194832969,0.023281396973333986,2406.415211995721,0.8343763931592569,0.048008278309844714,2.3665698416395147,0.017953786413553496,0.12616570888434459,False
0xcd91a549956854fdc38efad7e80ff5da8f5432b8,23.0,239.0,0.7628570033036854,0.8260869565217391,0.06322995321805369,0.034140983649201026,15431.246852995338,0.7008353782650647,0.04799248067365109,1.8520249406912859,0.06402224157859537,0.29327417589910737,False
0x0d233076c4dac74786a165e0337732d89437251c,50.0,256.0,0.4626998884441742,0.56,0.09730011155582582,0.06143495962321287,5328.563010877025,0.41977867607888136,0.04797923207223823,1.5837905998893422,0.11324137913775267,0.3986521685799286,False
0x1e87301f59392c7ba433a91600546f1b4237e4e7,26.0,146.0,0.4937348396792727,0.6538461538461539,0.1601113141668811,0.09273539575350695,163.39701000299405,0.2409964267361381,0.04791937938177453,1.726539395943929,0.08425041816717926,0.3392769337402507,False
0xe4d38496a46e4bfd2036d4e9389a955595d6c2f0,36.0,208.0,0.8063920014200698,0.8888888888888888,0.08249688746881902,0.051502269371400726,254899.50033405115,0.5072555753595541,0.04790606218282454,1.6018107255411476,0.10919747056642959,0.3904973643095355,False
0xd9c9651bfd445b2cddf750662ee79a755f216686,623.0,2150.0,0.5467036919739694,0.5987158908507223,0.05201219887675286,0.017936727158959595,8448.717053981716,0.8945963427309882,0.04782602415082956,2.8997597173558045,0.0037344881780854156,0.03762205082532143,True
0xadafdd00c50d98005b55b40355ffe43b7a47aefd,30.0,72.0,0.40950252648272784,0.5333333333333333,0.12383080685060549,0.07661276907285908,2327.046184846522,0.31750720944285915,0.04770948010924254,1.6163207302015392,0.10602498707410146,0.38621248822614074,False
0xb44579ae3126cfa4c28dafe317bdb53578eae4a3,24.0,27.0,0.5439118135082613,0.7083333333333334,0.16442151982507205,0.09505831084507346,417.9999639893256,0.23206191145938357,0.0475989606699405,1.7296911586515262,0.0836854691857436,0.3392039315852309,False
0x19e5e4bd692fea0b868aa1b57ab4bd5a86a0dd71,92.0,195.0,0.5801450577129418,0.6521739130434783,0.07202885533053649,0.04349139630525575,3654.0797230396856,0.5907700949270096,0.04758460936613492,1.6561633207860955,0.09768874898093327,0.36442710943596024,False
0x4571ae423069cacc53cc56d4a0dad82b1a54fa05,24.0,27.0,0.8053333295333335,0.875,0.06966667046666665,0.0414805560439349,102.93884360172754,0.6134473846757996,0.04749010005258211,1.6795018464284304,0.09305427931192178,0.3565928474672307,False
0xfffab62484cf9e826630ffcce557eda470e217c5,77.0,9515.0,0.4962165620168555,0.5844155844155844,0.0881990223987288,0.056277745855589555,184691.5918580704,0.462987261489323,0.04743842741073054,1.5672095791656304,0.11706571213221717,0.4074392329136141,False
0x2f55274d87b19419ec3121fab96e6cb2e8588956,31.0,111.0,0.706751104318968,0.8064516129032258,0.09970050858425777,0.06378437272736431,23134.881308069234,0.40161502086308,0.04739929217628704,1.5630867612418329,0.11803218908022406,0.409146526395024,False
0x8957de46b5a6237ec6a44289464a92475ba62a87,22.0,51.0,0.802502824062158,0.9090909090909091,0.10658808502875106,0.06792512546819776,102.0801278737032,0.37179219663729296,0.04735340643497031,1.5691996782347515,0.11660141918285771,0.4071320239726692,False
0x18aa05527ba21b3f8e78c9bbf624633da0cb2287,23.0,27.0,0.465106735089386,0.5652173913043478,0.10011065621496183,0.06412215595250442,1724.7847614701227,0.3990790641218616,0.047341320848910295,1.561249067937052,0.11846499568101554,0.4094084664719956,False
0x4a57e2fa614969516d1bd62986bfa7fc1192743f,38.0,38.0,0.7798420773789474,0.868421052631579,0.08857897525263156,0.05675430081355331,145.58001622726886,0.4587969500193698,0.047294693617242485,1.5607447186007497,0.11858399552329613,0.4094084664719956,False
0x9ddc4ea641741f1985b833f2d4b9dfbba2dee874,53.0,1250.0,0.5254174505577892,0.6226415094339622,0.09722405887617305,0.06249619494775322,12979.305203981514,0.41145947179504955,0.04724077747681298,1.5556796530965173,0.1197842872539423,0.4100330879188444,False
0x9755458cc4f51228de267039b8c6feb967e8ab85,75.0,93.0,0.5880713083995598,0.6666666666666666,0.07859535826710681,0.049633515512971474,980.0976489982929,0.5257131564160265,0.0471507053849878,1.58351383041901,0.11330439688603633,0.3986521685799286,False
0x6e4d97c086ae5558ca717b10f47db8db0ba11cb0,34.0,45.0,0.5569285380298296,0.6764705882352942,0.1195420502054645,0.07532583887463001,603.75966999965,0.32489408335868386,0.047139977948773566,1.5869992553873389,0.11251281326884355,0.39791513472095236,False
0xd208b4e1e0250610cd092b9067c2a053cb49cbcd,29.0,125.0,0.723315614915485,0.8275862068965517,0.10427059198106668,0.06695010024967003,1297.826054856531,0.37857075790609096,0.04711523228815777,1.55743742865539,0.11936666555904596,0.4100330879188444,False
0xf7f0b0b1e9c0fe02ccad926916ee31aef74b912c,38.0,270.0,0.554994874667325,0.6578947368421053,0.10289986217478038,0.06616135289361072,11590.8043239997,0.38416263588351707,0.047102956736969445,1.5552865483305065,0.11987783958542408,0.4100330879188444,False
0x7c4a7d3b6ff46d6c19ee05184f007d12e8af4f4a,79.0,110.0,0.5104706634833243,0.5949367088607594,0.08446604537743528,0.05415152605027307,314.8999010005089,0.4821834896672712,0.04709548871839932,1.5598091418332123,0.11880499047382509,0.4096230888128274,False
0x0b31f512c0797919b098cea2a4961843c295b2a3,29.0,30.0,0.5703448275862069,0.6896551724137931,0.1193103448275862,0.07529242014081351,207.59760000000006,0.3250887778001024,0.04708553323358079,1.5846262426476585,0.11305127885641464,0.3986521685799286,False
0x05c5a55c0eed25f98a846f9b5a1875a99d358181,44.0,45.0,0.5606427519538248,0.6590909090909091,0.09844815713708428,0.0635105113665205,1282.5049171064206,0.4036848584885987,0.04707464886329354,1.5501080847694313,0.12111557588678101,0.41151667607855036,False
0x2c082ca6c395a027f6ea30a1a870cb0e7d453704,29.0,30.0,0.9130082073714911,0.9655172413793104,0.05250903400781912,0.020701813636413737,7396.076174070148,0.8643422284764908,0.04705389793242445,2.5364460781087144,0.01119839870476036,0.08672873951824915,False
0x3308f2d02d40fa571da699c62c168f859afdf04b,167.0,1204.0,0.4822640870191138,0.5449101796407185,0.0626460926216047,0.03499939200328195,41978.75514405663,0.6903197757876781,0.04705383472822712,1.7899194539073786,0.0734668609383502,0.3173719168509299,False
0x978f75054e9beb93bc208b1140ec33fbfe1ae14d,191.0,261.0,0.685411983268761,0.743455497382199,0.058043514113438055,0.029468511975018763,1080.7085150928779,0.7587120842020483,0.04700532429727266,1.9696791667880305,0.04887515209963178,0.24523155109912523,False
0x12ce0c14ea895e01e80c40923af99206cc12570a,34.0,43.0,0.8460453997020031,0.9117647058823529,0.06571930618034989,0.03858240695090948,12925.684236545389,0.6471838460900441,0.04687089453402571,1.7033490488026881,0.08850276666429058,0.34583126549576576,False
0xc23dc0eca9e1c2e293de8911b9ac254f0bcd82c8,44.0,258.0,0.6885307013507588,0.7727272727272727,0.08419657137651383,0.054338977114482136,87756.44665273784,0.4804580902857525,0.04684149655047931,1.549469199597322,0.12126897007355497,0.41151667607855036,False
0x0adedcb79423aed988a849827ff80b8cc7b3ed94,71.0,112.0,0.6168145383969207,0.6901408450704225,0.07332630667350193,0.04579310553957755,43551.64093600471,0.565621534137846,0.04681629425360747,1.6012521057373645,0.10932109229603904,0.3904973643095355,False
0x6f0b184bb8c99a36c4211bc150cb4994e5bd8202,22.0,24.0,0.33422510822727275,0.5,0.16577489177272725,0.09703929185546464,118.36000000050001,0.22479199983534195,0.04679725276437741,1.708327509434436,0.08757558963763423,0.3448159576226393,False
0xdfead66f8a902d72e8ea311d390e78a25d478006,60.0,126.0,0.6952199460005376,0.7666666666666667,0.07144672066612906,0.04436070420373255,313.89273154003473,0.5811675185582461,0.046672707576528506,1.6105858089628222,0.10727002891298731,0.38909902189394413,False
0xbe9cf108c8b2e74ee0a8a112c0fff74227f41700,33.0,56.0,0.6669115222029953,0.7575757575757576,0.09066423537276212,0.05916067725314329,482.7401806673448,0.4382572130925804,0.04664175294296573,1.5325084090031271,0.12539702412006326,0.418925457452016,False
0xa940c4b390432b1421f46f7976174d5890312fea,56.0,56.0,0.6437172278678572,0.7321428571428571,0.08842562927499999,0.057685521100503026,276.6799290001596,0.45072636084458195,0.04660993242093041,1.5328912279554479,0.1253026575899041,0.418925457452016,False
0x998aab308ef3827aef3fd429c5f2b2e12f9f802b,33.0,58.0,0.49309237532587774,0.6060606060606061,0.11296823073472835,0.07268162446607211,386.0306879996509,0.34076182722128434,0.04660161535434999,1.5542887430572232,0.12011555745174851,0.4103020167788866,False
0x1793797bdedaab854f300cf2b587b98b8c644ebb,42.0,42.0,0.5152136245119048,0.6190476190476191,0.10383399453571428,0.06756322573807033,502.34339169378944,0.37429105762246023,0.0465581964316381,1.5368418751682869,0.12433203611769805,0.4175160431608636,False
0x31c1a77f809dd278c7c66a4941cad97072b87047,20.0,22.0,0.5577007735532953,0.7,0.14229922644670473,0.08737648488958612,50071.86637490263,0.2634378179039049,0.04654417082127675,1.628575773293262,0.10340285637700619,0.38042220627146783,False
0xa42f127d7e8df9f16881ffcc9ed0bc0326875f5a,117.0,11742.0,0.47539283110895275,0.5470085470085471,0.07161571589959423,0.044860606833380515,317415.86968300695,0.5757024502934068,0.04644673882162555,1.596405420140358,0.11039830680739993,0.39289023878315926,False
0x969095fefb7d1741d430fb1e4695515fd27d1ed2,56.0,140.0,0.5320213240917824,0.625,0.09297867590821766,0.06100447983386477,396.196051,0.4232078566310616,0.04644185911711484,1.5241286568040435,0.1274765753801279,0.4224015368502771,False
0x209f44d8e117c9bc443a3cadae55e6ccc9cb0eb4,26.0,29.0,0.4875054627546867,0.6538461538461539,0.16634069109146712,0.09805445314809583,122.88823000098704,0.2211857276326556,0.04636891481788065,1.696411389294433,0.08980799830604469,0.34829297388163794,False
0xe24e9a2a641b4e853e9490442f27a379c82aeece,87.0,94.0,0.6605552555394026,0.7241379310344828,0.06358267549508011,0.03725727905643971,5428.649766954359,0.662975276914906,0.046297982984999646,1.7065839778251386,0.08789940527309659,0.3448159576226393,False
0x8584eb6388f3e81395e13ab5906661743cfc6b7d,52.0,106.0,0.660166446430843,0.75,0.089833553569157,0.059131794544797854,469.5362369262792,0.43849766794191564,0.046296344799452646,1.5192089849581631,0.12870990041691743,0.42393720712034494,False
0xa517c9abd2ae12052409bfe64cab0002928e30a4,24.0,49.0,0.5651926311358585,0.7083333333333334,0.14314070219747485,0.08838511516337785,200.0575200021476,0.25900796410491095,0.04618622688868119,1.6195114067892828,0.10533727421081096,0.3858875428830703,False
0x9bbf89423725763b21fe189fe316a6c83e9449c1,52.0,122.0,0.4949594149937997,0.5769230769230769,0.08196366192927723,0.053913359431472165,438.5577330005407,0.48438494877148175,0.04604225003444563,1.5202848198220529,0.1284394075728228,0.4235872533635678,False
0x3ca9089f59d506a6773a4d68227a1ac97806424a,334.0,4017.0,0.531990064435712,0.5838323353293413,0.05184227089362947,0.02170073089258852,16580.53125100369,0.8529068400446143,0.0460253657281434,2.388964277297003,0.01689594512148407,0.11971055623161377,False
0xa4c8ffe1b8361674c62a32e95d9e85f7736534ef,54.0,215.0,0.4403422485118244,0.5185185185185185,0.07817627000669428,0.051072480189632986,322.4796249972527,0.511444119741975,0.045990345020633615,1.5306926492785244,0.12584537134235085,0.41986444073987433,False
0xc51046c3c92f2edf794160088cb7e95206115c9f,20.0,23.0,0.7135315881072868,0.85,0.13646841189271322,0.08583184939437608,1765.2175481822724,0.2704177346775472,0.04587482302573979,1.5899507333888927,0.11184591058253002,0.39676836780240016,False
0xe2461f9519cada58eb1a3ec91f5b9c6e21fbdedc,132.0,269.0,0.48240068003615383,0.5454545454545454,0.0630538654183916,0.03780240970964909,1072.0733732900771,0.6564537247743297,0.045616378493788544,1.6679853454500033,0.09531863592934386,0.36204235944297175,False
0xa65782757e48fb8fc62bd7295c29ee0a0eae31a1,22.0,255.0,0.5408633174468649,0.6818181818181818,0.14095486437131702,0.08840166124246714,691.3547449998721,0.2589361197277171,0.045610834106940806,1.594482076357225,0.11082810209184579,0.39369927726566156,False
0xcf73e77b425de23de3731c1029ea7fccba7ef42a,138.0,170.0,0.4767935779536167,0.5434782608695652,0.06668468291594859,0.04162954829545492,211.55687,0.6117455873647597,0.0455682500087613,1.6018593918596318,0.1091867060194367,0.3904973643095355,False
0xb5677a99ceb3cee7feeb1b1f5c490e745b144d4a,22.0,113.0,0.4003779344982899,0.5454545454545454,0.14507661095625557,0.09040684953012254,109.91029679810467,0.25042179399004766,0.04554757047695149,1.6047081798588467,0.10855804094060417,0.390475854373526,False
0x3b5c629f114098b0dee345fb78b7a3a013c7126e,57.0,2803.0,0.4732677017687349,0.5614035087719298,0.08813580700319486,0.059247980728248315,561813.907089807,0.4375312821145157,0.04547859690562784,1.4875748661789139,0.1368630458377753,0.4398825885663398,False
0x74af5773ba519ed3c254cae38db699fdf72abc8b,36.0,36.0,0.8847469535777779,0.9444444444444444,0.05969749086666666,0.034800986688602494,426.050098202311,0.6927451404236917,0.045133321193484316,1.71539650300254,0.0862725561216966,0.3425956368966408,False
0x8cff5711cae958b774e568fd38050853541feeb8,32.0,1340.0,0.3266715725663438,0.46875,0.14207842743365617,0.08992748801562973,1874.6319839685239,0.25242296747910586,0.04505647603457653,1.5799221191296082,0.11412470303989486,0.4004832483550051,False
0xd32e92fdcaf41c886400bdc747525ca22f03b577,49.0,79.0,0.5844955589574268,0.673469387755102,0.08897382879767535,0.06051397364181272,15289.115301306772,0.4271539470390848,0.04504955183283008,1.470302203658264,0.1414799244946976,0.4499096489171703,False
0xecae02fb51a11dd8ada7a7dc9f25a3212e3fc544,149.0,1454.0,0.477095455458982,0.5369127516778524,0.059817296218870365,0.03517670441111245,28267.343396008222,0.6881550290449486,0.04499819024743826,1.7004803952008039,0.08904060095751953,0.34699769235232303,False
0xbf9fac047602cfd5a2097d2f1c028b95b427d173,24.0,29.0,0.7445199499733396,0.8333333333333334,0.08881338335999371,0.06050045430299216,2078.999902017821,0.4272632960282112,0.04498938396930565,1.4679787843444554,0.14210998586897516,0.4513567162020775,False
0x157eaba3d17f22b38c3fa957dc1c7fc4f4587aca,119.0,254.0,0.6737687589311199,0.7310924369747899,0.057323678043669904,0.032315230702544225,1272.5629730285466,0.723361754120349,0.044867452105515564,1.7738904162970042,0.07608127828921152,0.3227197643221653,False
0x30dbdaa5cf6714d506b4c140b1368f4d5d5f44e1,42.0,492.0,0.64477670591221,0.7380952380952381,0.09331853218302806,0.06384462214717304,7616.856765561216,0.4011613160662844,0.04479943452843774,1.4616506299921783,0.14383697260356065,0.4551601869258686,False
0x87dc9ff3199966fa22532488d3a70d4c4fb6a465,23.0,27.0,0.7523448330347826,0.8695652173913043,0.11722038435652159,0.07807800680582595,327.1199360020039,0.3093540841805157,0.044755166138934585,1.501323985485948,0.13327178413314744,0.43342740388321216,False
0x2c752b17c61a34da5c2ee876939da7101318fd50,69.0,98.0,0.7781647869621625,0.8405797101449275,0.06241492318276512,0.03858050803753319,12809.817704856801,0.6472063224695818,0.044733477716289514,1.6177838591976168,0.10570918606445145,0.38615296155838574,False
0xc718ff81acd22596bcebd234a5d429fd34e164a8,178.0,1687.0,0.5578362337805937,0.6123595505617978,0.05452331678120412,0.028752125759867554,75142.45930635331,0.7676078376627895,0.04471014695630805,1.8963229792667433,0.057917349492968784,0.27650141918859616,False
0xa82b7aac5aed19efbcde1cbf2f862b668c75f016,38.0,39.0,0.8271160106429799,0.8947368421052632,0.06762083146228326,0.044124802804418,124.74988299987429,0.5837609885110944,0.044592706905340576,1.532490281305296,0.12540149404922696,0.418925457452016,False
0x92792444e44cfd970a7bc7182ba1387f01caed18,37.0,42.0,0.6107147740626002,0.7027027027027027,0.09198792864010259,0.06334235175283442,184.959,0.40496194644114547,0.04456852533728031,1.4522341860473524,0.1464365001659973,0.4588818152224873,False
0x4ba80baf8b477b688962c0ca4b91e8569170f50b,29.0,81.0,0.824441521230206,0.896551724137931,0.07211020290772507,0.048309725706429656,17207.89913097476,0.539172130083931,0.04454640428128747,1.4926643000609658,0.13552508273981712,0.43854352369634675,False
0x59d762793f3bfe67285ad97371aea22bb73ff69d,47.0,69.0,0.5330289776416908,0.6170212765957447,0.08399229895405383,0.05779838716468428,246.6606283882631,0.4497587080592874,0.044542336987012654,1.453194510683067,0.1461697558476136,0.4588818152224873,False
0xf2eadf0f8a426283cdc88fe98bfe99b3ec537bf7,36.0,36.0,0.9186110956472222,0.9722222222222222,0.053611126574999994,0.02791754571092256,120.81698900467882,0.777950979580203,0.04443726514155352,1.9203380959818752,0.05481520730735223,0.2677432190258739,False
0xcbef04dead0a5d75b28d2bb4ef149a222da10c11,49.0,52.0,0.6260737076726359,0.7142857142857143,0.08821200661307835,0.061028140566464,16312.407556524864,0.42301855279315603,0.04441019613400666,1.445431661431814,0.14833667548745422,0.4631480461042911,False
0x334d68a34150bdf553f1f65c2605697b503f7acb,26.0,65.0,0.5691508462995498,0.6923076923076923,0.12315684600814247,0.08186602014952454,142.17599500012045,0.2894838974113586,0.04438881999373736,1.5043707484888373,0.13248593170418266,0.43196108453234777,False
0x22736f13c7378517969e92c3ae5517e17be97e01,25.0,310.0,0.4685539788884545,0.6,0.13144602111154544,0.08621565801012161,978.2879623231238,0.2686608437223266,0.044307346858523985,1.5246188934278484,0.12735418214037852,0.4224015368502771,False
0x16e7c09d22be36f57b9bde31953b7bc1aa5e978b,57.0,182.0,0.6143163491934635,0.6842105263157895,0.06989417712232608,0.04694238533904343,394.11790341344545,0.5534040392389162,0.044171309146275275,1.4889353537855465,0.13650439276375703,0.43950665285609164,False
0x5471604e05accad637155999bbf90d9fad76a236,35.0,562.0,0.4866528079905292,0.6,0.1133471920094708,0.07703222136606326,8248.157347447814,0.31514560055084784,0.04414221471957622,1.471425722891151,0.14117602120660422,0.44979087378989135,False
0xa9753050608809ac9a610158e49daf7686b142ee,116.0,229.0,0.534908853929045,0.5948275862068966,0.05991873227785161,0.036984447249253476,3388.4686517224377,0.6662518585001975,0.04402491718405583,1.6201061996150574,0.10520946590318059,0.3858875428830703,False
0xab417c0bacc9fe17368d5d662c957f54a1fcc453,50.0,274.0,0.6623934266074575,0.74,0.07760657339254258,0.053767959556282774,2119.063716997023,0.4857340226152858,0.044019849972152456,1.4433609538652146,0.1489188173348719,0.4632830276316461,False
0x38127d8df27d47c3cf705f8f0d53850e2933e627,36.0,36.0,0.9191666434500001,0.9722222222222222,0.053055578772222216,0.027908068297074273,120.82056180011139,0.7780682626822952,0.044009856529604506,1.9010838803839487,0.057291026632259934,0.2756596225458925,False
0x64d4c540211c48ce4cb7b853ffcb0df2b438f056,61.0,216.0,0.603525175805574,0.6721311475409836,0.06860597173540951,0.04607667340377906,6480.156594050073,0.5625856414199022,0.04397542179847595,1.4889523628192889,0.13649991342095213,0.43950665285609164,False
0x286380b38709f3a96d5157d25daaa4f49dd11114,24.0,77.0,0.5851368927724284,0.7083333333333334,0.12319644056090488,0.08264075466995922,107.593950000104,0.2856246821936108,0.043972295430830775,1.490746799843638,0.13602798395410942,0.4390690495840403,False
0xa2333c77af09a84f4dbba85f39f0f75a1430dfe8,32.0,116.0,0.5543521511286859,0.65625,0.10189784887131406,0.07068086117146842,428.74817399762856,0.3534122768502377,0.04396274853061771,1.4416611114020628,0.14939799938823928,0.46421378364128807,False
0x488819b16bdba9c86c230bcc1a4869facc9d6fcd,23.0,23.0,0.7767390733739129,0.8695652173913043,0.09282614401739128,0.06508646191267774,57.1367570298923,0.39194184440074736,0.04385946712631114,1.4261974193946825,0.15381136433987197,0.4739301178405374,False
0xa8a7ec5f7218c8ab9f32544852563409b17364fd,34.0,52.0,0.8064681789987922,0.8823529411764706,0.07588476217767841,0.052793880760986435,191.86172136322398,0.49487155597905347,0.04376454710212707,1.4373779893399246,0.15061061949546284,0.4668567159600946,False
0x44325f538c466cd3e426f243360a177df7bb1a32,269.0,630.0,0.8113615697737113,0.8587360594795539,0.04737448970584262,0.017710242483423767,6638.311714004936,0.8969688528691863,0.04376036925734203,2.674976909558616,0.0074734397273044095,0.06407172692862088,False
0xb66c2855ecdf8d41d6028b749fe7970f291ba0f5,21.0,135.0,0.5315648702143417,0.6666666666666666,0.135101796452325,0.08930529762154829,175.9998460022724,0.2550522725546017,0.04361830659913982,1.5128083109341386,0.13032835713866997,0.42762955860131024,False
0xb695b99835ff1c58bc8e5369e8cc5e6d85a0f967,21.0,33.0,0.5150789882691542,0.6666666666666666,0.15158767839751236,0.09764037497605693,347.51996800246263,0.22264715790485043,0.04330932324324052,1.5525102032298035,0.12054019325031073,0.41066467423058306,False
0xba8c5fbcc5f58b0e4ae0c1413e0413f8c803e77d,23.0,38.0,0.9410506007724081,1.0,0.05894939922759192,0.03715751753477068,103753.98322309162,0.6641724106967885,0.04328208507131819,1.5864730245347842,0.11263204666393767,0.39791513472095236,False
0x2cb13c61f50fb62553ff183374cacf62380b7d0f,37.0,37.0,0.9213513316702702,0.972972972972973,0.05162164130270271,0.02711756678181205,117.84457640530702,0.7878330280585073,0.04327815559160515,1.9036236443354397,0.056959217183087496,0.275605668133551,False
0x4e8bd0ddaca3204bf58ef00736ec2a1d068005bd,22.0,180.0,0.9564014584094293,1.0,0.04359854159057079,0.005362221036360613,157747.65949880093,0.9895796492546817,0.04327236385091495,8.13068713410619,4.440892098500626e-16,3.3685472711862105e-14,True
0x8452967559206734560acae44a1f90a08f4ea766,70.0,380.0,0.538835480849757,0.6142857142857143,0.0754502334359574,0.05329236917592815,688.3290719739161,0.49017370937980037,0.043252824866912384,1.4157793057929544,0.15684013034301025,0.478121390253692,False
0xd1553bc3632eb34a0dac37ceafc46e2f1e1a8250,146.0,1094.0,0.4899545448456762,0.547945205479452,0.057990660633775885,0.03613029472683962,5057.4005219991595,0.676561130881068,0.043211408908761156,1.6050425570067979,0.10848443941734298,0.390475854373526,False
0xf6f7e573b3739242e7b162cf5adc0474abb2c7a2,82.0,83.0,0.7307064875006694,0.7926829268292683,0.061976439328598885,0.04072367839762794,2269.1397934377555,0.6221435938754609,0.043204574590888764,1.5218772411337202,0.12803984275080227,0.4228101849607158,False
0xd43fb4a122de3bf97fbea546e772c34542a10bb0,21.0,32.0,0.524204557628368,0.6190476190476191,0.09484306141925114,0.06755955803194853,559.7736910007211,0.3743164857088332,0.043195069566306615,1.403843722222108,0.16036539111391224,0.48259316649099143,False
0x1c70ac3d24049820abc5e31af2cac9710124b25e,68.0,140.0,0.6748210726639167,0.7352941176470589,0.06047304498314211,0.03910178889885378,8171.950759885139,0.6410535190987283,0.04318026136242518,1.5465544335981722,0.12197072460341807,0.4128116781525134,False
0xf988e28c12d3fde9973159f0596612fc249a32a7,38.0,44.0,0.8892348221381794,0.9473684210526315,0.05813359891445226,0.036377221414941284,732.7339954229188,0.6735731005896912,0.04317115290059092,1.5980769463215498,0.1100258535679497,0.39247119827350246,False
0xb0c5b56a33e646a6d3f53fe3737cc1159692b613,34.0,69.0,0.5180387963585792,0.6176470588235294,0.09960826246495025,0.0707335203182614,1455.8383834546132,0.3530719827319203,0.0431238689232177,1.408218649612922,0.15906633556207783,0.48139605634387583,False
0x2acd8c46d4ca1fd46a2dc8269eecd94606fed0b6,23.0,31.0,0.6785331926748662,0.782608695652174,0.10407550297730768,0.07349534319832209,11795.999942391782,0.3357775972142089,0.043113865779353874,1.4160829577524001,0.15675121716714013,0.478121390253692,False
0xd809c54478c5e50fe2aa20acccf0857baa0a6542,72.0,367.0,0.584004182696507,0.6527777777777778,0.06877359508127083,0.04786947359911671,18730.9960479347,0.5437180939522356,0.04300414094217284,1.4366900220632433,0.1508060913838023,0.4669014521954695,False
0x140022f7b26d88d162e367761c5b9dd99edf765d,37.0,99.0,0.385041259569031,0.4864864864864865,0.10144522691745547,0.07224850356537312,873.5327219993253,0.34345229213432904,0.04291486690792043,1.4041152676008588,0.16028452792462144,0.48259316649099143,False
0x98db8cca55c32b24cfb414b5b43d273f4e1fdd17,647.0,30277.0,0.5220577433955322,0.5687789799072643,0.04672123651173199,0.018475913620842926,1604535.8518714285,0.8888788842235329,0.042895926848262184,2.528764610537318,0.0114464766372957,0.08785852157019527,False
0x0e41d9278f428db7edba3c2d43fe4ea3d7d5b875,49.0,62.0,0.7222346242699086,0.7959183673469388,0.07368374307703018,0.05244917138513621,6360.722605223545,0.4981467610036363,0.04287638100085524,1.4048600031441436,0.16006291216034407,0.48259316649099143,False
0xbb898773988345e7abad0f10ba43e57ff9e9c7eb,24.0,24.0,0.8944304235958332,0.9583333333333334,0.0639029097375,0.043345015887995525,948.5098989936944,0.5923992409269514,0.04286811801259357,1.4742850689598668,0.1404048535777318,0.44814866012001275,False
0xfe90414e4e858f5ce8e2e895bec19913fae05ce2,52.0,268.0,0.6108799564269307,0.6923076923076923,0.08142773588076166,0.058878700164128286,326.98620187787304,0.44061100084964516,0.042756510557692765,1.3829744144109235,0.16667271116491045,0.4940792207980506,False
0x22da1a1fc2b14f5c76b0e179048734c015ef2866,230.0,2822.0,0.5446772665552883,0.5956521739130435,0.05097490735775524,0.02720172654173309,28982.856536971274,0.7867952686480308,0.04272849839925706,1.8739585253733493,0.060936141811999356,0.2853980733464387,False
0x061ae28f6499443f63777d5a7406b4c8eb9a5a89,46.0,68.0,0.5558695670976926,0.6521739130434783,0.09630434594578574,0.06947794191181085,552.4898189995686,0.3612962308024697,0.04264824952724909,1.3861139707912757,0.16571210500469036,0.4923635009298346,False
0xaf3bbbee4f616435dbe0c1bb33e2c6d0f2909035,21.0,38.0,0.6397537668539676,0.7619047619047619,0.12215099505079431,0.08458562773583463,1725.9999179950798,0.276227432733877,0.04264136075740719,1.44411052232512,0.1487078886929878,0.4631855615207917,False
0xe8e086f7ef06af27889edfb5026e1453c61d7eec,210.0,2547.0,0.485959828425718,0.5380952380952381,0.052135409669520086,0.029483758081214204,29687.570349994166,0.7585226548869807,0.04251522741289393,1.7682755884073866,0.07701484289466043,0.3256086554513594,False
0x74d4d747184c4c27cad03a32cab53c9a338b27cd,34.0,34.0,0.9185293776352941,0.9705882352941176,0.052058857658823524,0.029550343253510924,106.86074260500102,0.7576953115027341,0.0424242638956641,1.761700607407947,0.07811989518200191,0.328129005984337,False
0xc7b34c7d09a7bdc35b40634e5caba5ae8412d0ee,20.0,63.0,0.5721954075951399,0.7,0.1278045924048602,0.08799827126704222,147.00990199752985,0.26069522318841065,0.04240894430910821,1.4523534447287094,0.14640335407100213,0.4588818152224873,False
0x2638ebaae21b8fb40e5a91743e0e38bc310c8e2d,23.0,469.0,0.5094977576334305,0.6521739130434783,0.14267615541004755,0.09539651678442732,4275.693987000017,0.23079847856388094,0.042387963955030444,1.495611791911235,0.13475484847338226,0.4365989374533327,False
0x77bdeb3f229bf6d826d20dbd5f0c7972c32ae48f,52.0,1485.0,0.49509343974610015,0.5769230769230769,0.08182963717697679,0.06004514550407597,3207.700170000473,0.4309644452211868,0.04226283788894765,1.3628018799858193,0.17294495848269031,0.5025459069679165,False
0x1882166ed4d70bc47679056810e8a31232381af4,25.0,47.0,0.6463284680547067,0.76,0.11367153194529336,0.08066797305599734,302.2699119981048,0.2955858424728964,0.042261558885931604,1.409128401755997,0.15879720400428354,0.48139605634387583,False
0x39b286cde7bfa4bca0158a950c29df75485b157c,60.0,83.0,0.6211983853652926,0.7,0.07880161463470726,0.057861766241700925,1223.0966310035446,0.4492163239683246,0.04217171022414374,1.36189438645091,0.17323121802810304,0.5025459069679165,False
0x7629c3d8c561e1d0babf66261eee0dcd09d6226c,96.0,107.0,0.6986604221516192,0.7604166666666666,0.06175624451504752,0.04248595137984974,1707.9690449977359,0.6020296405438289,0.04207275179502631,1.4535685917189394,0.1460659500176451,0.4588818152224873,False
0x7b879055ce04b40637705f8e87789239fc0bd16b,23.0,23.0,0.5560868680217391,0.6956521739130435,0.13956530589130434,0.09456260743627355,26.3154760001102,0.23393061859105532,0.04206860818608048,1.4759037390689385,0.1399697356049523,0.4478684219915285,False
0x8b6f0fbf1b341e5c911d126f605548fc8050aab3,28.0,35.0,0.4740152392649084,0.5714285714285714,0.09741333216366303,0.07134085323005074,891.9599630090788,0.34917621874896027,0.04201730563239894,1.365463514285947,0.17210741305401767,0.5025459069679165,False
0xae0249866c927ddb01faa2fe0ea4e11957b47ed0,53.0,83.0,0.5728059063377521,0.6415094339622641,0.06870352762451211,0.04967702684556823,491.9876821864362,0.5252761614508158,0.04192579030956571,1.383004015882268,0.16666363453352995,0.4940792207980506,False
0xb1b276e95277b727e7a4484231cfa930ab45a6a3,22.0,123.0,0.6541348840004294,0.7727272727272727,0.1185923887268434,0.08410063380060162,284.9198210026287,0.2785325923755518,0.041903404947768945,1.4101247917824258,0.1585028380043707,0.48139605634387583,False
0x23447e2f8f088433717010381defa92e349a6ba3,107.0,170.0,0.6913868330347775,0.7476635514018691,0.05627671836709165,0.036478828114904154,290.2303845694425,0.6723453581486747,0.04186641179264059,1.542722759344856,0.1228980573275047,0.4143190716962544,False
0x31fd781bc71feeebf07274f7167689993dffe144,30.0,39.0,0.558111000559008,0.6666666666666666,0.10855566610765867,0.07864855179902755,5510.551524194737,0.30625160496070536,0.04177605825047626,1.380262746414625,0.16750576077495305,0.49545961744329403,False
0x5b1fd7a4d8be6504c2d18c6c6a62a50647cc57ad,29.0,69.0,0.4742266389090234,0.5862068965517241,0.1119802576427008,0.08072378448309589,1131.4011169958742,0.295297910005642,0.04173293997023229,1.3872027725131026,0.16537994027958147,0.4923635009298346,False
0x2b9582ae179664d7d792666467a77d1af101898a,39.0,43.0,0.6773946152484978,0.7692307692307693,0.09183615398227155,0.06849598345119977,220.86394800000676,0.3678912363885871,0.04155847275013479,1.3407523967839745,0.18000085641923413,0.5123865438247294,False
0x18f39c8683fed4cba8acc3204cff4a54c2c6f871,37.0,177.0,0.7073742684451219,0.7837837837837838,0.07640951533866194,0.057055228430145384,28544.646154088827,0.456171934264136,0.04154308497912193,1.339220215938889,0.18049899308219053,0.5124584326709958,False
0xb7517df5c2da63e5b50b85c17e3ce21e3d6903c4,41.0,57.0,0.5595946336477386,0.6585365853658537,0.0989419517181151,0.07321095537835551,85.51917706409182,0.33750916379673496,0.04154016655588261,1.3514637420968125,0.17654692697867858,0.5077002427035342,False
0x3c76432c4c30bb1661be2357ed97a26a84266e88,32.0,40.0,0.7559262135051293,0.84375,0.08782378649487071,0.06584383415624516,196.45710000000003,0.3864414100859831,0.04148340128490929,1.3338194474894625,0.18226303588438686,0.513494898514626,False
0xe71359d50ea42c73bff065ec47f418506a7ac9a0,25.0,137.0,0.8142415962165827,0.88,0.06575840378341737,0.047668258228475056,13214.649399777938,0.5458073487188223,0.04147642231130528,1.3795008718010175,0.1677403776251225,0.49553543401510985,False
0x51d80bf31c374f1fbad43cd90b29295633587536,48.0,83.0,0.5658320969281142,0.6458333333333334,0.0800012364052191,0.06008772252781047,104.9351390525879,0.43061681963505194,0.04145132628313402,1.3314073664248471,0.18305500686887832,0.5142689136327202,False
0xb4bfe836c584d3439507b390d42f907bccd860f8,428.0,1441.0,0.5845047781155801,0.6308411214953271,0.046336343379747014,0.02139323954860326,5632.915362000298,0.8564516750225217,0.04144998794378473,2.165933928542031,0.030316236185292667,0.1831043867022712,False
0xe9b8dc8ced6e8017ea50303e494e266ece9aab1f,98.0,115.0,0.7137602590083357,0.7653061224489796,0.05154586344064379,0.030800085324543373,125.66757800028691,0.7421629749991091,0.04142593702552014,1.6735623585941473,0.094216641461075,0.35891391185836397,False
0x01826707cc43f2270691a71c4c3bdacd2bbc301c,29.0,343.0,0.6513800648349376,0.7586206896551724,0.10724062482023479,0.07864084860802663,6296.879523981784,0.3062932274498285,0.04137727655436759,1.3636758341044792,0.17266961304058936,0.5025459069679165,False
0xc15cbf748934b2991249344f87ee53e5f4a8a6b0,27.0,59.0,0.5214271592165756,0.6296296296296297,0.10820247041305403,0.07943129720975702,207.9833635112851,0.3020597101616478,0.041265863969839216,1.3622145705026063,0.17313017884007764,0.5025459069679165,False
0xc181a8adf3ad0ce96f00f2a6d1feb758e3ba0992,21.0,23.0,0.4313317007730075,0.5714285714285714,0.14009687065556392,0.09656728621395523,29147.373522110884,0.22649592572405058,0.04124280132193627,1.4507694701616052,0.1468440635792032,0.4596005339451032,False
0xfa7f0bd1997bf5e2f97120d81cc202f2cf40d867,43.0,49.0,0.6298805538520575,0.7209302325581395,0.09104967870608194,0.06855526882362152,71.74993399985765,0.36748894897541073,0.04123745399564293,1.3281208033817775,0.184138201951348,0.5156269520440028,False
0xa8a5d49e6958d836c5ef4b57263466d59b0ee382,27.0,43.0,0.7312198304055971,0.8148148148148148,0.08359498440921767,0.06342741774259106,170.12471400024438,0.4043153277724259,0.041123599405917435,1.3179629154772328,0.1875160624817307,0.5208156356420148,False
0xdf68907087aa5f854d634e12fef1d82ed4c7ed10,20.0,69.0,0.7480247642359632,0.85,0.1019752357640367,0.07601469840361054,762.7010780187364,0.32091339890767817,0.04107564132013273,1.3415199679223235,0.1797516910771031,0.5122426644064628,False
0xd418b027de65b53079e9b151dc8edcc125ca0c39,20.0,32.0,0.2528105745152111,0.4,0.14718942548478883,0.1004550341462464,30.012578000021996,0.2129650935922188,0.04102402322904615,1.4652269718061581,0.14285900317434774,0.4531775758753294,False
0x0bdc847347571342e1563971e8ba206c8b03e345,45.0,71.0,0.38345014489365387,0.4666666666666667,0.08321652177301281,0.06347119207414885,432.89687800106935,0.40398304953781633,0.04094701599782812,1.311091206161638,0.1898269514073867,0.5219559626595736,False
0x71389d69bb86385f122e18bb427578f1d70e8c89,24.0,223.0,0.5112874523692861,0.625,0.11371254763071388,0.08336899826561843,10609.805634047321,0.2820578201330259,0.04090172464957567,1.3639668221563508,0.17257800797692546,0.5025459069679165,False
0xa6db8383b756f1e58c504ff4179e19427dd73155,36.0,254.0,0.4745258427385065,0.5833333333333334,0.10880749059482689,0.08051752814490828,2184.897159998453,0.2963637973605079,0.040898898284091,1.3513516013433107,0.1765828296646259,0.5077002427035342,False
0x9dbd01fd5ae031f02e04ba70898a4f8be222e893,22.0,25.0,0.6291659875150722,0.7272727272727273,0.09810673975765503,0.07397093587714802,24.663951139253122,0.3329065253356898,0.04086332158214029,1.3262876641251653,0.1847444313328901,0.5156449008739432,False
0xbfd770b7ff07fb2ece41b0e7c593db65a84cf0bf,566.0,3046.0,0.5391448082596858,0.5830388692579506,0.04389406099826469,0.01726796597478256,114937.60277833897,0.901550281312532,0.04078329485126869,2.5419358054310397,0.011024041859554634,0.08563555408370904,False
0x07d06f2253e9d7fa42a6d8dbe88ae29a98e61310,23.0,77.0,0.5848106044373607,0.6956521739130435,0.11084156947568274,0.08198613307741417,1540.3495121950848,0.2888811606286865,0.04076434903695765,1.351955084538775,0.17638968422560253,0.5077002427035342,False
0x8165f885f94e120a28c4d38396acfe4b871b97b8,67.0,132.0,0.8953643870669526,0.9402985074626866,0.044934120395733836,0.02008653548495913,36288.391222711536,0.8712634862510032,0.04073247326376349,2.237026909363273,0.025284581350926816,0.1617243761811805,False
0x83ce1d62a672f163e011a49f42cbc2af0dc1835c,31.0,252.0,0.47056802805551334,0.5806451612903226,0.11007713323480935,0.08172098127651002,3105.739334004454,0.2902138891923929,0.04067383278577621,1.3469874139464115,0.1779842862679808,0.5094577960989151,False
0x0ffebebe5dd3920ab91249146c9f9827a87f9150,30.0,310.0,0.5360297055823527,0.6333333333333333,0.09730362775098064,0.07391219068306057,1529.5100064120052,0.33325949547397743,0.04062596531481176,1.3164760353028069,0.18801431673875735,0.5208156356420148,False
0x1b8fd32e5e171c8f07f05f3b0ef904be732ff31b,40.0,81.0,0.5634729197201256,0.65,0.08652708027987441,0.06656750011026226,1217.596957150181,0.3812710246405932,0.04059849984926019,1.2998397136222803,0.19365591099671198,0.5296273536166703,False
0xc5f4182c8fc12563aef0ed2dbcce7d70d5938cf0,25.0,57.0,0.5607854137330304,0.68,0.11921458626696961,0.08730423179334303,617.3132570004079,0.26375898346270055,0.04049714197634797,1.365507534035249,0.17209358676653697,0.5025459069679165,False
0x6e38803d2a88292a7bca7fd86e25189d287fb4cb,23.0,58.0,0.5810730712209619,0.6956521739130435,0.11457910269208153,0.08500318106314804,379.15999200094234,0.27426278368202656,0.04034884704849895,1.3479389978001155,0.1776780037481882,0.5091461907406416,False
0xfc02e3cd5bf506929cd07cdfc324585f38e2ce2a,85.0,90.0,0.8175429267501245,0.8705882352941177,0.05304530854399315,0.03536323269726139,569.9997249903225,0.6858806817388597,0.04024533604131834,1.5000129936678865,0.13361103675326969,0.43398345565073365,False
0x864929c386be023347d02e9eea10c942febbba57,75.0,117.0,0.47520603551961055,0.5466666666666666,0.07146063114705609,0.05531342345178894,3405.9883390324803,0.471591839298925,0.04019784742996181,1.2919220450952744,0.1963841424489523,0.5348201725193749,False
0xee116af853563721c484b94e418494c690cd53c9,57.0,117.0,0.6682661576523602,0.7192982456140351,0.05103208796167497,0.03290370859156876,6294.992800547577,0.7160812096434487,0.04003434065486318,1.550952465423652,0.12091307585831834,0.41139158659446307,False
0x88335d2d601fbbf411e3832407e7665facab07ec,52.0,79.0,0.7176879620340458,0.7884615384615384,0.07077357642749252,0.055043508664351065,95.62776300850048,0.4740304415387034,0.04001644024061737,1.2857751648620654,0.19852154001609024,0.5378015248965302,False
0x9603be44aa12ca2b0bbea870b6643efa4aa4de5e,32.0,58.0,0.8017601697436997,0.875,0.07323983025630035,0.05723974922618164,524.489844001555,0.45457037021838775,0.03999955903633565,1.279527448083232,0.20071138025593527,0.5410240900258813,False
0x56fc0c529f4e5c52ed03fca574bb2c2e92e0d798,42.0,52.0,0.4592225185850905,0.5476190476190477,0.08839652903395716,0.06912494436559487,138.11995700042897,0.36365037788100607,0.03997033562831384,1.2787934926419156,0.20096978605847005,0.5410240900258813,False
0x2ce6df3814a913636059e63a6b473411fbba9d69,37.0,171.0,0.508639968431943,0.5945945945945946,0.08595462616265166,0.0673754016811851,1000.8241249992622,0.37559590574087837,0.03996222133678378,1.2757567898352864,0.20204150657930953,0.5417116877464908,False
0x8fc0d56ace5eb3eedb082477fab86d3ca471ee45,73.0,82.0,0.7329821744534168,0.7945205479452054,0.061538373491788693,0.04638172249707983,1788.6998379751144,0.559335373359716,0.03983924337859478,1.3267806838278402,0.18458124195796488,0.5156449008739432,False
0x8a80528dce46711a54aa3455c2cc81dea51e11c5,89.0,2347.0,0.4672436479722004,0.5280898876404494,0.06084623966824902,0.045640506919143536,26251.550680996366,0.5672610194127301,0.03983689611056331,1.3331630995256885,0.18247828590820436,0.513494898514626,False
0xcc75598e91ffa7e64b625619ee4d5f496221af4d,27.0,68.0,0.28817851232878205,0.4074074074074074,0.11922889507862539,0.08882779149149032,1866.3491,0.25709489622905435,0.03978830957298319,1.342247657818302,0.1795157085954977,0.5122426644064628,False
0x92b983db6fcb43925af1575b3a8524ad60a2eb9d,39.0,40.0,0.8013364868718929,0.8717948717948718,0.07045838492297896,0.055231620918833324,74.35412580439049,0.4723295049210695,0.03976810027644678,1.2756892474063437,0.20206539108651578,0.5417116877464908,False
0xc284fa121dc21d3ea63b2232ea9bca52cf0f5a60,61.0,530.0,0.4678358906322759,0.5409836065573771,0.07314771592510118,0.05767260965626004,1178.471043999921,0.450837201196441,0.03973051890016164,1.2683267908470899,0.20468127352059606,0.5457951229486218,False
0x2422c01b1cc01c5f4ec048c007ca96f8977a2986,48.0,48.0,0.47386052803958334,0.5625,0.08863947196041666,0.06978983709534951,128.06995700120586,0.35923161400651943,0.03972134056619234,1.270091400834108,0.2040520743603449,0.5451799538963403,False
0x58879b12fb0ff9e7e048db7cfe901142134d994e,26.0,582.0,0.5480569217184743,0.6538461538461539,0.10578923212767956,0.08133625749969725,11417.620575049434,0.292161817278528,0.039611541351911486,1.3006405185052106,0.19338153105028555,0.5294383955187754,False
0xad0274ae2b3d2fc3be9d02de928a6c868923221a,22.0,38.0,0.9595446460703257,1.0,0.04045535392967432,0.009276547740671218,659.35189682,0.9694480136820471,0.03959504651308146,4.36103549085461,1.2944836527584158e-05,0.0002954401186251287,True
0xe85500ae72beeb2812d732bd186ddfe58309d9ae,21.0,282.0,0.5273489370530848,0.6666666666666666,0.13931772961358183,0.0999748768886731,702.3979149999717,0.21457565415245314,0.039552202084581045,1.393527393574277,0.16346036722857882,0.489621703928577,False
0x6f6aea5df8a9d50538e784efb196cc55dfbc9888,122.0,207.0,0.5337370967407115,0.5901639344262295,0.056426837685517955,0.041171017469649226,5278.5865381462745,0.6169936077037538,0.0395246551046715,1.370547563637822,0.17051603861619502,0.5002967731412593,False
0x5867d5960a9aa067696c17c340018d0c3e082e20,21.0,28.0,0.38902824188374213,0.5238095238095238,0.13478128192578173,0.09785430696954871,2508.693179975822,0.22189048413895268,0.03947474585021689,1.377366884502328,0.1683988458853345,0.4963435697580316,False
0x029ee14048ed5a3ab3fd908f874d1a84bc32b19c,23.0,45.0,0.34168009503096775,0.4782608695652174,0.13658077453424963,0.09895665794740777,2174.1082959997884,0.2180463473448206,0.03939627057280666,1.3802080361974012,0.16752260039183886,0.49545961744329403,False
0xa0ba402df0203bb95eb5d23532285709da88b2f2,36.0,154.0,0.8951099502176929,0.9444444444444444,0.04933449422675154,0.031698612565260596,8621.397977013416,0.7310055409455096,0.03937149224188654,1.5563613115615857,0.11962219955306175,0.4100330879188444,False
0xc51f24a8102704e5fd2ac1a368a0d54363a1891b,24.0,75.0,0.5154238361701805,0.625,0.10957616382981943,0.08417497904942119,161.67915999995466,0.2781776035024096,0.03935755927298549,1.3017664520651033,0.19299623529672605,0.5289450487037795,False
0x38f1cfeceedc974a52e8e9d554f5e0beb4fe9ff1,35.0,158.0,0.5660539020218578,0.6571428571428571,0.0910889551209993,0.07242311230993641,45193.05934211388,0.3423644982252119,0.039272271722224375,1.2577332320541814,0.2084882495507907,0.5514781493246043,False
0xc110fd11db49913925aee3983741f440afb99a30,27.0,3740.0,0.4986609696815123,0.6296296296296297,0.1309686599481172,0.09639581640924144,60960.65108101933,0.22711925630787536,0.03924927074362042,1.3586550207957082,0.17425593137272832,0.5035493795119331,False
0xbab2fe3ac77ddf543cd6be37864d02a345bd9dec,51.0,69.0,0.5130904968097029,0.5882352941176471,0.07514479730794414,0.060308887755132885,9325.965755979862,0.4288161444468115,0.039246892643335834,1.2459987259763148,0.2127648629112766,0.558210154067327,False
0x299632478989dd858d3bbeae87c412dd3dd57571,74.0,91.0,0.5675325736465272,0.6351351351351351,0.06760256148860785,0.05363895961309693,365.71170120013556,0.4869341648172692,0.03922693610712465,1.260325740398989,0.20755187800667452,0.5497310677227637,False
0x75dcd6528aad470d76dabc85210ae44012d94f82,21.0,21.0,0.5714379263999999,0.7142857142857143,0.14284778788571426,0.10262056646942089,3570.1482656933026,0.2059029653237154,0.039177436378260246,1.3919996039807514,0.1639225178769541,0.48986810382927537,False
0x3783f2d8223f303be7f326928ffaaed78d02171d,20.0,88.0,0.47417931597273133,0.6,0.1258206840272686,0.0939173674672182,7335.03655300551,0.23639354432350512,0.03913292180402744,1.339695600722478,0.18034432839617276,0.5124584326709958,False
0x605e701478a66e7da69382657ec3fd6dc403f559,56.0,116.0,0.7296118174715739,0.7857142857142857,0.05610246824271191,0.04159908642987008,728.1126021910746,0.6120932514767582,0.0391098566238037,1.3486466424519297,0.17745049152539805,0.5090598638976658,False
0x8546a601f7c7cc3dae7141f20b0e09e42bbf35b8,26.0,178.0,0.7229022682557569,0.8076923076923077,0.0847900394365509,0.06821700571365692,143401.25198518188,0.36979142962938794,0.03910402059830876,1.2429457808872442,0.21388781385702438,0.5597394208462139,False
0x40f7a7aad6da78e947ef56eb3207ec7abf391f5e,69.0,149.0,0.5034479643423183,0.5652173913043478,0.06176942696202939,0.04823841067366584,34703.711930856116,0.539906158471062,0.03900726058459073,1.2805029456691939,0.20036830943326356,0.5410240900258813,False
0x39820b9a79c5a1c2fb22d9d67b055468a3fd2bef,55.0,145.0,0.5305428127536435,0.6,0.06945718724635645,0.05582943764091128,5385.234280104854,0.4669665655498986,0.03898865603730129,1.2440961288755465,0.21346418562092184,0.559475746662965,False
0xf8371076fb3df0fcfcdb4d9f16bbe98bb241bd42,20.0,53.0,0.7712347547833567,0.85,0.0787652452166433,0.06420136587518793,298079.1692524059,0.39848709204637717,0.03878346659247373,1.226846876899295,0.21988014817761936,0.569348295331406,False
0x5e0f00d264729a00d0970dbfc973bb5bb6ef8b08,29.0,30.0,0.8244130025413793,0.896551724137931,0.07213872159655174,0.058687927685319094,2350.9685188192893,0.4422113959330624,0.03875943979549236,1.2291918362385352,0.21899988904317214,0.5682098385309167,False
0x1bc1473f1c37f9737f224c6d2dbf37f6b881a6a7,58.0,68.0,0.6036576354679802,0.6724137931034483,0.06875615763546798,0.05567302718890376,223.74,0.4683634522477763,0.03874016632353592,1.234999444204317,0.21683071099030027,0.5648549531757417,False
0x661daf6af6d884012dd6db73c09d72e8be224dc6,89.0,587.0,0.46274880526385553,0.5168539325842697,0.05410512732041409,0.04007048947269513,75116.35947005442,0.6297153372692765,0.03862405207473068,1.350248724994549,0.17693621358435463,0.5081497715301231,False
0xc7e521a9b509d24963f6e5192626033bebea9256,34.0,239.0,0.44434744047977287,0.5294117647058824,0.08506432422610945,0.06969038756846932,6206.92653001696,0.35988836368937227,0.03848482468845059,1.22060340305233,0.22223621724295461,0.5720031978738322,False
0x3db7d77f6b4cb86dafd07879cf36f8a4f5ce375c,21.0,76.0,0.25982451963508807,0.38095238095238093,0.12112786131729295,0.09285344140746504,355.0856,0.24053134819687885,0.0384738914355255,1.3045058910175704,0.1920611522536999,0.5275034203006306,False
0x39fcd0aafb7047035e9323e6d1f99cd46f43e2f2,90.0,244.0,0.5229745250588627,0.5777777777777777,0.054803252718915035,0.041414162097870896,32609.123210316997,0.6142068176504997,0.03840445630017216,1.3232973925538498,0.18573649848225893,0.5178534373899955,False
0x36374631b63fb40c6eaf4522ea9c12503c3e21a4,20.0,28.0,0.6941500007487262,0.8,0.1058499992512737,0.08399781539137033,194.7466889996678,0.2790245131063368,0.03840025505559242,1.2601518117832906,0.20761460254438613,0.5497310677227637,False
0x451226f31d9ba955fabfdb1cfecfee440fb71857,28.0,31.0,0.8779601931398583,0.9285714285714286,0.05061123543157046,0.03591348094623279,54.549838000515116,0.6791897257544642,0.03831949043648841,1.409254522204131,0.15875992106807546,0.48139605634387583,False
0x3a48c75c6615a547ad5737e55df66ed99c9ae3a8,35.0,162.0,0.6940937285104875,0.7714285714285715,0.07733484291808408,0.06403654667334208,4990.398736998842,0.3997200167644435,0.0382936570600007,1.2076672921258258,0.22717526390565856,0.5765429848549811,False
0x7424166aa0f03ff032f1bf93b6b6c40b5589c708,76.0,79.0,0.7643182327380631,0.8157894736842105,0.05147124094614749,0.037438521395926364,390.04469921479193,0.6608032385150118,0.03818331237632455,1.3748203461835435,0.1691871486723715,0.49752982488716774,False
0x9b2a915b115c6a5c4f97c540df40130eb6131f86,20.0,60.0,0.37245557600782325,0.5,0.12754442399217678,0.09714369536883337,76.8506544398933,0.22441745317440098,0.03816018375066583,1.3129459766577594,0.1892011528010149,0.5219559626595736,False
0x53e2f10c5c5d4d72cc0ee6974b2b91687878c81f,21.0,29.0,0.5439446617697736,0.6666666666666666,0.12272200489689314,0.09450806312477052,176.65996099879897,0.23413747729076143,0.03815128683152083,1.2985347581917352,0.19410364043855743,0.5302895007320335,False
0x2529c68db36ce8aa64c64affe620267744a3548a,29.0,303.0,0.5235839196333653,0.6206896551724138,0.09710573553904848,0.07893538503329121,4858.446775000208,0.3047069046193436,0.038138493858074246,1.230192713927903,0.218624947658415,0.5679409765828585,False
0x51519184f4548e873bad2d6fad4482de9192fba8,64.0,64.0,0.8209243426999999,0.875,0.054075657299999996,0.04109450755043189,864.979855994841,0.6178723412257008,0.03811070453904614,1.3158852733211954,0.18821255231421397,0.5208156356420148,False
0xc1554f5b196c09bd05510d2c30c7d9f681abe36b,102.0,314.0,0.5247435686326473,0.5784313725490197,0.05368780391637234,0.04069319397477946,894.8546779996559,0.6224956091234113,0.03806242351999195,1.3193312854637702,0.18705838299119315,0.5206947082844109,False
0x1491bf9fa77e1405d8ad4750539cc0ce78e411d3,37.0,283.0,0.4255801457052321,0.4864864864864865,0.060906340781254356,0.049380836186338435,26162.785690089277,0.5282576694138184,0.03797504441508065,1.2334003529511826,0.21742643339126255,0.5658352893199456,False
0xd13ec1256ed70df549aeb4c8e542d7869fdbed01,59.0,87.0,0.47663769552553026,0.5423728813559322,0.06573518583040201,0.05439735057440261,8807.806573955655,0.47992209803190233,0.0379429318116794,1.2084262401804284,0.2268833515808817,0.5765429848549811,False
0x948b7f2f159eb7f5c0270a0b188ab580d77da188,156.0,386.0,0.5088803479884294,0.5576923076923077,0.048811959703878305,0.034063079808953046,7491.403110662018,0.7017924312260866,0.03792278791705894,1.4329872688449241,0.15186147565524055,0.4690428092393597,False
0x56305b5fac11c9badaaefe57ba12a26511347574,23.0,56.0,0.677358150376457,0.782608695652174,0.10525054527571705,0.085069195512812,424.2153099999999,0.273953854282667,0.03776165470157587,1.237234519983977,0.21600002938672924,0.5644012925920716,False
0xf0951372986066ff42f79e8010bcb63134b358c6,33.0,73.0,0.8438689354600621,0.9090909090909091,0.06522197363084685,0.054308471437140904,929.0696829990235,0.480738444266199,0.037739835407059635,1.2009539562596183,0.22976906247205875,0.5792516247462751,False
0x15bbd9728a1f7e4fdad60509fbee1b594a632033,35.0,128.0,0.5921479631200082,0.6571428571428571,0.06499489402284896,0.054184383460544806,681.885265881714,0.48188058937621053,0.03769085866642237,1.1995133998373533,0.23032837755375657,0.5795286689864764,False
0x9fabce6ca7c8e76197c0c5d79786391369a69a70,20.0,44.0,0.7546590844817627,0.85,0.09534091551823731,0.07884241246265658,1480.9997299959114,0.30520650062904486,0.0376422296463595,1.209259236751478,0.22656326619109102,0.5765429848549811,False
0x49307489ddfb525b886388b5ccec033fdb511196,58.0,122.0,0.6381512955535259,0.7068965517241379,0.06874525617061195,0.057906377199852054,356.5717909997145,0.4488349816477323,0.03763270356148746,1.1871793659850574,0.23515687804317098,0.5859952494302858,False
0xb6913b328f98d424c26c18a31c350484b650b39d,29.0,187.0,0.47961670319662114,0.5862068965517241,0.10659019335510303,0.08665472205031771,1051.7883820000343,0.2666693993891967,0.03744177865877401,1.2300563758453857,0.2186759944733534,0.5679409765828585,False
0xdd5ef115f801999575b03d78d0115ad8b2d59040,87.0,658.0,0.5153888789724023,0.5747126436781609,0.05932376470575863,0.048879546688614314,49739.31672003425,0.5333399559607521,0.037378042250434285,1.2136725629572405,0.2248727856024999,0.5753061809505098,False
0xccc42be574a1d9eb31cb7ce29f03b3530bd377ca,41.0,368.0,0.5513006294813803,0.6341463414634146,0.08284571198203436,0.07041074884844482,860.1864720001092,0.35516413314655165,0.0373530814487207,1.1766060344047056,0.2393527881255051,0.5907089383499308,False
0xe0b01fa337f48b3792ae9e76f3665bfc4f3a5294,51.0,89.0,0.6658475215771162,0.7254901960784313,0.05964267450131518,0.04936079987665097,9164.269649987718,0.5284599331796229,0.03731707941672127,1.2083004053896587,0.22693173259903876,0.5765429848549811,False
0xa75c7a76ae666a7fe9bad7bec92df8c9509799da,21.0,118.0,0.35136362301400514,0.47619047619047616,0.12482685317647106,0.09775460782588297,748.1415706709915,0.22224268335051148,0.03730558592003987,1.2769408619469704,0.20162312652504832,0.5416521284459371,False
0x6796daf54ad13ba26faeefc5e0b0889aaf76453f,143.0,449.0,0.42024012599336397,0.46853146853146854,0.048291342538104555,0.03472084566224003,5064.2781020002185,0.6937257125584118,0.037267062859255816,1.3908458050784995,0.1642721897811812,0.49034488130285453,False
0xcc8f0e3bd33b98eb19a0c122397b6ce69cffa7bb,22.0,195.0,0.8209887515099417,0.8636363636363636,0.04264761212642192,0.024463584031813687,334509.42680629843,0.8202297432737559,0.037191393753625415,1.7433100591867816,0.08127946919573414,0.3343217720188172,False
0xc262674eab07a4f9f962b439f3a82c0c2ba75946,31.0,67.0,0.693847878295345,0.7741935483870968,0.08034567009175166,0.06880006775113995,170.50951000065663,0.36583346523182625,0.03719119490675034,1.1678138222534005,0.242881871397997,0.593925342866605,False
0x349ee9b0cf4ef76795278a8a9e66da08f649867b,124.0,457.0,0.5550620729402848,0.6048387096774194,0.049776636737134485,0.03721157707122641,3953.6024820382763,0.6635235609349159,0.03716547034941363,1.3376653357598198,0.1810055557085386,0.5124584326709958,False
0x67be13b1fee39c777ade4c83d99d88c99f056e09,72.0,253.0,0.41543585252995263,0.4722222222222222,0.05678636969226958,0.04672194076802463,12032.627765976431,0.5557295674212472,0.037020857900279626,1.2154111913761254,0.22420930173591413,0.5753061809505098,False
0xa4e810d1f9273ba30a3827ab966cc857942cff03,88.0,188.0,0.512857954598582,0.5681818181818182,0.05532386358323629,0.0450298426656464,1535.1977133122948,0.5738618754466982,0.0369882845307191,1.2286044167203647,0.21922015871976042,0.5682098385309167,False
0x36cfbd6b701c193a14f2ddfe88164e15062ed3ae,33.0,42.0,0.44933373913338687,0.5454545454545454,0.09612080632115858,0.08088109539943267,919.3244516311082,0.2944882850513475,0.036981810930810474,1.1884211736557762,0.2346675185744509,0.5859952494302858,False
0xfce1712d69184681f485e16457e1c617be6f4f4c,31.0,421.0,0.6615307577860544,0.7419354838709677,0.08040472608491321,0.069373339175522,4336.3670631718405,0.36199189133907106,0.03695115697119704,1.1590147892619183,0.24645015677020732,0.5973636788631247,False
0xdef0add561e31e8fe5b63f7cf95c1da23b50664e,24.0,27.0,0.7522505731395276,0.8333333333333334,0.08108276019380577,0.06992069413795575,10521.489930116502,0.35836967961270666,0.03694744160062174,1.1596389480033895,0.24619583659941324,0.5973086195577485,False
0x546a5166295433ddda571cde5d077fc46abd1988,90.0,245.0,0.3871993458022858,0.4444444444444444,0.05724509864215862,0.04747009589411549,769.4546209999381,0.5478719555043076,0.036922598883480436,1.2059191700359482,0.2278486582805619,0.5766650536855438,False
0xeeaaabbea497dda7a6a70115e458a1b2d51015ce,63.0,81.0,0.4074479921050663,0.47619047619047616,0.06874248408540991,0.05951062562049795,741.8999239786863,0.4353554304493117,0.03687059348355111,1.1551295817957612,0.2480373659218369,0.5994377752500283,False
0x0438297892c91d46972046b3ced3108d4fb19d98,27.0,118.0,0.6627462201941567,0.7407407407407407,0.07799452054658398,0.06764265461649842,123284.56332319815,0.37374088847377035,0.03685056738687636,1.1530375469262066,0.24889497361788315,0.6004678549677461,False
0x22d24f7fac7a4a75144f202ee0c13a052b2882d7,22.0,45.0,0.4951814469506303,0.5909090909090909,0.09572764395846067,0.08098682444337972,1859.1930489216165,0.293945744195331,0.03682076444330841,1.1820150328944765,0.23719973604027667,0.5882097300460323,False
0xaa87755aa42a95684ae9dc934c257b071037489e,39.0,39.0,0.5490242449641025,0.6410256410256411,0.09200139606153845,0.07849258773685444,558.5299590086978,0.3070957338247255,0.036773567641730565,1.172102980856895,0.2411557133052229,0.5934547563112308,False
0xae457d6d83362588dd2b8e23b2c8c359212396b9,28.0,37.0,0.5831321812188665,0.6785714285714286,0.09543924735256219,0.08094587177893317,374.24520479999995,0.29415573649361715,0.036753450814633305,1.1790502128781946,0.23837818187663196,0.5894317651580382,False
0x5a6ad76ea0d10df4a104fff0dc34e042f9819c4c,31.0,50.0,0.8118675033330282,0.8709677419354839,0.05910023860245586,0.04997337005867038,5035.03221000169,0.5223090665826738,0.03674254052814423,1.1826346418716658,0.236953977074841,0.5881658391491963,False
0xc75b0390b025086df22363d6c22602506c3b3ea7,152.0,357.0,0.48415520979798343,0.5328947368421053,0.04873952704412184,0.03671758978202005,3871.4537161110584,0.6694645351566998,0.03669383042471644,1.3274162964800245,0.1843710118255697,0.5156449008739432,False
0x4cfd762a5b3c80c7d7b8f6649ab7a9d2be9bba99,23.0,80.0,0.3650704153623646,0.4782608695652174,0.11319045420285287,0.09270777074518655,297.9276960002584,0.24110543841283158,0.03662261840480866,1.2209381510635644,0.22210943816245665,0.5720031978738322,False
0xbca290b9ce5ade123e892c6aca12565d7bf36aba,25.0,48.0,0.9628669560817464,1.0,0.037133043918253714,0.007807378681845093,22637.48623599939,0.978164431005918,0.03659072492443227,4.756147412780313,1.973224053042344e-06,5.0385592403922825e-05,True
0x945503066cf34a77e04958dd92d22d71df967def,79.0,95.0,0.49686214836814135,0.5569620253164557,0.06009987694831447,0.05148765176517273,4483.179874933535,0.5073974772805566,0.03655183710894871,1.1672677795138293,0.24310224628793486,0.593925342866605,False
0x11a2990cd2cc516347fe5c86bf872a9d8bff0532,20.0,23.0,0.7729829944505706,0.85,0.07701700554942933,0.06751285304589381,361.41329599953326,0.3746404713050117,0.03654345147469839,1.1407754534840173,0.2539633779107189,0.6073806757885246,False
0xb617de22f4ff8117503be24398d89a7b29c0ea50,29.0,54.0,0.8313404902243214,0.896551724137931,0.06521123391360978,0.05688855452464329,771.9297030026742,0.45762383726946837,0.036511570270772335,1.1462979584999162,0.25167188735404133,0.6056130570146777,False
0xd27de9f83ff9f5c2ef769fa966fca1ea5966fa96,45.0,215.0,0.5674345183215045,0.6444444444444445,0.07700992612294003,0.06766538267485261,542.6366090022715,0.37358363995944033,0.03647240810982016,1.1380993216722064,0.2550790113542083,0.6077316639044207,False
0xbd97c9b1bc00354a3a503a0ae0bc0caa4b4eae50,34.0,95.0,0.6509315251909854,0.7058823529411765,0.054950827750191056,0.04568872723745214,171.192554999426,0.5667425169992203,0.03647054238969703,1.2027217887817754,0.2290839992830489,0.5786558610685436,False
0x7edb8d9e184f9747d6957dc3d54e1e8a0d6e7993,306.0,15568.0,0.5032674549847014,0.545751633986928,0.042484179002226764,0.026257020307550324,50597.80847649228,0.7984136982878003,0.03639876635450963,1.61801219272433,0.10565997005154215,0.38615296155838574,False
0x9bc5bda2fda7f5827d889bac4d47d9d87734908a,21.0,38.0,0.47562896831042695,0.5714285714285714,0.09579960311814456,0.08206278829520679,1550.4782309939462,0.28849734884363004,0.03638695888127536,1.1673939566070062,0.24305131057069618,0.593925342866605,False
0x9ace2ba6efe74eec69ab5dfcd09164f30e1ac46e,22.0,52.0,0.23527304220622955,0.3181818181818182,0.08290877597558857,0.0727008378469338,5677.223383874979,0.3406430840935726,0.03635011590868888,1.1404101855077216,0.25411545140590075,0.6073806757885246,False
0x5e507cd1b1136f55b5487089cf424df9d257c665,49.0,87.0,0.4643794682746744,0.5306122448979592,0.0662327766232848,0.05828221632778995,297.5099129990912,0.44563627160308816,0.036332488497568434,1.1364148585355682,0.2557829801396323,0.6085464075462285,False
0x810ddf52bb3cdeb2f794b9d4cccc3b73eca36080,22.0,34.0,0.6031988545881511,0.6818181818181818,0.07861932723003065,0.06938856173498495,275.12175963373016,0.36189055244381113,0.036298135985868146,1.1330300738946093,0.2572016242019659,0.610385610527335,False
0xde2fe6a5bb654cabb26c2f8710ee14cccc57ad33,36.0,140.0,0.48031172033070874,0.5555555555555556,0.07524383522484684,0.06657582660137475,995.7890820009264,0.3812120148645652,0.036292810940609495,1.130197536643024,0.25839299753648515,0.6108116779528829,False
0x52dda482abef523f441165ff0ad9a72419dbcc87,31.0,49.0,0.5535174962821587,0.6451612903225806,0.09164379404042186,0.07936962804039983,49.003426999769566,0.30238729185380814,0.036290147688791956,1.1546456283475888,0.24823557346530833,0.5994377752500283,False
0x84e38a912b4996c80d036541905f8bedd6cc8355,22.0,22.0,0.6296362596363637,0.7272727272727273,0.09763646763636363,0.08411562956355845,21.999971999814502,0.2784609419102117,0.03606038327595262,1.160741091078546,0.24574720590711951,0.5973086195577485,False
0xddbcb1c15e19f2f11aa79e5f58395bffcb2e28c3,30.0,49.0,0.8479600711551335,0.9,0.05203992884486662,0.04285153410889327,12399.620473883273,0.5979169464555594,0.03605978940221568,1.2144239390035376,0.22458587854136525,0.5753061809505098,False
0x012d83ceb6b39b7431284d6dde0be72350019db6,65.0,173.0,0.6719203515159283,0.7230769230769231,0.05115657156099478,0.041745709630861,5325.283039590141,0.6104211197581243,0.03601752756645975,1.2254330328397793,0.22041210730170713,0.5695819887085197,False
0x5d1d9cfd66ee3068c2a8a57dedf1e1b006dcafd2,78.0,287.0,0.5231789655484406,0.5769230769230769,0.05374411137463617,0.045256387185823706,68431.92696065662,0.5714056448475954,0.03597992019509835,1.1875475422720265,0.23501171543819788,0.5859952494302858,False
0x94e273588044e4b9aa98ca4299791ff878c5f597,25.0,40.0,0.443893867177443,0.56,0.11610613282255688,0.09617766806735548,417.494968998184,0.2279156331736798,0.035956376186847126,1.207204698924963,0.22735332128635743,0.5765429848549811,False
0xfe24dd640f792355d3c829cf6f21c27b363a3919,104.0,249.0,0.733990458195503,0.7788461538461539,0.04485569565065095,0.0320991881844689,623.4044310151637,0.7260383300840137,0.035935737520126146,1.3974090370408263,0.16229060312228816,0.48668309936323395,False
0x1d2a47b6ec514a0fe26cb07a45cd4702b4647682,129.0,276.0,0.5716744926096993,0.6201550387596899,0.04848054614999067,0.03809495103357194,969.8277869999217,0.6529683274991439,0.03592355317337357,1.2726239261278016,0.20315152418586413,0.5434935486258751,False
0x230287e270f04ba48df3162c5f7de6bdb8a0d6d2,176.0,722.0,0.478419197068807,0.5227272727272727,0.04430807565846575,0.03119002178812211,43495.57361439275,0.7373188757805015,0.035899251902420534,1.42058495372194,0.1554374552110076,0.47666254100973676,False
0xf0ea0711aa08556fc9a4d0f8ca379254de2f2f71,56.0,95.0,0.5764707353805676,0.6428571428571429,0.06638640747657532,0.059394784137335115,15792.334103867615,0.43631361820178405,0.035896690977066485,1.117714433022837,0.26368897650988066,0.6165492932175722,False
0xe57341bf3605d391f772d0fac903054a1082ae05,40.0,65.0,0.539105899443361,0.625,0.08589410055663903,0.07605926507343581,156.10993400063882,0.32065798936377604,0.03589619204541049,1.1293048976177669,0.25876923557428877,0.6111408961044787,False
0xd3f9a532aaf64bd250e3b84b132b2c83152645a7,54.0,261.0,0.7561000732976699,0.8148148148148148,0.058714741517144876,0.05146163245970258,16884.53068097405,0.5076501591139357,0.03586075191941621,1.1409420710297502,0.25389403039451763,0.6073806757885246,False
0xab567474d67b258515a140e1e6490167a989e635,27.0,95.0,0.5621544716260578,0.6666666666666666,0.1045121950406088,0.08926745687254008,227.69866500065595,0.25521335554180136,0.03583121361423944,1.170775988273485,0.2416888318911019,0.593925342866605,False
0x27b0f6b066b38b7b1829ae5a874e9235ab63fc67,33.0,422.0,0.28824192035156576,0.36363636363636365,0.07539444328479793,0.06776969064884973,38591.17998288235,0.3728629840780742,0.03582341828238662,1.112509774841028,0.2659190297256957,0.617297358491994,False
0x8a9a963cd7d5b845d1ae1f676caf990ba3d73333,22.0,68.0,0.44094972035279395,0.5454545454545454,0.10450482510175144,0.08929038127200302,1035.583804004189,0.2551157533165975,0.03582033297450406,1.1703928644161687,0.24184290589382695,0.593925342866605,False
0xb77e5976ada3b768834d3be6afbbf075a67a2ac6,128.0,235.0,0.8739292923734666,0.9140625,0.0401332076265334,0.02239713465820694,20307.983114954775,0.8448032398599885,0.035813048426820544,1.791890268062815,0.07315054519350839,0.3173719168509299,False
0xb18a96490904f60e99e70401554cb30ec7b81c89,36.0,74.0,0.48375946496373134,0.5555555555555556,0.07179609059182411,0.0646524325000039,145.73989600096695,0.3951355823867868,0.035806935144318194,1.1104932608965608,0.26678653050018664,0.617297358491994,False
0x0116108c25d3caf6b85baac9d97e24566dea7e16,103.0,131.0,0.9536292483801015,0.9902912621359223,0.03666201375582068,0.010475827269344354,30540.930992111782,0.9613627587093643,0.03572059942292006,3.499677191423874,0.0004658218953812465,0.007508466676176467,True
0x56150fb0b86e18ee78a2f0fbb90f66b96059e259,22.0,24.0,0.7561142998116911,0.8181818181818182,0.06206751837012714,0.055471770442301775,3839.1799704013843,0.47016737207050424,0.03569723498424917,1.118902783798578,0.26318161524066497,0.6165492932175722,False
0xf419556a9758214628edff29dce8f39a8aa13ce7,42.0,91.0,0.4682249246992563,0.5476190476190477,0.07939412291979142,0.07154898057292158,167.2887457281633,0.3478533599545672,0.03563666566831018,1.1096471575702493,0.2671511018235533,0.617297358491994,False
0x561d369fcfb4248edbe76eb64e700f60a7154134,36.0,93.0,0.39400152330193505,0.4722222222222222,0.07822069892028721,0.07059287334254195,1493.315146003576,0.35398177027486666,0.03563249642688634,1.108053762604793,0.2678385979653126,0.617297358491994,False
0x191ffc25ec9ebec33683ffb9957fcdd01acff09e,23.0,24.0,0.4550125932729136,0.5652173913043478,0.1102047980314342,0.09358260159727738,3338.149975042752,0.23768512682151666,0.03556788374631194,1.1776205849212082,0.23894789961580853,0.5902745527865616,False
0x7f2386fce591fd18a858c1f598400db8c704441f,49.0,96.0,0.5410998691130429,0.6122448979591837,0.07114502884614082,0.0646528243239984,301.0898620021667,0.39513268545370667,0.035549507002160495,1.1004164101108356,0.27115073174579196,0.622705019743898,False
0xfcf5658028a35a3dd6bb8c0b6571e7bce03a555d,112.0,135.0,0.8500000055017213,0.8928571428571429,0.04285713735542134,0.0293569618379184,897.095661999987,0.7600979598647477,0.03552558991107183,1.4598628288594115,0.14432777687378295,0.45615359872240957,False
0x9dfdec6afa8edfb89e3bf27eadc8e664046faade,35.0,77.0,0.518431415205439,0.6,0.0815685847945611,0.07359661324740904,1328.612883775316,0.3351636645367354,0.035514018504972614,1.1083198152115064,0.2677237207658232,0.617297358491994,False
0xb92f1a585675ccc37778c5592fe9c51aa2a458c4,31.0,34.0,0.620538639904867,0.6774193548387096,0.05688071493384265,0.050224439917409734,1543.530973667815,0.5198077693857129,0.035471744943773295,1.1325305972028488,0.25741142823937313,0.610385610527335,False
0x548c7d0d7a5393ef9fab152ea8d25dd13c804767,28.0,28.0,0.9226063138035715,0.9642857142857143,0.041679400482142866,0.027112156636145426,1688.7996619930739,0.7878997231138515,0.035447289591148505,1.537295650858577,0.12422092603236234,0.4175160431608636,False
0x9767f2645d388d95a1521ac1817acb74e37b1a16,26.0,39.0,0.431742231100834,0.5384615384615384,0.10671930736070448,0.09175992140447009,5298.516171109828,0.24488614528010788,0.03541937447857455,1.1630274495364339,0.24481836559428793,0.5965993022311603,False
0xb6d2d81518cda8f9025697f942b2533ad4efd67b,28.0,48.0,0.4578248683296473,0.5714285714285714,0.11360370309892406,0.09629001309428305,377.30157549721235,0.22750503317001836,0.03534443661415408,1.179807743796734,0.23807668892074396,0.5892512291042215,False
0xf4748da7a58650b3327b007a8fdef0b27fc92775,73.0,195.0,0.44651802403887614,0.5068493150684932,0.060331291029617096,0.05441878024347029,824.0023069985193,0.47972548403177656,0.03534003897860842,1.108648351905246,0.26758191068559745,0.617297358491994,False
0x95f12626c9b2d582477bd16e3e4bb474f3056e6f,27.0,39.0,0.5786013584739407,0.6666666666666666,0.08806530819272604,0.07928946846730858,5031.520714259242,0.30281377482274746,0.03524037312965478,1.1106810260562634,0.2667056721567218,0.617297358491994,False
0x223fb39cdb365b469523aff98ccef4e3bc072050,24.0,948.0,0.44094809830642284,0.5416666666666666,0.10071856836024394,0.08852061377042632,59605.61483706965,0.25842039521874677,0.03514660234320816,1.1377978989329243,0.2552048825158928,0.6077316639044207,False
0x00bfe690d58753cca543738771b4cc0342f39146,20.0,25.0,0.44094391052518206,0.55,0.10905608947481797,0.0940259060977003,56.569969000496954,0.23597681100702547,0.03512955695451059,1.1598515132786928,0.24610926660531107,0.5973086195577485,False
0x48e4aca9fbf455616ca75c6e6fd92e3cc155db33,23.0,25.0,0.6454212457373238,0.7391304347826086,0.09370918904528472,0.08382040558419233,1610.4699599973967,0.2798759782580421,0.03508199142487986,1.1179758483888476,0.2635773084910804,0.6165492932175722,False
0x99fc64e30de1d36502c984d69d3b81f39910ec26,63.0,73.0,0.4364468764766634,0.49206349206349204,0.05561661558682856,0.04972653329629514,36928.292565622294,0.5247793743195668,0.03503002653766486,1.1184494856184206,0.26337506941235533,0.6165492932175722,False
0x59ae507025f6ac68f4d6e36d77866fb8eeabffb1,46.0,48.0,0.5131358473059704,0.5869565217391305,0.07382067443316002,0.06835876355738943,175.6542308367226,0.36882440085040696,0.03498814783188371,1.0799006680567758,0.2801864157595797,0.6335740486694386,False
0xc3237b58fbcfc71392142cfea1137a98f9640171,29.0,41.0,0.5545949725290851,0.6551724137931034,0.1005774412640184,0.08890164678660416,47407.528257464925,0.25677754976069034,0.03496510036067774,1.1313338380046023,0.25791460720625103,0.610385610527335,False
0x9902cc1ffb582e079c902380b655fdc3afb534b3,23.0,1868.0,0.35003929116973387,0.4782608695652174,0.12822157839548357,0.1059958965758545,13084.459219809363,0.1955213762263859,0.03496237045365334,1.2096843607877175,0.22640003319383672,0.5765429848549811,False
0x7cb207841c27d6d76d272e55209694c86e7bf12f,87.0,367.0,0.7825051353172842,0.8275862068965517,0.045081071579267544,0.034944038876341274,81046.10130683117,0.6909961034678856,0.034950526420537295,1.2900933329086213,0.1970182544449588,0.5354163100248143,False
0x70bb5fdffa5470b13ab5d3f740788d10afe710d3,32.0,334.0,0.546614553047167,0.625,0.07838544695283302,0.07248908717316026,1648.190047999542,0.3419545936454731,0.03489595138067467,1.0813413440506938,0.2795453029027386,0.6330534990939287,False
0xc9c36d3afb757d75fd54feafab1b1f04419d079f,52.0,99.0,0.6886256241681059,0.75,0.061374375831894167,0.05658822008390079,5756.206817451839,0.4602526473549338,0.03488474883796143,1.0845786586129968,0.2781083114085947,0.6330534990939287,False
0xfbad997d0ad3f2a0459df3043903384f04084f53,70.0,125.0,0.4789526497501364,0.5285714285714286,0.049618778821292175,0.042303478586261684,4911.795829999194,0.6040902785951738,0.03484254529280433,1.1729243192167695,0.2408261561879954,0.5932097963790259,False
0xadfb6cba33cebca02eab6111ace1e3924b9cc2ef,141.0,1788.0,0.5185513159902583,0.5673758865248227,0.048824570534564515,0.041218108267043176,153958.11712289834,0.6164531908730673,0.03481436451096034,1.184541760583497,0.2361986755446206,0.5877437340321019,False
0xa7a97ecdbbc2f5813eec284bda55ce93e3fe26ea,21.0,23.0,0.44012047709381125,0.5714285714285714,0.13130809433476015,0.10823930422373769,71.02998000010281,0.1890165563249965,0.034791701630608365,1.2131276644511477,0.22508101457117657,0.5753061809505098,False
0xbbbfc884670cf97e20bebdeb3918e1042ccc388e,84.0,177.0,0.5895060691394169,0.6428571428571429,0.05335107371772591,0.047493061257696645,568.1697070022672,0.54763232683557,0.034779333992295006,1.1233445961346602,0.26129117039128325,0.6148448252181747,False
0x662eeb4d0b0984573335c4a3cfc945a94ca13afc,36.0,104.0,0.9347841212480434,0.9722222222222222,0.03743810097417877,0.018574682010281278,11459.479205985179,0.8878212793013209,0.034617753860645875,2.015544651233135,0.04384761248127256,0.2289129404639715,False
0x280213196062e897c1b433451ae1886050a4347d,21.0,54.0,0.23888249824484903,0.3333333333333333,0.09445083508848429,0.0856576256646755,2571.6878670012225,0.2712202331061075,0.03457845377501909,1.102655301913593,0.27017688459456846,0.6213876631336194,False
0x9e5c74c0bf46f0bf3fcd1064d17e6201c67fd8e6,66.0,1763.0,0.3987165389605471,0.45454545454545453,0.05582891558490748,0.05104707939000399,202502.09566418035,0.511692722481181,0.03457174427534641,1.0936750202371004,0.2740975336985936,0.6283533683632647,False
0x36f9b2c96d900f353d154e78c519fa4528926f09,22.0,26.0,0.828053225608466,0.9090909090909091,0.08103768348244325,0.07567311430805809,60.79376664880417,0.32287955905919813,0.03449165633162047,1.0708913492386014,0.28421828602790544,0.6368366287280349,False
0x0df758f3a438f88d9b98da42ab76cd585a101ec1,344.0,1447.0,0.5078101831236949,0.5465116279069767,0.03870144478328191,0.022799552174934394,24938.792106584504,0.8400760850352917,0.03447867050861525,1.6974651294173184,0.08960875830324544,0.3480436561205873,False
0x0e31656d0c1395ca32fed2518624aa091dec0117,50.0,58.0,0.7409086347391945,0.8,0.05909136526080549,0.05507698649096968,64.27437666016206,0.4737272604011068,0.03446452921755976,1.0728866814544038,0.2833219624524297,0.6359332821277773,False
0x0d1f09e46039c9c03f003501b4da568d56fec03a,22.0,26.0,0.906634450822694,0.9545454545454546,0.04791100372276058,0.04081098737873963,102.99969300224731,0.6211361501120769,0.03441797437356123,1.1739731577217287,0.24040577733364765,0.592740439525313,False
0xcd3fc10042f5064e1bd673e08ed9b6b6d38d829a,20.0,53.0,0.5606302468881774,0.65,0.0893697531118227,0.08250973647155632,170.5607709985453,0.28627261383383673,0.03436049674594707,1.083141904623962,0.27874544144986846,0.6330534990939287,False
0x9d94f602535e518ee1cb6aade0ca9569f1b1017d,294.0,3258.0,0.49841789414721865,0.5374149659863946,0.038997071839175904,0.024291058182216396,460313.06820618594,0.8223074394441967,0.034252587604627106,1.605408523031156,0.10840392996173787,0.390475854373526,False
0xddb6e6246546230503f153506ac1e9914978b9b3,301.0,4119.0,0.4856132994684532,0.5249169435215947,0.03930364405314146,0.025220572402418068,32982.41792714948,0.8110666659318664,0.034201103580515264,1.558396194424721,0.11913935819993782,0.4100330879188444,False
0x36c1a999f07844664f91e28190b9a2690395a9e9,27.0,31.0,0.61625196825042,0.7037037037037037,0.08745173545328377,0.08150613581931622,190.7936109988997,0.29129961145180894,0.03418922575969203,1.0729466508772767,0.2832950532486873,0.6359332821277773,False
0x22c7bf051af106f31149c30ef8b8e2918b1bd814,33.0,38.0,0.47155366011347527,0.5454545454545454,0.0739008853410702,0.07047077842539529,2258.0087609913276,0.354773883754405,0.03415215879390687,1.0486741737826302,0.2943281046028545,0.6472202170380876,False
0x25f7154220fb003ec134ec0a497333a83ec0b16d,22.0,22.0,0.5730192675590909,0.6818181818181818,0.10879891425909091,0.09662482301422327,2963.689982034425,0.2262872856177612,0.034133807450944666,1.1259934131323128,0.26016830740196517,0.6129873999677036,False
0x77083282613acf56201e204282caa95e60ee42cb,29.0,170.0,0.5040135966424241,0.5862068965517241,0.08219329990930012,0.07789766838716944,191.04892957049427,0.3103430588762341,0.03398852062600753,1.0551445455437818,0.29135922171874107,0.6438864034384175,False
0x0ee52436cfd4c726385fec293d48d99d3b44e798,43.0,110.0,0.22245057219289194,0.27906976744186046,0.05661919524896855,0.05353665496057811,9813.261634917519,0.4878881112922039,0.03392104127229446,1.0575781264380504,0.2902478191072979,0.6435459157530774,False
0x6407a638ff11e090d5b6978b50916ca1c487d360,48.0,179.0,0.3689204111564715,0.4375,0.0685795888435285,0.06624788855130455,2867.6692799881057,0.38354435435605877,0.03388359130607696,1.0351965978571256,0.30057710730351106,0.6530868442090861,False
0x94b9e9764fd9940d6a13d6f1110065923ed12592,56.0,313.0,0.10980658763644723,0.16071428571428573,0.050907698077838494,0.046500898949127935,520.376852,0.5580699728196462,0.033844272008234116,1.0947680416572507,0.2736182707675745,0.6278127404889454,False
0xdf3b18f3fbf325cceaa9557c7afc79742064880a,27.0,137.0,0.6694940921031354,0.7407407407407407,0.07124664863760526,0.06904037136107612,436.9995989995799,0.3642171616434867,0.03376718710071985,1.0319563355908163,0.3020925730177533,0.6532193598452016,False
0x6a20d4a7c173ff13d1c8fe2807525cd72237d606,52.0,62.0,0.7505285754051296,0.8076923076923077,0.057163732287178,0.05459450982302622,2366.651125995176,0.4781163476366048,0.033748282910450865,1.047060088504873,0.2950718654784821,0.6482030162427642,False
0x3ce82f4eb8c8c42f7825c262d36e7eeb4ac24dd6,51.0,57.0,0.48802149877592915,0.5490196078431373,0.06099810906720805,0.05890323274978419,11496.118355141207,0.44040566140260734,0.03374499188901675,1.035564708754148,0.3004052634317065,0.6530868442090861,False
0x8f88b822c115fc168672b142a953d37d1ea4ca51,55.0,133.0,0.33721424825141894,0.4,0.06278575174858107,0.06080959201148531,7192.307318400261,0.42477076191065954,0.03374288623930453,1.0324975003404482,0.3018391180402995,0.6532193598452016,False
0x3339a87bf8b5d3bafe2c2cc4610dadc9ef5e9334,38.0,40.0,0.5991426475755368,0.6578947368421053,0.058752089266568365,0.0564431307328836,151.53582721795217,0.46152841432151936,0.03373710094756883,1.0409076977783511,0.29791838875573307,0.6511284106788436,False
0x29d460beaaeb5f830a703e4cb1f0d74a8a565d18,25.0,71.0,0.6020368594035653,0.68,0.07796314059643467,0.07513841917311304,569.2198329602602,0.3259878734758222,0.0337030616929813,1.037593570032578,0.29945931271415827,0.6522851076772079,False
0x70cf2c33b7f49a0a66ee73a82e1f60aa30901b41,20.0,34.0,0.3045107665429101,0.4,0.0954892334570899,0.08878049615936408,756.9979859994354,0.2572983914390455,0.0337018930446327,1.0755654404733603,0.2821216504644162,0.6359332821277773,False
0x50a5990d236c110c85eecb773fb752375edaba08,21.0,21.0,0.6590475928714287,0.7619047619047619,0.10285716903333333,0.09428968284890087,128.47106025539222,0.23496815453554312,0.0335754109217943,1.0908634531962724,0.2753329705852301,0.6302992931340833,False
0x4f40b8dd326246ad9ffd907c59d5a7b521b716c7,29.0,43.0,0.6044482762440723,0.6896551724137931,0.08520689616972081,0.08151411037529424,268.7072369989454,0.2912592181087425,0.03353235985596045,1.0453024117839824,0.2958832233482207,0.6488799600468207,False
0x6d10239f008876b7c5355c38dbf61e80c2cbb3d0,75.0,119.0,0.6278757523896716,0.68,0.052124247610328495,0.04893604762019133,1904.7667710049504,0.5327648530690785,0.03351534709529889,1.0651503369230353,0.2868079034110558,0.6415243563721708,False
0x1d4bf5286a2b2764ee6c73c9449aa90bb80950c5,24.0,35.0,0.9060879840937819,0.9583333333333334,0.05224534923955141,0.04916348259091661,499.0496689999924,0.5304557090364541,0.03348761825379441,1.062686093137027,0.2879243295952092,0.642350212825298,False
0xe10f6cf10d76754d44bc16ac8c67652f4d1de8bb,24.0,28.0,0.7582057800847574,0.8333333333333334,0.07512755324857597,0.0733488523540739,1376.140139634558,0.3366681572108356,0.03344974755390924,1.0242498803650781,0.3057172642476791,0.657037353745637,False
0xdc4bc68529c164cfe402ae1215876badc02a5a92,20.0,20.0,0.45837051318499994,0.6,0.141629486815,0.11824107864869984,1299.9999819897366,0.16339587173290515,0.03342901729189911,1.1978027300967737,0.230993824128495,0.5800711513411768,False
0xf06d833a1e1212a2a3995e1d5c305c1e00e344df,37.0,72.0,0.6237561230581938,0.6756756756756757,0.0519195526174819,0.04898675785855034,3321.436969753093,0.5322491826411349,0.03338586038638631,1.0598691337646804,0.28920413964611535,0.6425483921251212,False
0xdbefe77f85ba18fdb3f9e011d77bb7aa2893aade,52.0,74.0,0.7571849900545485,0.8076923076923077,0.05050731763775918,0.0471181948360504,346.494113998052,0.5515555211558953,0.03337190950294974,1.0719281121337811,0.28375232230390424,0.636345425410234,False
0xc785252b25901a591e9d962e09f4342468444ef2,43.0,136.0,0.6650318323390891,0.7209302325581395,0.05589840021905043,0.054097925809825136,4218.870663005623,0.4826780331371981,0.03334220489504732,1.0332817641762209,0.30147205865718574,0.6532193598452016,False
0x0599dc10a7934fea2f60b497ea2b6335c7533c6a,40.0,45.0,0.6882161364878071,0.75,0.06178386351219293,0.06075964830949818,14294.567284116327,0.42517233648374425,0.033337186256899506,1.0168568323087979,0.3092215414218342,0.6612623178498428,False
0x586dc7cb1cc676bf8a6b4becfb03ed72ff32fb12,41.0,99.0,0.8479116758305684,0.9024390243902439,0.05452734855967548,0.052455463830676084,941.4083880654017,0.4980867793235043,0.03333115204522873,1.03949797747833,0.29857319820578354,0.6514553960852079,False
0xd785cc4b766834457d8517e39c4e622cbc320d7e,34.0,41.0,0.6914917872812767,0.7647058823529411,0.07321409507166443,0.0720637791574349,3667.211903078773,0.34460776890936046,0.03328920877537466,1.0159624700186272,0.30964725863131504,0.6616240928004652,False
0x8c95a7968260a697277ffd94ec927e34f5f88a0b,23.0,67.0,0.7929811448284817,0.8695652173913043,0.07658407256282267,0.0750765225289548,21273.32983094116,0.32635012283039544,0.033276790351168116,1.0200801793035426,0.307690436150891,0.6594012705682458,False
0x5aa981521b4e94fee3b3bf18fe441f62e865febe,88.0,1177.0,0.4687657205180021,0.5113636363636364,0.0425979158456343,0.03483612014468263,160042.07845399063,0.6923154246988233,0.03327465272062452,1.2228088452076493,0.22140190384220526,0.5715670770861335,False
0x6fb1e3d2e8b343247f0f2435d935f80876cf9cbd,97.0,153.0,0.7013701265106878,0.7422680412371134,0.04089791472642569,0.03169229818987796,1323.7723799999994,0.7310838816411825,0.03320654653139297,1.2904685700416596,0.19688801764061603,0.5354163100248143,False
0x4f065209f9a02dfa61db08823a40da18b0848ebe,25.0,25.0,0.45446640503999997,0.56,0.10553359496,0.09735477261963056,1112.2999759757397,0.2236627952282571,0.03315020747955567,1.0840104919388438,0.27836014691016553,0.6330534990939287,False
0x02f01698c926df777c60e33226f3b9e994659bb3,32.0,55.0,0.36196928263312994,0.4375,0.07553071736687007,0.07456309322952735,2979.1456709981917,0.3293745505592405,0.033124274925175716,1.0129772531614816,0.31107102609446735,0.6620426815319095,False
0x203537d533b07c296e2c99251399a0602286679d,25.0,27.0,0.9192809813466652,0.96,0.040719018653334695,0.031650219950014394,722.769839998937,0.7316059645711519,0.03309059738199233,1.286531933036888,0.19825748165279888,0.5376509413065913,False
0x505f23d257d23e4a1ec37ff9bca7c88f3bf0645e,257.0,1173.0,0.5219262086452064,0.5603112840466926,0.03838507540148623,0.02640110927193194,35879.65716599591,0.796646310559163,0.03307987734792457,1.4539190382540068,0.1459687538513723,0.4588818152224873,False
0x231f397ad890c0937b487c5a277eda65414e254b,24.0,58.0,0.5593472717795759,0.625,0.06565272822042417,0.06552473851607635,611.2430119413774,0.38874765780037196,0.03303863882813007,1.001953303549871,0.31636614652582495,0.6668399011863673,False
0x0f504d873abfffa95fa56e10e117c95af4991701,83.0,203.0,0.6274691115048285,0.6746987951807228,0.04722968367589429,0.04351899391553194,713.3171522024664,0.5904633367197901,0.032923284347908754,1.0852659821953743,0.27780386787830436,0.6330534990939287,False
0x372f72a4384987e92f95d1136f784eb87ac5182a,30.0,73.0,0.6273985524130369,0.7,0.0726014475869631,0.07275938709990355,322.0158860041641,0.3402815529181837,0.03281719367682954,0.9978292902230802,0.3183621444583433,0.6691572702184738,False
0x0a844a61bb1051c467cb6f9e45cd4ed665a5c4fc,57.0,107.0,0.6111948063203295,0.6666666666666666,0.05547186034633719,0.05493071608480339,421.4073940042593,0.4750534100561399,0.032807127994392685,1.0098513964518208,0.31256649167161044,0.6620426815319095,False
0x36d8cbf698826ca74d9e444df634e303de4cc7c7,132.0,642.0,0.44966653469592754,0.49242424242424243,0.0427577077283149,0.03656906255090611,60606.8543368138,0.6712559197328629,0.032743782186614105,1.1692317151634353,0.24231028644012742,0.593925342866605,False
0x5d9e69744d4523af7d7f26adc767eee07907e0e3,115.0,536.0,0.6353741227048084,0.6782608695652174,0.04288674686040902,0.0368615090021234,21287.541637991773,0.667730952703397,0.03272257102975915,1.1634560825477476,0.2446445066947116,0.5965993022311603,False
0xfb20c7b499b536121fc3cbe8aa6256cbf2ca3b5c,26.0,28.0,0.8361418929787319,0.8846153846153846,0.04847349163665275,0.04590566750137148,3336.564437130037,0.564414772090111,0.03271534992369447,1.0559369741264422,0.29099701036640724,0.643637469755544,False
0x362c3c1c7bd4e4f08ff8b42b69d3885bbf4a67e6,87.0,1085.0,0.4768521151568635,0.5287356321839081,0.05188351702704469,0.05071461269746603,3686.3059560001107,0.5149575125383618,0.0326821556849305,1.0230486691587624,0.3062848349894587,0.6577090669756985,False
0xec7945b9933cfe1ab16782e2df3794cb8f381e2a,24.0,47.0,0.5314070008943538,0.625,0.09359299910564615,0.09046009050876777,75.21990800106475,0.25020083673859417,0.03263698899611224,1.034633047338978,0.30084031443210324,0.6530868442090861,False
0x1f7105a18d9f36aef7c83e5df210e57cf487b2e4,34.0,266.0,0.6682970374447196,0.7352941176470589,0.06699708020233909,0.06801898195629993,172660.27978367664,0.3711474136735927,0.03259850981299029,0.9849762268624164,0.3246357484662794,0.6743744476448849,False
0x0f8eb0d3521f61b7a83428c321dd7fb296c63082,77.0,350.0,0.5005453550224863,0.5454545454545454,0.04490919043205913,0.04074176626277661,14928.592089837257,0.6219347900810009,0.03257948538159354,1.1022887457162125,0.2703361605412644,0.6213876631336194,False
0xf75350ccd4b3620c12ad07eb43078953cafbbcfe,52.0,983.0,0.42814374371003106,0.4807692307692308,0.052625487059199706,0.052077520794714255,1321.9982579790533,0.5017023177155736,0.032529670798850524,1.0105221265552462,0.3122452040219039,0.6620426815319095,False
0xceb6e613909c1fbbf5e2f5fa0d9b7635e8e1c637,38.0,119.0,0.7385761096615628,0.7894736842105263,0.05089757454896345,0.049911080424730046,329.8963559020066,0.5229314071508738,0.032482237706917286,1.019765032450482,0.30783991072670336,0.6594012705682458,False
0x4e2c49398dd983fac9434542c9a3603c7d43d730,174.0,557.0,0.9495764161029312,0.9827586206896551,0.033182204586724086,0.009896670352911184,22425.116144000178,0.9653729501049644,0.03245899595582728,3.3528654995529155,0.0007997956275811458,0.011164886908489664,True
0x908aad3bfbd70410e73f1db6a3e46c2a917cad16,137.0,2249.0,0.5329628483220655,0.5766423357664233,0.04367948744435784,0.039128558796401446,53331.21065300054,0.6407384982951451,0.03240480592557845,1.1163070858713797,0.2642907095594982,0.6168377737139781,False
0x9086ecc713bc35f307d7ba3c87d1c1c1c1514d46,89.0,92.0,0.47700038947071627,0.5280898876404494,0.051089498169733134,0.050646521283196605,17622.982853765487,0.5156286545345482,0.03229930528646506,1.008746442506082,0.3130962523894858,0.6620426815319095,False
0x16c50ab29758ba24817c681fd2332fc915fb34a6,26.0,26.0,0.9183116725999999,0.9615384615384616,0.04322678893846155,0.03864103192983606,93.99991599974236,0.6464901590481373,0.03229264481066954,1.1186758422226468,0.2632784548883591,0.6165492932175722,False
0x69894e45160ed5fa19532d2913ed942ca6073dd3,22.0,30.0,0.3766927100825649,0.45454545454545453,0.07785274446288971,0.07906160634930542,209.01138507913055,0.3040303188342093,0.03222762015275697,0.9847098744607492,0.32476660099842847,0.6743744476448849,False
0xfb8edbc409120f8dbab8df8e723037e0fe773dc3,44.0,54.0,0.3445921156459893,0.4090909090909091,0.06449879344491981,0.0665011842540694,527.9979550118965,0.38174139338758156,0.03222430666083197,0.9698893962324129,0.3321016261191403,0.6800006258484674,False
0xbb3eaeb82973aa8f140ae596f792fcdbd9cab9c5,43.0,67.0,0.5842259669371829,0.6511627906976745,0.06693682376049154,0.06912547095002258,6389.258209973603,0.36364685222050513,0.032166313053345295,0.9683380502230006,0.3328755675215396,0.6803161658580915,False
0x290367f43d250062f470bb531fde2e3ab32e9203,79.0,101.0,0.6878055564876414,0.7341772151898734,0.046371658702232046,0.04422347969370024,21208.08011573185,0.5826750201122256,0.032151264317791105,1.0485755309941795,0.2943735225225579,0.6472202170380876,False
0xd4b659f0cc516b7867bfae41c517b9117c385858,30.0,85.0,0.29042834873805573,0.36666666666666664,0.076238317928611,0.07787592986102841,1396.250566,0.31046254496772696,0.0321480734545952,0.9789715264351928,0.32759404856836616,0.6761592117271925,False
0x401c61f6c22a4a96054618d06d79e1fa398c6f40,25.0,74.0,0.7428583102623388,0.8,0.0571416897376611,0.058873842971338575,475.8125119979081,0.44065166845026504,0.03205763520416537,0.9705785600827733,0.33175818670718615,0.6800006258484674,False
0x360334761e7cebc80ebf0c01a5d70e0c735422ed,27.0,66.0,0.4758977336024906,0.5555555555555556,0.07965782195306491,0.08135096708531947,2688.5096879864386,0.2920870293032977,0.0319719032540479,0.9791871542168783,0.3274875145710088,0.6761592117271925,False
0x491f55456c34034153eb1c457b7c96cb3ce7b511,22.0,23.0,0.7877015307797683,0.8636363636363636,0.07593483285659525,0.07812237112650162,62.59993399933235,0.30911140698917006,0.0319678686048494,0.9719985679087473,0.331051261008092,0.6792213223069763,False
0xd20869e79436b2baf9e73b6f46aa629b0ea729e6,88.0,161.0,0.5091999045752081,0.5568181818181818,0.04761827724297372,0.04676110881452475,2378.312820366728,0.5553157484137085,0.031911261046914365,1.0183307977543663,0.3085207770533853,0.6603112730462081,False
0x5d231f0cfc38499c3b09fd6183743ffefc159517,21.0,50.0,0.7940942341976447,0.8571428571428571,0.06304862294521232,0.06590061416407858,4339.379675997338,0.38603273541516947,0.031888511060640695,0.9567228431018048,0.33870716516922283,0.6836387824029809,False
0x30ae3992180b30b791df5e6e5480629449594318,30.0,140.0,0.8476265599904905,0.9,0.0523734400095095,0.053583525936381174,112186.39065393308,0.48745082235216775,0.031832062586407174,0.9774168290397987,0.3283628347803069,0.6763959671712552,False
0xbe5438a26e415c34f0d2729d621b9e095a8ec928,36.0,247.0,0.4622947526074532,0.5277777777777778,0.0654830251703247,0.06859215352459476,3098.469705999654,0.36723893224353216,0.03182869385006874,0.9546722446444952,0.3397434700794584,0.6836387824029809,False
0x4721ce643eb980515e8ee59ec701bb324bc8e221,21.0,21.0,0.57,0.6666666666666666,0.09666666666666668,0.09561911876301661,22.6150904,0.22997196889056845,0.03169931123533786,1.0109554231120486,0.3120377655874311,0.6620426815319095,False
0x932ae918f67d2dc1082d64b3f942fb9169c05977,42.0,43.0,0.9120747477523354,0.9523809523809523,0.040306204628617136,0.03482294772570871,124.99964999972565,0.6924765242813631,0.0316925780399236,1.1574610209939324,0.24708405572179393,0.5977765288053533,False
0xa804390f80019699ab34a282c0df7528fba82a75,27.0,75.0,0.48118103719441946,0.5555555555555556,0.07437451836113604,0.07760402232172287,69025.66450083347,0.3119620529734605,0.0316625199092923,0.9583848380023618,0.3378687378766778,0.6836387824029809,False
0x43839b041c8da4de0f3ed8d1238714c4f8b2dbdd,22.0,23.0,0.5530528775863636,0.6363636363636364,0.08331075877727272,0.08538494558678841,106.83997300073148,0.27248252713295623,0.0316466804936334,0.9757078159942444,0.32920927787354337,0.6770579965198312,False
0x9d295a036932dc33518b925138a705fd13878d04,24.0,24.0,0.3831596983291667,0.4583333333333333,0.07517363500416667,0.07839122469235642,80.9999699990184,0.3076459393015271,0.03164042932816033,0.9589547210058643,0.3375815559643187,0.6836387824029809,False
0xa6d7ff72db54baaab90761264ee06147fee4d801,34.0,34.0,0.5409153170588236,0.6176470588235294,0.07673174176470586,0.07987524073354069,768.6182460838944,0.2997149164460209,0.03160873756117064,0.9606448889547468,0.33673075009135545,0.6836387824029809,False
0xfe9dba7597e12296818c64f9509b13e7136f8b4d,27.0,27.0,0.9216991913666668,0.9629629629629629,0.04126377159629629,0.03710314443157631,96.1775120000162,0.664825351030385,0.03155469300060456,1.1121367805468023,0.26607934466228134,0.617297358491994,False
0xf5128b4ca20a7ff72ac75f4e70e4ec8537335198,56.0,240.0,0.5661645585387537,0.625,0.058835441461246384,0.062262924079354645,1156.7423297701853,0.4132718039816884,0.03152976116468646,0.9449514672047862,0.3446836540920375,0.6890623269913725,False
0x0d9adc68e8d920be0e3a69a30b2b5453de28d10f,21.0,41.0,0.28313219864756306,0.38095238095238093,0.0978201823048179,0.09733358529783383,2525.1638859974787,0.2237383901217946,0.031431469194287534,1.0049992713768339,0.31489720070869476,0.6645825537051749,False
0xca20c5b6c8a29c92c57f618d378011a143ea7b68,78.0,1048.0,0.5080860959417702,0.5512820512820513,0.043195955340281186,0.04115830308332364,12328.69743067122,0.6171395751984858,0.03136579558228183,1.0495076838525725,0.2939445206360687,0.6472202170380876,False
0x2da1e296796be933c357a6c650cdef38d714fb50,74.0,115.0,0.9543719048035048,0.9864864864864865,0.032114581682981536,0.010751215389237177,100086.98926464666,0.9593882523255054,0.031309736748694195,2.987065231260346,0.0028166961488720332,0.031177078832364695,True
0xfb512d428db90455c9507d2578cc306b2701082d,73.0,416.0,0.570441818001629,0.6164383561643836,0.04599653816275469,0.04601110125184967,31398.73148364909,0.5632864210962195,0.03127929537721502,0.9996834874910889,0.31746370562578274,0.668358283109301,False
0xcd96b01fac6276ac3d8ad618dacca0d3592f11a3,316.0,541.0,0.6197894128274317,0.6550632911392406,0.03527387831180881,0.02397813972188478,9353.276337000527,0.8260648772535465,0.03127731375371597,1.4710848598323263,0.14126816896851957,0.44979087378989135,False
0x62ae64f559adef0cdc684969f5984a8e95787390,33.0,37.0,0.862175091438743,0.9090909090909091,0.04691581765216599,0.04756924778901004,369.99984700315724,0.5468380415560236,0.031227682164015683,0.9862636016499086,0.3240037760721173,0.6743744476448849,False
0x724b456b1070d7e9a7c87932603e5985df778cd9,20.0,53.0,0.4398886975977046,0.55,0.11011130240229546,0.1069131206552893,143.18040000000005,0.1928250688416904,0.031157685726255012,1.0299138377722392,0.3030504542930308,0.6534842154027812,False
0xff97bcc522b1b64257c8ad13b8a628a4b523dc05,29.0,29.0,0.6117240617275862,0.6896551724137931,0.07793111068620688,0.08240890090233267,29.5524560797973,0.2867725828382965,0.03111874192641593,0.945663755163624,0.3443201146957826,0.6889073512803905,False
0x17a322736d2a1d0c671992c2f4073c3a73808cb3,21.0,52.0,0.7252932252927834,0.8095238095238095,0.08423058423102607,0.0878037703917125,525.1765893998065,0.26154905801712286,0.031110828307489527,0.9593048664681979,0.3374051845039592,0.6836387824029809,False
0x8718865882e085b764825b637788043c16185040,43.0,68.0,0.7888502871958231,0.8372093023255814,0.048359015129758286,0.05019456591707241,226777.74016496405,0.520104788963181,0.031052810435628138,0.9634312847660307,0.3353311326826578,0.6831113674475312,False
0x76f17a9dd13c914894dddeae523594b65681f655,80.0,970.0,0.5007337619337239,0.55,0.049266238066276065,0.051595675260826424,13951.873556846367,0.5063497512923956,0.03101614196664261,0.9548520843505858,0.33965250377254286,0.6836387824029809,False
0x49ec8b712414b65ab1ebd327fecfa08abf31ac1c,26.0,257.0,0.4110027287650736,0.5,0.08899727123492637,0.09216250311674709,925.7524069724575,0.24327072715209846,0.030955589628423888,0.9656559688074969,0.3342163590874119,0.6819177136759772,False
0x4149b3064c7fd2c42b887bb51cfc65e4c599ba5d,29.0,99.0,0.5916343480741559,0.6551724137931034,0.06353806571894748,0.06946744537347452,1613.9641270011546,0.3613659645595368,0.030813489247339072,0.9146452036252491,0.3603779197326644,0.708715617727943,False
0x26fbcc79d77dad5461b15794d56fc209340d67b8,51.0,125.0,0.5711947976947824,0.6274509803921569,0.056256182697374466,0.06126186652685435,10264.747523079046,0.4211537189758858,0.030810312336746498,0.9182903800803127,0.35846686228490077,0.7067936069057791,False
0xc846f5368ab49a854d2280b7ecff92669824c413,50.0,81.0,0.47989099862915885,0.54,0.06010900137084118,0.06587026130339066,452.61502800227555,0.3862511366665619,0.030764163202585307,0.9125362520422715,0.3614864948932226,0.708715617727943,False
0xe0c2608663645e445434ce4d625f7bd6da67ddc2,22.0,26.0,0.7147457087953865,0.7727272727272727,0.057981563931886256,0.06345273900495814,29.89548400488827,0.4041230827602863,0.030758918194041987,0.9137755885897317,0.3608347760529407,0.708715617727943,False
0x1b4098a8c8a12e792ec42fbf3cab5cf1fc25b496,26.0,26.0,0.9207692104653847,0.9615384615384616,0.04076925107307691,0.03856631979631618,87.99989799945627,0.6473742751670356,0.03072904393987789,1.0571205987088028,0.2904565513519124,0.6435459157530774,False
0x21c24a79a0c2f07b2ed34e30d42dffa3d0b66749,20.0,701.0,0.4477005538696933,0.55,0.10229944613030659,0.10299837550242034,14439.575988966548,0.20470383552237387,0.030720487415955525,0.9932141709157604,0.32060559387845755,0.6702898329694763,False
0x6e2f8c68324d11575d4ee860a42e347b2b9c9123,24.0,36.0,0.5042090677287204,0.5833333333333334,0.07912426560461285,0.08471163214708133,3692.4061771932,0.2756326268343423,0.030716448223588114,0.9340425110359417,0.350281964771868,0.695976261284012,False
0x167a59f38ffe5eb3b116c793fae3ae295070d542,170.0,263.0,0.692268062566515,0.7294117647058823,0.03714370213936742,0.03090619941358954,7100.705972994778,0.7408445028692784,0.030704425869101902,1.2018204387510434,0.22943310487091684,0.5789706237398184,False
0xf10299cf1fff507cff45e1a906800e5b44bf1348,32.0,64.0,0.2670294450258067,0.34375,0.07672055497419329,0.08275308442057529,837.988555999994,0.285070688807536,0.03066194490736062,0.9271020592329474,0.35387354709202823,0.7001290502028482,False
0x99850516649aea225d40c01262da754c59e49b14,23.0,110.0,0.6683315387306669,0.7391304347826086,0.07079889605194174,0.07752747933055239,175.01454189521255,0.3123858331952136,0.030571853570577033,0.9132103437811757,0.3611319248080296,0.708715617727943,False
0x820a0e91fdf03907ff7d05d0145f9d326f16ca12,38.0,253.0,0.5444175995035756,0.6052631578947368,0.060845558391160987,0.0676222375859537,47044.140940567995,0.37388221550895745,0.030448160322034658,0.8997862325070363,0.3682340223901832,0.7172776010153191,False
0xf8e389887cd70b584fceb685bdb6dfedebc9baee,21.0,62.0,0.617385220061073,0.7142857142857143,0.09690049422464135,0.1000778895003683,201.20488921813902,0.21422872941016682,0.03042114485183918,0.9682507765542432,0.3329191415114776,0.6803161658580915,False
0x2965e1d56e1b8818fce18ffa8abd243e2e850ded,82.0,212.0,0.39386758046031084,0.43902439024390244,0.04515680978359162,0.04721793143552968,2477.174344989372,0.5505092876119234,0.030386427848117584,0.9563487516442293,0.33889606721181265,0.6836387824029809,False
0xfaa5ed8761761822c696d94c69df8e9ce1a722d9,27.0,47.0,0.6677868413229398,0.7407407407407407,0.07295389941780102,0.08035236960337415,85.78243261043667,0.2972208795067538,0.030325180185759998,0.9079246794824772,0.363918017536049,0.711557670375641,False
0x15d1cf470804e3ed5b13d6b52d04207fc95f2f08,21.0,36.0,0.4487853498031977,0.5238095238095238,0.07502417400632619,0.08228774516891695,580.9322408265101,0.2873748056501691,0.030322888193167426,0.9117296123781203,0.3619110715010607,0.708715617727943,False
0x29ce47e687566c8ce9b1b92c126f859f35a9b53b,27.0,27.0,0.9697518695333335,1.0,0.030248130466666672,0.0017607320361689616,613.4697330026851,0.998865940359323,0.03022777230287465,17.179292388228024,0.0,0.0,True
0xd3068c33df79fee7535fa68941b561a03e24463d,27.0,44.0,0.8075692631148181,0.8518518518518519,0.04428258873703374,0.04647085114832642,8605.879234326223,0.5583887822770797,0.030157194870391785,0.9529110752822635,0.34063512807692553,0.6841884698679057,False
0x55727763fbd9abd49beda733690fb4ab6923f01e,92.0,8269.0,0.5066591875478949,0.5543478260869565,0.047688638539061606,0.05189687234232869,132296.60853831226,0.5034397039171757,0.030114332181736557,0.9189116104048005,0.3581418065509592,0.7066929755890771,False
0x1e7096047a215d86dc25ccbd37bc77d5c3152e2d,22.0,23.0,0.6508893109607752,0.7272727272727273,0.07638341631195221,0.08423456894177239,185.99790899816165,0.27789349645067646,0.03010587278393685,0.9067941733607334,0.3645156516878023,0.7121862618960926,False
0x2b81faf2fbfc57ec3034f8d198623ebdab4d88e7,65.0,124.0,0.6482370010729755,0.6923076923076923,0.044070691234716734,0.04646017116243196,1692.2476180067697,0.5585021358137682,0.030042475393479436,0.9485692827225877,0.34283972000009433,0.687037267050495,False
0xa680f5f2fc0f573377a4ac43eb210acaa1343384,165.0,165.0,0.9573135676830302,0.9878787878787879,0.030565220195757588,0.008975427258469964,34926.38158529613,0.9713433645703914,0.030041701551471983,3.4054334479635706,0.0006605911259796038,0.009647566499933275,True
0xfbc6252eebee27f33ed1df199cea56f37a809092,29.0,33.0,0.30854310678869745,0.3793103448275862,0.07076723803888872,0.07918325494742566,1714.6491647932637,0.30338006515596033,0.030035390595083943,0.8937146886153541,0.37147456430315917,0.7208674953633164,False
0x7552914f48805fa85926385c5a789152c0983d52,27.0,34.0,0.8823958202885519,0.9259259259259259,0.04353010563737408,0.045647480743561744,4602.122183872218,0.567186006634784,0.0300117853520888,0.9536146338922261,0.3402787455044769,0.6840053660608308,False
0x94675630bd2d748ec4a9e2596d8afa21a86a575d,30.0,33.0,0.9297124618263005,0.9666666666666667,0.0369542048403662,0.0328258007191154,394.9997439928611,0.7170441337458594,0.029977176531054847,1.12576705002802,0.260264134534562,0.6129873999677036,False
0xe1e852a3502e8c7502e967fe653b219110c4d8df,47.0,47.0,0.8744680848659574,0.9148936170212766,0.04042553215531914,0.04022365486057074,358.07999600000124,0.6279344139381259,0.029959705629622954,1.0050188700019473,0.3148877636302283,0.6645825537051749,False
0xac1a67920173fb7cc14673c5c499afc6b39c8689,36.0,158.0,0.5024396117809079,0.5555555555555556,0.0531159437746476,0.06015145830128929,718.2571159999999,0.43009702851193865,0.029852849516652916,0.8830366756629259,0.37721645607320653,0.7270861287091178,False
0xc9255b8d5e4cbd5c349fb7c137e815e220ed6d24,37.0,1005.0,0.49608902655233544,0.5675675675675675,0.07147854101523209,0.08059043118640782,22399.672294964075,0.29598648430469865,0.029813618897025607,0.886935830506978,0.3751134495492259,0.7252005894958422,False
0x3d53d8813bbc52c9dc046895cafe1eeef2ad475f,34.0,37.0,0.7311876470588236,0.7941176470588235,0.06293,0.07192091067261738,602.48914,0.3455047307641803,0.029790645991415135,0.8749889206277736,0.38157993413142854,0.7281390694539259,False
0x3a707ef97d3003e789eeac04cc9aab656d6176b5,28.0,135.0,0.3830834801687099,0.4642857142857143,0.08120223411700432,0.08992461542430673,7090.8078070371075,0.2524350236668317,0.029690757408628192,0.9030034071744861,0.36652408663831837,0.7150269436007739,False
0x176e36baa905bc8c40e32d78c99482efdc0f19f8,44.0,44.0,0.8461590205636361,0.8863636363636364,0.04020461579999997,0.04065369370221357,97.4590600006462,0.622951933871312,0.029681933262017277,0.9889535768753738,0.3226858553806924,0.6729034431024559,False
0x5c92c37ab487e96d47ff5c1b140f3e93fc414e7c,36.0,213.0,0.8500525944153007,0.8888888888888888,0.0388362944735882,0.03802070014986138,358142.4860122619,0.653851995892801,0.02964961462031933,1.0214513231085196,0.3070406600418918,0.6587835792412969,False
0x7238125782e7f4f75dfa65806e3bb524649264eb,41.0,48.0,0.7567219154607449,0.8048780487804879,0.04815613331974298,0.05397965601126799,171.44783000213016,0.48377110595391193,0.029644379872677804,0.892116343047659,0.37233057589647345,0.7219853798774474,False
0x54d00bee04ad0fef256af327f4f0bb6842e18e20,24.0,28.0,0.5951719519157196,0.6666666666666666,0.07149471475094708,0.08123143176938359,2305.248308420258,0.29269550079742285,0.029623585917734452,0.8801360901026699,0.3787855901565682,0.7273911258919279,False
0x21b5411a2291c653184803dc0611145363261db6,35.0,63.0,0.7201071700879592,0.7714285714285715,0.05132140134061236,0.05849907401291335,10000.622947080805,0.4438020151870631,0.02961585722671478,0.8773027984901683,0.3803221926251481,0.7276342246144339,False
0xa531cb1045cbf6aa7635715eb97e9e0a05da9d20,40.0,47.0,0.9140662325802594,0.95,0.03593376741974068,0.031579476091435604,6662.675860061814,0.7324838286412027,0.029610429302107708,1.1378835834925698,0.2551690970971361,0.6077316639044207,False
0xf9a043c3c196d606b5d2e94545d937be533a6e74,95.0,312.0,0.837269293414744,0.8736842105263158,0.03641491711157191,0.032759124334019764,798.7687990021934,0.7178684787339569,0.02961036528442435,1.11159616906352,0.2663118204304551,0.617297358491994,False
0xcf873ab72d18db17d1e88302a2a1aa92f0bea1c0,26.0,26.0,0.9226922816692308,0.9615384615384616,0.03884617986923078,0.03849606220591064,88.99987499967628,0.6482063196327272,0.02950618758645141,1.0090948955102836,0.312929125797895,0.6620426815319095,False
0x03c402e9219b598f2e4478604cb51a18020f38e0,20.0,29.0,0.44371335054525246,0.5,0.05628664945474743,0.06518813877434146,71.99997799982235,0.3911980680339825,0.029505391437022126,0.8634492487903686,0.3878905117090916,0.7324372980456404,False
0xc3dbbfe10d11a2490a8f3cfe59f31b1fefd7a93c,26.0,26.0,0.9226922921653846,0.9615384615384616,0.03884616937307693,0.038504054156753974,82.99992799999188,0.6481116415561389,0.02950366711580675,1.0088851738814353,0.3130297063858911,0.6620426815319095,False
0x88fc8a1889ff31f89cab3f4347b64edf768f6623,26.0,26.0,0.9226922822615384,0.9615384615384616,0.03884617927692307,0.03851204504765748,92.99989699956087,0.6480169840434226,0.02950116041265885,1.0086760967601724,0.31312999905949246,0.6620426815319095,False
0xce4259d917c1903f8de8bbb440a9f032a24c4bd9,26.0,26.0,0.9226922950807693,0.9615384615384616,0.0388461664576923,0.03851603818966719,88.99987099988674,0.6479696855746444,0.029499896349337022,1.0085711896535008,0.31318033015468383,0.6620426815319095,False
0x6a9715400a037e29b2b847e08bad312b2e2ddb95,63.0,103.0,0.5225861611455741,0.5714285714285714,0.04884241028299737,0.05547831997490318,11766.307282202559,0.47010855129243123,0.029477071013591205,0.8803873351805227,0.3786495150246274,0.7273911258919279,False
0xc77400db0de7dca45f0c87882ed6d4d92c46f218,33.0,41.0,0.7451456348596365,0.7878787878787878,0.04273315301915137,0.04597516199737203,17933.572618069415,0.5636708261053198,0.02945277482198122,0.929483468086399,0.35263858885303323,0.6990429828224233,False
0xa05a6054ea4274b34d663b868dc3bd61a68e4635,93.0,193.0,0.47079721342602693,0.5161290322580645,0.04533181883203756,0.050293125669050684,548.8025569993176,0.5191254842801122,0.02944599954980251,0.9013521873812228,0.36740109436236157,0.7161960864403103,False
0xe7505c94c7d5980919ad83b8e614142891094850,32.0,82.0,0.7915474667257395,0.84375,0.0522025332742605,0.06021956872909186,155.79980700174153,0.429542338748235,0.029437858933752628,0.8668699290940229,0.3860132814612971,0.7321804616465443,False
0x32f75d6505698a08caff457368c3b4101e6cf399,25.0,37.0,0.8341485220603027,0.88,0.04585147793969737,0.05114803937416383,433.8932,0.5107053041330807,0.029433229290983534,0.8964464425367223,0.3700143724387841,0.7185745982828495,False
0xf7f5163178a5a34e3235bfce4cc345d055c98314,22.0,74.0,0.6048478618809704,0.6818181818181818,0.0769703199372115,0.08710123899819132,193.556481134742,0.26466405960158673,0.02941337191878237,0.8836880028630799,0.3768646583854043,0.7269513492714716,False
0xb6a81abfab50dae7f7d584cf29e33810d41cb1f7,21.0,24.0,0.32702227313495336,0.42857142857142855,0.1015491554364752,0.10752026321468407,1333.0399799880208,0.19106844930765596,0.029349906276573266,0.9444652793837898,0.3449319364660186,0.6890623269913725,False
0x3e69375f65f77f2923b5fa3b1f7c9e1367b77a30,164.0,165.0,0.9452730530648541,0.975609756097561,0.030336703032706858,0.012696105664855871,12653.571210380647,0.9442590495171298,0.029331127711648912,2.389449476360454,0.016873644530263743,0.11971055623161377,False
0xc5dc24925a883c9886215afcdea7c0f200a17cf2,55.0,137.0,0.8408533108370697,0.8727272727272727,0.031873961890203154,0.020315591472173204,24162.17778600839,0.868698372926647,0.029303415751116058,1.5689408764623836,0.116661716058861,0.4071320239726692,False
0x2ea499164fed06ce6ed6ffd2469a8d11bbcef7f0,26.0,26.0,0.9230768945307692,0.9615384615384616,0.038461567007692314,0.038497522627833666,90.99986999966853,0.6481890178851396,0.029256426398456548,0.9990660276899128,0.3177627068480864,0.6684421051885928,False
0xc444123cf36260663b7d313da7ddf5fc1a705eea,70.0,127.0,0.83254869102901,0.8714285714285714,0.03887988039956134,0.03941785552173314,553.8153319999853,0.6373401791924963,0.029239174273087712,0.9863519941647971,0.3239604135984906,0.6743744476448849,False
0xfbe49f06348d605b47ec2d681569f479c8c8f12f,54.0,56.0,0.5590393596547175,0.6111111111111112,0.05207175145639358,0.0606670807201359,468.2460644037853,0.42591776527513187,0.02923751446288273,0.8583197153758965,0.39071594582034486,0.7349791570172644,False
0xf5a6785c36dd95ad371b538813b7cf13039108bf,39.0,421.0,0.4313439123503774,0.48717948717948717,0.05583557482910983,0.06572507291034305,421.037463999295,0.3872978539823282,0.029159120395409945,0.8495323376099758,0.3955851440731468,0.739793730415061,False
0xe901a92ae168343d7abdb9716870973436ad923b,28.0,34.0,0.8000000000000002,0.8571428571428571,0.0571428571428571,0.06734350297014736,140.0,0.37581805369805577,0.029150601371491787,0.8485281374238566,0.3961439091520742,0.739793730415061,False
0x16b09f7d874a645a4e41f1d1899eeed3d72cd8e4,24.0,24.0,0.9706821854166666,1.0,0.029317814583333338,0.005458046635492659,2399.107303003004,0.9892079428400722,0.029134120114466193,5.371484807895385,7.809094837440966e-08,2.758856929556199e-06,True
0x5ef08b00148a90f343046374dbc0c88e0186d45b,63.0,133.0,0.6686013975184568,0.7142857142857143,0.0456843167672576,0.051851235440803035,910.5388790665165,0.5038795621242884,0.029119962905963005,0.8810651545499621,0.3782825560266967,0.7273911258919279,False
0x0c7d4eb0a2adfc498a6f32a5651f0c40d54b6af8,150.0,150.0,0.5773265718033332,0.6133333333333333,0.03600676153,0.03353999424111178,148.91053700002402,0.7082291392823168,0.029088812472950323,1.0735470397268159,0.28302574495891064,0.6359332821277773,False
0x9a92681a95111b1a6644ad66f5d5da0c1a88716a,50.0,150.0,0.5747805243085417,0.62,0.045219475691458316,0.051361899841336336,219.99978699626817,0.5086198419831773,0.02904180287353808,0.8804089379705039,0.37863781629005144,0.7273911258919279,False
0x9aaff199c14a12eb0efbba92cdaa277a0a428298,63.0,150.0,0.3075060170897431,0.3492063492063492,0.04170033211660612,0.04558538976948281,4732.852735998779,0.5678541725220615,0.028993610020494935,0.914774060888308,0.36031025486556656,0.708715617727943,False
0xdd43877426314c9b8145a0bf6220fb355c03ecfe,25.0,25.0,0.9211999738679999,0.96,0.038800026132,0.040092892664288705,77.99992999989104,0.6294546398133413,0.028979285728920515,0.9677532239164106,0.33316762988707627,0.6803161658580915,False
0xa8a9a43a1a694118bc26ac4c6e9d874517b23579,46.0,113.0,0.5078739376596074,0.5652173913043478,0.0573434536447404,0.06835335433161487,225.90987200210503,0.3688612448654557,0.028912606455739953,0.8389266950461545,0.4015104465679513,0.7440516703878256,False
0x77de6e0a24dc57a4345c987eb061d46eb6e5e67a,61.0,194.0,0.4435678678476777,0.4918032786885246,0.04823541084084688,0.05637017629700343,817.4654450000428,0.4621713324016964,0.02890646077374113,0.8556902605147789,0.3921691288505169,0.7371750607182822,False
0x4eb2c70fb9ce269c4fc3dd34848e5d49f0908578,37.0,59.0,0.5571195893599337,0.6216216216216216,0.06450203226168791,0.0766708405935452,275.3387,0.317178918440092,0.028855027859469196,0.8412850539050727,0.40018826163901267,0.7440516703878256,False
0xcb37e6cded5cf639d04fe02f5586aa0d203e189a,28.0,56.0,0.48964285714285716,0.5714285714285714,0.08178571428571428,0.09348351518577508,314.2,0.23806923776198968,0.02883978177060996,0.8748677681106198,0.38164585856021027,0.7281390694539259,False
0xd1477a9a19b8bd43cae58d330e9b99cfd3c115c6,23.0,34.0,0.6928644424861371,0.7391304347826086,0.04626599229647163,0.05380320818146765,188.8299230014768,0.4854066182683731,0.028785541701927896,0.8599114041754821,0.38983788161583144,0.7338626983118463,False
0xbd3c0b3a90d5c17f884745e1d8d2e7cc3a09fc78,21.0,52.0,0.7030377264693332,0.7619047619047619,0.05886703543542869,0.07058828234002723,408.9074158313756,0.3540115160100887,0.02878303763856456,0.8339491128550669,0.4043096598948539,0.7464720053213727,False
0x9a42a2c3165b9f89e807361d5b528b24bf27b7d9,23.0,25.0,0.6613043453964281,0.7391304347826086,0.07782608938618062,0.09016005838948071,78.28295059979277,0.2514494141951808,0.02877391369812731,0.8631991901555918,0.388027958892438,0.7324372980456404,False
0x20458998cd99f7ed1096d74d39fe2c8ddf46c77c,22.0,45.0,0.4294110369287924,0.5,0.07058896307120763,0.08325039596804815,639.0911749887125,0.28263475198527305,0.028772011142701302,0.8479114393437837,0.3964872933074519,0.7398992253544996,False
0x86c878cde72660ec52f5e6f0f0438b76de8fc867,27.0,211.0,0.6504170885069989,0.7037037037037037,0.0532866151967048,0.06384875367915292,49167.65781969016,0.4011302256826941,0.02873890362867306,0.8345756514602612,0.4039566760911222,0.7464720053213727,False
0x2f8cc0977095208a971a8a7532e0fae950263c3c,25.0,25.0,0.9215999803240001,0.96,0.038400019676000006,0.04007775876743116,86.99987099956597,0.6296307395481794,0.028732096623463835,0.9581379013440604,0.3379932257216587,0.6836387824029809,False
0x3b465bd97a7648b65735c67fe6f4c8604567ed0d,31.0,101.0,0.5536697617907242,0.6129032258064516,0.05923346401572747,0.0712017878580803,3322.282856999655,0.35006357403556054,0.028727453359660454,0.8319097848187724,0.40545986838364145,0.7473433452969663,False
0x6b590d6ed7d5ae81f152e620cdc56f95d4172044,36.0,64.0,0.6162937637985099,0.6666666666666666,0.05037290286815694,0.060055302677369554,390.0298579987405,0.4308814870966872,0.028702945096189383,0.8387752724979405,0.40159542924377645,0.7440516703878256,False
0xb1a0c66711201258aab95891bdd467dea413c18c,28.0,312.0,0.664342116332046,0.7142857142857143,0.04994359795366834,0.05946991752415393,42291.52088507476,0.4356918818437328,0.02869906272174555,0.839812800032614,0.40101335547763983,0.7440516703878256,False
0xa1a9564c25491b842e821b26684cd68a2e85e22e,32.0,125.0,0.43057992493738584,0.5,0.06942007506261412,0.08238041725635871,8327.085977945548,0.2869140176082941,0.02868608951075021,0.8426769051992848,0.3994091669073647,0.7437373584506092,False
0x745c0e815c51ab9673338004a04b77d4840d4425,21.0,28.0,0.9711982255165774,1.0,0.028801774483422582,0.0045109541397534226,458.69900999973896,0.9926030178131151,0.028679685626068215,6.384851982777405,1.7156343012914022e-10,8.044765205510047e-09,True
0x316f29ee20469af96c367e0156e9155317d7795a,39.0,120.0,0.3264189515205694,0.38461538461538464,0.05819643309481537,0.07023723829869444,2624.6190410040663,0.35629507554560985,0.028650451804853656,0.8285694953911239,0.4073480552357964,0.7487887629744255,False
0x1ece4ce989abf722b3a7ccb30935c47c4f02924e,37.0,68.0,0.6222001845557599,0.6756756756756757,0.05347549111991593,0.06439168215534923,145.27785599969704,0.39706896288212606,0.028647428965422307,0.8304720319451003,0.4062719542870674,0.7473433452969663,False
0xc984f7b215e8a66a731edcce098108e91a78ab6d,115.0,120.0,0.6676100375911571,0.7043478260869566,0.03673778849579939,0.036997556813161046,169.90093748034076,0.6660942315036676,0.028576717708334497,0.9929787710395717,0.3207203000714749,0.6702898329694763,False
0x347a522d5fe7f612b9d855a09143a5cad88883e3,23.0,36.0,0.3065079255303273,0.391304347826087,0.08479642229575965,0.09710575557490844,219.8382379618044,0.22455346394888748,0.028576646845549794,0.873237861069386,0.3825334421673485,0.7283092645876991,False
0x205b4e3ab6e69e2250ccfdcf4e4613287966d66a,55.0,74.0,0.9712984413800001,1.0,0.028701558620000015,0.005918330975360776,7210.6236293874235,0.9873350001720683,0.028493789178617182,4.849603501306446,1.2370850654974674e-06,3.289115859709246e-05,True
0x3a119349bf8d91134177ed91beac3c2bd788de7c,31.0,33.0,0.38782728619174844,0.45161290322580644,0.06378561703405812,0.07719258317322975,188.54917859121608,0.3142486222043763,0.02847691783078375,0.8263179493671726,0.40862375406004237,0.7489883191972285,False
0x07e2587530448ac287b8eaa7816f336d43084b9c,34.0,74.0,0.6263841099928438,0.6764705882352942,0.0500864782424505,0.06050518663154786,3005.0952840273094,0.42722501576421196,0.02844135223535238,0.8278047061891887,0.4077811090253447,0.7489883191972285,False
0x2c4c5223f1e0bb1ffe4342b44e51bd48f89b3f12,39.0,74.0,0.4377266181570422,0.48717948717948717,0.049452869022445015,0.05988367055138293,101.09979699650177,0.4322856896563818,0.02835869454396231,0.8258155949210259,0.4089087062542449,0.7489883191972285,False
0xf69b8db59cf86fcc75cc7e30fdbd74e739fba6dd,31.0,163.0,0.5125215211425913,0.5806451612903226,0.06812364014773134,0.08240021022916909,1271.334276513249,0.286815726537641,0.02830863685621359,0.8267410963912329,0.4083838227169032,0.7489883191972285,False
0x5ecf845b70ac1ea66adbe0f48629effc83a8af11,23.0,78.0,0.3600384980593141,0.43478260869565216,0.07474411063633805,0.08912667653349061,387.14972300171775,0.2558138266897705,0.028271498864272812,0.838627822145392,0.4016781929827675,0.7440516703878256,False
0x2ddd809d6f29fb93ddf906e5db2d14663f3173b2,41.0,100.0,0.5576793446064792,0.6097560975609756,0.05207675295449641,0.06425842232405746,709.3991096609186,0.39806131883495083,0.028131509574728153,0.8104268836833798,0.417694871976674,0.757352070207721,False
0x14f3cee5d890a61fe427407f340d190eab7a0796,298.0,1862.0,0.4317717188484963,0.46308724832214765,0.03131552947365135,0.02354191782680104,22443.879888899224,0.8312778679633804,0.028106606574033147,1.3302029895797414,0.18345139943715028,0.5148217183334174,False
0x2ed38d810b127567c6f63021ac2ef9224b12274c,185.0,493.0,0.501429037595636,0.5351351351351351,0.03370609753949922,0.031393849901275174,3650.10902967399,0.7347879114541516,0.028028026511623838,1.073652885692434,0.2829782850614637,0.6359332821277773,False
0x222b39028382cf70873f92487fb6e93324751a8d,205.0,14495.0,0.5273129802109415,0.5609756097560976,0.03366262954515594,0.03133176621486606,58435.81924700082,0.7355587154168044,0.02801255581423564,1.0743929759434996,0.2826465893016885,0.6359332821277773,False
0x83129e87f1e2ecd62aff53873bb3c37a961cd15b,20.0,36.0,0.851301793929579,0.9,0.04869820607042068,0.059976494962724766,44.2198270000169,0.4315256142628894,0.02800479654562471,0.8119548516579117,0.4168175383723791,0.757352070207721,False
0x5d7639ed5fd3c5ebf0fc69d548e1046acd0f9168,34.0,381.0,0.6250633988276926,0.6764705882352942,0.05140718940760149,0.06386442807736166,199289.27037932377,0.4010122990659827,0.027980396952259998,0.8049424531811326,0.4208528886955909,0.757352070207721,False
0xab9fd3d22809132d0bcdc8cd7413a32ac35175f1,49.0,130.0,0.46592259856746143,0.5102040816326531,0.044281483065191585,0.05329828633387018,3584.69013539999,0.49011821802700295,0.02797294799369219,0.830823767724994,0.406073193714497,0.7473433452969663,False
0xbaff506f8e458c42154fbb1e78237fa81c5beaf6,28.0,59.0,0.5821417591319135,0.6428571428571429,0.0607153837252294,0.07573175137058236,558.4674984072727,0.32254096477073846,0.02791360680612093,0.8017163557743101,0.42271705252004277,0.757352070207721,False
0x3086dc7ac892557b74e75b83e345c7f6b917d9a5,21.0,26.0,0.7987728708462476,0.8571428571428571,0.05836998629660959,0.0730232519243761,3183.386898606538,0.3386581385427998,0.0278996936485597,0.7993342498230339,0.42409662427999617,0.757352070207721,False
0xf91c694e9089b507ee35ed15da78afc082dcbaa7,24.0,48.0,0.6450662294795283,0.7083333333333334,0.06326710385380502,0.07873969316934516,4616.615358016792,0.3057596916102637,0.02788129027756097,0.8034969569634555,0.42168755490391874,0.757352070207721,False
0x97525543674cd78f939e7829f9122eec031557a9,35.0,106.0,0.6851314739589499,0.7428571428571429,0.057725668898193,0.07234240809694646,540.3108546176486,0.3428667455004834,0.027872683626991662,0.7979506131567325,0.42489915034091386,0.7578249714586561,False
0x200ffb575b936d297fcf39076ddf2b476ae07a96,138.0,486.0,0.47810054222271237,0.5144927536231884,0.03639221140047603,0.038990399828654966,9488.493029478264,0.642365322365787,0.02777476701981255,0.9333633807399567,0.3506323807831797,0.6961361894070981,False
0x2bf32fc6a8f87a9570be5caed55c2d0698d54f00,44.0,73.0,0.6072943424887646,0.6590909090909091,0.05179656660214449,0.06543001966264311,2484.0698560151536,0.3894353641673823,0.02767925286637954,0.7916330587887235,0.4285746650133695,0.7590354785893281,False
0x592997c2d8119d82d71f21119957c6434d244684,322.0,2474.0,0.522058402760771,0.5527950310559007,0.030736628295129704,0.023332557170273882,57060.67777396473,0.8337688208549704,0.027671312204913943,1.3173278895589184,0.18772874058505962,0.5208156356420148,False
0xad6fa979285e847425d2896153dad279ea91cc7c,31.0,1224.0,0.48168935786257777,0.5483870967741935,0.06669773891161587,0.08326761025499715,11161.701955007175,0.2825509190480116,0.027667655355912597,0.8010046007969003,0.42312898236312013,0.757352070207721,False
0xd6a8f78e03f156228fb87fcb8bafea5b92fa58fd,27.0,207.0,0.41337127384546085,0.48148148148148145,0.06811020763602053,0.08479730070051965,9594.27226998274,0.2752291846664455,0.02765809691024476,0.8032119781332042,0.42185222340087525,0.757352070207721,False
0xe4a4f67a36a36723288b19ac566f504634f7cdb9,43.0,457.0,0.5753133396392122,0.627906976744186,0.05259363710497392,0.06672493563326096,1958.672472999975,0.38015712176366556,0.027615774158242064,0.7882156289223472,0.4305705888064999,0.7601165521307761,False
0x20bae509245385789fb8af1e79bcba81d2766c27,97.0,103.0,0.7575948567550909,0.7938144329896907,0.03621957623459973,0.03916132973331737,29197.843517820653,0.6403529871400119,0.027615731025839536,0.9248811641803145,0.35502772540918004,0.7016218420155366,False
0x588bb45b2c4cf22383a76af6633bf595dcb5ed16,22.0,48.0,0.6137153798481774,0.6818181818181818,0.0681028019700045,0.08500453377628853,2345.3976580146286,0.2742564487753069,0.0276017739098135,0.8011667018753926,0.4230351453270844,0.757352070207721,False
0x12d52c773a6f1c7eef7ce04c17c625c0a3cde65a,37.0,75.0,0.48602163673341786,0.5405405405405406,0.05451890380712263,0.06929901797130415,265.5259947399408,0.36248715476458454,0.027601610393964672,0.7867197170051995,0.4314459593034652,0.76055989681725,False
0xd218e474776403a330142299f7796e8ba32eb5c9,851.0,9078.0,0.42386140325395727,0.45240893066980026,0.028547527415843,0.013497144883961941,933628.0358267344,0.9374571856960239,0.0275311455035189,2.1150789786486444,0.03442321654069369,0.20085401687431909,False
0x88a994b2bd37ec095f0f460278b7736b174ce618,74.0,79.0,0.6647409744401611,0.7027027027027027,0.037961728262541565,0.04348319639495938,2320.7998159918507,0.5908612640306825,0.027461109345655085,0.8730206472802475,0.38265182377523543,0.7283092645876991,False
0x8b355722ce10673c0072fe835c3043b5049b51b3,32.0,33.0,0.6910830860624264,0.75,0.05891691393757357,0.07526543510884853,7384.169944972107,0.32524609731041104,0.027459640891341328,0.7827884586379948,0.43375134612459343,0.7625390059000181,False
0xd5a32eba30f8baa08c3f12880ff6525f926d5b70,282.0,457.0,0.5298141057075906,0.5602836879432624,0.03046958223567189,0.023497055497035943,1117.5897539616833,0.8318122518400171,0.027413100733475762,1.2967404464578765,0.19472050769536864,0.5314118405781542,False
0x04458b4487aa75103b8f8671a244048bb7b08850,20.0,21.0,0.6772332174871344,0.75,0.07276678251286561,0.09067501786579041,284.23816564149837,0.24931149729176047,0.027372473614661916,0.8025008897221165,0.42226327394391916,0.757352070207721,False
0xe5b8f9ef3e59414bfc74a3eeed1b557d5608a279,20.0,38.0,0.6287088167525532,0.7,0.07129118324744685,0.08920559697672693,170.836681364597,0.2554769760309617,0.027368319914296193,0.7991783661965312,0.42418699434461393,0.757352070207721,False
0xcd6d6b075813be8c3b09ee45fbdebf7ccba3aeb3,24.0,25.0,0.6408333333333334,0.7083333333333334,0.06749999999999999,0.08534722345058823,155.6792,0.27265775787981145,0.027348198328023866,0.7908868885357367,0.4290100001924677,0.7590354785893281,False
0x6a80869c6561210db35da8e7e306a1095275d472,51.0,116.0,0.5167444340193291,0.5686274509803921,0.051883016961063066,0.06678037671276976,4743.211459997682,0.37976578437070363,0.027330135184578497,0.7769201001099172,0.4372059116395115,0.7639371810008164,False
0x8f764c8d09187f0cdee635f8043f0624c680aea6,48.0,117.0,0.5300926626569472,0.5833333333333334,0.05324067067638611,0.06883300379193735,59638.84781306566,0.3656114209792144,0.027266187638670194,0.7734759162525807,0.4392407765713491,0.7654067316064253,False
0x0a60a86182343bdf0c039253bd2b463897857b81,46.0,88.0,0.6486557816628636,0.6956521739130435,0.046996392250179875,0.06001016786488649,4443.699694825108,0.4312502601103956,0.02726086554561162,0.7831404897248868,0.4335446165682071,0.7625390059000181,False
0xe5de5074b05bbb54020e19af6dbcdf727a5588da,28.0,43.0,0.5090461318207168,0.5714285714285714,0.062382439607854716,0.08026993839206303,260.32602299986996,0.29764984729398775,0.027204606836954012,0.777158184713681,0.43706544924187085,0.7639371810008164,False
0xea6fa510b4609ffc1588a1b3ca217c5c999a6572,29.0,233.0,0.45881706891932356,0.5172413793103449,0.05842431039102126,0.0757323843305075,2578.418632001619,0.322537312247176,0.02717447331981032,0.7714574274599463,0.4404358472253209,0.7664534750297589,False
0x08824424143790006c9501b8e5b45b25d692dcea,22.0,27.0,0.30137450528110316,0.36363636363636365,0.062261858355260484,0.08042507602642412,274.9999720002985,0.29684317997037724,0.02712841046332946,0.7741597699553805,0.43883631544766,0.7654067316064253,False
0x5db92e9c68153acc5393b304fe5d3d47756f190e,35.0,38.0,0.6590325347031305,0.7142857142857143,0.055253179582583654,0.0723747907422021,178.0156398,0.34266510866255506,0.027016287622947138,0.7634312861697194,0.4452062273834856,0.7692713724385976,False
0x6ef6440fb16d02e7e0d2f77a6a716828371e9b93,27.0,53.0,0.48674504775540045,0.5555555555555556,0.06881050780015517,0.08809678297080395,162.02994600053586,0.26026417620073045,0.027005108084675527,0.7810785533787264,0.4347562948906374,0.7637454693987477,False
0x3f348100519813dd4ba2a9aff346de5a0f42ed6a,32.0,314.0,0.4564278409577792,0.53125,0.07482215904222084,0.09425451554286934,3410.6643570062683,0.23510229515476516,0.026996463585817507,0.7938310287976582,0.4272938062816918,0.7590197068715279,False
0x3c8731f3aead0ca9847fcbaee96bd6f12e951075,30.0,34.0,0.5413666344845057,0.6,0.058633365515494265,0.07685774515590821,36.90493264091831,0.3161252237936227,0.026944785632948304,0.7628816770067187,0.44553396460956574,0.7692713724385976,False
0xef70b1a29db8a8643b4ed9becff696a46129a451,24.0,230.0,0.9723927465848886,1.0,0.027607253415111336,0.01114518895323026,109759.60580030906,0.9564891969648841,0.02694107238001774,2.4770556632967446,0.013247124029175161,0.09898814475515427,False
0x8ca077de190c35d3cdf8526198a34e16033647e7,22.0,52.0,0.48244614336208724,0.5454545454545454,0.06300840209245814,0.08209069530915038,79.05994200135666,0.28835778300318726,0.026919706677598052,0.76754621038561,0.442756829430738,0.7684184812260251,False
0xa0bb2ef3dc4048ea1dbf88619e2c06d125a04c8a,193.0,251.0,0.888452807024391,0.917098445595855,0.02864563857146397,0.018140389177392628,8276.495392015575,0.892448046927467,0.02688726207944367,1.579108270023416,0.11431122510418135,0.4005552303582659,False
0xbafd69a6c38f9887a6ec6923a2318ee1a6884898,220.0,222.0,0.532914001981578,0.5636363636363636,0.030722361654785663,0.026845482666742217,458.65905999580946,0.7911846410125357,0.026874769014030978,1.1444145756725899,0.25245174626449707,0.6067782419535303,False
0xf06bba3c9451d965276efb011c29729c4571b3fd,53.0,54.0,0.5413748128226415,0.5849056603773585,0.043530847554716985,0.05591317178104007,108.43994200077813,0.46622056226155495,0.026858621344940475,0.7785436985257581,0.4362485555997777,0.7639371810008164,False
0xde0463ea7f611b065e8ab06bbfbddad75e6dfa37,95.0,1211.0,0.5324180883641795,0.5684210526315789,0.03600296426739934,0.04167109221186909,230211.3277024434,0.6112716695352247,0.026787609119973133,0.8639793765027519,0.3875992199475915,0.7324372980456404,False
0x9ec47a9508015da59015f914b60e2a11d1798733,21.0,22.0,0.18102858785728548,0.23809523809523808,0.0570666502379526,0.0755959424639558,22.95139540769386,0.32332586445127615,0.026771880824939583,0.7548903866786503,0.4503147543659405,0.7736735555690781,False
0xb0da1e98b8ebe7458e9380710c528f440970b072,21.0,174.0,0.6466312985088278,0.7142857142857143,0.06765441577688648,0.08783581757915661,3131.756432947903,0.2614081204654647,0.026767545060596906,0.7702372180451,0.4411591902812795,0.766510795157259,False
0x44f9d08df5f7b3980c313d3d5b55ecadcbab3dca,24.0,39.0,0.39286271197870315,0.4583333333333333,0.06547062135463015,0.08554774742986737,1656.0299679955615,0.2717279570332478,0.02674543119939079,0.7653108740040574,0.44408645041760164,0.7692713724385976,False
0x487c6207946ef324fbcead1ceee6d5cda48f75a4,40.0,42.0,0.8880335601190407,0.925,0.036966439880959365,0.04399324950263414,592.9940039968872,0.5852112842137994,0.026733647610050267,0.8402752762954225,0.40075406035473193,0.7440516703878256,False
0x9e3ed7b661a903fc97afcf49e0f014ebe869f882,30.0,163.0,0.44276728048289027,0.5,0.0572327195171097,0.07606561951073253,32758.787408556742,0.32062159330554624,0.02670405572941476,0.7524124549992577,0.45180305881258764,0.7736735555690781,False
0xb167055c8aafe4775c5803859af288ec98f4abdb,32.0,49.0,0.8349841066726189,0.875,0.040015893327381216,0.05033700631074966,390.16379500422875,0.5186900491786374,0.02667429717238126,0.794959737580494,0.42663692309564594,0.7590197068715279,False
0x72aa9417ad51f604f44aca46620391bcfe4571c9,50.0,91.0,0.5722845529123853,0.62,0.04771544708761465,0.06332340974448969,709.1196409972016,0.4051060950357244,0.026644960618356,0.7535198638251911,0.45113757934753806,0.7736735555690781,False
0x976adbd06fa70877d9e11a732e549f0e4214e8ec,60.0,128.0,0.42559025742588924,0.4666666666666667,0.0410764092407774,0.05246758834267666,2769.03938997223,0.49797122489249396,0.026628091360652223,0.7828911245643478,0.4336910498777158,0.7625390059000181,False
0x84bc4e82f9763b86abe31684f72666bea9654aad,25.0,26.0,0.4491704314441347,0.52,0.07082956855586528,0.0919060469243565,7103.268177956633,0.2442981399060459,0.02659605695761083,0.7706736490816729,0.44090039476755605,0.766510795157259,False
0xe50b3e7c8038e72f42b80bd28eaba6c7c2bec2a8,20.0,31.0,0.6309953383397696,0.7,0.06900466166023048,0.09002552004266423,774.8195979992745,0.25201198877272585,0.026587673406478333,0.7665011168780619,0.4433781875638809,0.7689793851561862,False
0x9694d6672357c3cf44ae8256f08b99280f0ab7ad,47.0,128.0,0.6337963964338197,0.6808510638297872,0.047054667395967587,0.06254309323279603,6457.425524194477,0.4110962129877268,0.026585479965530758,0.7523559351441431,0.4518370383890953,0.7736735555690781,False
0xe8c4d68aff65b38cac46987b9b65e01eb47d395d,31.0,150.0,0.4607042181969605,0.5161290322580645,0.05542481406110397,0.07435935089817584,14787.961162080406,0.33058446892935733,0.026554083740168745,0.7453644147190052,0.4560514501319535,0.775072744618794,False
0xc2a2d9267f13a7efb2b1b527ecb4d8240a7823a0,37.0,38.0,0.5203242335034394,0.5675675675675675,0.04724333406412819,0.06300604799656148,53.8106645047087,0.40753007940908176,0.02653841521538673,0.7498222086029973,0.4533617911821608,0.7738054662202467,False
0x33c96d86e23e971777e9a0b59f4e21cc9e546f9a,25.0,188.0,0.5517918140775042,0.6,0.048208185922495816,0.0647862453149934,62396.396570427365,0.3941476913159625,0.02645103791027001,0.744111434272902,0.4568090623577228,0.775072744618794,False
0x8255b414608fa97b7bf7153d7025af0a3dc0cba9,32.0,189.0,0.597790336089085,0.65625,0.05845966391091499,0.07871224257932417,1046.0380870026625,0.30590774302004425,0.02641820343739971,0.7427010334764741,0.4576627039220327,0.7755007315472552,False
0xf9d6d6fe8071159a05962099b3b1c2dc8877910d,30.0,190.0,0.44890172537387835,0.5,0.05109827462612158,0.069113976644229,38597.955876002554,0.3637238199137026,0.02640966099618939,0.7393334475478813,0.4597045438052696,0.7764099662565752,False
0x5b395d55116310abae449110a4d60791533f1f68,24.0,53.0,0.30361805750081033,0.375,0.07138194249918964,0.09346902505502436,3439.139943997131,0.23812547901408299,0.026366286788041482,0.7636962347383826,0.44504828511694194,0.7692713724385976,False
0x656947cf556d72c15761f7ca4fe2e815d9927600,44.0,141.0,0.520732877755931,0.5681818181818182,0.0474489404258872,0.06401328796216568,3737.02921825355,0.39989436116461935,0.026353792237360903,0.7412357955106345,0.45855048305274027,0.7759853646935808,False
0xce262f1a9cdb4b67477ffd2460edc03fb1558e06,38.0,224.0,0.49819500841029374,0.5526315789473685,0.05443657053707474,0.07416326644762668,22823.81353804258,0.3317541750183997,0.0262766772191459,0.7340098831207398,0.46294271466261927,0.7798362254179589,False
0xed74eaeb77a24177b6db810fc05e59332aaa345b,29.0,29.0,0.9736582669896552,1.0,0.026341733010344818,0.003900441278019405,1403.450533297304,0.9944594012036873,0.0262639142818744,6.753526366052823,1.4429346606448235e-11,8.457564749552272e-10,True
0x9ff797f302b85a9dcfb1b122c085959acc8d9ab6,58.0,171.0,0.7041919561533266,0.7413793103448276,0.03718735419150098,0.0464978038520407,434.9868188778125,0.5581028047324723,0.02618817728124894,0.7997658192596315,0.4238464902404464,0.757352070207721,False
0x67706ec33d1bc5ed0db5cf0681b74b57b64ec3bd,92.0,1773.0,0.48603379168752886,0.5217391304347826,0.03570533874725374,0.04339208029971602,25285.79381970931,0.5918750563940155,0.02615162783657652,0.8228538134293463,0.4105911302709311,0.7507382018857203,False
0xca29766b816b7f2c5c4575f482ca892c2230a1d0,28.0,31.0,0.469051062071673,0.5357142857142857,0.06666322364261275,0.08958253137433943,508.31660932839594,0.2538762373953357,0.026098955953001414,0.7441542744985232,0.4567831474262585,0.775072744618794,False
0xeafa9f0e2478049e0d02ebd80c4341d7bfe88a71,96.0,96.0,0.91921994741875,0.9479166666666666,0.028696719247916645,0.022709527241573612,411.40862469884826,0.8411362855400295,0.026091327317567307,1.2636423005487525,0.2063584435703576,0.5480931266405276,False
0xe2b8b863d0ad8f450d3899c28fbfd27237538712,37.0,44.0,0.6034568370756436,0.6486486486486487,0.04519181157300496,0.06163407139589671,3812.9765139799083,0.41820325858437307,0.0260534551209119,0.7332277512988312,0.4634195320813499,0.7801298780925596,False
0x70f968816adc8dab24e09fd72c9269224cb8f25b,30.0,52.0,0.4757533699388474,0.5333333333333333,0.057579963394486,0.07916858618308069,1046.9075127987549,0.30345838016135634,0.02603818072506188,0.72730821870849,0.467037164530955,0.7831526965704375,False
0x596b99af38c12b3988827db04e5314b39384e891,40.0,48.0,0.8698398285932007,0.9,0.03016017140679931,0.028748230041874365,1078.2304601069359,0.7676561776299161,0.026009669143706844,1.0491140276416435,0.294125640669449,0.6472202170380876,False
0x0785a9345af787f7d4619d819e39e26aa4f73540,24.0,44.0,0.3464950270356307,0.4166666666666667,0.07017163963103595,0.0938209436133563,2896.76302099498,0.23676459388255977,0.02599932148776771,0.7479315057863728,0.45450147278645225,0.7746257114148729,False
0x5061f3f6893bf5ad7df50d354ce9ec76326d4b02,23.0,24.0,0.49218862343444814,0.5652173913043478,0.07302876786989967,0.09684985723875082,442.9999709877124,0.22547376038185082,0.025990070925870166,0.7540410481955772,0.4508245740825052,0.7736735555690781,False
0x31a800f7171f3d13ae0647c4f51894e516f8c2fc,97.0,97.0,0.9199381224680413,0.9484536082474226,0.028515485779381417,0.022512578631267936,408.40807651854635,0.8434503302290288,0.025976416615062753,1.2666468042792747,0.20528160886396396,0.5457951229486218,False
0xc07d5961e7a361992983c1a3a865d00dc28cb1df,253.0,15912.0,0.6382837891462936,0.6679841897233202,0.029700400577026456,0.027273636970247105,1162625.0129944282,0.785908178574764,0.025974378337572945,1.088978364324007,0.2761634267345858,0.6308463042945056,False
0xe0317ff8baff05a02a302b9848a470efec4c5c08,119.0,16679.0,0.5016363431955658,0.5378151260504201,0.036178782854854395,0.045257432408434335,246677.9408814374,0.5713943326677571,0.025942722165170632,0.7993998097009142,0.42405862076275924,0.757352070207721,False
0x491fcd847dc873ed7409081e59bfd9b32088134e,23.0,28.0,0.9194347826086957,0.9565217391304348,0.03708695652173914,0.04723990211622487,826.3879,0.5502790526453804,0.025938191059203898,0.7850769129557822,0.4324084749966548,0.7617359679073583,False
0x076daa87c4fe1a85402a9b6b8e0a866224388d4c,380.0,2341.0,0.5296042162204881,0.5578947368421052,0.028290520621617216,0.022585248934190533,516384.80857862905,0.8425973590516378,0.025773027281828502,1.2526105292906378,0.21034748105920476,0.5557457005849659,False
0xaa9741de9f0c041b6c933f6857863f3e4181946f,71.0,180.0,0.6966032688713152,0.7323943661971831,0.035791097325867986,0.04529302912304747,362.13937699881313,0.5710091898803384,0.02571215209529916,0.790212048495021,0.4294039407762038,0.7590354785893281,False
0x0be34ffafafa7f3a2998b15b05e04d36cb2835fe,24.0,29.0,0.9241950793523395,0.9583333333333334,0.03413825398099395,0.041427721506682676,1725.9997619987523,0.6140516674199111,0.025708484443070057,0.8240437257812293,0.4099147133588463,0.7502981162189245,False
0x2427b7339af720e5cb70dcd198c4d30ef69552a2,34.0,39.0,0.5072645295655455,0.5588235294117647,0.0515589998462192,0.07264926811140993,102.33538000011525,0.3409619131250712,0.02568354949144875,0.7096974434367578,0.47789177787888426,0.7874090684689576,False
0xbbc8fa72556187bdd8eca826c79d2269052b4f5b,50.0,188.0,0.6406688191683486,0.68,0.039331180831651415,0.052902671930501466,4507.489744024617,0.4938424087694273,0.02564739680911282,0.743463031192848,0.45720139554873196,0.7752284017884153,False
0x5419bea5b778afdcc42fa1af52bf18cede2fd3f8,22.0,25.0,0.6195454595213948,0.6818181818181818,0.06227272229678688,0.08661986338729347,134.87412299999957,0.26682679418681515,0.02563153125885382,0.7189196549335802,0.47219042537818945,0.7850605010421363,False
0x1e1d32df2c59c4ffee9f6b4ef418d6ca2f202b19,25.0,58.0,0.3376233395259003,0.4,0.06237666047409975,0.08681266820796595,3136.3333619989744,0.2659577682710149,0.025615743834943257,0.7185202547244834,0.4724365636360588,0.7850605010421363,False
0x677052d6733b1b9663aec3ae718fd8e881105bdf,86.0,373.0,0.453536609954467,0.4883720930232558,0.03483548306878886,0.043486805807311485,7026.23444200544,0.5908211321346163,0.025613027628653362,0.8010586756623069,0.42309767816269517,0.757352070207721,False
0xef1eee8224e39cfbcddf01159891725ff67e6e1f,41.0,48.0,0.456892257993981,0.5121951219512195,0.0553028639572385,0.07824094507467456,182.18999900016104,0.30846398743643877,0.025562448540352733,0.7068276578772975,0.47967358460648546,0.7894563973836158,False
0x0a655325b49accb62fd4f6a33fa073c06e91d43f,80.0,98.0,0.7656941922399294,0.8,0.03430580776007062,0.04248163830874018,183.94555499818256,0.6020782871911297,0.025547845899294597,0.8075443680102266,0.4193529233922073,0.757352070207721,False
0xa18267dca1488ff8178f10aad5078601cbbe3106,91.0,103.0,0.6910568597289953,0.7252747252747253,0.03421786554572988,0.04242362767635386,5272.837316908737,0.6027328664253923,0.025509247039975043,0.8065756612512013,0.41991100078188404,0.757352070207721,False
0x5a218c7ad04135830a45c41aaed7294df7809318,28.0,823.0,0.590367136000979,0.6428571428571429,0.052490006856163944,0.07474227504167143,33076.16097492566,0.32831507152968925,0.02549266713064271,0.7022800259545074,0.4825045472096081,0.7910866034669926,False
0x002e5a83fddbdb7b8cf1480a83ba07e524acaf86,55.0,204.0,0.45205653516653027,0.4909090909090909,0.03885255574256065,0.05307098514950989,170.40204938,0.4922544605083643,0.025368861877821093,0.7320865748601889,0.4641157274589722,0.780378386679393,False
0x629cde8ddaef92e15f51de067dd66c77a5733f90,34.0,49.0,0.7834683665447318,0.8235294117647058,0.0400610452199741,0.055551901813132694,2955.1442226987197,0.46944825345166385,0.025330543368676524,0.7211462418466383,0.4708195428614572,0.7838887030598439,False
0xdeb6368f6b09f9e131f263ceb152c0db611632b5,56.0,84.0,0.5297347085880479,0.5714285714285714,0.04169386284052344,0.058779832123029604,11329.359241034334,0.44143960698822116,0.025273687784334392,0.7093225913482666,0.47812431222271723,0.7874090684689576,False
0xda596a33c3da5d6497a8bcc67615274c8be36630,37.0,50.0,0.7499694115277219,0.7837837837837838,0.03381437225606176,0.04246242062279289,1692.8332079708284,0.6022950768379115,0.02525662809403418,0.7963364254818518,0.4258365191714919,0.7589719301612147,False
0xa3b48b1e1e3c44c2c8181092206f65f29bce88df,107.0,128.0,0.5553971924909306,0.5887850467289719,0.0333878542380415,0.041584595469842896,431.6199860001105,0.6122586874699316,0.02520988394264049,0.8028899610735503,0.4220383389551521,0.757352070207721,False
0x3c8666b3f319dd9bb3c405bb2e0a17413e25456b,37.0,85.0,0.5459264624790584,0.5945945945945946,0.04866813211553614,0.07084154812538124,312.45909516349064,0.35237514281593335,0.025112990929349842,0.6869998384196694,0.4920828302471465,0.7953461514383113,False
0xb70b150e75d503d7e95f7f120d87e30a739b1668,69.0,115.0,0.7805164645974517,0.8115942028985508,0.031077738301099108,0.03577827425221585,9525.34801354141,0.680831222918338,0.025083369146048803,0.8686203834768351,0.3850548016799318,0.7312638685806657,False
0x9450e72894ba9bcdcadba0fb643d50f75990dc04,32.0,37.0,0.9748897156115153,1.0,0.02511028438848478,0.003425489910674208,234.99958799948843,0.9957211675292356,0.025055456562321853,7.330421353815213,2.2937207688755734e-13,1.478876465732526e-11,True
0x1260ddaeca9c26d2d4d8aa7beeb0601a9b1fe26c,23.0,24.0,0.5765679398057261,0.6521739130434783,0.07560597323775219,0.10409419182367907,71.78492512197853,0.2012795492424822,0.025039441539343486,0.7263226882612055,0.4676409737574885,0.783188956843492,False
0x355568e1fa289888b5be6f9e7ddcb5a8df5e208e,21.0,53.0,0.6998491352322042,0.7619047619047619,0.062055626672557734,0.0892883291556457,1343.9938170094047,0.25512448832337087,0.024991308385433265,0.6950026645070663,0.4870536317422536,0.7941771081381355,False
0x06451c7539367fca469f83247ff4414b4075c08e,23.0,28.0,0.5475925366918533,0.6086956521739131,0.06110311548205984,0.08815652662388614,123.316667001685,0.2600032219732052,0.024986413692550346,0.6931207231286703,0.4882337936577308,0.7944195292386673,False
0xae6823d3acf543e435991fd5a1d628925a847f0c,22.0,70.0,0.6206844105716168,0.6818181818181818,0.06113377124656494,0.08828030606478333,8080.614506091055,0.2594636676087299,0.024968033953793854,0.692496140664745,0.4886258087132602,0.7944794362489951,False
0xff34c2cc46e7624310f3549ea355540d57a4694b,180.0,1252.0,0.5086623051568607,0.5388888888888889,0.030226583732028266,0.03370587261395745,63633.658378839114,0.7061860354547427,0.024958489204029044,0.8967749946195303,0.36983899356463157,0.7185745982828495,False
0xc8c28bae5a3387505ed318e8ede8d167da3a080b,76.0,163.0,0.5166335958838107,0.5526315789473685,0.035997983063557636,0.04938993740120353,890.3576839727177,0.5281658179498949,0.024814836406807747,0.7288525751944047,0.4660918472132698,0.7820760403142633,False
0xbe02a41c2f32342af76dff465903e5f6b6035fb3,54.0,211.0,0.5568218776693107,0.5925925925925926,0.035770714923281946,0.04895407427643751,4753.426060566823,0.5325814874804597,0.024798455301910403,0.7306994453881246,0.46496275440296664,0.7811980088633557,False
0xb6fc9e6aa8f5f624b742cf86299bd32a5f57b24e,98.0,119.0,0.4126089142668481,0.4489795918367347,0.03637067756988667,0.05032824129946128,4681.9243848876695,0.5187769978262783,0.024785653244763887,0.7226693528485365,0.469883048593565,0.783340906478865,False
0x6b7c75862e64d6e976d2c08ad9f9b54add6c5f83,59.0,716.0,0.46809766119426477,0.5084745762711864,0.04037691507692166,0.058423175546397935,142076.80973494655,0.444443044228152,0.024776672497708235,0.6911112704727173,0.4894956181176475,0.7944794362489951,False
0x4993dcb1061d190b8f5f7ce34ce352c85873553f,61.0,174.0,0.6688237526919928,0.7049180327868853,0.03609428009489237,0.04986730644290119,1045.979343998043,0.523369178726063,0.02475154807771754,0.7238064910568383,0.4691845437468767,0.783188956843492,False
0x6945839be4e09b8e28eb8bdd5088c7a70dc7729c,45.0,352.0,0.6493035487749012,0.6888888888888889,0.039585340113987816,0.0570518026249098,43568.89788648407,0.45620172647400864,0.024745742732586708,0.6938490686130252,0.48777686672772647,0.7941771081381355,False
0x9ce02333c6e2ef9e2b3ad7cf87336d9a10b02b8a,33.0,55.0,0.9414445992554872,0.9696969696969697,0.028252370441482544,0.02820415581924602,9822.798404994785,0.7744021652236021,0.024652771719082662,1.0017094864510578,0.3164839236340107,0.6668399011863673,False
0xddf57e9fa333d2a55ef1ead963eb84eaca1baaa3,29.0,51.0,0.6025976643669894,0.6551724137931034,0.05257474942611413,0.07869092320373794,2247.802905637041,0.3060227897664729,0.02462259640537543,0.6681170748244156,0.5040588632995071,0.8030057832054454,False
0xe4b5414d5d17a869cf627a247b8bb0ecc11d56ab,36.0,69.0,0.509377061484718,0.5555555555555556,0.04617849407083764,0.06916262453346868,195.34995995385606,0.3633982011880943,0.024609187023776923,0.667679897666279,0.5043379445495224,0.8030057832054454,False
0xf6d2e3deb333a5716acbd4044e65e887accdbebd,51.0,71.0,0.5062922583772315,0.5490196078431373,0.04272734946590579,0.06348704464248461,151.999920997887,0.4038627955010151,0.024586417269366792,0.6730089533465741,0.5009415948972087,0.8024399833788206,False
0x22be905849757cb24ae383e66c57635827e9e36e,25.0,26.0,0.6805647223787187,0.72,0.03943527762128119,0.05751936255123509,30.231262798603453,0.45215504450645894,0.024567462161441858,0.6856000461784396,0.4929653524117912,0.7954814135198035,False
0xf3079751450b7771186cc2b249ed50a832a984e5,38.0,50.0,0.37916532583847357,0.42105263157894735,0.0418873057404738,0.062466082060774246,213.69980299886495,0.4116929110751629,0.024478853905648114,0.6705607964930628,0.5025003640231493,0.8028988876128949,False
0x1fa841254cc408589b07121fce6c1cb583430b19,195.0,464.0,0.5357074549730041,0.5641025641025641,0.02839510912956002,0.02974871624701746,4722.502399814584,0.7552301440449739,0.024454666936425486,0.9544986376481658,0.3398312985810863,0.6836387824029809,False
0x820df70f7a642dc5da524862e4357fa6791f2236,31.0,31.0,0.45916625268387096,0.5161290322580645,0.05696277957419356,0.08581568148845316,204.9999709656917,0.2704920747889013,0.02437841053259892,0.6637805420429846,0.5068307811186128,0.8038903140601648,False
0x8218beabb01f7c9d0dcbc8e57137a1b161c7b5a9,23.0,27.0,0.9756166265391303,1.0,0.02438337346086958,0.004099643888254089,1070.51184103928,0.993882563124379,0.02430943307647465,5.947680853629874,2.7196820351349515e-09,1.1312999949375871e-07,True
0xa5901037a051f56a3ed55f6aee11d31e8bbf271c,25.0,74.0,0.4571240487074361,0.52,0.0628759512925639,0.09362920869447222,141.89847582902493,0.2375047412711504,0.024309397013585168,0.6715420558315157,0.501875277296361,0.8026103448085292,False
0x30f67d821c57a54e25e5e521dbd3b5b18309004f,30.0,41.0,0.5186999790878395,0.5666666666666667,0.047966687578827175,0.07367806831337245,912.4772813588079,0.33467087304980436,0.02423430555823361,0.6510307432981559,0.5150266415277858,0.808924304811303,False
0x1ac344faa5bc043a4aae6cb0d41fe3cc5b7a8fb0,27.0,28.0,0.5702953667755857,0.6296296296296297,0.05933426285404399,0.08989719967889738,94.73273559995577,0.252550125381138,0.02417592968679494,0.6600234831115903,0.5092387596984365,0.8062743793948237,False
0x0f17aacbaa5e2382b44fddc45a3ed42f84d70724,31.0,95.0,0.5315221790392217,0.5806451612903226,0.049122982251100934,0.075842590826995,9882.216103030747,0.32190215580475645,0.0241510573950326,0.6476965213801262,0.5171812546034427,0.8108270246943943,False
0x3257501508b82c2f7aeb914088b6ed089f362f3b,21.0,135.0,0.6076495215335355,0.6666666666666666,0.05901714513313131,0.08967638246411049,61555.320199522364,0.2534797516623185,0.024139274260462473,0.6581124651939506,0.510465866623321,0.8062743793948237,False
0x1621b82c4caed430ae9a8bde1c792f87cfe1572c,26.0,36.0,0.4439312307160629,0.5,0.05606876928393719,0.0858121243993709,1636.349960090108,0.2705084339076562,0.02413730390925124,0.6533898289592774,0.5135049942283105,0.8083946172018254,False
0xea8d83cf2565fd7086b2a4108869e0a4ae6c89b1,21.0,45.0,0.6131542418236187,0.6666666666666666,0.0535124248430481,0.08239122433197103,905.7073946039292,0.2868603447036113,0.024119749499782676,0.6494918030036262,0.5160205429876825,0.8096889855199435,False
0x70f74b5810b601e6111360297b1b60403021d7de,31.0,140.0,0.3488264199899896,0.3870967741935484,0.038270354203558885,0.057214240927312886,938.829832094519,0.4547914087407278,0.024109212572173726,0.6688956033197919,0.5035620750568324,0.8030057832054454,False
0x2d6ac4f70307102ac46e9e6ded67f3838ddf8add,60.0,1134.0,0.49183925369540193,0.5333333333333333,0.041494079637931384,0.06363740979329259,118491.94230895865,0.40272422466516444,0.024055102012407376,0.6520391036139387,0.5143759468120184,0.8083946172018254,False
0x1b354522f316d3d22860d906a125a558e968bfa7,32.0,43.0,0.7357279325286532,0.78125,0.04552206747134674,0.07067091710836403,3262.234313435426,0.3534765825673226,0.024040991857621433,0.6441414564005866,0.5194837097572682,0.8109931995166898,False
0x186a43fcf9c5e8862591d99e6492df7b4ac1559d,74.0,75.0,0.5884574748216844,0.6216216216216216,0.03316414679993718,0.046205277830331085,931.2620429818522,0.5612133968619439,0.024007724536827875,0.7177566796961632,0.4729073284309093,0.7853367675616968,False
0x700b742e9ec4db8f9b6b229c3a79c501ef4a8d0b,51.0,110.0,0.6921136693050606,0.7254901960784313,0.03337652677337081,0.04699232123602696,6123.775102009526,0.5528784419975914,0.02395121436159335,0.7102549075141766,0.47754607709232255,0.7874090684689576,False
0xe36a309d6f0eaef9a6da0ab12cfa6a2fbd29ae58,49.0,101.0,0.612388823741322,0.6530612244897959,0.040672400748473905,0.06263992369744781,457.160300000008,0.41034736320045906,0.02394050506607845,0.6493047620064559,0.516141408373318,0.8096889855199435,False
0xede582d65cf2611955ae3882d220ddeba6615300,33.0,57.0,0.5012721013203184,0.5454545454545454,0.044182444134227075,0.06902575139906693,821.7092989989794,0.36431524905779344,0.02391306695934677,0.6400863915090147,0.5221164356994323,0.8109931995166898,False
0xa5cfd4b00a89d1fe0d3f8ff05e845af24cd039d5,34.0,52.0,0.6950081854366568,0.7352941176470589,0.04028593221040217,0.06256618596434561,175.40991399875006,0.41091747985036725,0.02379787593379122,0.6438930484488823,0.5196447898797527,0.8109931995166898,False
0x318cbbb94a8c102ff7035f25980a2c56b5639414,76.0,76.0,0.9208420828078946,0.9473684210526315,0.026526338244736818,0.025679431032607367,322.8733050439892,0.8054787544702078,0.023758341957644112,1.0329799835149798,0.3016132660121358,0.6532193598452016,False
0x93dcaa21d30cc153a000807236ae055e298c3728,25.0,27.0,0.40591979133940903,0.48,0.07408020866059102,0.11034100616446754,316.278934699174,0.18319111835892585,0.0236147668792572,0.6713751418051381,0.5019815766483744,0.8026103448085292,False
0x1df231bd33dae91463e1682927e8096b82c289a0,187.0,4160.0,0.3997283014517544,0.42780748663101603,0.02807918517926166,0.032933585519102505,108445.22047493167,0.7157120190281102,0.023592371464518203,0.8526003086719743,0.3938809913557111,0.7382406080714963,False
0x48363a6cd08b9602e9f2e0523c4f9a89d4c4859b,60.0,317.0,0.49476575412908314,0.5333333333333333,0.03856757920425021,0.060223250744789576,4387.060939997702,0.429512375398327,0.023580281705731416,0.6404101194684683,0.5219060056560862,0.8109931995166898,False
0x30164096f54b9d7b567589e012dc5619f8719ffd,20.0,60.0,0.23063261684217234,0.3,0.06936738315782764,0.1053066088442636,395.01378700012833,0.19758195334592746,0.023572716058721042,0.6587182316393271,0.510076723282443,0.8062743793948237,False
0x089fd80bd21df5abe0ff64044652ab1f60def599,32.0,152.0,0.5407240670349436,0.59375,0.05302593296505638,0.08464920439400739,663.5413380007949,0.27592710821822647,0.0235348902874443,0.626419744221604,0.5310396624261531,0.8122774866192162,False
0xe6a5fdb6f4e749c4e841d0077bc9314f5878e95d,30.0,32.0,0.45116460765662686,0.5,0.048835392343373106,0.07843250463130949,2690.5962906805744,0.30742171704831367,0.023529383103491272,0.6226422651289207,0.533519630476704,0.8122774866192162,False
0xa3f9c3793ab5279285eefbe55a8c32c023e0745d,41.0,41.0,0.9229267874634145,0.9512195121951219,0.02829272473170733,0.03404248289361674,172.57348640840019,0.7020455363222748,0.023526592832584355,0.8311005052164528,0.4059168543617373,0.7473433452969663,False
0xe54d37c9c12e5fd3d684ff4d193ef1f44dabfdec,29.0,124.0,0.7891591049464798,0.8275862068965517,0.03842710195007184,0.060524616577967816,29730.43446298717,0.42706788555917913,0.023456069115930008,0.63490037810599,0.5254933904631063,0.8109931995166898,False
0xdbdd45150249e229eb4ca8aa48a30dca21faa5de,604.0,2698.0,0.4951826145924016,0.5198675496688742,0.02468493507647256,0.017384838994413895,172513.39519400639,0.9003463702963659,0.023450387458489326,1.4199116301510952,0.1556334096276577,0.4766966311516974,False
0x4fb72d95b968fadbaca33a31c7593ed90870a977,27.0,38.0,0.8500000029584391,0.8888888888888888,0.03888888593044992,0.06163335493100576,757.26783199876,0.4182089153228268,0.023417701504474087,0.6309714273056093,0.5280592069634453,0.8109931995166898,False
0xde0f5594d2867335c5d1d8d8578ec33f5f4dddd3,22.0,59.0,0.34890440525095995,0.4090909090909091,0.06018650383994919,0.09516790100306273,9152.250682825272,0.2316514966288315,0.023390328871817988,0.6324244120715896,0.5271095862625912,0.8109931995166898,False
0x854393b8efdd0f0e5d16d24f29d442a8a7c4ff1b,179.0,1330.0,0.4250795106345339,0.45251396648044695,0.027434455845913072,0.03156142246028484,26718.43112925042,0.7327078793818759,0.02338821267889049,0.8692401579946242,0.3847157866418094,0.7311584478623628,False
0xdd1ee66ff39174a479ece36b59ed647c45b24754,50.0,133.0,0.41745217747168456,0.46,0.042547822528315446,0.06924103554663262,734.1159650002655,0.36287411156929616,0.02327395313781684,0.6144885354821165,0.5388925466376655,0.8176368092758802,False
0xb7bb0710f4dde8a8c410e4014bd5b8429bf4e876,38.0,38.0,0.9186841890921053,0.9473684210526315,0.028684231960526302,0.03682485416669359,133.22115240472306,0.6681722695538096,0.023246344385414272,0.7789367428498846,0.43601697849855636,0.7639371810008164,False
0x87c85a2235e9dcb79a15730c6988b0e6bf5d72eb,31.0,87.0,0.9401460145489426,0.967741935483871,0.027595920934928367,0.0329995550715689,99.99915099953303,0.7148969934478074,0.023234024057162152,0.8362513032396581,0.4030135421936185,0.7456039636422828,False
0x4692fbf156fad2ad1d154c9c6f2c2c442f450fee,27.0,56.0,0.857368773682198,0.8888888888888888,0.03152011520669082,0.04593992675323175,9085.663262996151,0.5640479185336361,0.023139561596264818,0.6861159221259199,0.4926400112439324,0.7954814135198035,False
0x1d08daded30fe59093fc4689cf8486ae990c6e9b,46.0,72.0,0.4364298456979291,0.4782608695652174,0.04183102386728835,0.06876624472307101,916.9897898361439,0.3660616593334645,0.023107988009189333,0.6083075211645821,0.542983533645176,0.8190967272717086,False
0xbbf2f9f3a219514ac6e3ddf52568e9410f04898e,29.0,29.0,0.6358367187482759,0.6896551724137931,0.05381845366551723,0.08847065259216776,304.99997100349015,0.2586368383636044,0.023035643299573638,0.6083198449276697,0.5429753616324375,0.8190967272717086,False
0xd93d79aa6f3859873c2c6d0e0e66a9dd112427a0,74.0,97.0,0.4510842255968302,0.4864864864864865,0.035402260889656256,0.05621059491870288,531.1424440034696,0.46358100163763566,0.023007918172821003,0.6298147340525105,0.5288158045066746,0.8109931995166898,False
0x13e6e51fb597a2417fb01a872b16250c60e8d37e,40.0,40.0,0.9222499649275001,0.95,0.02775003507249999,0.0349165451919933,147.8481360035873,0.6913321269671887,0.022980040459697933,0.7947531727412521,0.4267570951628552,0.7590197068715279,False
0x84e618ffacb58da48753da54952ef32c1ade952d,43.0,43.0,0.951651159739535,0.9767441860465116,0.0250930263069768,0.02354804275557219,859.9995300076911,0.8312048842709413,0.022933043474095638,1.0656098499328153,0.28660004470914835,0.6415243563721708,False
0x353dc67cf2c969fb25929d81b4c2760631c1e6bc,33.0,33.0,0.3688314999151515,0.42424242424242425,0.05541092432727275,0.09135456221352874,72.3999719992285,0.2465272413671692,0.022925417169266837,0.6065479707270375,0.5441509378736231,0.8190967272717086,False
0x737f767c0836893da61ca62bf8a757a155f966e8,33.0,36.0,0.9113051566584741,0.9393939393939394,0.028088782735465195,0.03648377333530286,1390.5699880205955,0.6722856306455544,0.02291344088424561,0.7698979619601352,0.44136042295794087,0.766510795157259,False
0xcc25ebbb527e9b28a1074ec6c3878f3314eeda43,38.0,38.0,0.9192105067868421,0.9473684210526315,0.028157914265789473,0.03681072148938216,126.84214900006376,0.6683424625912402,0.02289737299071265,0.7649378530630393,0.44430855215630105,0.7692713724385976,False
0xee9084b2ec79481b3b337266ef9abd5b5ec29d3d,25.0,56.0,0.932103287967885,0.96,0.027896712032115096,0.035885776439716174,72.99943599987063,0.6795259350164814,0.022897264437399478,0.7773751831447272,0.43693744965697445,0.7639371810008164,False
0x32ad4dfbeed7b8e6c08a81381b4308fde05b01a3,22.0,43.0,0.545578197952045,0.5909090909090909,0.04533089295704603,0.07603553303743742,68.28981599802802,0.3207939645840123,0.022893767306546225,0.5961803797012454,0.5510547313918708,0.821960758970292,False
0x53c9f1b04a25a58a7232cdf6ded029e78c40234d,48.0,48.0,0.5252083333333334,0.5625,0.03729166666666666,0.061079052647215505,247.0382,0.4226115428462132,0.022859774360709288,0.6105475617321436,0.5414991471860917,0.8190967272717086,False
0xf73f5cc29bffacf9139be5c2896b5cd277cc8ba0,21.0,25.0,0.36025498957619667,0.42857142857142855,0.06831643899523189,0.1087584782946697,632.6332714598149,0.1875539197154264,0.022803299119452464,0.6281481689191684,0.5299068805949261,0.8120201099550293,False
0x85630920a4199fb360724c2e07492b343cdf5e98,110.0,160.0,0.9772003514102419,1.0,0.022799648589758116,0.003658528524917177,11512.304101987831,0.9951221164598144,0.02274841569416189,6.231917677961596,4.607596526540192e-10,2.0487916279219234e-08,True
0x1dcc3d62a221575d559ccd3ea0ce04996eece8cc,31.0,65.0,0.5030127106986234,0.5483870967741935,0.0453743860755702,0.07698173482033244,807.2281670919648,0.3154286682423613,0.0227302472393333,0.5894175570538832,0.5555812017129209,0.8258466393185148,False
0x8d61532d4035c4277931c7ad403e777b254d3113,30.0,31.0,0.7545537956008063,0.8,0.04544620439919352,0.07724009852279722,319.9999200004993,0.3139834698630964,0.022704992969553396,0.5883757953232049,0.5562800806277832,0.8264091750800996,False
0x1cd24cc49782240413903b4b7e7694779f917f85,21.0,25.0,0.7604717049147569,0.8095238095238095,0.0490521046090525,0.08314972460441888,27263.9949276205,0.28312566726430516,0.02270299035644395,0.5899250399495093,0.5552409058149206,0.825816779755871,False
0xc09f173911cf35106aac6712b336826722ab8865,51.0,529.0,0.45210312939162345,0.49019607843137253,0.038092949039749094,0.06357453709624274,527.5158180007381,0.4031998448289078,0.02269765361718151,0.5991856296504657,0.549049104530942,0.8208681974407533,False
0x93f48e638d6035fff58c835299874255219af72a,80.0,87.0,0.964218866579532,0.9875,0.02328113342046788,0.012773647118183105,671.4667079988375,0.9436146033678463,0.022661763282796853,1.8225909331194472,0.06836536989539788,0.30509340495454684,False
0x1ff06b5bf62fb6a799202b9a2b9a81315c780a65,166.0,359.0,0.5334826073455854,0.5602409638554217,0.0267583565098363,0.03309900098786038,2081.981679015486,0.7136688155582424,0.02261749009587347,0.8084339620899851,0.4188408076497312,0.757352070207721,False
0x4099e99242c8e0a8ef84dc570de0e024b3858c46,25.0,43.0,0.6289534346835295,0.68,0.05104656531647059,0.08726391036644601,125.57480600051494,0.26393843737952355,0.022524167907947926,0.5849676584754399,0.5585694633678431,0.8277997645267753,False
0x836f41c6520e8c5d68cc6787e80dea37f08fe56c,50.0,60.0,0.9130600009351287,0.94,0.02693999906487124,0.034511319159960786,1880.382047,0.6962917801558793,0.022492662976401033,0.7806134254098982,0.4350298931937806,0.7637454693987477,False
0x8d3d22a12e32e11a20bd36fd5dda22ff122e31b8,22.0,32.0,0.5915054747564585,0.6363636363636364,0.044858161607177864,0.07792528181645085,133.24995699883797,0.3101913658321999,0.022396880231656136,0.5756560715794271,0.5648476729934528,0.8319486856939547,False
0xa64f2a3283e1a75a7a486f52f46433b05b64e598,32.0,61.0,0.522519231664606,0.5625,0.03998076833539402,0.0695887991807487,286.60414984099384,0.3605607497490742,0.022278392012657786,0.5745287863287982,0.5656100266385176,0.8325960380711968,False
0xe54bbc029b4c29303ef8a4c21bdc243bcf73312c,37.0,37.0,0.9186486173783782,0.9459459459459459,0.02729732856756757,0.03762197206813893,120.8487592086342,0.6586085524343377,0.022176190787320648,0.7255687851271616,0.4681031627675747,0.783188956843492,False
0xb5752d35cba54cb813feb8c1b40ffca17cfdd35b,26.0,29.0,0.36991398805598286,0.4230769230769231,0.05316293502094031,0.09284828799331689,1632.8899789718741,0.24055162657117268,0.022127024787229853,0.5725785167386923,0.5669301091716856,0.8326382412037455,False
0x007f5b6c79234ba951349fc5e67134b7afe5640f,41.0,68.0,0.9528634008296016,0.975609756097561,0.022746355267959265,0.013240501163259599,9660.827047161483,0.9396709082730608,0.022115927959626705,1.717937636007086,0.08580799107575521,0.34151050769193314,False
0xadd9ab62b2c22151c661b99821cbb7433df98df9,27.0,27.0,0.853481458688889,0.8888888888888888,0.035407430199999985,0.06114298854559494,169.1198979996462,0.42210104461230036,0.022051676216513494,0.5790922400464006,0.5625269357921672,0.8309031886643752,False
0x6f702c8615f43e450c5287837e4717df68f0862a,42.0,43.0,0.9778740815357144,1.0,0.022125918464285705,0.005726605728950989,4533.7688562495105,0.9881326979788218,0.02200927037064121,3.8637055721206033,0.00011167982254156605,0.0021986432239289987,True
0xb53e4b0830d2c8a72f8451c5bf220af802c64800,37.0,37.0,0.9189188926000003,0.9459459459459459,0.02702705334594594,0.037795612174619485,135.79116459951075,0.6565348331929167,0.021967638284982438,0.7150844182938026,0.4745568814969141,0.7857207284752586,False
0x982a54340fda400a9faf2ce6e5810e08f0651feb,37.0,37.0,0.9189188941513514,0.9459459459459459,0.02702705179459459,0.03779958445219077,115.84151420007137,0.6564874351796396,0.02196693906990905,0.7150092305585696,0.47460333959495893,0.7857207284752586,False
0xe232dcbf9b440dbfe9bea53f0f33d0eea1906cea,26.0,40.0,0.33769230812341494,0.38461538461538464,0.04692307649196974,0.08449627986882449,427.5961950004115,0.2766502194291419,0.021875985579028874,0.5553271287779185,0.5786709261279639,0.84004739162058,False
0x94f69fb666872f1dfd3d6f46b981ed841b149606,45.0,46.0,0.9065641653724404,0.9333333333333333,0.026769167960892907,0.03742611170432923,283.068869999915,0.6609518395469555,0.02186225319571578,0.7152537825027762,0.4744522414114516,0.7857207284752586,False
0x2da325618fff9b2ffe64a49253fbcae8c7b9f258,141.0,308.0,0.5616814206396785,0.5886524822695035,0.02697106162982512,0.03822165100236217,717.9201260003592,0.6514620017616759,0.021856436445126245,0.7056487860285852,0.4804065772054953,0.7901585220745997,False
0x9bd6ac511692e3c39a2bac362212da7fcf9e169e,105.0,105.0,0.919232236177143,0.9428571428571428,0.02362490668000001,0.02265346021785644,800.8759374932417,0.8417958001659749,0.02183271295067553,1.0428829173468974,0.29700252227523194,0.6504544520771182,False
0xc512e35ae933b8e7e6919e098ecaef9ae1fc7fdf,46.0,53.0,0.7048057631233848,0.7391304347826086,0.03432467165922379,0.05990090121430003,436.93200560052827,0.43214448635069147,0.021815880869836074,0.5730242945164492,0.566628244597079,0.8326382412037455,False
0x5c90eec96bd94a59f55b4ac0c10fd29ef4be2444,24.0,30.0,0.5360283452118507,0.5833333333333334,0.04730498812148256,0.08559394821165268,106.19996699846163,0.27151432106273116,0.021801841730908725,0.5526674386430803,0.5804911537735071,0.84004739162058,False
0xeb7114282b7cfdf77abb6081da3f4356b68f1ab1,42.0,75.0,0.5103716940003209,0.5476190476190477,0.03724735361872672,0.06670453237854401,183.2821490014807,0.38030126167837675,0.021785371605160826,0.558393144971774,0.5765759527763548,0.8391587935723583,False
0x2849cded4b81e03b6d59611da2ba0f18996b3d49,24.0,37.0,0.4563002439619363,0.5,0.04369975603806375,0.07945429546370025,1465.9368315513393,0.3019376618909666,0.021778360054002622,0.5499986600224599,0.5823202926511579,0.8418184051274307,False
0x82db1d490acaa0bd92f3dd783d6ebb42b15ec0df,20.0,58.0,0.24316236666756536,0.3,0.05683763333243465,0.10056201984915276,115.14995100113363,0.21260848662193854,0.021766361696032653,0.5651997982706938,0.5719378738844942,0.8376080503964286,False
0xc095b5100653f0c34337c718f201dae96d762d65,47.0,67.0,0.9781447654723406,1.0,0.021855234527659594,0.005296202039486955,3838.9051556529234,0.9898320649220264,0.0217580424358964,4.126586252698305,3.681879492578588e-05,0.000771997334256925,True
0x974488ad76e22898341d922d79ca08692600cab4,25.0,95.0,0.5099231024549763,0.56,0.05007689754502369,0.09057879740538835,544.1342258557362,0.24970912208850574,0.021730646823279996,0.5528545198155249,0.5803630322909661,0.84004739162058,False
0xa54de3eb0aeebe109eae42f9501a98ea6b78deb8,32.0,42.0,0.711914395848909,0.75,0.038085604151091024,0.06896304074907574,6163.121063769382,0.3647363475319376,0.02170275491411129,0.5522610914107853,0.5807694840091098,0.84004739162058,False
0x2488213d6fa2bd355107838d4284f58abccdff0e,20.0,26.0,0.49468813211322543,0.55,0.05531186788677461,0.09890905321214903,772.5291015690708,0.21821047707936844,0.021682942418453796,0.5592194656654608,0.5760119499112015,0.8391587935723583,False
0x6e975cb1c92ee35fbca3dd51778c66aff73e8504,38.0,56.0,0.6438343284431335,0.6842105263157895,0.040376197872656124,0.07380922531689536,404.3979056395644,0.33387929152354906,0.021671762410246945,0.5470345705337429,0.5843549817935714,0.843339597915097,False
0x95c52e00752a462608ee1e72d0685fc26973d5d3,39.0,64.0,0.5549874499718481,0.5897435897435898,0.03475613977174152,0.06220216954057463,7189.118959566655,0.4137453228941964,0.021589099757744687,0.5587608925613118,0.5763249155336665,0.8391587935723583,False
0xb298dbbd6655355834fb7f8f744a69d369ad125a,39.0,39.0,0.9228204910205128,0.9487179487179487,0.025897457697435896,0.035763728500482414,165.833134805656,0.6810079206806433,0.02155887561769207,0.7241263364664724,0.46898817725978503,0.783188956843492,False
0xf46b08c6312aba0ac8dfcb24b692e4e35d3ec51d,88.0,161.0,0.5509582953698384,0.5795454545454546,0.028587159175616147,0.045687580925023105,1652.4304769835503,0.5667548383918701,0.021529331227411123,0.6257096260476105,0.5315054182613577,0.8122774866192162,False
0x588ba2cfc9052c686d9cb3b582f32a3d72d48593,23.0,24.0,0.4686233184231866,0.5217391304347826,0.05311581201159596,0.09674074664769426,4495.686378358798,0.22586771255661456,0.021516302725534432,0.549053153424901,0.5829689730386465,0.842284023230627,False
0xcc30b9cc1649ea0e872e10dd0bd86d02a097c8a5,23.0,61.0,0.38360888600152465,0.43478260869565216,0.051173722694127566,0.09405123923586212,29639.05629541025,0.23587968689879027,0.021466884717258716,0.5441047147267659,0.5863694162472362,0.8434170242619198,False
0x15ac9d4fb9c30fca4fec2fdecde3fdace721f3ba,86.0,243.0,0.9783515446627904,1.0,0.021648455337209313,0.007678338110832814,52091.14249996659,0.9788651348064754,0.021450804061861582,2.8194193879880163,0.004811061356719604,0.04647088853550509,True
0x880bc1ad15f035c69fdacd4a0efd5429fa3190a8,25.0,120.0,0.6418703425592301,0.68,0.03812965744076985,0.07093113907938221,7760.236528953172,0.3517985115953219,0.021384598234034404,0.5375587920292277,0.5908816858209676,0.8475438641447582,False
0xbe572d0401a49586bd8264a1883d5fc76b6b53c6,58.0,154.0,0.26500190560738285,0.29310344827586204,0.02810154266847917,0.04540703139494261,369.4498900041198,0.5697771879274067,0.021301873937033353,0.6188808606327234,0.5359948479246417,0.8150534863193697,False
0x4454f5f79b91b6dcb0cef31a942c9cd333cf33de,37.0,37.0,0.9199999859297296,0.9459459459459459,0.025945960016216206,0.037555683935852936,129.8397300043088,0.6594011336521424,0.021296986168550698,0.6908663961634478,0.4896495054794108,0.7944794362489951,False
0xe0f69337f0bcb4c56e891a53f01fecda758da5ee,25.0,30.0,0.5129131351740382,0.56,0.04708686482596173,0.0884572682942382,1490.9410957817943,0.25869486298490646,0.021296625139836003,0.5323119935078168,0.5945099268886409,0.8503833064036632,False
0xa2aefdf20b1e90cbe1e21b51555aaaa7f4732240,37.0,37.0,0.9199999664459461,0.9459459459459459,0.0259459795,0.0375696754801659,122.82534540831526,0.6592337999080528,0.02129471500590433,0.6906096251402976,0.48981089710581704,0.7944794362489951,False
0x2fffba2f402efe868452ffa953c4726825c6d104,37.0,37.0,0.9199999641270271,0.9459459459459459,0.025945981818918898,0.037776925661413795,128.830770008961,0.6567578293960139,0.021260920941962837,0.6868208930357906,0.4921956020533327,0.7953461514383113,False
0x437b397e260909cff139ed6fbb5190e682c21840,20.0,22.0,0.9174757959191835,0.95,0.03252420408081635,0.0587239494070141,464.59800000079997,0.4419087177243673,0.021235326235301187,0.5538490583355008,0.5796821507461103,0.84004739162058,False
0x73e5cd209c144497b2fe399ab6698bffb62ce3d8,83.0,301.0,0.42895952516394215,0.4578313253012048,0.02887180013726281,0.04831156589956137,1193.2375139911696,0.5391532015043337,0.021233148812153827,0.5976167321358743,0.5500956971342275,0.8214762420222591,False
0x42feafa22d0508483c05a3d98936cb5a4aefb1d0,42.0,750.0,0.48574284981353005,0.5238095238095238,0.03806667399599369,0.07182479878258037,3005.53829599979,0.3461097678847377,0.021215841116597155,0.5299934652267482,0.5961164615875041,0.8513105916144744,False
0xa23f337499b7cfbcde0400e1ee60a89d77510311,21.0,34.0,0.9225281385281383,0.9523809523809523,0.02985281385281384,0.05151971439285384,1789.3902,0.5070862771906455,0.02119909008800983,0.5794444748892987,0.5622893019883315,0.8309031886643752,False
0x818958ab428eb1ca956247f41656eb47b6ff2d86,37.0,37.0,0.9201104883162163,0.9459459459459459,0.025835457629729722,0.03774404452440162,131.82353280353135,0.6571503175252056,0.021193647176213026,0.6844909695098266,0.4936651898411599,0.79556014705325,False
0xc627432338fc27149b96c152bdf29c4302dd47b2,32.0,38.0,0.711642110436892,0.75,0.03835788956310802,0.07271923631363131,17820.184613625388,0.34052942547522524,0.021171202466102004,0.5274792683145627,0.5978608095374658,0.8516056037284022,False
0xade288a966ab1805c40d14fe0d2b0df31af58757,27.0,97.0,0.5520564184768142,0.5925925925925926,0.040536174115778395,0.07757101074250389,4000.177496187214,0.3121447317457943,0.021111399349297205,0.5225685952492971,0.601274499709221,0.8539024971090753,False
0x0dd60a6ddeea6f93659789cac7af6a9d12835f62,31.0,95.0,0.6148588676624436,0.6451612903225806,0.0303024226601372,0.053363153365791165,52967.58064547749,0.4895103121850779,0.02111060994261446,0.5678529237659855,0.5701348399475525,0.8365446477648881,False
0xbc1f07ed9dc81115e4280e9604eca2cc5baf23af,23.0,33.0,0.9786230110478257,1.0,0.02137698895217393,0.009087567657060829,1275.0868200002,0.9706439627661445,0.02111042322493807,2.3523334030492205,0.0186560447169557,0.13003767385142906,False
0x66b102468892d00a90c98ed8aec1d2b24904340f,97.0,1155.0,0.5294421346824166,0.5567010309278351,0.027258896245418426,0.04365624688241972,71017.95562814805,0.588939562154717,0.021108467320938597,0.6243985269470227,0.5323658922413466,0.8122774866192162,False
0x07eeaade057e7d9183aa7feb025a541446b9c605,24.0,25.0,0.8840819394459184,0.9166666666666666,0.03258472722074827,0.05974758648927712,128.5259706001956,0.43340269836301315,0.02108950030347635,0.5453731127130339,0.5854969287595619,0.843339597915097,False
0xd05f654adb778a1d2e97cd736bf0bd8d95868ced,37.0,37.0,0.9202702459567568,0.9459459459459459,0.025675699989189185,0.037757207818642745,122.83918140777692,0.6569931776209301,0.021086559993531657,0.6800211528489065,0.49649106731958526,0.797574298304334,False
0x8a482e9ceb607197ffe971cfdd781c1a081308c5,37.0,54.0,0.5543984320361061,0.5945945945945946,0.04019616255848866,0.07708494064006964,195.68993000827612,0.3148503586294985,0.021080752476883124,0.521452857389816,0.602051338018724,0.8540651269253516,False
0x1ca398b4627e086322ce5ecb2932f64c47d49613,24.0,35.0,0.6671588283961224,0.7083333333333334,0.041174504937210955,0.07978178154395707,7122.412359779813,0.30020659444944764,0.020965901951982717,0.5160890636983982,0.6057922058293301,0.8564938004564662,False
0xafe307d5e175ef92a0a5b1837ce55ad4a8c31f2a,138.0,213.0,0.8980706665662354,0.9202898550724637,0.022219188506228376,0.01994270384639652,4070.1101348889206,0.8728669956478557,0.020957693561115494,1.1141512543818473,0.26521430340488283,0.617297358491994,False
0xbc0348d5ccc82fd402752de7e5208f8eea5e6650,24.0,27.0,0.7113769450907624,0.75,0.03862305490923761,0.07471757585956142,488.709961008244,0.3284608601816933,0.02094377591606702,0.5169206102434749,0.6052115795707294,0.856193452393259,False
0x91ac00e15e85a986f4d3d035e3d9b1b4ac435ff3,43.0,108.0,0.42804451872597277,0.46511627906976744,0.0370717603437947,0.07195469466115258,757.2608160003854,0.3452923666069661,0.020851240494129578,0.5152097513355063,0.6064064556160496,0.8564938004564662,False
0xe0d4ef43dcf1acdeedb8336e50dffc5bf81a9796,36.0,36.0,0.9188888546361113,0.9444444444444444,0.025555589808333334,0.03882284723869481,118.849376407791,0.6443415869675074,0.020839900470011385,0.6582616069143437,0.5103700438324623,0.8062743793948237,False
0xca1178e0aafaef3ddadf4155b846f4203a2abf63,36.0,36.0,0.9188888516916668,0.9444444444444444,0.02555559275277777,0.03883715501618377,123.27317160492915,0.6441726867522449,0.02083766291193046,0.6580191762792238,0.5105258090545743,0.8062743793948237,False
0xae5af9add26f931727719597876fb83ecf4f4bac,37.0,37.0,0.9207301654621621,0.9459459459459459,0.02521578048378378,0.0377330730218041,121.84995140411118,0.6572813079583312,0.02078811843869203,0.668267343855424,0.503962954718153,0.8030057832054454,False
0xbc38bb6c1117fffae09e15bff4eb61d1f604bb0e,47.0,152.0,0.4782469159918444,0.5106382978723404,0.03239138188049609,0.06118539279741269,1272.8277999847348,0.42176285244523753,0.02077180315524138,0.5293973021918036,0.5965298692635514,0.8513838034480903,False
0xd46e2bf5fbf2349351611e071d696eaa8910d10d,57.0,73.0,0.2673170177848429,0.2982456140350877,0.03092859625024477,0.057257433837747014,4170.527049078471,0.4544171950502389,0.02076327176286744,0.5401673490622813,0.5890816277080917,0.8463741046569183,False
0xd325c37cc18227ffc33e0effd0097a5926e78c5f,39.0,438.0,0.4049165876374295,0.4358974358974359,0.03098084826000636,0.057722076030870526,2183.951798998696,0.4504127102511064,0.020712194983041998,0.5367244283354846,0.591457979541929,0.8478989045239772,False
0xfcf1b3e03f6b54a531012d69e3c9622579f199d3,30.0,42.0,0.5915476053777456,0.6333333333333333,0.04178572795558771,0.08329009622973872,8886.338944261235,0.282441461986892,0.02062551596611214,0.5016890344361028,0.615886279146983,0.8579336858562526,False
0x7edb554772856eaa176bf0995a83914675786b35,36.0,45.0,0.4290277777777778,0.4722222222222222,0.04319444444444444,0.08629755481687841,145.98049999999998,0.268287905446295,0.020586080803532473,0.5005291811118188,0.6167025141178066,0.8579336858562526,False
0x2db8f5b0fc0ebc26e309321843492a1a62a9e042,45.0,51.0,0.7264065398785939,0.7555555555555555,0.02914901567696179,0.05350277981169462,8095.704800478407,0.4882044039464797,0.020523997555401026,0.5448131065255493,0.585882063489839,0.843339597915097,False
0x84d4f0a864c647b88635c0e299da30d7606377a9,65.0,708.0,0.5095729180411623,0.5384615384615384,0.028888620420376054,0.05286958475184052,12365.251265067423,0.49415517899130484,0.020495607127682905,0.5464128488236399,0.5847821798806878,0.843339597915097,False
0x5dc819d52c7607a9ea227e0b17df20374707e209,45.0,273.0,0.5227236884675335,0.5555555555555556,0.03283186708802206,0.06445712973676569,5541.651991001549,0.39658264993715747,0.020440499990035475,0.5093597437878947,0.6105000881081635,0.8579336858562526,False
0xae40768089f220717872ea4665959de930e0bc41,36.0,36.0,0.9195319605666668,0.9444444444444444,0.024912483877777777,0.038818871738480455,126.81534608669396,0.6443885215586753,0.020426112697864936,0.6417621832394081,0.5210276072123006,0.8109931995166898,False
0x16915bf4ffa5d58978303f6cde1861b7f686f891,20.0,22.0,0.707424501985054,0.75,0.04257549801494595,0.08629344861433923,2012.9695511056582,0.2683065878653761,0.020420590646389812,0.4933804210934184,0.6217438138104536,0.8605601052859656,False
0xefd1144fefbeaa6f181392a9ef73c2d5e275c520,25.0,33.0,0.39838748306588423,0.44,0.04161251693411577,0.08446311983397761,3086.2226574250926,0.27680734545402075,0.020411424413531363,0.49267084871965616,0.6222451786161787,0.8605601052859656,False
0xdb83e85ffd22faa4009273034770f96ffc5b1e50,483.0,10053.0,0.48348382758321246,0.505175983436853,0.02169215585364055,0.02081548682915363,543460.7005477177,0.8630529329156456,0.020405455080013308,1.042116191260974,0.2973578127176899,0.6504544520771182,False
0xf8493e5db0c4254957467ca3636a89fe925b817e,37.0,37.0,0.9213513182081082,0.9459459459459459,0.024594627737837837,0.03771553688166387,123.83733200836963,0.6574907039222713,0.020382421517403177,0.6521086472931793,0.5143310860501964,0.8083946172018254,False
0x41edc6c667b9251aa16a3b7b359815e0f84aed90,26.0,39.0,0.4896286926398184,0.5384615384615384,0.04883284582172,0.09834727237848352,45.58777203333255,0.22016011633139068,0.020340384520632512,0.4965348264442937,0.6195171224038547,0.8588932279710845,False
0xa311e667193694a82f5191b2d3a044c97491f491,36.0,36.0,0.919722176188889,0.9444444444444444,0.02472226825555555,0.038808620892534555,116.82173680929068,0.644509551988954,0.020305043824406666,0.637030321794075,0.524105093050331,0.8109931995166898,False
0x874856e23f60c0fd60831450e1acbafe478e645d,36.0,36.0,0.9197221807333334,0.9444444444444444,0.024722263711111102,0.038812710291886085,121.82774780361527,0.6444612673545593,0.020304440924386925,0.6369630856796766,0.5241488887997205,0.8109931995166898,False
0xd2e820929e3940f5e1a8810f3ebfafb25c3dc60e,50.0,69.0,0.5688490550992779,0.6,0.031150944900722077,0.061017532534502254,11619.373767115987,0.4231034132388348,0.02027390838002625,0.5105244936462783,0.6096840592233295,0.8573474311542894,False
0x42e9290ee9250d3209e9de54959a9230faff80c7,25.0,36.0,0.47233477928020173,0.52,0.047665220719798264,0.09695700420412531,2098.6199699996087,0.22508780317726532,0.020257605779727746,0.49161193779716855,0.6229937026134231,0.8605601052859656,False
0xe611e4b016882bcd52757a1d62aecb9f09542970,40.0,81.0,0.567482109342265,0.6,0.032517890657735006,0.06487262885447781,6750.269901995759,0.3935114940356715,0.02025387949316447,0.5012574830392506,0.616189923626699,0.8579336858562526,False
0x27b18f68024b180b19f602083a53e88372f03813,32.0,61.0,0.46207180903648715,0.5,0.03792819096351288,0.07791170431585143,1143.5332059981681,0.3102659413604909,0.020249174665745544,0.48680992537081813,0.6263930359477157,0.8609734435823642,False
0x424b9b3c188d5d9ccf8fadd2f7b07135a26a5526,102.0,102.0,0.9193699463627452,0.9411764705882353,0.021806524225490193,0.02333938001840877,748.0714245188304,0.8336877597040803,0.020224898975138565,0.9343232000288976,0.3501372004414214,0.695976261284012,False
0x03ddbe8cd63a05096c268880659115b86bd949c8,37.0,40.0,0.4749631746714945,0.5135135135135135,0.038550338842019014,0.07954140440331181,603.5699649993911,0.30147596150224204,0.02021143568084812,0.4846575080136996,0.6279193129539276,0.8622687560181169,False
0x720e5fe769290726682fe170adfe9f5a4e8017b0,30.0,55.0,0.8707679820071721,0.9,0.02923201799282775,0.056020651082162455,27515.053155586436,0.4652648657296079,0.020176027818129577,0.5218078945557904,0.6018040924629184,0.8540651269253516,False
0x6f92155890baa2785ed4ba84f2e0d9d3f6e37379,23.0,35.0,0.7454130460600912,0.782608695652174,0.03719564959208276,0.07691861286719202,573.377089002112,0.3157830343212825,0.02015926267901349,0.4835715076701255,0.6286899997022064,0.8622687560181169,False
0x9c3c078efe405e945c54cf75b64b29b3f3cc92ec,36.0,36.0,0.9199999690833334,0.9444444444444444,0.024444475361111093,0.038792170919742366,121.82176480804311,0.6447038029090896,0.020128363396295576,0.6301394013674715,0.528603382667818,0.8109931995166898,False
0xb1265d6c4a37f7689a7f2dd363a23a15ab36cea4,36.0,36.0,0.9199999510944445,0.9444444444444444,0.02444449335,0.03879830597635093,121.82774361170699,0.6446313525054289,0.02012749487034391,0.6300402230164344,0.5286682680145751,0.8109931995166898,False
0x010b6672e9b09738cd0a2c4a51da7069b7bab668,34.0,59.0,0.5569106078454483,0.5882352941176471,0.03132468627219875,0.06259231654984518,139.28045439999931,0.4107153422065491,0.020111697033752884,0.5004557747475833,0.616754189056802,0.8579336858562526,False
0x1cae27a4deb610229d264199b655f2b1a4d5d01c,27.0,27.0,0.7007407407407408,0.7407407407407407,0.04000000000000002,0.0837323779138698,116.6497,0.2802997200527942,0.020061818709344204,0.4777124571948201,0.6328548767103648,0.8630942414452161,False
0xc98ff9dad68a08a4e5ea0930a5ddbb05db86a13f,136.0,1041.0,0.5671192116399302,0.5882352941176471,0.021116082477716815,0.019361339901856404,14465.774361533951,0.879289545266031,0.02005147260616281,1.090631257173072,0.27543516997367656,0.6302992931340833,False
0x69449caa40c34cdc4cc79d7b802d9e147c2d3902,48.0,86.0,0.6800974460614958,0.7083333333333334,0.028235887271837512,0.053699565113891595,1553.9583750049746,0.48636994699160363,0.02004896421708302,0.5258122149025215,0.5990186867496803,0.8521065599158442,False
0x0c71d47d87ee86a9ebf13cb7c68b318e7c0fc0e5,41.0,123.0,0.358261100734034,0.3902439024390244,0.03198280170499036,0.06494352397626513,15053.9949949897,0.3929902675661275,0.020033054844040277,0.4924709924376617,0.6223864233530727,0.8605601052859656,False
0x95fa87f7fa9d3e10d93e5983b8c477f1fbccbf35,23.0,30.0,0.6086497096916406,0.6521739130434783,0.043524203351837716,0.09145420685679881,482.4999529947924,0.24612247043167593,0.019982376591510427,0.47591253423682256,0.6341366920764275,0.8630942414452161,False
0xf4b0bcaa0dba7cf37fccec06002c058ec33dd8db,38.0,40.0,0.6552537156902792,0.6842105263157895,0.028956810625510195,0.056581602747191644,1243.999909975042,0.46031075100836877,0.019965446652977566,0.5117707738836972,0.6088114470323149,0.8565874096543045,False
0x6136542d192313812347c693ee7d5be31ebe64f8,22.0,49.0,0.5493693144069876,0.5909090909090909,0.04153977650210335,0.0877325929982387,122.99994199881226,0.2618624426593198,0.019954252138321995,0.4734816911536776,0.6358695602286843,0.8631092609630405,False
0xef068a540764f19d39c96d03fa4df83d2560d116,36.0,36.0,0.920277760936111,0.9444444444444444,0.02416668350833332,0.03879611953232331,121.82896600419699,0.6446571722110763,0.01994871641974464,0.6229149667455439,0.5333404022037513,0.8122774866192162,False
0xa5303c3d6321892667739ea611f2f6cb8a5188f6,28.0,39.0,0.7853725961450142,0.8214285714285714,0.036055975283557196,0.07594240963532323,312.8557929991284,0.32132822945913986,0.019931123521682886,0.4747805008650452,0.6349434326842307,0.8631092609630405,False
0xced43f66d19c10dae57140004d81357e2dc49083,34.0,43.0,0.5846075218746821,0.6176470588235294,0.03303953694884731,0.06858970121144255,98.03252707892034,0.367255548448366,0.019914526547090944,0.48169821948918845,0.6300203411030676,0.8630150839445326,False
0xe7b21ea565eaf4f6a7b67cb2903f4c8eb7619980,30.0,33.0,0.39557461473698396,0.43333333333333335,0.03775871859634936,0.08006407814157679,216.59865199939566,0.2987246209423141,0.01990272610675773,0.47160623681422853,0.6372078741834764,0.8640163551625581,False
0x2d24b04a80a62b4a4e8c91443ab45d4dd156f379,67.0,115.0,0.4950457053879138,0.5223880597014925,0.027342354313578777,0.0518153354315021,13046.435480016627,0.5042258420335686,0.01988303295633026,0.5276884552783476,0.5977155873791726,0.8516056037284022,False
0x6d499f7b123c4460812e95ab49beba469871e00a,28.0,206.0,0.5654217505431908,0.6071428571428571,0.04172110659966643,0.08878767982954876,959.6455569997429,0.2572674688662143,0.019866530610508124,0.4698974754128167,0.6384282680878148,0.8647854002499471,False
0x8af98c070a75a3f5dcc027ef4ada444fb26ad6a2,35.0,35.0,0.9185713923057143,0.9428571428571428,0.024285750551428554,0.03993752730200185,119.86733100468219,0.631264007888415,0.019864900499357147,0.6080934948171226,0.5431254664646852,0.8190967272717086,False
0xc2a466b6e0a09a6be4af89673ddf6a04faccb511,35.0,35.0,0.9185714099771427,0.9428571428571428,0.02428573287999998,0.039954356317032945,116.85413439942542,0.6310678568528553,0.019862537653227503,0.6078369198916797,0.5432956399686086,0.8190967272717086,False
0x6fd934c4f7dcc5b7ad55e89130545f4000052451,31.0,34.0,0.5469574918228263,0.5806451612903226,0.03368766946749632,0.07078044441464694,339.8687230050002,0.3527690883948625,0.01984267520155271,0.4759460009907083,0.6341128486910033,0.8630942414452161,False
0xb5c976561f08c1f386a55f6a635fc22182d3a4fc,85.0,384.0,0.3399596107828279,0.36470588235294116,0.024746271570113332,0.04244612545529054,402.0359259719662,0.6024789437479648,0.019797244786598736,0.5830042507926698,0.5598904386595973,0.8284322669553077,False
0x5f56a9a1ac5cb8793024d196e5ec2cacfd9d348a,40.0,188.0,0.46748417602049336,0.5,0.032515823979506656,0.06809976329033841,4026.0210679999946,0.3705935340453978,0.01978968170127663,0.4774733774165674,0.6330250740260766,0.8630942414452161,False
0x32ed1015ee881fb4050e4d132b8e4850d85c4391,47.0,58.0,0.9802090878911307,1.0,0.019790912108869595,0.0037684828131316645,4035.1606377766184,0.994826048137438,0.01975213663597885,5.251692283140083,1.507080915619241e-07,4.983027796643619e-06,True
0x5912794596cd3cc2f36605710fc1fcd6e5886f45,22.0,82.0,0.9802424385517824,1.0,0.019757561448217664,0.004236313403117954,22053.42674302968,0.9934705990147895,0.01970884550754436,4.663857360901574,3.1033652989620464e-06,7.622456291450588e-05,True
0x38c2734df152fcd3a27469770b5b08a0e62fd3a7,26.0,34.0,0.5309796613275772,0.5769230769230769,0.0459434155954996,0.09838255436943837,80803.62434031817,0.22003697615661208,0.01970010394488866,0.46698742363383383,0.6405088759285951,0.8657612112263348,False
0x63a57d6aaf7812fc4da840f73e10865556d31cf3,35.0,35.0,0.9188571165114284,0.9428571428571428,0.024000026345714288,0.03992471992420681,119.85473380447245,0.6314133109338442,0.01968628045688603,0.6011319901874327,0.5477520778385816,0.8199179554255709,False
0x32ccd9015a900fde62040162a04bedf093c668b3,317.0,1308.0,0.47406261087547336,0.4952681388012618,0.021205527925788493,0.023798568462942475,51707.64007869114,0.828214450109976,0.019675094117758928,0.8910421632632362,0.3729065510440912,0.7220165128699033,False
0x8bece7740557fc609343c1831bec5f07186b7800,24.0,30.0,0.5395676245570066,0.5833333333333334,0.04376570877632672,0.09445631192227885,4070.419985997375,0.23433397103382836,0.01967084233458387,0.4633434006224835,0.6431182414008658,0.8679235712050408,False
0x1cb63fd92efcaaf359ffdf301c40674b2ed793f6,36.0,53.0,0.9504914475464038,0.9722222222222222,0.021730774675818527,0.027982045560090457,15062.43735603034,0.7771526760164765,0.01962838277641159,0.7765970729034964,0.437396529033248,0.7639371810008164,False
0x7a18a12ae5d6476108235c1e6d89dcae871d61a0,73.0,307.0,0.40113335939828804,0.4246575342465753,0.023524174848287286,0.03837773113519544,4518.588323508203,0.6496090836394619,0.01959011681156104,0.6129641891913131,0.5399000186342313,0.8180976193053364,False
0xc7ddaf7e09224247ea82a079bdd0e1474a02de16,27.0,29.0,0.9021730397102031,0.9259259259259259,0.023752886215722826,0.03959050515818981,415.39842913422984,0.6353174257800485,0.01957495974453928,0.5999642116415187,0.5485300868793077,0.8205679199894051,False
0x2f26606ccc45a934838a97d44a30c32012ae0d8f,266.0,2044.0,0.4826010464935782,0.5037593984962406,0.02115835200266231,0.024425960995285045,34316.51986958225,0.8206831866345989,0.019569281764813547,0.8662239330827768,0.38636737112924857,0.7321804616465443,False
0xf9efef8ec6235e547ae1ce1ff0de4347e68320eb,48.0,281.0,0.4296858369316177,0.4583333333333333,0.028647496401715572,0.05862879588200678,2610.69107900476,0.44270875638528395,0.019535256705735304,0.48862501729303826,0.6251071981493026,0.8605601052859656,False
0x5308f42d24fcb82184de18fab9cadacdcb513221,89.0,191.0,0.5814554771500143,0.6067415730337079,0.02528609588369347,0.046855835349582715,990.7375063462757,0.5543160575572105,0.019496863510633032,0.5396573488667652,0.5894333588479324,0.8464079245372036,False
0xcb016f2b417f98c88fc91fffe7e69d4a6b1c7dfb,65.0,550.0,0.6397408856190445,0.6615384615384615,0.021797575919417014,0.03018423868063027,18158.403189999997,0.7498169580075474,0.019420580154651097,0.7221509261853566,0.4702016908481448,0.783365736884603,False
0xe51648e1aee597bbf8a3e7e00326c4c482c51d31,90.0,101.0,0.7438591550971717,0.7666666666666667,0.02280751156949499,0.03656596287586622,1035.1352329627937,0.6712933294307614,0.01935248812710099,0.6237361134703798,0.5328009020476907,0.8122774866192162,False
0x1818e926de38ff7b76fdc54844ece030ce6a2c75,22.0,28.0,0.4635439846356786,0.5,0.036456015364321415,0.08148983766891592,118.16094800009097,0.2913821886724712,0.01933618733363997,0.4473688549048057,0.6546087594816388,0.8751899478901459,False
0xe61a441fa1aa4207c0227bb9c425473261966911,22.0,25.0,0.46045454672840797,0.5,0.03954545327159204,0.08925491813062927,22.719850000001063,0.2552667610980164,0.019252288691628747,0.4430618961939463,0.6577209651154652,0.8775283854282384,False
0x81f50b448d31c881499e77ef301a9a4187f270af,28.0,117.0,0.4600295059828542,0.5,0.03997049401714573,0.09112112667247471,11188.66038697404,0.2474789793038756,0.01914526882252258,0.43865232440348834,0.6609134771669765,0.8777747404498496,False
0x178512c846a718f04139c6bc41a58ddfeee322be,100.0,100.0,0.9194414489859999,0.94,0.02055855101399998,0.02374350528189743,431.3239333843769,0.8288725808151881,0.019144695967603337,0.8658599802310685,0.38656695182441636,0.7321804616465443,False
0xf9b5e9803ea977b7111c9b7728ac6ea97f361212,32.0,48.0,0.2777084301341451,0.3125,0.03479156986585491,0.0790680973283332,1748.8069295364883,0.30399557722098886,0.01913493599733784,0.4400203247762701,0.6599223867660813,0.8777747404498496,False
0xb6635da1089adc45eadc49d9ada4381c2591f135,77.0,79.0,0.3506293669649801,0.37662337662337664,0.02599400965839654,0.0526475179680154,866.7999429965195,0.49625954288168517,0.019094044669648924,0.49373665961211144,0.621492171385863,0.8605601052859656,False
0x56450c5a4093ce3f4557b26dafe61c0eaec7c127,52.0,65.0,0.7035367936876746,0.7307692307692307,0.027232437081556087,0.05750297712656099,144.0398659994552,0.4522961982416095,0.019051994510458404,0.47358308112672054,0.6357972427112668,0.8631092609630405,False
0x51bb5f419d80cba98650191153520f38b90da38b,38.0,40.0,0.8169127863882684,0.8421052631578947,0.02519247676962644,0.04982348394295408,3827.583726635902,0.5238077845944354,0.019051536454246776,0.5056345878676576,0.6131131959060707,0.8579336858562526,False
0x638dc9ee7760a35c304afaec7acb2bb7600c3d87,26.0,49.0,0.9387337235103914,0.9615384615384616,0.022804738028070086,0.03901513505275752,21287.882429909896,0.642073881453237,0.01904358279067143,0.5845100368673025,0.5588772145299372,0.8277997645267753,False
0xa0e036592f3473635862116f9eb676e48b5c585b,28.0,198.0,0.680745306813641,0.7142857142857143,0.03354040747207329,0.07694947719733597,2689.7392330293815,0.3156096991430546,0.01900131692321945,0.4358757030416118,0.6629269144041587,0.8785655253074642,False
0xb1a0b051ce3007469becf74d020828cc9992fb89,21.0,67.0,0.33313847280785336,0.38095238095238093,0.04781390814452758,0.1086757607655241,4218.1541129996485,0.18778590304410653,0.018966208529468485,0.4399684695807153,0.6599599440089543,0.8777747404498496,False
0x746295855be6f49fe2da2accd69ea34b3cf23ac3,164.0,476.0,0.5635687950994752,0.5853658536585366,0.021797058559061437,0.03414086001145603,83941.48383684625,0.700836896823285,0.018954856699776246,0.6384449176660281,0.5231840994123487,0.8109931995166898,False
0x23fa104bd83da0882d9ae7349cf32d3df0255f57,100.0,100.0,0.9197499826209998,0.94,0.02025001737899998,0.02378020758919076,436.32140496918987,0.8284339576606982,0.018885472321994206,0.8515492265174581,0.39446433034010253,0.738260891108218,False
0x61af87361f026720ff3bcf1aba637e685dccaa01,40.0,108.0,0.8262059464081236,0.85,0.023794053591876384,0.04511193383560746,2845.5890859982674,0.572970820276622,0.018884283725874848,0.5274447705696761,0.5978847601646953,0.8516056037284022,False
0xf3000f2a25be9e7f3c5b82fb41572175a7d377e8,41.0,47.0,0.5587076939437817,0.5853658536585366,0.02665815971475492,0.05696411483291217,50.667495765139925,0.45696501134024436,0.018859302715970434,0.4679816370876464,0.639797721469699,0.865253447126562,False
0x9cb990f1862568a63d8601efeebe0304225c32f2,31.0,203.0,0.42111121387392636,0.45161290322580644,0.03050168935187999,0.0697964523392901,234118.46416871535,0.3591879797954244,0.01883561671803949,0.43700916493014724,0.6621047014321826,0.8779270051380971,False
0xbccdb595bfbc5a5a9fc431513e2ef9156135e362,99.0,99.0,0.9192525119424243,0.9393939393939394,0.020141427451515124,0.024027727644717417,424.3295578236258,0.8254704098272734,0.018772264066683173,0.8382576891720049,0.40188599335022923,0.7440516703878256,False
0xfa22a495145222e4345b1acec23b4c31d44d5434,21.0,35.0,0.5753028528588956,0.6190476190476191,0.04374476618872345,0.10290646116432384,34.99896500000547,0.2049946798112258,0.018743266378431926,0.4250925130820563,0.6707692355337374,0.8842464957624321,False
0x17ef3b308992e8b59b4b0a28f14a757ea1b69a2c,63.0,83.0,0.5763718182018699,0.6031746031746031,0.02680278497273337,0.05857855562779145,2763.7406219972236,0.4431318143557127,0.018724723781782148,0.45755284823064696,0.6472737257857593,0.8713624235829405,False
0x20f6439002752796b661448728ae3705e9dde322,35.0,35.0,0.9205713972428571,0.9428571428571428,0.022285745614285712,0.039859176588395384,116.85356880430018,0.632177742964275,0.018611496846076006,0.559112041987691,0.576085256910893,0.8391587935723583,False
0x3e4e65452635a4ed9e5106eb8398552b4170b5e1,35.0,35.0,0.9205714012657141,0.9428571428571428,0.022285741591428574,0.039878146454153045,112.85298040411328,0.6319564363420136,0.018609283628489723,0.5588459738731829,0.5762668434292437,0.8391587935723583,False
0xcccc2477f2206b2daa9aaba13f7aa72a884f05b2,21.0,38.0,0.8247619118563866,0.8571428571428571,0.03238094528647059,0.07724082510561925,4634.382304003655,0.3139794174836387,0.01860263618908612,0.41922060312267284,0.6750549160124577,0.8873428279287098,False
0xb8b95f31906f509d2a73eff3d0d26edcda057a6b,24.0,54.0,0.33632080449683577,0.375,0.038679195503164183,0.0942579170479436,118.30042200000314,0.23508931610074302,0.01849882748229878,0.410354872190633,0.6815456452631801,0.8926898014899651,False
0x4a5306ef9f303be7ece973511521c8589c280eec,20.0,74.0,0.26592737373375375,0.3,0.03407262626624624,0.08345066130106966,411.63086829984326,0.2816614686460842,0.018430031053426457,0.4082966597870388,0.6830558912608131,0.8927146974516578,False
0x1d3bed1d05fd31c69c7f1fd95a39edd674a3583b,112.0,150.0,0.5767099025269377,0.5982142857142857,0.021504383187348184,0.037350644669651385,12871.109437995647,0.6618559038654249,0.0183908084889739,0.5757432937916918,0.5647887074885003,0.8319486856939547,False
0x305bb5a33b7f6741907a5e668313a57ea312dac0,47.0,71.0,0.981551960566644,1.0,0.018448039433356225,0.005309240043249288,2739.5055500039634,0.9897824533138303,0.018385186294787005,3.474704342444067,0.0005114166818669386,0.007835037198919172,True
0x5aa477141b5e07f90f8016ddaf5cdf2b92ede8e1,20.0,41.0,0.45952033630881883,0.5,0.04047966369118118,0.10026045205020982,9299.049958166977,0.21361577389670536,0.018316907018980554,0.4037450745874277,0.6864001899827734,0.8935935835697544,False
0xe91171f655be1568e4c63f29663c0028649e3d4e,531.0,1924.0,0.46501705238361746,0.4839924670433145,0.01897541465969705,0.017454527677439744,205344.8070556394,0.8996261814836696,0.018305031430932536,1.087134238769639,0.2769774882261342,0.6321459664913275,False
0x4daaedfa9503e4f6981e1d53b1931dc932639f01,26.0,117.0,0.5409704082353353,0.5769230769230769,0.03595266868774164,0.08959924398113553,460.55087600008176,0.25380557255288694,0.018300604156780052,0.40126084875572404,0.6882280852710552,0.8937261993524931,False
0x28e0e82bc770c3c153b92ff6ad863f12b8132e6b,34.0,104.0,0.5893859721191185,0.6176470588235294,0.02826108670441094,0.06734566333616372,6859.838890005112,0.3758030035751888,0.018296070349710068,0.4196422650608167,0.674746807764437,0.8873428279287098,False
0x41a65744f604696f8811fd38c68bb1e92b62fcf2,262.0,315.0,0.5450663492048292,0.5648854961832062,0.019819146978376893,0.026351375627658966,1369.2994339812958,0.7972565482211801,0.018293989540024837,0.7521105257812155,0.45198459455882967,0.7736735555690781,False
0xfbcd903b1b7488610c21221486be4d95958c3fcf,57.0,58.0,0.8004299847186861,0.8245614035087719,0.024131418790085873,0.05178158858959302,392.240654998836,0.5045515683258499,0.018267851216470225,0.46602314543389206,0.641198933388206,0.8662399419634277,False
0xc8f47d7d18d5c61b6231c7f8547a5c8b9b1a6794,55.0,99.0,0.5387385826042994,0.5636363636363636,0.024897781032064185,0.055094175767155716,16279.213410239454,0.4735716703692738,0.018264135611522982,0.45191312303662684,0.6513315701663513,0.874840389586819,False
0x9c265ef8609d8899747fa64be7c666d0d1edd474,49.0,51.0,0.3201967577111958,0.3469387755102041,0.026742017799008286,0.06267978846252323,3187.8199549907986,0.41003952102442215,0.018219762229907607,0.42664499123186356,0.6696379225070932,0.8842464957624321,False
0xc65071f006dbd81db49803812317065e8b0855a1,39.0,116.0,0.7436139333510461,0.7692307692307693,0.02561683587972315,0.05840591568830067,407.32991500183925,0.44458896098413486,0.018218601619276638,0.4386000215532016,0.6609513814098817,0.8777747404498496,False
0x7738acc78297536ef1efa071e0812635fff85dbd,22.0,42.0,0.6040188988016906,0.6363636363636364,0.03234473756194574,0.08089229335759698,6566.761390013289,0.29443076234802973,0.018199352588602315,0.3998494321203231,0.6892674194269219,0.8946254024670517,False
0xdcf52725ee37a07e8ac45591c6de9119ab63829c,22.0,88.0,0.5103791392201334,0.5454545454545454,0.035075406234412014,0.08864122986414939,836.3598490109912,0.2578988478046802,0.018171190189264778,0.39570080749294895,0.6923257597322703,0.8966575444850532,False
0x2ea65fb0fc87f3c46395c51ec00750fdbc9b428a,21.0,22.0,0.47787570033441423,0.5238095238095238,0.04593382347510969,0.11366040547596647,1894.1173210101929,0.17448709326389397,0.01816581942001657,0.40413214507511513,0.6861155479808565,0.8935935835697544,False
0x5aa77a34f889dcdb73a81f7b88c9ce6a7d90de5f,34.0,34.0,0.9194117283529412,0.9411764705882353,0.021764742235294097,0.04106963614945195,112.86554300645308,0.6181581813004243,0.01814939018987402,0.5299472865085154,0.5961484794322376,0.8513105916144744,False
0xae64ec6506a1516bbec1549a922648f1282f180e,21.0,23.0,0.7433809523809524,0.7619047619047619,0.01852380952380954,0.013224727749041989,123.88260000000001,0.9398059156429519,0.018148965291033877,1.4006949613878759,0.16130531007651605,0.4842914955615074,False
0x0e7ca527248df0766d835448160c71fc2bb3c3c2,99.0,99.0,0.9200586639,0.9393939393939394,0.019335275493939375,0.024009147928655643,430.3136615568695,0.8256931898250636,0.018108377567306534,0.8053295165407407,0.4206295532084361,0.757352070207721,False
0xe8970673b6c073b8b07cef81335423b064ca0b3b,20.0,21.0,0.5653593443611241,0.6,0.03464065563887594,0.08815792299668071,944.9999660035995,0.2599971269028767,0.018105952683085846,0.3929386544211144,0.6943647910031987,0.8967301822611312,False
0xb7ab821f037a4c8deb9b23b8001a4be985d116d0,76.0,292.0,0.528771466853487,0.5526315789473685,0.023860112093881503,0.05208661440846118,3511.3846870141783,0.5016150178627351,0.0180970060114546,0.4580852943670219,0.6468911635962067,0.8713624235829405,False
0xea9b517a08ccf962b85db123b36e775a87d02be5,71.0,198.0,0.5262251920443275,0.5492957746478874,0.023070582603559788,0.048635439498582386,853.589694023496,0.5358312572789848,0.018069613068211983,0.47435744061143403,0.6352450368354445,0.8631092609630405,False
0x12bc9557c6c0826a794539447c8604ba9011bf2f,21.0,91.0,0.6818410742129872,0.7142857142857143,0.03244464007272712,0.08265462090175736,624.0192639999967,0.28555622033638917,0.01804996188217694,0.3925326826105774,0.6946646678002772,0.8967301822611312,False
0x309d2534fee0473cc022c20d1e67078a0aa491d2,98.0,98.0,0.9195305950091837,0.9387755102040817,0.019244915194897932,0.024260686845784463,433.33893307284535,0.8226727584273043,0.01801278062096688,0.7932551669798222,0.4276291718047034,0.7590197068715279,False
0x44be7bb86c9fdf51f76bc1e1885966d884ec76b1,24.0,47.0,0.5526935797652658,0.5833333333333334,0.030639753568067574,0.07789828000040239,184.0815839998076,0.3103396979842109,0.017989173709022522,0.39333029648291723,0.6940755444067856,0.8967301822611312,False
0xe6a3e2f9af2bc666692a6da98009659ad8aa04be,35.0,109.0,0.6012704675875403,0.6285714285714286,0.02730096098388825,0.06684717370008043,2350.208156223651,0.3792949285863932,0.01798764650088721,0.40840860537167933,0.6829737167133569,0.8927146974516578,False
0xe790e4e8718fb49bac1db7d38402f34167b4698c,23.0,23.0,0.4815207594826087,0.5217391304347826,0.04021837095217391,0.10358264061942433,14834.439975160289,0.20286821663964474,0.01796099939040474,0.3882732735105805,0.6978138134877636,0.8976525027060983,False
0xecdb673d790f2469f1bd9b87841ff17e6b18c4c7,159.0,769.0,0.4130663846841239,0.4339622641509434,0.02089587946681944,0.03811132107430903,4861.309343006242,0.6527735954964718,0.017909964939838915,0.5482853618765113,0.5834959769276249,0.8425734179710777,False
0xb51890af1cc659a72c974729f7673adea5e43403,31.0,39.0,0.7150140507162849,0.7419354838709677,0.026921433154682768,0.06633973280253842,499.641313635005,0.38288943760969607,0.017896262797324022,0.4058116006408251,0.6848810342984919,0.8934285217277748,False
0x1d603dad31fac599c1de6b6002d066993460453d,24.0,39.0,0.5950065031405999,0.625,0.029993496859400042,0.07703918898523472,8687.021322920624,0.31510655987615527,0.017872973502598553,0.3893277856955189,0.6970336845294809,0.8976525027060983,False
0xc3df245255a20677d1d4a6a20eab896e1a1c9945,41.0,98.0,0.4585532934409188,0.4878048780487805,0.02925158460786167,0.07472597804486736,37770.00913090817,0.32841125657439857,0.017864773688792232,0.3914513449432309,0.6954636461680515,0.8972489962318183,False
0x6f4c9a4870e23ee86f7ee4b3b2cd62ad784d5d71,21.0,31.0,0.5837378751897365,0.6190476190476191,0.0353097438578826,0.09254771429545063,32.679537020602254,0.24173834404720454,0.01785972077374082,0.38153015584111866,0.7028098992020408,0.9016101663111874,False
0x1c66c88a4be1ca1081d93c6e1fd5b5b5847ce371,41.0,84.0,0.6077718129849505,0.6341463414634146,0.026374528478464075,0.06464813896331895,534.5303440044314,0.39516732808992316,0.017859706661088756,0.4079704211350749,0.6832953907598187,0.8927146974516578,False
0xc9a45097711d76c1a82b65273c28ec2801f63926,20.0,20.0,0.61483599426,0.65,0.03516400573999999,0.09235458262045575,313.0068468956135,0.24250500655055077,0.017842021903929466,0.38074998275409305,0.7033887765095421,0.9016101663111874,False
0x6dab26eb9853b8bc7b9d91f622617fbd19a7e5c0,38.0,447.0,0.3416765815604843,0.3684210526315789,0.02674447107109465,0.06639174032530264,1923.3245819851318,0.3825191758698016,0.017823156371973764,0.4028282876763517,0.687074549659487,0.8935935835697544,False
0x2064a7048b8dc106830618a41120f59781d90ab1,30.0,58.0,0.3674348743067525,0.4,0.03256512569324755,0.08547077563665302,777.5892679981956,0.2720843710976746,0.017811312093882224,0.3810088939836697,0.7031966489869579,0.9016101663111874,False
0xdaf94ea90c55cb5d141ddb5f389889999d37fc07,21.0,42.0,0.3455786308171008,0.38095238095238093,0.035373750135280144,0.09372911378288155,1620.9996809596905,0.2371186936922893,0.017768584945792407,0.37740408190801344,0.7058733338678711,0.9017403538128657,False
0x89b55290123e979921c60899866adf5688737037,31.0,32.0,0.9822441072838706,1.0,0.017755892716129037,0.006755196255354347,967.8200900017603,0.9835630846002171,0.017666157948744148,2.628479180313266,0.008576760539833916,0.07135311429752152,False
0x6847a6932b3040997715d72db6a75fe505b7f1ea,23.0,42.0,0.752404825765851,0.782608695652174,0.03020386988632303,0.08013658040578897,972.2401500001465,0.29834552549231347,0.01763911820578765,0.37690490077539096,0.7062442792761905,0.9017403538128657,False
0x1a3ee5acbb713b7ecd2296a9422348c5c4d3cd83,79.0,123.0,0.5727073802815466,0.5949367088607594,0.022229328579212983,0.04846878057091844,20454.164049962965,0.537538307543154,0.01763579862030515,0.45863189288799056,0.6464985299791313,0.8713624235829405,False
0x788e42bf0d25a94cadf47e70fb6df1abf2f0e086,20.0,247.0,0.41185177756789254,0.45,0.0381482224321075,0.10243592664107248,628.7685760688137,0.20649249809345094,0.017634725791776412,0.3724105758888276,0.7095871808949568,0.9025364058924199,False
0x9663a1bc594a019693631f39ed50e03496185b70,32.0,109.0,0.4074608828343313,0.4375,0.030039117165668698,0.0798132093962928,1220.6340942001539,0.3000411404941839,0.017620049533168824,0.3763677390357387,0.706643526334338,0.9017403538128657,False
0xe70c2eed35a55bd4b088c196bf8d7ae93306ad0c,21.0,26.0,0.6307900011337094,0.6666666666666666,0.03587666553295717,0.09750481765407705,32.934818421663145,0.2231284348634384,0.017557943657323848,0.36794761937034426,0.7129122920110995,0.9045762948678717,False
0x996b41585ed3e174f2c8d3dab05947c053f5abf7,77.0,78.0,0.9425122928181817,0.961038961038961,0.01852666822077923,0.02253619137864169,9172.01952999713,0.8431732867274294,0.017549619132675477,0.8220851478186141,0.4110284377908635,0.7507382018857203,False
0x64ec879f99b7c903fea07341dddc4dbd038b931d,59.0,77.0,0.3316806942990731,0.3559322033898305,0.02425150909075743,0.05919297805056103,1189.877628982098,0.43798847524583273,0.017532683858557076,0.4097024662290593,0.6820242207168741,0.8927146974516578,False
0x51eb0959202f6547037ffbc565c6096200036bfa,98.0,205.0,0.7142487711946516,0.7346938775510204,0.020445106356368765,0.03984622510743074,97996.81370199364,0.6323288663079514,0.017449117111597065,0.5131002071399745,0.6078812266443465,0.8564938004564662,False
0xfb5148fc7223630e0967dbfa8cd920d83ab4742d,21.0,95.0,0.633327418282945,0.6666666666666666,0.03333924838372171,0.09256452441066064,28552.21203257497,0.2416717677798474,0.0173819755164984,0.36017306409756733,0.7187177165932637,0.9087421102602024,False
0xb474a4da8c5726c95e7de43f15c49f39ccaaa4bc,39.0,50.0,0.9826009417310001,1.0,0.01739905826900024,0.005590193323855859,5457.4561599977005,0.9886850206285241,0.017341323484229898,3.1124251454329253,0.001855570640654003,0.02205307226841785,True
0x4ec7d89d65e5320ee4e73ba0b6608d866e85ed98,54.0,66.0,0.607271889793855,0.6296296296296297,0.022357739835774472,0.05325858782065936,202.0899270013553,0.49049063497545775,0.0172314689875202,0.4197959568710486,0.6746345187598928,0.8873428279287098,False
0x6c5c741e4c83317d0c5da11c11b167821bda91fc,32.0,36.0,0.5312081996744525,0.5625,0.03129180032554744,0.08937492579826195,5450.734987940569,0.2547562275929439,0.01713570772473196,0.35011833627900996,0.7262498903953007,0.9133881927105532,False
0xda30865e15d5b76c1501091c91eeb94afc7764be,20.0,60.0,0.7165569596535277,0.75,0.03344304034647228,0.09598735619878233,100.81984999940784,0.22861347712855984,0.017130922076073907,0.3484108915054849,0.7275316241072189,0.9135213552463514,False
0x8d0c8253703b8febbe53f45d182671c5385dc90a,42.0,271.0,0.42661296069811233,0.4523809523809524,0.0257679916828401,0.07097768407690658,3437.6118540014527,0.351499393184279,0.01703175306308827,0.3630435681012029,0.7165723387508764,0.9072361618254837,False
0x20b42d7da297c22df16ede8d64c937bcc457bfa2,31.0,31.0,0.42503143998709675,0.45161290322580644,0.026581463238709684,0.0743658902351793,6301.179962099905,0.33054554879612713,0.017018363955647122,0.35744160601919533,0.720761234089583,0.9087421102602024,False
0x301fcd4e6bc88232f7138fcaf252e1dba67ae84c,28.0,33.0,0.6827624668212017,0.7142857142857143,0.03152324746451257,0.09188719709759717,147.0999450005344,0.24437388491435075,0.016995052154862713,0.3430646320730671,0.7315498377792247,0.9147616552517553,False
0x00d99ad8a6c4a766e593f002d8e053f7518db1b1,43.0,55.0,0.3247331671481887,0.3488372093023256,0.02410404215413694,0.06554675136912448,1015.0899530047775,0.3885880390368329,0.01688479973775336,0.36773816628067163,0.713068479048617,0.9045762948678717,False
0x9ce3c43efc13ef1bca970cf18427652a63911a0d,78.0,145.0,0.5568772263812554,0.5769230769230769,0.02004585054182147,0.043377407108884415,545.4407278285338,0.5920384419650103,0.016884433495908145,0.46212652802190535,0.6439905874404697,0.8686462996908846,False
0x4f1d5ae26fc31472966e951af3183308736d8de2,36.0,1881.0,0.6988150590351281,0.7222222222222222,0.02340716318709398,0.06234886229031589,38647.27930888123,0.41260306626935683,0.016880822603787125,0.37542245884299985,0.7073463046042154,0.9017403538128657,False
0x9f19861f8a10dfa567bdd8aa42c501f66030d8c3,39.0,61.0,0.8500000174817367,0.8717948717948718,0.021794854313135426,0.05423355187527318,1871.145796001993,0.4814276917998119,0.01686929631066781,0.4018703101589111,0.6877794739767207,0.8935935835697544,False
0xd44c919a655a007bcee15777c76b00cd3d8828c5,24.0,37.0,0.5597616399379878,0.5833333333333334,0.02357169339534565,0.06364512355277036,50.98493900011772,0.40266591645829003,0.0168366654752726,0.3703613423862953,0.711113273404429,0.9034291291182376,False
0x641338372bfa39fa2ef655e106f397a532b28200,24.0,40.0,0.553261874013066,0.5833333333333334,0.030071459320267255,0.08960112203356932,76.3557,0.25379763333932154,0.016807779327157327,0.33561476282630587,0.7371613899887772,0.9147616552517553,False
0xba564d4772e1c824c9718532e8b62cc7017d140d,22.0,31.0,0.4257576496887511,0.45454545454545453,0.0287878048567034,0.08579709185440262,183.76999100009678,0.27057758322560227,0.016758713305629943,0.3355335738600116,0.7372226227885983,0.9147616552517553,False
0x0c4d080bd6820d208d058e1850a0a6440391a427,21.0,35.0,0.6849759180600841,0.7142857142857143,0.029309796225630187,0.08774674154717345,2047.31993201571,0.2618001089350749,0.01675061913040131,0.3340271753552578,0.7383590522769203,0.9154942287606622,False
0x71f55f2605ead44c73e080b37e5d162882724cce,20.0,77.0,0.4662788006247268,0.5,0.033721199375273125,0.10234324744865064,3411.3959959954964,0.20678928346599518,0.016726937264434964,0.3294911996240132,0.7417844446318351,0.9165048023494549,False
0x77d581f2b6e5e3a12c1bdb743bcc7e47a344732e,21.0,56.0,0.5418571433611545,0.5714285714285714,0.02957142806741699,0.09006924763651714,6706.676566995314,0.2518289573301143,0.01664686393901533,0.3283188085100394,0.7426706245296135,0.9165048023494549,False
0xed5b543865a90adb2f53b49510f46537991d8e60,26.0,37.0,0.512458056767359,0.5384615384615384,0.02600348169417948,0.07694771126885366,64.44206493375167,0.3156196134024983,0.0166227259400797,0.33793703887207077,0.7354106348488261,0.9147616552517553,False
0x8daea7b4b923815062b1437f7516ccc21e3a125c,28.0,113.0,0.4353550855068455,0.4642857142857143,0.028930628778868813,0.08851955660390992,4008.1716740028546,0.25842497261638514,0.016595210765446233,0.32682753832943334,0.7437983296487343,0.9169483232141901,False
0x23bc7d987ae94fa080f451612e4ccb334c5d5487,47.0,242.0,0.46608899727302794,0.48936170212765956,0.02327270485463164,0.06513545443923258,239.08595065369983,0.3915832513931656,0.016594627923778867,0.3572970366905732,0.7208694481607834,0.9087421102602024,False
0xa032d2358fa08860ba30ba8e8d828b7738202090,66.0,1771.0,0.5545502275326071,0.5757575757575758,0.02120734822496858,0.05458347073414736,26038.419779994416,0.47821726578880996,0.01655784714977975,0.3885305924986057,0.6976234191985999,0.8976525027060983,False
0x5368b59f5f90f293d8ae0cb9a3651a10e89a7250,184.0,187.0,0.956107374080256,0.9728260869565217,0.01671871287626578,0.012129695236795968,1779.2036414858103,0.9488730318330013,0.016492621055158457,1.378329178918595,0.16810167821305377,0.4960345859398921,False
0x9b54ec48a04f555267ba3de656d6391c82b522cf,21.0,48.0,0.6352951457916638,0.6666666666666666,0.031371520875002785,0.09856600285445015,85.84533899939252,0.21939821595274955,0.01648156396092722,0.31827932518810054,0.75027306563921,0.9183456270923221,False
0x3009d92bc375b7cbb780b6b3316aab7fea1774d2,33.0,65.0,0.5498644818626562,0.5757575757575758,0.025893093894919613,0.07843463152935373,117.82889900000015,0.307410169931147,0.016476265320538273,0.33012322988002135,0.7413068513480745,0.9165048023494549,False
0x3d4112da9252dfe6904f469fe06d568e0fe9e3dd,20.0,30.0,0.7223543521500613,0.75,0.027645647849938882,0.08560941933379103,6778.267508280376,0.2714428307177847,0.01646295199218279,0.32292764119972045,0.7467500422129447,0.9178537286769258,False
0x293cfa5eee8c127ae960e5a37027395d9ff6dcba,26.0,51.0,0.5466453912390521,0.5769230769230769,0.030277685684024763,0.09545408296114703,740.1423279990631,0.23058435431570673,0.016442717952026665,0.31719633927391855,0.7510946274524672,0.9184793950687118,False
0xc62fc154efd70e3a7991726c4eef6118566c1781,52.0,61.0,0.5357458772461833,0.5576923076923077,0.021946430446124415,0.06150856009894215,278.53813299954317,0.4191955459852872,0.016341736442187886,0.35680286468780237,0.7212393915327424,0.9087421102602024,False
0xb52bed5692f410333fe07d5fedd575cac0b89646,95.0,149.0,0.8667697471166742,0.8842105263157894,0.017440779199115262,0.027926375381235245,634.0641050014813,0.7778417083055806,0.01629794585215967,0.624527134689823,0.5322814558275377,0.8122774866192162,False
0x31121402eafd4a157141db8f84b5da297ff63fcd,115.0,160.0,0.9837144110417939,1.0,0.016285588958206067,0.0024880619948936997,9139.489508497843,0.9977380599415158,0.016276565989399718,6.545491628275064,5.929989832509364e-11,3.1211109751105404e-09,True
0x0a26054fe174697bf6be759c4b600fdb830d1851,30.0,48.0,0.573438924908815,0.6,0.026561075091185025,0.08414361138375093,39422.40167938628,0.27832730785380566,0.016266756294727645,0.31566359768002855,0.752257859780932,0.9190303270369605,False
0x9c9bb5238dc5801c51219566f61adf96c6a47349,23.0,26.0,0.6195977493172965,0.6521739130434783,0.03257616372618182,0.10689915594943607,115.72996899927438,0.19286573425193787,0.016207791952227442,0.3047373333947608,0.7605662132076487,0.9226342450062485,False
0xa4a15e8fd7911801fe15ec163505f0a08f8732fc,74.0,99.0,0.5065925427666917,0.527027027027027,0.02043448426033535,0.05453187357911936,274.88989599882643,0.478689255653688,0.016192091280651986,0.3747255122398703,0.7078646165022959,0.9017403538128657,False
0x59999fb5e0e46bc09039a8be2a2c7a201c46bdbe,20.0,106.0,0.5688378249829898,0.6,0.031162175017010053,0.10252329373988403,159.08984599960814,0.20621325760186818,0.016186891362608664,0.303952144729888,0.7611643501870551,0.9226342450062485,False
0xe321dd5102353f264f4502173c1e702e9099b456,23.0,26.0,0.49221313402489403,0.5217391304347826,0.029525996409888594,0.0969691388284311,250.06997300053342,0.22504414912727283,0.01617393549332103,0.3044885905620897,0.76075568377195,0.9226342450062485,False
0x0cc852fab555fbfeef74303711c0f68cec0f6c89,24.0,34.0,0.7236677974197111,0.75,0.026332202580288743,0.08459520872056839,241.54991999883066,0.2761821465337328,0.016172946084211513,0.3112729784409925,0.7555931076931763,0.9213591606339016,False
0xc6fa9a0058f324cf4d33e7ddd4f0b957e5d551e5,27.0,100.0,0.4583351306655595,0.48148148148148145,0.023146350815922,0.07043882096225615,600.6844272158312,0.35498157227154986,0.01614802884148032,0.3286021898112791,0.742456392679651,0.9165048023494549,False
0x7fea691e28d169a33c500607279f2acb49058f74,272.0,8585.0,0.5046696376531523,0.5220588235294118,0.017389185876259473,0.029674892390691012,707332.8871329313,0.7561475969909001,0.0161473341870014,0.5859898545652164,0.5578823326465292,0.8273597101181132,False
0x579fa62bb9de29237ec17168075e350958ba8d4a,70.0,87.0,0.9401946284972924,0.9571428571428572,0.01694822864556482,0.02422677297416111,1570.748010000078,0.8230805313727427,0.0161252559912097,0.6995660818566646,0.4841983308907414,0.7928555526141092,False
0x50cae4c048af15f22e46b263b2371505eaf6bfdd,33.0,51.0,0.37032943230878884,0.3939393939393939,0.02360996163060508,0.07378129777879762,5722.462833530176,0.3340476485261178,0.01607576802443882,0.3199992727342596,0.7489688818652565,0.9178839689753142,False
0x5e3040eb55cb0f4f86eb0af40cb84c9d3585acbf,186.0,431.0,0.5524725124235641,0.5698924731182796,0.017419960694715478,0.03134516530314471,28450.545003378036,0.7353923505615404,0.01606426682405463,0.5557463336448832,0.5783842773043326,0.84004739162058,False
0x37348758446d88c72ef7fda9d748a5534f75c1c8,23.0,26.0,0.6285127639742456,0.6521739130434783,0.023661149069232706,0.07426576978192478,241.60993700164474,0.3311420646059975,0.01605984626933045,0.3186010074185145,0.75002908941716,0.9183456270923221,False
0x99873c5baaba79eae554534b3c8fd2ba14991369,40.0,45.0,0.6020750029138477,0.625,0.02292499708615221,0.07170438805743302,46.47221176097696,0.34686961754143225,0.015983234858417794,0.31971539967386636,0.7491840847976101,0.9178839689753142,False
0x998a568a8f9da813599cc4395db0e5bdf94b6a12,95.0,95.0,0.9200315647589473,0.9368421052631579,0.016810540504210533,0.02503551497893801,686.5783712907894,0.8133134007931873,0.01596783882023299,0.6714677336716652,0.5019226079612129,0.8026103448085292,False
0xe803a7b0d5bd7fb383a39b3135eef4cfc5e9010c,20.0,92.0,0.47451753299916166,0.5,0.025482467000838394,0.08414251233369023,148.24910554016478,0.27833255505557924,0.015966619397883363,0.30284889640305335,0.7620050181711164,0.9226342450062485,False
0x73a24db98438c106ece5e65c8534ac7b04e01a5b,105.0,105.0,0.916590453437143,0.9333333333333333,0.016742879896190457,0.02458838500553144,466.75074956226064,0.81872421219628,0.015936867797815155,0.680926376109043,0.4959180774903629,0.79738707032248,False
0xd5ac54c4eeb95c314575164885edb4afd8690929,22.0,52.0,0.7493716713941332,0.7727272727272727,0.02335560133313956,0.07577535699533015,51.99985199998952,0.3222894585902287,0.015860765129791322,0.30822159418633827,0.7579137220220997,0.9226342450062485,False
0xbe8b962e2c88d69afbfd02fb01149d4e194c5e62,26.0,27.0,0.2850635874548032,0.3076923076923077,0.022628720237504483,0.07232969357180628,572.0199780248334,0.34294595515942505,0.015839925470447228,0.3128551929373172,0.7543906807078258,0.9211996048984293,False
0x5635e56adb54f4278c46a0e14266acf56814c508,27.0,76.0,0.45809358548766954,0.48148148148148145,0.023387895993811903,0.0765457767186051,75.99991699924053,0.3178864670168768,0.015822338252058796,0.30554129824548865,0.7599539212816031,0.9226342450062485,False
0x3f85fff0bffd7606230b78c98ee0163593b6e91a,30.0,97.0,0.5412137429176146,0.5666666666666667,0.02545292374905209,0.08649977084663549,1037.0160339996798,0.2673699777187573,0.01581416877574827,0.29425423327629674,0.7685636418073369,0.9244569031843629,False
0xd81fbc5c53593e4e2923a641ff2bc7e2d9866b75,27.0,224.0,0.5292045054222149,0.5555555555555556,0.026351050133340676,0.09097015571552998,17990.609935024542,0.24809711632189677,0.01578343035876399,0.28966697842908223,0.7720710211067987,0.9246203850591264,False
0x8451846b41a32a38fa022dd70df172869716581f,104.0,104.0,0.9161442036596154,0.9326923076923077,0.016548104032692287,0.024788586610880715,444.24381011682385,0.816304720668211,0.0157671134815378,0.6675694864114864,0.5044084407882208,0.8030057832054454,False
0xbbf45014b7bef8c9306ca08cef6896fe13e0becc,104.0,104.0,0.9161451509884616,0.9326923076923077,0.01654715670384613,0.024824660222436918,464.2151632290959,0.8158682030796635,0.015764484707594617,0.6665612562499668,0.5050524237548624,0.8035349789412647,False
0x86ffba1728ec739f158410e3d95a0ca5daed1d98,45.0,372.0,0.46759548859613403,0.4888888888888889,0.021293400292754835,0.0661761853568525,1220.438654002115,0.38405657656821385,0.01575184903537679,0.32176832463114946,0.7476282124191547,0.9178537286769258,False
0x3dc04c8e04e59fb53ce7848567d6615412d8af22,26.0,31.0,0.7077623146865134,0.7307692307692307,0.023006916082717394,0.07624065188443317,957.6699260117472,0.31962111756975603,0.01571980863793769,0.30176704309390817,0.762829656107628,0.9227662678712817,False
0x4042a8ef98b5abf2a1cf2423f8475c91ee150bda,42.0,49.0,0.38186198937958965,0.40476190476190477,0.02289991538231517,0.07585038251875027,9502.574630489962,0.32185730950175867,0.01570932011638592,0.3019090296170134,0.7627214121342789,0.9227662678712817,False
0x1e320f759590d8f6e793078bf03e72721a794847,94.0,161.0,0.492207650011692,0.5106382978723404,0.018430647860648484,0.046672077452280386,288.8798200005982,0.5562567744481788,0.015708683138576828,0.3948966677022852,0.6929191493442075,0.8966575444850532,False
0x64ae394f924048c3772a2ef6998482fe2884ead9,24.0,31.0,0.4725683377503958,0.5,0.027431662249604166,0.09717554224789869,3551.2772257845763,0.22430337113805976,0.015691406085626015,0.28228977801456356,0.7777213229527515,0.9246203850591264,False
0xbd3a01ef18c402d09b5e1bcdd63c43bd52ad91fd,65.0,67.0,0.5043330002434843,0.5230769230769231,0.018743922833438797,0.05004446403705231,7960.796997357527,0.5215996239950007,0.01565949686668461,0.37454538067509374,0.7079986004884704,0.9017403538128657,False
0x9fa8fc8b34319b3b440aaa235f6d0dec4b94b6d7,44.0,48.0,0.8688389980541373,0.8863636363636364,0.017524638309499015,0.03946768137017864,1143.0774314303999,0.6367560100708162,0.015625566364489644,0.44402502759486767,0.6570244893018167,0.8770528767646921,False
0xd4accfab6746279f5c7f739611e0e8a4b680f49b,141.0,141.0,0.5288935065134752,0.5460992907801419,0.017205784266666652,0.037690768859110366,140.99981799956726,0.6577865158899351,0.015525777832853848,0.4564986278465843,0.6480314573214734,0.8713624235829405,False
0x26b9067fbde053005b455b66df5647dea0059ab5,23.0,38.0,0.6295199216955296,0.6521739130434783,0.02265399134794869,0.07818883460421108,4588.593473365451,0.30874829972318707,0.015494391858046604,0.2897343522591472,0.7720194736912696,0.9246203850591264,False
0xa8773169a59633579088933859de3bea41de2e20,38.0,51.0,0.42618314336373275,0.4473684210526316,0.021185277688898857,0.06988615708758379,2571.476763734408,0.35859692426664175,0.01548401990175816,0.30313982871241185,0.7617833023496223,0.9226342450062485,False
0xb595d09ce5bbc4d39e3b3d04e80c402d2c8d5922,248.0,1909.0,0.9845178216932982,1.0,0.01548217830670196,0.001387710988546285,1224396.9967074385,0.9992952517013496,0.01547993324001437,11.156630187760147,0.0,0.0,True
0x03bf6d028f9bbc44a8b90d4b195ecbfe54c324b9,118.0,597.0,0.5162951236758025,0.5338983050847458,0.017603181408943198,0.043733216341821,1597.3645460006303,0.5880864001006887,0.015417307435625364,0.40251284678803073,0.6873066356975699,0.8935935835697544,False
0x8b5489c7462c55fb66779c100f5c3c4cf42a4f17,23.0,23.0,0.7142953064217393,0.7391304347826086,0.024835128360869554,0.09341638987966319,108.63025049741934,0.23832992476255235,0.015284867833974213,0.26585407970551617,0.7903515917883386,0.929889030667028,False
0xa41e921dae0934071c3e51fe2d394da315670a1c,31.0,71.0,0.9511881491366867,0.967741935483871,0.016553786347184234,0.03424634059124487,3071.945623005479,0.6995417467702832,0.01527466431269774,0.48337387473791094,0.6288302946753279,0.8622687560181169,False
0xcee6a215f2de749afd3a6a74721cc0c4fbb80a45,42.0,86.0,0.5757328245782508,0.5952380952380952,0.019505270659844292,0.06257432749898356,950.3362769999306,0.4108544873255271,0.015258284764247421,0.31171362824732124,0.7552581698167689,0.9213591606339016,False
0xd849b5d87c44c8553b50e1ad20b35f1d88ae206e,70.0,93.0,0.6101638899027073,0.6285714285714286,0.018407538668721492,0.05391743186528958,142.99286899925931,0.48434721880361076,0.015256389957331331,0.34140236342695157,0.7328006961169582,0.9147616552517553,False
0xdc0cac2441a9b42764a18bb24d2e0cf7465e218a,30.0,141.0,0.37676690168050037,0.4,0.02323309831949957,0.08609903672353304,14444.180068579997,0.2691930874829878,0.015240592629581823,0.2698415592511429,0.7872821486908945,0.9288200647181231,False
0xccc414a0db8e757c97bd628415553fac4f0e4193,71.0,80.0,0.6304930711024102,0.647887323943662,0.017394252841251893,0.04492777944812857,80.99979999972997,0.5749713131745527,0.015227582560097087,0.3871603060492774,0.6986375342277498,0.8976525027060983,False
0xd3b4cb5efe52ce31201bc3a2334da4e3305730a6,57.0,60.0,0.8427818163862368,0.8596491228070176,0.01686730642078071,0.04022671276009793,314.466134300393,0.6278988919385777,0.01516652259714784,0.4193061093849034,0.6749924322087879,0.8873428279287098,False
0x2b3e5ae3444dd20f7c72f719a05d85dc2dde6c17,45.0,111.0,0.5807013504498145,0.6,0.01929864955018538,0.06288321993848928,448.3338709954436,0.40847273096699577,0.015156716257154307,0.30689665015663664,0.7589220389079472,0.9226342450062485,False
0xfb327305dc4ee1324d841cd38eae1b3816ebab63,103.0,103.0,0.9162329972563106,0.9320388349514563,0.015805837695145607,0.02501762239063802,453.2632709838445,0.81353041009582,0.015151462110053304,0.6317881630934039,0.5275253093651107,0.8109931995166898,False
0x5cffebfb811570eec311cca655e47198d89e83c4,27.0,36.0,0.6816200197143042,0.7037037037037037,0.02208368398939953,0.0815561060497623,2198.4651040000003,0.2910466179412654,0.015145061685314133,0.27077903861575914,0.7865609825578288,0.9288190357219049,False
0x8a3d4139bd0efbfdd946fef2b8cdd908a9f9316c,40.0,100.0,0.5042552150906137,0.525,0.020744784909386336,0.07354696608372659,2174.1371551554803,0.33546446698893795,0.0151306320944242,0.2820617357046417,0.7778961729150788,0.9246203850591264,False
0x76bc7a23fc3904d09b54056f4fb319a57f9857c7,20.0,27.0,0.5239548474740346,0.55,0.026045152525965388,0.10298311399318909,128.89536040000002,0.20475208828195574,0.015111604448148156,0.2529070205401627,0.8003400641960632,0.9333331446460276,False
0x97a86f11a47692f12cdcb1ce79b6e5e22718078d,62.0,174.0,0.546608637888163,0.5645161290322581,0.017907491144094942,0.052167332030993885,699.2101643486885,0.5008407820809263,0.015106737755380588,0.34327021235158556,0.7313951879626064,0.9147616552517553,False
0x7b50141a443e89f79362a52763958346c547d2db,20.0,131.0,0.4234784462254047,0.45,0.026521553774595273,0.1056534208926348,237.4081600000468,0.19654146319886034,0.015092352419361913,0.25102408942864735,0.8017954846827113,0.9333331446460276,False
0x76e0b6364bd6451b02373c801baa8b74283a3488,21.0,48.0,0.2641593862119803,0.2857142857142857,0.021554899502305325,0.07958810656499875,103.24995700006917,0.30122880101021865,0.01508543096634079,0.27083066091918734,0.7865212768548195,0.9288190357219049,False
0xca1751345954159821bc212268819e0607213d38,103.0,103.0,0.9163760898932041,0.9320388349514563,0.015662745058252405,0.02501559302076184,457.2187296623422,0.8135550207128576,0.015035134742636833,0.626119278693614,0.5312367079773708,0.8122774866192162,False
0x305bc4b3239d3064566dc71531737c65bc56cd21,20.0,21.0,0.5258843104466667,0.55,0.024115689553333312,0.09571943808747316,394.13795999687704,0.22960079489538143,0.01501023322610829,0.25194140328420234,0.8010863563568196,0.9333331446460276,False
0xd7f9d0ef6cabe0f2419827effca57463f5aa29a9,186.0,721.0,0.5379360844237994,0.553763440860215,0.01582735643641568,0.03042230980061733,4326.326128471717,0.7468578444631182,0.014933560283776653,0.5202549227900674,0.6028859095044388,0.8541972202128758,False
0xbe0c69b37d57a0e2f171b606adab285e56fec0cd,85.0,160.0,0.5478788723492388,0.5647058823529412,0.016827010003702285,0.04477209028286021,1832.0937968190258,0.5766670704535634,0.014909116762774266,0.3758370426172408,0.7070380472962481,0.9017403538128657,False
0xfc44246d14ed752cce9a358a4a182f296f8a2adb,24.0,36.0,0.353841909818684,0.375,0.021158090181316033,0.08154121923754037,72.89129900024338,0.29112195839443594,0.014876338370396789,0.25947723592015115,0.7952670438066816,0.9333331446460276,False
0x36c034032da9d2154fe6c297c9173d1f55553464,79.0,79.0,0.9211771965455696,0.9367088607594937,0.015531664213924046,0.027399480914344583,522.2530859581699,0.7843549592850524,0.014834027706709144,0.5668597979092618,0.5708094395945438,0.8367466400340199,False
0xe005215cccc621d0867d623f9f9f59212fed090a,21.0,41.0,0.1733139569406934,0.19047619047619047,0.0171622335354971,0.05015938870511009,138.45586157278566,0.5204547437099688,0.014828917697541327,0.34215396117354724,0.7322350301498624,0.9147616552517553,False
0xcada66fc8ad383e16ca989732827a908dbf8df46,31.0,31.0,0.49450924265806456,0.5161290322580645,0.021619789600000005,0.0885120933330854,398.5799690054922,0.25845729069571377,0.014706208660066859,0.2442580305794059,0.8070309858707412,0.9333331446460276,False
0x5160ca451087458516b26ca6329307348a3eac0b,27.0,640.0,0.7946513630388945,0.8148148148148148,0.020163451775920396,0.07908452527144227,5695.590075980919,0.3039076728083915,0.014687361259482197,0.2549607740163232,0.7987533959836128,0.9333331446460276,False
0xbbdfdbd3ed0785780c641977ff1a5801cd13b8a0,24.0,26.0,0.7277252927541668,0.75,0.02227470724583333,0.09326366687277796,268.79457338131954,0.23892446842272208,0.014680575312868867,0.2388358510095739,0.8112328694701174,0.9360937675004173,False
0x831d0c4050cef46dd2cefc1f1cfb8579d1c20705,157.0,212.0,0.5574515796130717,0.5732484076433121,0.015796828030240396,0.03601845226386399,897.6072899971398,0.6779165104288756,0.014669446012634282,0.4385759808477051,0.6609688041696813,0.8777747404498496,False
0xfab7354769689deb7e8cded01a42c702d5ecafac,107.0,107.0,0.9194427143018692,0.9345794392523364,0.015136724950467292,0.023953369404585145,803.8777995053554,0.8263616876859943,0.014643561627833961,0.631924665578356,0.5274361049797194,0.8109931995166898,False
0x67ed23d0fe24632ee1bb26b4ad434b1767df085a,27.0,55.0,0.7215089629967814,0.7407407407407407,0.019231777743959563,0.076169971127598,70242.35421489933,0.3200246491081887,0.01451599328656406,0.25248503392160904,0.8006661806712045,0.9333331446460276,False
0x8721b919230aac913e9aabed38d143c34a515a7b,29.0,48.0,0.2926715077055176,0.3103448275862069,0.01767331988068931,0.06296524691451148,133.54995899565705,0.4078429307641283,0.014489427117073,0.28068372231883004,0.7789529947703959,0.924917022795972,False
0xf9ada96770af3cc24cd4ef0de2a1f26202be5097,47.0,112.0,0.599284609007912,0.6170212765957447,0.017736667587832742,0.06414588194571334,333.51999999989994,0.3989016411787122,0.014466621357796675,0.27650516369614003,0.7821600941367282,0.9276102346584307,False
0x885ffdf360e5b0b6e6acb963fb3f8ba2344c8ed9,20.0,64.0,0.4765643078957084,0.5,0.023435692104291632,0.10809453755133032,5020.145258977962,0.18942721161853016,0.01440660598649621,0.21680736728405764,0.8283584702562388,0.9436115259676855,False
0xd37ab1a5eeb25696c568e20e94af72b8d3422358,107.0,2398.0,0.4605208917275303,0.4766355140186916,0.016114622291161344,0.0476026882121992,6444.76026418675,0.546489733472786,0.01438308694950209,0.33852336698564073,0.7349688211253131,0.9147616552517553,False
0x1e33447f03ad92e650a05e403cd7d69cbe7fafb3,34.0,37.0,0.7170333348134669,0.7352941176470589,0.01826078283359189,0.07147305466736881,71040.76266672,0.3483352286278926,0.014374101891425111,0.2554918482017657,0.7983432389390646,0.9333331446460276,False
0xd1a1be96c34d8a5f4041687d4703eac0033a7beb,37.0,155.0,0.9856229189174422,1.0,0.01437708108255799,0.004323180525282021,29665.59699395952,0.993201917215376,0.014362937454637282,3.3255796278875276,0.000882348928629817,0.012234289714711279,True
0x80d41949c19c7271bf78acdedc55069e998f7b29,103.0,103.0,0.9172621118902913,0.9320388349514563,0.01477672306116502,0.025032539566524296,452.2403038030296,0.813349490651103,0.014313797348159112,0.5903005974242321,0.5549891389310242,0.825816779755871,False
0xa781256654d8fbbb6dc9748e4620e02369fb8745,20.0,36.0,0.37931344964936975,0.4,0.02068655035063021,0.09363819560003453,726.6555999999999,0.23746998000986733,0.014288922611464486,0.2209200019080951,0.825154722907842,0.9436115259676855,False
0x4ed26fa14cd9916b902378ca6d383ea3f2070dda,20.0,24.0,0.5286810815277712,0.55,0.021318918472228842,0.09934928708248851,1036.464080003836,0.21669904141462304,0.014251687978684152,0.21458552042278875,0.830090483995676,0.944235482631486,False
0xaf05d3e12e0ff5f864524ac17a81336ef6bc5efc,59.0,173.0,0.4078801598175941,0.423728813559322,0.015848653741728006,0.047927269627882685,1992.0557690100213,0.5431193240774579,0.014225765821315756,0.3306813399715915,0.7408851986265375,0.9165048023494549,False
0xbcd671efdc5dd18016e7577c8f05e2db8452f3c8,20.0,23.0,0.4798550363641868,0.5,0.0201449636358132,0.09184812553668098,363.12630699932004,0.24453098783942182,0.014215729740849127,0.21932906652262593,0.8263937212662658,0.9436115259676855,False
0x2f578e983bfce63208b317f36d531e7af9483e7a,56.0,65.0,0.6086094908947384,0.625,0.016390509105261655,0.055960780128727704,8048.550075573546,0.4657969755429551,0.014203503346027465,0.2928927914792867,0.7696040989285875,0.9244569031843629,False
0x0604d985ab3d205c7a2b4d4ccd1da8655d9a8a8f,62.0,78.0,0.5154451221005375,0.532258064516129,0.016812942415591496,0.061426370328404124,82.91941900009448,0.41984678846396184,0.014192742391527017,0.2737088700781826,0.7843083606483765,0.9282841955539987,False
0x67ffda7d459aa2abf5be6ab1bc7de0ece3ab3214,45.0,199.0,0.18419639021085768,0.2,0.015803609789142314,0.048458181919657485,3440.368446928606,0.5376470362039203,0.014182109935142552,0.32612882207063243,0.7443268912533119,0.9170871566054923,False
0x848763d8ddae107f132bfc10524ffb85c4577f21,52.0,80.0,0.5990498313760295,0.6153846153846154,0.016334784008585856,0.056928413559470474,161.18689200163013,0.45727617052010605,0.01414313775315999,0.28693552107370185,0.774161691660459,0.9246203850591264,False
0x5f222a6eff5ceff86534b737983ecbaa5f240fb4,47.0,93.0,0.6006891714897907,0.6170212765957447,0.016332105105954127,0.05768978182489549,714.0666225847815,0.4506897904931914,0.014115333050058203,0.28310221653336465,0.7770984825249765,0.9246203850591264,False
0xa61e4a81f580c7bb9f2ce8176a854a8624263556,101.0,101.0,0.9162474961217822,0.9306930693069307,0.01444557318514849,0.02549778735433945,444.3001419592043,0.8076935816494668,0.01403230208111363,0.5665422251899833,0.5710252370918476,0.8367466400340199,False
0x81c463db9ff34117206962ea8f16aaaae0e71512,20.0,22.0,0.6307707994054971,0.65,0.0192292005945028,0.09132207410266273,110.04110187002975,0.24665940507621464,0.014006552874438813,0.21056465026063312,0.8332269988301038,0.9445527871320162,False
0x3353a89a89299e14fb15b2b71919e74fc6ef5ab2,21.0,22.0,0.5035430234504445,0.5238095238095238,0.02026650035907917,0.10037387262598663,64.8455392446146,0.2132361675828298,0.013996031047114768,0.2019101169344761,0.8399869927973871,0.9472350041208838,False
0x3400bbe70adf3c61ae554eeb5d5ff53f96243d25,27.0,44.0,0.5376618988083932,0.5555555555555556,0.017893656747162354,0.08379292885162788,188.75735399715862,0.2800081541085258,0.013863784958237941,0.21354614276398726,0.8309010022978827,0.944235482631486,False
0xda4dfb6ef68ab8084288cec653b3bd070e705109,29.0,36.0,0.4637931061244323,0.4827586206896552,0.018965514565222906,0.09584257567534914,102.75119499970843,0.22914630060553978,0.013824717948313725,0.19788193745403346,0.8431374365586317,0.9490466808696949,False
0xbc1322a9d91c0a83b9c534bf718a0a2b1a33b1c7,33.0,33.0,0.7708787659818181,0.7878787878787878,0.017000021896969687,0.07539490858213412,187.19992099806126,0.3244921548443228,0.01382278919595463,0.22547970700767028,0.821606110390164,0.9430005156636552,False
0xe43d24c64e1d3b01a56b2f1efee30ecf6c823978,28.0,46.0,0.16221618293992052,0.17857142857142858,0.016355245631508027,0.0673361650428536,90.51382600069344,0.3758691785370363,0.013822088098505294,0.2428894728575549,0.8080910208588308,0.9337216589582996,False
0x89b95743b1cac9a67851042531f0acbe89c6118e,53.0,79.0,0.5500113354953355,0.5660377358490566,0.016026400353721104,0.06556512737031289,785.3995325949348,0.38845485100950733,0.013745427978971476,0.24443482376239029,0.8068940741081603,0.9333331446460276,False
0xea873c0b50ca7c514631d2cd5d0f74579b26c5a0,38.0,43.0,0.6411520726934975,0.6578947368421053,0.016742664148607807,0.07543077383672687,418.92490699913174,0.32428369582503086,0.013738351792862579,0.22196065739492502,0.8243445102416669,0.9436115259676855,False
0xbc42816d3be0cf9effde3cbb45150e00f8abb12c,51.0,81.0,0.6312847650923392,0.6470588235294118,0.01577405843707263,0.06328419212076089,298.842,0.40540473010394823,0.013706347898322448,0.2492574829267327,0.8031616172370959,0.9333331446460276,False
0xc314165fff03c3f945c6e472dab4f4acf0fb6a46,31.0,37.0,0.2104602487178333,0.22580645161290322,0.015346202895069909,0.05843505074379083,661.833872980132,0.4443426805822277,0.01365164050204449,0.2626198266235023,0.79284361688801,0.9311218979754907,False
0x5f0718ff03268ac06ab4623f755ea4d4d77f9d0f,20.0,117.0,0.532336721330896,0.55,0.017663278669104027,0.09398389637133085,7100.627497736599,0.23613798972356673,0.013563837914176393,0.18793941676259435,0.8509241431475199,0.9521269443307808,False
0xf898dc38744d9e173bcaadef0647ceb42ad8e720,48.0,305.0,0.48443234556340714,0.5,0.015567654436592854,0.06654531956340937,1997.9892940027835,0.3814282711345972,0.013544241219912795,0.23394063682809166,0.8150310647741632,0.9375401944926703,False
0x6982049c65e98606f65a0ce71fdb9b61296da165,89.0,116.0,0.7048277892244184,0.7191011235955056,0.014273334371087285,0.04125100621701476,205833.73993548536,0.6160758475992216,0.013514398802790675,0.34601178686400086,0.7293338566197358,0.9147616552517553,False
0x43a83425cecd8196ff2f2590ebe310ccd956d77f,24.0,60.0,0.5665769604492814,0.5833333333333334,0.016756372884051973,0.08652655059921394,128.50871800286257,0.2672487256448412,0.013488431401873103,0.19365585208251904,0.8464453622781956,0.950008708165182,False
0x996ac56c9e72b6ca38a30ae9f6e85152d9afe3cc,22.0,182.0,0.9865502942295172,1.0,0.013449705770482783,0.0016607534115145508,123673.67563382593,0.9989909469095867,0.013448542174289469,8.098556761787476,6.661338147750939e-16,4.908454595157049e-14,True
0xf5198df69e13937a40d1c76d6f72d9aa067d906b,40.0,471.0,0.6600117324729896,0.675,0.014988267527010374,0.06130420975271188,217198.13556406304,0.42081687392723705,0.013429269696378102,0.24449002095402342,0.8068513296400943,0.9333331446460276,False
0x91a0b0cf8bb0ab06bcd3d6ae8dfc3dfe8b6d1257,41.0,63.0,0.6436501754995064,0.6585365853658537,0.01488640986634724,0.06026732805166761,1546.6626130066902,0.42915386726591576,0.013407997925090781,0.24700630254563494,0.8049033464557889,0.9333331446460276,False
0xe85d92b827426a4fb588b335d8ad35535581ad4b,27.0,32.0,0.20661261286750687,0.2222222222222222,0.015609609354715349,0.07359880687160852,3877.289977773098,0.3351503815624444,0.013406922580172629,0.21209052181981652,0.8320364139986631,0.944463869587391,False
0x78d07d3833af727cbe0a256ea9e5dbc66046a663,23.0,24.0,0.7231423382961728,0.7391304347826086,0.015988096486435916,0.08251552606396781,220.00418236150722,0.2862439419196665,0.013353232252613789,0.1937586445736479,0.8463648701249258,0.950008708165182,False
0x50b858dad61f7b911555b8546c1e940521fc3fc9,31.0,206.0,0.5000536142619885,0.5161290322580645,0.016075417996076077,0.08493019585200205,584.9997279941142,0.2746048661548449,0.013334244965615406,0.18927800454020893,0.849874933553177,0.9521269443307808,False
0xf95e8c63386545768e7ce8bf0ac38eb07a0453ff,21.0,176.0,0.45950539672521307,0.47619047619047616,0.016685079465263125,0.09486705296114846,13426.349868984236,0.23278052430864796,0.013318113582070426,0.17587854734031083,0.8603893593634666,0.9561832107344614,False
0xbe43542edbf00682aa86d53b550384a0cd98ac26,91.0,91.0,0.9205000732615384,0.9340659340659341,0.013565860804395603,0.02609355856664517,646.552088650189,0.800416434463921,0.013312527070169144,0.5198930904631976,0.6031380915113016,0.8541972202128758,False
0xd63dabf98e43049c00d765b117dea9b03370e141,26.0,290.0,0.5992136566139267,0.6153846153846154,0.01617095877068879,0.08909174489665106,439.25209999996,0.25596311131481825,0.013288255134018882,0.18150905888584357,0.8559680232892677,0.9535816553187997,False
0xfd0817fd5374c542938c8dd8295654422f090635,37.0,117.0,0.6072191555357905,0.6216216216216216,0.01440246608583105,0.05848652083191845,7247.09069558383,0.44390796752545175,0.01323138248889981,0.2462527413320001,0.805486590569378,0.9333331446460276,False
0xdc4f58a48ed4467743609fdce11eea483c759804,40.0,235.0,0.4603645050173887,0.475,0.01463549498261128,0.06558061334419231,3801.744185005552,0.3883426516154487,0.013204861611970015,0.22316801012211593,0.8234047483266134,0.9430296975815438,False
0xa8e98ffe933ac8ea21d73f0a4c43d60003a1c213,25.0,28.0,0.5834132271314489,0.6,0.016586772868551036,0.10187266432210547,43.0799789995268,0.208305273616882,0.013190225421323962,0.16281868133051128,0.8706611989693718,0.9604085680675832,False
0x76c2ee9dd910a6f6fa26037c2ed402d8f745cc05,20.0,21.0,0.633412444760387,0.65,0.016587555239612906,0.10440218235922205,20.999973000397972,0.20033129132554803,0.013156171987232327,0.15888130750504081,0.8737623880646783,0.963005640520857,False
0xbe296b2b68bb286f351249de8f13f3862e4feb76,43.0,132.0,0.4039627104393357,0.4186046511627907,0.014641940723454906,0.07114191156029204,1528.097752801843,0.3504464904500632,0.013118483433187361,0.20581314730411782,0.8369368709928227,0.946278031692455,False
0x03c7fc7061fedac7fe330011492ecd2f052622f2,23.0,24.0,0.5065715210401615,0.5217391304347826,0.015167609394621173,0.09032639300890083,2091.4640460275077,0.25075619319736786,0.01301648533068174,0.16792001639129492,0.8666462029176485,0.9588505179427779,False
0x4638702f203aaabc57fe2b9676c5cd9a2a686b0a,20.0,27.0,0.9869942572923733,1.0,0.013005742707626323,0.002182567431802319,1726.2284760197492,0.9982585118623255,0.013004507655559045,5.958919077650879,2.5391178049005703e-09,1.073505708006323e-07,True
0x30d05e6f3adea1a242432516060c098524f2ee0b,96.0,124.0,0.4552083433588951,0.46875,0.013541656641104951,0.045609897085353374,160.87538699996477,0.5675903680593576,0.013003260194139502,0.29690171446261737,0.7665415472095582,0.9242219028767885,False
0x355a86bf5e3b2863dc72b8dd1492f901476b98a6,23.0,38.0,0.377009613706518,0.391304347826087,0.014294734119568985,0.07844223608332752,355.36079713189406,0.30736888867048506,0.012910729083482961,0.18223261897307455,0.8554001753225702,0.9535816553187997,False
0x186b52f622681700d3147f8674993586dac4e7b4,41.0,61.0,0.4738465002083579,0.4878048780487805,0.013958377840422647,0.0693255404726324,99.60994899926824,0.36231031898629146,0.012898646869780905,0.20134538793726373,0.8404285147424306,0.9473186798604584,False
0x3013200f89314aa9553638fb7ac307e266f8e5b2,53.0,93.0,0.3637865105586725,0.37735849056603776,0.01357198000736525,0.05651634771504085,10129.060854079316,0.4608841458582448,0.012884375042454568,0.2401425526609764,0.8102197469353576,0.9357384836184028,False
0x76216be5eb06b58ef97f3e86b7d3c41d9ed2944b,37.0,40.0,0.8518822320224738,0.8648648648648649,0.01298263284239109,0.0272390106375787,1757.3996860166937,0.7863353729753301,0.012836041038496726,0.4766191039435318,0.6336333772216256,0.8630942414452161,False
0xbe0129e69d53b5dc38340a66f0ccc5a48de0b45d,65.0,69.0,0.8175641025641025,0.8307692307692308,0.013205128205128197,0.047263755568099454,1970.71,0.5500291845963697,0.012796294172838176,0.27939227525205307,0.779943798605951,0.9256673063068328,False
0x62090f59cb5980cd22efcf910128aa77c54c6767,153.0,321.0,0.5359869715033667,0.5490196078431373,0.0130326363397706,0.03653244868423401,1251.9083550002315,0.6716978728592942,0.012790977368581095,0.35674138496484037,0.7212854205903971,0.9087421102602024,False
0x8e69ec3336269292d735631f255193bc2583553a,65.0,70.0,0.6790259260510075,0.6923076923076923,0.01328176625668492,0.052415107814741624,3422.999816993914,0.4984715921198111,0.012787651918737191,0.2533957633670927,0.7999624011976965,0.9333331446460276,False
0xc14041843e5b84c1cfcab6c7f683c04d5b125d98,24.0,25.0,0.9033198377342613,0.9166666666666666,0.013346828932405352,0.059580438312099936,318.54984899808153,0.4347791042736425,0.01275318888569611,0.2240136076624801,0.8227467149068519,0.9430296975815438,False
0x92669f1c125aa94ec4219af8c2fd1283c42e8f3c,34.0,80.0,0.6630617747295797,0.6764705882352942,0.013408813505714497,0.06992956224137022,8895.608377889677,0.3583113582037604,0.012695086139062105,0.1917474252081313,0.8479400552521892,0.9510757470904908,False
0xdf8097803190549c07e2a4eae56c42aba756716f,103.0,103.0,0.9192565221475729,0.9320388349514563,0.012782312803883498,0.024857359135757214,757.0362865029809,0.8154723773874685,0.012692676002345004,0.5142265006541339,0.6070936418562116,0.8564938004564662,False
0x0f0af206c77be6334a240f30e34287ada743d58c,21.0,24.0,0.7486190493877903,0.7619047619047619,0.013285712516971587,0.07242030621036465,198.4031920000196,0.3423819461420078,0.012635220866641117,0.18345286304616817,0.8544427008779099,0.9535816553187997,False
0xe5b313f1a7cfb7047691a6dfab9d5c68e1ff49f8,22.0,37.0,0.3050680459791054,0.3181818181818182,0.013113772202712759,0.07743743969521716,8541.931510769353,0.3128852759706729,0.0125522462500873,0.1693466655706428,0.8655239721889614,0.9584619955004009,False
0x88f9a9b2878aa55d7763543fc7255d216c555c03,39.0,69.0,0.5512283952744472,0.5641025641025641,0.012874168828116987,0.06276206697132639,9247.34186408984,0.4094049943368426,0.012533029565179947,0.2051265907797254,0.8374732217012548,0.9464677051532255,False
0x2c2e5a6f9eedfab528155b99be4651cd40f8b55c,26.0,63.0,0.294736313547804,0.3076923076923077,0.012955994144503664,0.07016645877550177,1189.2708089977705,0.35675768178632766,0.012531811254678928,0.1846465443832143,0.8535062764571251,0.9535816553187997,False
0x0ef3476633a2eb3473bca671dab269d1b71a52ae,25.0,105.0,0.4269615981788085,0.44,0.01303840182119151,0.07812312132449084,202.69732099989733,0.3091073054217764,0.012525861270139963,0.16689555665646577,0.8674522293899369,0.9593139551289873,False
0xf614654c3d486712f86e1f5d8777df736c2128ba,23.0,176.0,0.9874769228980678,1.0,0.012523077101931887,0.0014225216180132501,50580.072499870555,0.9992594776272086,0.012522909352958215,8.80343535265363,0.0,0.0,True
0xed0daaa4d425ab456da465cc20b848a0e92a3646,27.0,27.0,0.6536244438629631,0.6666666666666666,0.013042222803703691,0.08830464572659893,659.359965996427,0.2593577456108228,0.012489945430589107,0.14769577179533536,0.8825828686587376,0.9696085312578147,False
0x162bb1bebef09f6baa118456520d0e656d32dadd,260.0,260.0,0.9182653525396155,0.9307692307692308,0.01250387822961536,0.015775064768433093,1047.6293548101257,0.916477009667927,0.012486561489730041,0.7926356191345987,0.42799014993417583,0.7590354785893281,False
0x45cc2f70cb522aea3279180c7d65774c913bb693,103.0,103.0,0.9195331170621359,0.9320388349514563,0.01250571788932039,0.024813538285271795,742.1195697675655,0.8160028046930596,0.012467231438573098,0.5039876919424757,0.6142700261057636,0.8579336858562526,False
0x4eecaaa0e2fcc7bb1bd702757ad084075e249c1a,56.0,146.0,0.7731430655632956,0.7857142857142857,0.012571220150990065,0.04963760707496689,213.76924999975006,0.5256720492101474,0.012440936045361369,0.2532599956320205,0.80006730740999,0.9333331446460276,False
0x25913e51deba45f901eb2261bbc6d7facb644b80,20.0,28.0,0.43761530790136527,0.45,0.01238469209863468,0.08639006160216403,248.18609499834864,0.26786747126725025,0.012320159821072148,0.1433578338636634,0.8860075826395297,0.9699293076606117,False
0xf66e75dfe1235483cdd03e4d74358a9121fc14b7,96.0,601.0,0.5397863915219877,0.5520833333333334,0.012296941811345663,0.0419446048646536,6898.388289013014,0.6081581029348841,0.012296787972824366,0.2931710013963727,0.7693914482687925,0.9244569031843629,False
0x1690bbe291677b0725837546b496c3ad5c414bf8,20.0,22.0,0.4377164000902001,0.45,0.012283599909799974,0.11377432261930229,43.65460581885067,0.17419869262200785,0.012294293457011343,0.10796460595860327,0.9140237684049488,0.9832114716923822,False
0xd1001f4ef07ee37774934a8bc0083185ef6b853d,139.0,380.0,0.462554302870106,0.4748201438848921,0.012265841014786127,0.03806345144243518,5390.1850622066,0.6533431264293792,0.012276486220966516,0.32224720959254655,0.7472654222784811,0.9178537286769258,False
0x4224193fc0d53396eaa57ce3d15805b89a1331fb,82.0,120.0,0.3292237172220788,0.34146341463414637,0.012239697412067527,0.041197206954797894,958.224001996021,0.6166930149432581,0.012261489102481702,0.2971001753953145,0.7663900304666085,0.9242219028767885,False
0x8ad6a4dccae10a0c296d051b814a6000a057eed6,37.0,108.0,0.44736963355327036,0.4594594594594595,0.01208982590618905,0.06424937043969219,214.93832900090914,0.39812883134050836,0.012214246701313913,0.1881703404010346,0.8507431220812216,0.9521269443307808,False
0xa56d4ac84d4cf2a1c0ae6a7b6324d30c6b643053,66.0,78.0,0.7758112030242307,0.7878787878787878,0.012067584854557174,0.04827824382313279,2743.3687176520134,0.5394960529496048,0.012173023842955611,0.24995906849401436,0.8026190026127737,0.9333331446460276,False
0x7e0be260bf431c091d7218e2d7960fc940944dd5,30.0,298.0,0.4548649428783184,0.4666666666666667,0.011801723788348269,0.08091915488106025,2387.6085481546343,0.2942928367366763,0.012150925631414426,0.14584586067038316,0.884043071369335,0.9699293076606117,False
0x61f621ed129a8b64f0d2abbef50d23cd52d1e497,24.0,144.0,0.19653862760842875,0.20833333333333334,0.011794705724904625,0.08137163070583087,3239.488920652932,0.29198201104500554,0.01215001993842865,0.14494862180584822,0.8847514371183309,0.9699293076606117,False
0x902859b3b16e0a95311cd31b41c702a1e8b78608,39.0,166.0,0.44968863228362294,0.46153846153846156,0.011849829254838554,0.06556051698471195,2601.6053000030875,0.38848826170326056,0.012123003749800899,0.1807464278782581,0.8565666147327828,0.9538364850586558,False
0xd154d336febe3a19fd1fc57be8ff0a0ac10d9c74,45.0,614.0,0.499342931212903,0.5111111111111111,0.011768179898208093,0.06410515655647628,18282.106363269973,0.399206242258662,0.012085620881188152,0.18357618217249644,0.8543459494224663,0.9535816553187997,False
0x58944fa04d4cd0fa9130ea470605ceb6f7ed43cf,22.0,26.0,0.5341692773576617,0.5454545454545454,0.011285268096883743,0.09632538492806228,103.29392619995821,0.22737596287697234,0.012066608191459872,0.11715777835003521,0.9067350244314896,0.9796688847963182,False
0x61b1c8d05a82871a504dda1c097bc5b804588c24,25.0,38.0,0.6286082854208859,0.64,0.011391714579114089,0.08406608221863486,39.999931999838125,0.2786977732107634,0.012044373811655414,0.1355090457229479,0.8922094127728155,0.9733536698566376,False
0xdd256e5df4d54e86ec5ea64ecab70e4d839aa624,33.0,67.0,0.6249781924894257,0.6363636363636364,0.011385443874210756,0.08358961973051646,159969.69760371785,0.28098870182673547,0.012040538902881528,0.13620643222108378,0.8916580903824047,0.9732449359230714,False
0x93957e3f35f2b26baa52ae5b6df1c0e07fa1ec86,226.0,226.0,0.9172293929132744,0.9292035398230089,0.011974146909734494,0.017110833022822486,13489.03684736316,0.9031611321252007,0.012005367983278607,0.6997991794884175,0.4840527272499964,0.7928555526141092,False
0x9cf08288ade4991588f5c2ec1705137c4021ce7c,21.0,26.0,0.5131538818315908,0.5238095238095238,0.01065564197793298,0.10852742639768463,129.00661043073356,0.18820290630319692,0.011987725698158532,0.09818386311757515,0.9217862959142051,0.9859146658556351,False
0x07f53a501b9b611bbf8f46adec58238796d3d680,27.0,80.0,0.7291053479888805,0.7407407407407407,0.011635392751860181,0.05337701121167836,2482.4789898040067,0.48938054218761884,0.011972992102917197,0.2179850929779012,0.8274407262316377,0.9436115259676855,False
0x0f0669815ac6da9b4f33759e21375a0ae21bd412,20.0,21.0,0.9383999999999999,0.95,0.0116,0.05199526294212822,98.53999999999999,0.5024926915486689,0.01194653832157246,0.2230972466263135,0.8234598212305686,0.9430296975815438,False
0x23267ee8ae2297a6bdcbac6f4b4ef4f287e9b627,146.0,215.0,0.6388795531644166,0.6506849315068494,0.011805378342432702,0.03296667664966928,5383.292260803339,0.7153031639823711,0.01194521313374451,0.35810034684072817,0.7202682195023058,0.9087421102602024,False
0xc866c27965a4e2f28b17c6e973ac8952f2dd8c6d,28.0,413.0,0.5962762867753317,0.6071428571428571,0.010866570367525441,0.0907272629756089,11366.013158802447,0.24909595151224034,0.011940347267933365,0.11977183055160397,0.9046638972386316,0.9792357515524439,False
0x68ad47f8995f74f1676ea44c05529f0cbb4ca26e,20.0,51.0,0.038345149655646844,0.05,0.011654850344353146,0.04619201987643357,146.0171720108503,0.5613547297872186,0.011936328515701478,0.25231306999630176,0.8007990864867696,0.9333331446460276,False
0x99d76c8a97a7c7ed25ecedc881d5aed3a73c6435,85.0,288.0,0.5177279724667457,0.5294117647058824,0.011683792239136667,0.04350241752434924,37247.05665891304,0.5906475748975063,0.011934625790254144,0.2685779987421848,0.7882544448502387,0.9288237171737694,False
0x2148734cff398a9c6b2c86d6f7f40ca7acbb3da9,81.0,150.0,0.642680832602062,0.654320987654321,0.011640155052259026,0.042879391532310414,553.0517239997417,0.5976044282762729,0.011904285153750794,0.27146269189682776,0.7860351902632077,0.9288190357219049,False
0x70831c34434486ffb8e33270642604d9c5731937,22.0,560.0,0.9881776996885254,1.0,0.011822300311474264,0.0014799577743834465,157311.21513633282,0.999198520185758,0.011822680412391588,7.988268662867397,1.3322676295501878e-15,9.28626545029712e-14,True
0x14cf56ed9148256684bea6b91c8daca539cdd8d2,56.0,57.0,0.8814241540325014,0.8928571428571429,0.011432988824641539,0.039212498800766146,539.0796779994616,0.6397513268380265,0.011744085306866705,0.29156491359377884,0.7706193052073724,0.9246203850591264,False
0x6cdbb24da2701ee38655088ff3fd05d048e78a82,31.0,465.0,0.5380572881311734,0.5483870967741935,0.01032980864302027,0.08302774120511926,1312.6982590004043,0.28372199810945636,0.01173854164499198,0.12441394277486816,0.9009875343809088,0.9781964799598537,False
0xa44a3129e3b47d2702519ace8694c0e1f46388ec,63.0,101.0,0.5603882786095995,0.5714285714285714,0.011040292818972,0.056693631162369244,13802.990345978571,0.459328144823951,0.011719515291292025,0.19473603282444296,0.8455996017733838,0.950008708165182,False
0x46553656989c2eb9d9bb234bda87dc6665c10d73,23.0,215.0,0.5114137235161246,0.5217391304347826,0.01032540691865815,0.07948033798476158,3701.377914002587,0.3017995345727712,0.011701659382354635,0.12991146213592847,0.8966364756703522,0.9764733842542139,False
0x790e44a5056151c832ae0cbac71b249f0b6b55d6,25.0,210.0,0.9883128108880858,1.0,0.011687189111914237,0.0012284022914388034,55916.318230134326,0.9994476892937949,0.011687525668019125,9.514138156015049,0.0,0.0,True
0x6e9b760c0bdf0e1e2d9d0e85c1a257c7423d8b7d,41.0,72.0,0.30638847499905686,0.3170731707317073,0.010684695732650488,0.06480800657469046,354.83940699940484,0.3939873102300422,0.011661499392635995,0.1648669091578446,0.8690487386015757,0.9593139551289873,False
0x629da223adfc9957329e02de95ae3d263f92756c,310.0,4809.0,0.48850168204842415,0.5,0.011498317951575765,0.025171678593238975,56467.6597008135,0.8116606719506096,0.011648656289999535,0.45679583540623203,0.6478177994410557,0.8713624235829405,False
0x4eb25395c83df1a0682a7d36ea370d744d0a1bfc,22.0,22.0,0.490361056140909,0.5,0.009638943859090908,0.08321855810048767,767.0914690093873,0.28278988663688576,0.011545005292507174,0.11582685496006477,0.9077897665758627,0.9800581240918297,False
0x40e3a291da7437ea2facd2d89c2db78c11f35627,38.0,130.0,0.515890023833654,0.5263157894736842,0.010425765640030197,0.05647967625926186,6789.931847921735,0.46120671354529846,0.011433731266749982,0.18459322592736216,0.8535480995618367,0.9535816553187997,False
0xbe53f59bc7854f669bb3581a026a2de8455d2dba,95.0,106.0,0.7366355300978156,0.7473684210526316,0.010732890954815907,0.043263945225701095,2529.8506155258488,0.5933030147462148,0.011368826052268449,0.2480793394782683,0.8040730207501763,0.9333331446460276,False
0x6ef23ca11605215723072621fbb8a90e3870889d,27.0,63.0,0.58466303749272,0.5925925925925926,0.00792955509987253,0.0977948464250222,62.999900000061345,0.2221004444067969,0.011326637875701153,0.0810835682016434,0.9353754933313221,0.9927297931281809,False
0x68446ed5740d05ad41503d021ba3287dc634d538,36.0,50.0,0.5185145108598171,0.5277777777777778,0.009263266917960677,0.0746678828008673,224.16714400225143,0.3287544232663707,0.011299344237994348,0.12405958988639063,0.9012680935184751,0.9781964799598537,False
0x45be9b577de9eb086767bdbdb53698aa1d019b55,38.0,82.0,0.43763900741135014,0.4473684210526316,0.009729413641281263,0.06036373073510446,456.4945776137819,0.42837093633928963,0.011196862941455853,0.1611797932764804,0.8719517956544172,0.9614209837506378,False
0xcdd4bb5ef1365e8b7db5282c4632051850687696,20.0,27.0,0.4435688031083491,0.45,0.00643119689165092,0.1073952087477918,494.8199779983931,0.19142845097553043,0.011173753899487302,0.05988346190335194,0.9522484517435754,0.9957462281228749,False
0xb9f58b4e589bd9032c13756b3429ebb977ddce6c,60.0,478.0,0.9888569017214138,1.0,0.011143098278586424,0.0006373728254992232,156942.98982068198,0.9998512473754032,0.011143269857439487,17.48285749374171,0.0,0.0,True
0x8bc192e4c47eb263a0a1c46b0b46634c030aeebe,65.0,144.0,0.4515297736586904,0.46153846153846156,0.01000868787977114,0.05143252868872002,278.3290669977588,0.5079329419589494,0.011134469072656212,0.19459840173026932,0.8457073543734164,0.950008708165182,False
0x0a9230bb04e4625c7adf50384c70defd6f7d6b00,84.0,135.0,0.5374357571703323,0.5476190476190477,0.010183290448715363,0.04688379637110466,19376.14926205535,0.5540212746238434,0.01112575889647832,0.21720277018760176,0.8280503259206529,0.9436115259676855,False
0xdc0d7ec6ca905ed16510781b206c23eb7cb88bca,21.0,38.0,0.32621123493963855,0.3333333333333333,0.007122098393694795,0.09525239151358234,1694.4438562554792,0.23133574821341438,0.011099513757119244,0.0747708092208817,0.940397067650967,0.994784264754653,False
0x1c34df1c0b191e499f55c868e67103aeb58c02cd,23.0,27.0,0.5135972064007921,0.5217391304347826,0.008141924033990607,0.08205267069814483,130.87456899993515,0.2885479696289276,0.011097740549322315,0.09922801981599232,0.9209572280434821,0.9859146658556351,False
0x06331db8f0e4ff3482d910b8e60d66fb436fcfde,27.0,35.0,0.6598643371816769,0.6666666666666666,0.006802329484989719,0.09624774610724668,814.4234023999998,0.2276593935878139,0.011045738477460557,0.07067520809692558,0.9436562525569991,0.9950827973012817,False
0x4c9affa3a4f5ba6b9ab3dd272c20e47ea47e0cd4,34.0,1613.0,0.49253987871145777,0.5,0.007460121288542116,0.086882061805753,9734.937165998148,0.2656459051577286,0.01101177193545269,0.08586492002481615,0.9315737982494852,0.9915513106419407,False
0x36fe44f066f1806dd8311d6bba72fe76398db131,74.0,140.0,0.49051650379628126,0.5,0.009483496203718703,0.053992635687017225,912.379853003476,0.48365102051362324,0.01093601325161299,0.1756442537588335,0.8605734333101185,0.9561832107344614,False
0x7d4677523c249e8f43255c3cfed9e5f731b31a6b,25.0,28.0,0.6330677697841726,0.64,0.006932230215827348,0.08844810629070987,106.03724,0.2587345927449858,0.010908614318051768,0.07837624237021651,0.9375287712288911,0.9932242412728115,False
0x2b358a81a9aa4904fad6981ae9ad62e52fe10bfe,63.0,230.0,0.48308638937629145,0.49206349206349204,0.008977102687200691,0.05828273196569744,3448.698995998895,0.44563190029139593,0.010817297946905183,0.1540267997815237,0.8775886045605135,0.9655721037378686,False
0xd6a3f0ec6c4a8ad680d580610c82ca57ff139489,29.0,1639.0,0.372391781056209,0.3793103448275862,0.006918563771377171,0.08406875835857118,390716.6072898104,0.2786849748087848,0.010797785471922658,0.08229649047352432,0.9344109451520679,0.9921405472076366,False
0xfc5dd9044b9d99d928d2c329af2df2fe0fddae81,23.0,33.0,0.7312453459957698,0.7391304347826086,0.007885088786838922,0.06977653310247119,144.6999300001586,0.35931938684529,0.010711425954242819,0.11300488052708463,0.9100266859009798,0.981170076479359,False
0x7ca56b03105371839e4a3d98f4c1059d10d784bc,40.0,102.0,0.9642900142849999,0.975,0.010709985715,0.0008622458159923812,6044.213037795,0.9997278012549466,0.010710417575591685,12.421035296846988,0.0,0.0,True
0xfe99ed77986e13c95eb36be5cf5247bb47fa506b,25.0,26.0,0.5138772223764649,0.52,0.006122777623535034,0.08708059027850926,994.9999579550846,0.26475635488260313,0.010662003947266265,0.07031162287660885,0.9439456316862662,0.9950827973012817,False
0xaaa18cd28d27e7a89b341f9a64f1fd9a9ea9d5da,57.0,59.0,0.28965155294462386,0.2982456140350877,0.008594061090463827,0.058276686357362585,989.8559749949899,0.4456831547946564,0.010646412623071403,0.1474699683122609,0.8827610823549239,0.9696085312578147,False
0x435992441a1fd3bae999ff2242790c16bb83c338,32.0,61.0,0.6503661659897206,0.65625,0.005883834010279421,0.08852797950650645,243.3805919996845,0.2583885054941745,0.010639577311746879,0.06646298766874016,0.9470092240893164,0.9957462281228749,False
0x60ec17443af511a21945f01430e61c803465f7b0,355.0,1508.0,0.5389529007306221,0.5492957746478874,0.01034287391726526,0.021198531707776434,206689.30192241503,0.8586851862178513,0.010618957177136817,0.4879052030509781,0.6256169889279453,0.8605601052859656,False
0x999a0341c09fb5512feba1cbfb84c1d278dd9a25,117.0,4685.0,0.49468624651442517,0.5042735042735043,0.009587257759079051,0.040741174143567725,10542.002910001138,0.6219416246711411,0.010611528082471806,0.23532109617888128,0.8139595224262453,0.9375401944926703,False
0x770569d15dfdc4ad5c3a0ec204032812cc85a442,25.0,56.0,0.27400556395982767,0.28,0.00599443604017238,0.08566477670546856,2024.2436739787724,0.27118723288167224,0.01058749657655802,0.06997550534430699,0.9442131557393043,0.9950827973012817,False
0x7c8cc25556ef9c0962b41d0ebb74d2fd17a42d81,22.0,111.0,0.5405362865448383,0.5454545454545454,0.0049182589097070606,0.09318734571572118,948.235400000674,0.23922232980049277,0.01053149741273968,0.05277818433321173,0.9579086436498072,0.9957462281228749,False
0xe9ac854320a29544ef419bbde0fed483af758de4,72.0,149.0,0.4913152976364169,0.5,0.008684702363583027,0.05277797726164792,1050.0061067126685,0.49502218205789755,0.010508604901712699,0.1645516333551101,0.8692969031161084,0.9593139551289873,False
0xd3dff2e3b903372799b240c2338dd423086082fa,28.0,900.0,0.4595603714157729,0.4642857142857143,0.004725342869941443,0.08889072369316277,159638.25175931092,0.2568244520830906,0.010352078288465441,0.05315901000258032,0.95760521468951,0.9957462281228749,False
0x1fb7053bb490c6ec05a78fe2ed383af48526fb66,43.0,190.0,0.5509837049769138,0.5581395348837209,0.00715582990680711,0.06671951496730082,33407.150460995195,0.3801954099964321,0.010342071325477422,0.10725242697453927,0.9145887245405293,0.9832114716923822,False
0x8f142d9acab6bdbb823d0f0a2b035e4783aeca5a,72.0,330.0,0.5052892289807835,0.5138888888888888,0.008599659908105399,0.049081599499856736,1204.436449001295,0.5312859892673808,0.010332443718995967,0.1752114844613102,0.8609134606266076,0.9561832107344614,False
0x87a4a4e006ea15b9f59e17ea8e434739c412953e,46.0,66.0,0.6012524528714699,0.6086956521739131,0.007443199302443157,0.06334584022167751,15468.966799766078,0.40493540569605535,0.010331255994884601,0.11750099574645831,0.9064630550191906,0.9796688847963182,False
0x6e258d819d939f00abeec52d4929446d721bdb26,41.0,44.0,0.6276001394564882,0.6341463414634146,0.006546202006926531,0.07109392301365121,2636.372858570948,0.35075375526013336,0.010279593333038782,0.09207822173028139,0.9266358914747765,0.988334972751633,False
0x207702d39743b9e76595fb2982dccdb300fb8161,53.0,74.0,0.6149902587282928,0.6226415094339622,0.007651250705669414,0.05923938415946335,2125.652449396093,0.43760270352898384,0.010263754024563967,0.12915817431648882,0.8972324909922649,0.9764733842542139,False
0x4a4e636c76809d70429b318a3baf009a55648e54,20.0,28.0,0.5472216390686497,0.55,0.002778360931350142,0.09970257918575151,873.9999420015331,0.2154963911983994,0.010245413983471795,0.02786649005512585,0.9777686351205248,0.9963019753336292,False
0x4a555dd6e80ac3732ef92a29df3024e49e91a82a,21.0,32.0,0.4737676427532336,0.47619047619047616,0.002422833437242681,0.10196742693923175,2347.0499559908603,0.2079987740609727,0.010242828432091178,0.02376085687330903,0.9810433629171729,0.9963019753336292,False
0xee613b3fc183ee44f9da9c05f53e2da107e3debf,106.0,5494.0,0.4918264617472281,0.5,0.008173538252771922,0.052104141580423875,839954.5429237161,0.5014467974915118,0.010229078568374718,0.1568692623052985,0.8753478850239411,0.9639292038756379,False
0x045cd8e01b05b865843a8df13784add60fdd5861,23.0,71.0,0.38716715280750785,0.391304347826087,0.004137195018579183,0.08961625300616809,349.80871123735386,0.2537336812403584,0.010226246232819026,0.046165677316305886,0.9631781988265578,0.9962976544525123,False
0xe022ec092c063066e937e6dc9280565406fa7d0f,23.0,23.0,0.42913366081304344,0.43478260869565216,0.005648947882608675,0.07752652367935851,588.5799670129821,0.31239112878785447,0.010219897526086283,0.07286471280425426,0.9419137743754264,0.9950827973012817,False
0x1cd1fc782677009597c8ad5247fb2bcc3925052c,22.0,42.0,0.5399197487592743,0.5454545454545454,0.005534796695271112,0.07783603392461144,144.6789959999639,0.31068198612696857,0.01019579450750293,0.07110841105588542,0.9433114740642532,0.9950827973012817,False
0xfe35ff861e7018cb5965b807c493372eb9866789,33.0,45.0,0.23567789207962225,0.24242424242424243,0.006746350344620161,0.06676116769371221,430.72316400838116,0.37990131903202345,0.010188021338782926,0.10105201238497144,0.9195091715379937,0.9859146658556351,False
0xc85f77ffb48f05ee9568cdafa4d5a952073d15f8,20.0,36.0,0.5990930212880116,0.6,0.0009069787119883515,0.10740962192917673,2877.604077268347,0.1913869111400563,0.010116734491388148,0.008444110459548876,0.9932626547001975,0.9988800284401551,False
0xf68c530927e3a73f6663757565ff1de82390d467,46.0,52.0,0.8824462179334683,0.8913043478260869,0.008858129892618605,0.039455567677242495,343.9994660006635,0.6368980029659037,0.010106626812598642,0.22450899617211362,0.8223612676390517,0.9430296975815438,False
0x782b172470bdf75e3758f37fc1adaf981663ff64,54.0,147.0,0.5849978545282123,0.5925925925925926,0.0075947380643802374,0.055797518970006746,1572.0634467606033,0.46725126872918943,0.010099621985707765,0.1361124688798922,0.8917323705258695,0.9732449359230714,False
0x95444d9ef2fc1ec25340f66dabf1f8c27bb2826e,44.0,135.0,0.515902570143269,0.5227272727272727,0.006824702584003844,0.06362695008356811,755.0822768157599,0.40280330515795915,0.010092471302412658,0.10726119317427958,0.9145817702415728,0.9832114716923822,False
0xce8a550d21e6fbd80af561ea61137ccd589a6d7c,36.0,39.0,0.5489856877823346,0.5555555555555556,0.006569867773221087,0.06577276259162754,55.29499320161604,0.38695367111849144,0.01008058880335862,0.09988736240276747,0.9204337495117039,0.9859146658556351,False
0xf1451f85b26b3a2138bfbd4c4b83465713bf7426,112.0,115.0,0.8389870952652048,0.8482142857142857,0.009227190449081142,0.03201871207102878,256.4907748580088,0.727035809160912,0.010065015479047494,0.2881811869450584,0.7732080488518103,0.9246203850591264,False
0x11383acbc843b8c17d4361c24ffae9188761b8c7,21.0,21.0,0.5677126414285715,0.5714285714285714,0.0037159299999999862,0.08700749645634397,88.99997500108086,0.2650834099060089,0.01002196940908543,0.04270815908218271,0.9659341754986814,0.9963019753336292,False
0x8e52216607ebb117b498b689bcdc6d778cd32320,265.0,1329.0,0.9824494010862397,0.9924528301886792,0.01000342910243974,0.0037845097132914113,492070.6647691649,0.9947821762935509,0.010015394198887181,2.6432562895286367,0.00821128549806005,0.0691613207013043,False
0xbecfc6a5f40dacb86ef846353df49eaebf97a845,26.0,40.0,0.9899999999999998,1.0,0.010000000000000021,1.5491052996047923e-17,1111.6907999999999,1.0,0.010000000000000021,645533909318573.8,0.0,0.0,True
0xf86962d8bc5adc0478edb8c4e008a44aa2f474c6,25.0,27.0,0.9899999999999999,1.0,0.010000000000000014,4.443624350969901e-18,183.14999999999998,1.0,0.010000000000000014,2250415248943654.2,0.0,0.0,True
0x6f062d1069ed0081d061719aad98a2935def3e6e,41.0,386.0,0.3598384760477059,0.36585365853658536,0.006015182488879449,0.0680540399669064,1055.4993159945234,0.37090691492315264,0.009966746856579124,0.08838832333546306,0.9295680416008358,0.9902337791361239,False
0xba86cd3137f91a878fcf8e32f28573003be99ab0,31.0,34.0,0.41633382074195274,0.41935483870967744,0.0030210179677246803,0.08920863606055471,5553.179781118939,0.25546401630443266,0.009926984743847102,0.03386463576994964,0.9729850935707585,0.9963019753336292,False
0x0f250311b655c447becb1aa59d62cf94e265e9a5,28.0,151.0,0.568834168171046,0.5714285714285714,0.002594403257525318,0.09078546818981043,469.4294890002826,0.24885610902641386,0.009882110917402188,0.02857729666713894,0.9772017193231783,0.9963019753336292,False
0xcc11c85bbad1856739dc09bae7df3941c12ac87b,50.0,60.0,0.5735378669300336,0.58,0.006462133069966396,0.061151343390836554,505.399250000903,0.4220343867838043,0.009834224970823188,0.10567442531335686,0.9158406723541046,0.9833276827648776,False
0x52a3a4948378b42ad27d074650a47464bfb7d8e4,21.0,21.0,0.4306665144714285,0.42857142857142855,-0.0020950859000000077,0.11394113102737648,20.9999809999056,0.1737775867927596,0.009795605588757875,-0.018387441664912244,0.9853297708501103,0.9963924258266997,False
0xd169948f03141af5d7e5ad92524c11fa4c238ff6,35.0,141.0,0.310021291087118,0.3142857142857143,0.0042644231985962755,0.07712554047842124,4243.588746982523,0.314623228196153,0.009769455793500498,0.05529197166260907,0.955905858068705,0.9957462281228749,False
0xdc0541e5129b63a2a4a8ec3f2e256cb1ab09f754,107.0,107.0,0.9160739982102806,0.9252336448598131,0.009159646649532689,0.02565369126817113,455.25479014360826,0.8057928211695141,0.009768855645638347,0.35704985118056604,0.7210544861808796,0.9087421102602024,False
0xd71921d5482639e10189acb749bffe2bf9a6e955,27.0,28.0,0.6262041847451019,0.6296296296296297,0.0034254448845276566,0.08275359036744785,507.30633735016517,0.28506819671640027,0.009767679495475908,0.041393308366655446,0.966982347376723,0.9963019753336292,False
0xa5201f524274d8d96ccc353792ec35c1407216ce,45.0,48.0,0.4619138240001988,0.4666666666666667,0.004752842666467773,0.07320008323802017,62.425041068482464,0.33757558207646604,0.00974997808109037,0.06492947079053515,0.9482301557985424,0.9957462281228749,False
0x98ebd0c8ad5653036cb798763860a192f0c260f0,22.0,30.0,0.4990945584195613,0.5,0.0009054415804387039,0.09738022725086001,3091.3899730288213,0.22357202066203255,0.009749816257965864,0.009298002335794585,0.992581374383666,0.9987777465998731,False
0x303e9433d21f045ad6d411bfe9d5090c89e42dc5,32.0,32.0,0.43374994414062507,0.4375,0.003750055859374997,0.07975485430858793,77.77077199850125,0.30034844792276444,0.009729623195412661,0.0470197819541524,0.9624974612451764,0.9962976544525123,False
0x659fe55fb6ba3bc4d37f2354511a3cf2c99704e4,21.0,38.0,0.6169620984390476,0.6190476190476191,0.0020855206085714944,0.09013909434885387,528.8773247709983,0.2515369656328812,0.009728098057953438,0.023136693613762853,0.9815412362418945,0.9963019753336292,False
0x44114b01724bc80eafc404e89d1680dac5a1985e,151.0,396.0,0.5808312093333328,0.5894039735099338,0.00857276417660091,0.034828001578359934,55841.15365519576,0.6924147136590272,0.009718145661692022,0.2461457387186843,0.8055694176336927,0.9333331446460276,False
0xf3d51f4dae533c722c88bd755e33f13137747ca1,27.0,90.0,0.5513826400273221,0.5555555555555556,0.004172915528233516,0.0758715070877908,4842.466080537697,0.3217357634170267,0.00968288572417892,0.05499977117108063,0.9561386460974739,0.9957462281228749,False
0xc076a2bc7afa9720011b7fee8c1d1c39e978d987,26.0,102.0,0.5750176376071219,0.5769230769230769,0.0019054393159549548,0.08980932310242522,1890.0313059937382,0.25291953575934506,0.009668434517924169,0.02121649791059944,0.9830729538151703,0.9963924258266997,False
0xc1fd8001916292efc9343e2d555bb67e9edb10cc,59.0,69.0,0.5533961034024727,0.559322033898305,0.005925930495832374,0.06171007206355102,322.48042399862305,0.4176037024488623,0.009636155246787606,0.09602857844226238,0.9234978751282417,0.986211602466143,False
0xa74c583ed3f7da096b4e88263a5d30642ad31f49,20.0,30.0,0.75,0.75,0.0,0.09933992677987828,817.0230000000001,0.21673102921831655,0.009631505442153495,0.0,1.0,1.0,False
0x742244c962848849a90decca2f7308425ced8a59,20.0,107.0,0.5026066387020265,0.5,-0.0026066387020264705,0.11169934285464755,884.9628799923296,0.1795579088378996,0.009620563951686655,-0.023336204452146552,0.981382092593718,0.9963019753336292,False
0xe6b353d957ac444a835997db5f0e76813e2bf8c1,22.0,32.0,0.5885671497427648,0.5909090909090909,0.002341941166326154,0.0854314727255763,171.31466338469124,0.2722665980508122,0.009586241941412771,0.027413096036035305,0.9781302530483533,0.9963019753336292,False
0xb763736e0af6cbc0ffd440051eeaa2920ef44a90,136.0,627.0,0.9831966106372708,0.9926470588235294,0.009450448186258668,0.007065110292225628,203957.33999667977,0.9820480030199743,0.009501541383202082,1.3376221736634233,0.18101963247897523,0.5124584326709958,False
0x1073d3b26ef0c5dbb37bf4e417801fa29d1bd8ba,39.0,56.0,0.6110838554283641,0.6153846153846154,0.004300759956251259,0.07114698688085888,62.808616600161834,0.35041401315628407,0.00949471260780767,0.06044894021236927,0.9517980812397449,0.9957462281228749,False
0xa8ace72aef10568e44fb291b30f3d1ddeab62ddd,100.0,100.0,0.9211899852520001,0.93,0.008810014748000002,0.025526831837023096,713.0892934243594,0.8073396751790072,0.009481731609523095,0.3451276211731966,0.7299984290598069,0.9147616552517553,False
0xff068050970cb915bb54c516ddc3f7ec06f8c7d5,26.0,31.0,0.7286692362452603,0.7307692307692307,0.0020999945239705063,0.08280969478069912,348.82782000010803,0.28479202461193737,0.00939265175532008,0.025359283469548095,0.97976838773877,0.9963019753336292,False
0x24704d5c3d5ca058d356a532c0780db4b5557ae6,25.0,25.0,0.558051249536,0.56,0.0019487504639999998,0.08300893549167616,48.92997399728111,0.28381407760835065,0.009359698252045759,0.023476393866000287,0.9812702682608545,0.9963019753336292,False
0x2accf659831fc5b1370c8fc03fbbd0b000d3cfed,74.0,173.0,0.5746511295075126,0.581081081081081,0.0064299515735684685,0.05190299023966429,222.80353200100114,0.5033807673002476,0.009343416789234697,0.12388402949190191,0.9014070981500335,0.9781964799598537,False
0x11379f47bc32c570afa403fdb6173d225674cbff,20.0,20.0,0.6001535243899999,0.6,-0.00015352439000001217,0.0928722419671663,111.99997000157485,0.24045738856971316,0.009302837022966132,-0.00165307078571753,0.998681040942869,0.9991277057300301,False
0x75abf711c091a637a21cd79301ee486a5c4bb20e,26.0,34.0,0.536411409008662,0.5384615384615384,0.002050129452876389,0.08064393774936467,4698.351001284485,0.2957099527746206,0.009266580905956903,0.025421990915771478,0.9797183705608365,0.9963019753336292,False
0xafb90d5a12348902a2b89035287cb5983f65f983,24.0,27.0,0.4579116676394113,0.4583333333333333,0.00042166569392194003,0.08849496337564615,33.05971606551195,0.25853148853468944,0.009226517896775064,0.004764855284837404,0.9961982099196498,0.9991277057300301,False
0xcd3fe2f02819b8a9dc435a892251d3f226ef8e2b,151.0,1308.0,0.977712747698332,0.9867549668874173,0.009042219189084865,0.009438491732988682,582717.8586528972,0.9684059848476384,0.009145036541006681,0.9580152682108312,0.3380550595449914,0.6836387824029809,False
0x46b353667fd7d846af3bbeda6584b0e5b883d3de,105.0,109.0,0.14395032830272536,0.1523809523809524,0.008430624078226956,0.024696191489135825,147.22031100000004,0.8174219992068975,0.009136456959598742,0.3413734495027582,0.7328224601572748,0.9147616552517553,False
0x917f9555dfe97aac18ade59cc407fd637a652a78,106.0,107.0,0.9161832737407853,0.9245283018867925,0.008345028146007077,0.025882937021238707,466.22355617528825,0.8029932292202655,0.009123504550057414,0.32241426616923013,0.7471388779548036,0.9178537286769258,False
0xe839e7fe9cbd0997200c83d0fb77e7c290a10a9d,57.0,82.0,0.5211915184196311,0.5263157894736842,0.005124271054053128,0.05862286182276875,8052.826446888177,0.4427587021014078,0.009120960641332245,0.0874107966537876,0.9303449877398782,0.9906522392159973,False
0x7f9767259eae70b38f53ae2ff83dc2c11cbe6aaf,23.0,50.0,0.5629299269950905,0.5652173913043478,0.002287464309257402,0.07664506193216616,368.8299319974173,0.3173245977164573,0.00912042036885458,0.029844901309909518,0.976190748633923,0.9963019753336292,False
0x0c5aaaba801d95733cf9cb41dcc3feb69dfbd48a,32.0,132.0,0.46414094833944625,0.46875,0.004609051660553743,0.0621773901324282,397.260293618659,0.4139386314867494,0.0091143969935304,0.07412745454154923,0.9409089697871875,0.9949176847401215,False
0xd1bc1682117e408b0177800447f8c8d4ef0d3587,106.0,106.0,0.9162038668518868,0.9245283018867925,0.008324435034905623,0.02588232471417686,471.19589428073317,0.803000713976403,0.009106938690968432,0.32162624983782745,0.7477358551511901,0.9178537286769258,False
0x70fc4ba156312da573fd818c08b05674d6bcab12,50.0,78.0,0.49661239887462505,0.5,0.0033876011253749392,0.06996406120696946,917.6607370039605,0.3580845846786464,0.009106392233776007,0.04841916073673384,0.9613821891536778,0.9962976544525123,False
0xef5367542fa222ceb82b6de205e6e3e0a1ab4591,24.0,59.0,0.46198158822066043,0.4583333333333333,-0.0036482548873270904,0.10391009138554466,82728.3804479508,0.20184931479483714,0.009078101426654227,-0.03510972648258698,0.9719922455836856,0.9963019753336292,False
0xae201b90a47199f0ebd4719ee3f95939251ca278,106.0,106.0,0.9162387884801887,0.9245283018867925,0.008289513406603746,0.02584923561088568,473.1834021961312,0.8034051345753209,0.009077276070690204,0.3206869839939425,0.7484476120231001,0.9178537286769258,False
0x7bbfa803d82f47ea4f744bcf25982a1f02db89b6,28.0,63.0,0.7121783265424579,0.7142857142857143,0.002107387743256342,0.0768247017948011,89.32691844621384,0.31631118585053153,0.009073603462122127,0.027431121683819587,0.9781158760688478,0.9963019753336292,False
0x2aa1233fce43f83db88d239b1887be70432b1ea8,30.0,48.0,0.3970511483956913,0.4,0.0029488516043086723,0.07100540832198987,7258.537138750092,0.3513213736461918,0.009012503245306964,0.04152995770317166,0.9668734106559715,0.9963019753336292,False
0x8816b764f1e1dfbb80cc15787fc5376507597738,52.0,64.0,0.4960993656705418,0.5,0.003900634329458289,0.0651464032566423,10000.069547109653,0.39150316611280833,0.009009521950510664,0.05987489921879274,0.9522552715401726,0.9957462281228749,False
0x3a1646725ec134f97145c0d4566aa821b23c1108,159.0,161.0,0.009999999999999998,0.018867924528301886,0.008867924528301888,0.010824236153450833,20.968821999999996,0.9588574939107133,0.009008986740055685,0.819265618615937,0.4126348840044285,0.7531389708757403,False
0xaff6108be2e138ef1d382c7f561946f69f1b4a29,39.0,45.0,0.991025641025641,1.0,0.008974358974358982,0.00016216808513684104,307.04614,0.9999903690583336,0.008974390970179325,55.33985905294632,0.0,0.0,True
0x5d2cc67b2a1f91287c2bd8da1976e9593f4bcd4e,20.0,25.0,0.5038324768806769,0.5,-0.003832476880676894,0.1013005116376501,1400.3677792157957,0.21016903133427098,0.008906727418413236,-0.03783274949672107,0.9698210327333392,0.9963019753336292,False
0x487962927fc68e303c83ddfd83689f3e1f323137,106.0,106.0,0.9164528330820756,0.9245283018867925,0.008075468804716957,0.025874835808264076,460.89038527864835,0.8030922542788583,0.008906632231394134,0.3120973931798926,0.7549665076036134,0.9213591606339016,False
0xd8bb23810540b47e0cb6e3593d10947491be7cef,28.0,101.0,0.464153195135875,0.4642857142857143,0.00013251914983938455,0.08393638858297224,445.37246800013423,0.27931894307838795,0.00889890518843087,0.0015788045218122246,0.9987402967708481,0.9991277057300301,False
0xf63624ec8491d256847459e531f84840779c1c4f,105.0,105.0,0.9158825912657144,0.9238095238095239,0.007926932543809492,0.02612626265029955,461.19247064057447,0.8000159421718729,0.0088007862154261,0.3034085911908493,0.7615784992493353,0.9226342450062485,False
0x7980005d3a9eb3b2e3da5269a532b5e51c0623a8,106.0,106.0,0.9166131819773585,0.9245283018867925,0.007915119909433933,0.025875193467347853,461.3519375645505,0.8030878825770871,0.00877787642991239,0.3058960668032143,0.7596837807494699,0.9226342450062485,False
0xf7c3b6cb4badc158f44cef43364701d3a393eac2,79.0,80.0,0.7147196254998529,0.7215189873417721,0.006799361841919192,0.03901249267535565,105.9996849999307,0.6421050112632964,0.008766777652311757,0.1742867829159344,0.8616400859817326,0.9561832107344614,False
0xf886a8f8b9b9101ee494f90d08b69a8bfb40d825,26.0,270.0,0.4640077807892468,0.46153846153846156,-0.0024693192507853155,0.09271947467750634,1840.3855090009326,0.24105924518555447,0.008737100102658098,-0.0266321531627958,0.9787531278339257,0.9963019753336292,False
0x83ded6431b27309964f3eddb24c10bc85fa71786,32.0,254.0,0.4669566003332397,0.46875,0.0017933996667602314,0.0728014185791614,852.5027617604708,0.34002230987980386,0.008725244039837318,0.02463413078702799,0.9803467951227829,0.9963019753336292,False
0x87d113633cf2804fad70e38aed56edd725f63744,70.0,73.0,0.6524856180150226,0.6571428571428571,0.004657239127834713,0.05520420835563918,3921.4564862909456,0.4725769731396792,0.008686387173330298,0.08436384229679783,0.932767154434097,0.9920026768187776,False
0xe5196cf227de8740a00e4eb4a52d96550da52f48,20.0,46.0,0.4033843140783846,0.4,-0.0033843140783845595,0.09521842741555553,195.99995600292587,0.23146260516726855,0.00866701574030173,-0.03554263780911462,0.9716470477828838,0.9963019753336292,False
0x3a146cee0c51f28c4a8c5135c13d89cd01329fe4,36.0,38.0,0.41632662248708363,0.4166666666666667,0.00034004417958299275,0.07894745887643276,2847.787965917293,0.3046421016589745,0.00865409438750225,0.00430722133964089,0.996563345219369,0.9991277057300301,False
0x3c9f700648b3ddc46bc2e8211de5eea973b51b53,106.0,106.0,0.9167735662150943,0.9245283018867925,0.007754735671698094,0.025835664715834976,463.20423939545543,0.8035709684216715,0.008646879706202346,0.30015622810529535,0.7640579914235366,0.9233859230933931,False
0x8335a9c50e2fbda9d2c39752af6b64920bdb9cd6,105.0,105.0,0.916091704577143,0.9238095238095239,0.007717819232380935,0.026121436749318692,462.22933027665164,0.8000750462031073,0.008633221611163422,0.2954592163688023,0.7676431029963364,0.9243319656613577,False
0x19688503e4acc156008b04613d5ce23952a88c66,31.0,51.0,0.6728345182247812,0.6774193548387096,0.004584836613928577,0.05477680897614596,484.47878666662297,0.47645299659775314,0.008622280633545094,0.0837003231773718,0.933294700190217,0.9921405472076366,False
0xad70ed8fbd8b5d17191d3bc48df7f248de8b23f1,28.0,30.0,0.3523383108411169,0.35714285714285715,0.004804546301740206,0.05315130571485221,598.3939759896249,0.4914985046466796,0.00861424098265892,0.09039375866918091,0.9279743162506513,0.9893533532907937,False
0xd9281dfa6027fbae422a234e4a1dc3e38414705f,52.0,77.0,0.5352911006599874,0.5384615384615384,0.003170437801551059,0.06314414294667929,10413.56416302563,0.4064732630665484,0.008587028925388344,0.050209530981016985,0.9599554165107216,0.9962976544525123,False
0xe498b758a5339401b13fab82cf73123af308105f,106.0,106.0,0.9168679000698113,0.9245283018867925,0.007660401816981103,0.025867743898459278,457.2523926485702,0.8031789367306194,0.008572893275914052,0.2961372219800494,0.7671252891018112,0.9243319656613577,False
0x11a85a1918a6b12e8c4ecd6caab842607c53192c,106.0,106.0,0.9168773395481132,0.9245283018867925,0.0076509623386792295,0.025902610330117145,455.25511110827904,0.8027527254929606,0.008567291687097396,0.2953741820291912,0.7677080536822909,0.9243319656613577,False
0x5ba61105b276b4e793d0b5a5d773b78186720f07,28.0,151.0,0.3955838901931164,0.39285714285714285,-0.002726747335973556,0.09089908064701654,104709.53230617696,0.24838884054015745,0.008564929998195052,-0.029997523809533185,0.9760690279971198,0.9963019753336292,False
0x363ca9f60b40e4d61063ee3c2e337ed9bbca4463,30.0,263.0,0.2998674342057486,0.3,0.00013256579425143937,0.07820060587994004,32836.013436816036,0.3086840469500711,0.008541721580666697,0.0016952016261225036,0.9986474254428865,0.9991277057300301,False
0x76c763223bf27c071f6aa41d69fc215abeaa1ed0,36.0,89.0,0.963824519395884,0.9722222222222222,0.008397702826338206,0.009891024341147175,8611.489899988399,0.9654110818379166,0.008532559704752843,0.8490225619406603,0.39586873798182265,0.739793730415061,False
0x1a470952f23a90177829c51cc30e71ffcf7d235b,20.0,112.0,0.24838685119739795,0.25,0.0016131488026020103,0.07035193167479699,1462.0944620370542,0.35554701075691014,0.008498098129007479,0.02292970163291064,0.9817063481432629,0.9963019753336292,False
0xbb9123da116db83477df776e3fcae42811f28a9c,105.0,105.0,0.9162666381819048,0.9238095238095239,0.007542885627619029,0.02611677115096895,467.3575736845652,0.8001321848881126,0.008492989981165135,0.2888138653900631,0.7727238210174707,0.9246203850591264,False
0x6b78a5bae78dfd6e1504ff682784bcc4419b0446,105.0,105.0,0.9162856909800002,0.9238095238095239,0.0075238328295237885,0.02611709034124127,453.2224074577663,0.8001282758914782,0.008477763880729218,0.28808082107228344,0.7732848731633148,0.9246203850591264,False
0xb0e1c3eb82ebb74ad6e3669c7f5d1f72241e6935,21.0,67.0,0.5759534410111498,0.5714285714285714,-0.004524869582578197,0.09601616947595017,261.5822790004045,0.22850763792369705,0.008452726533479143,-0.047126120603171666,0.9624127092303993,0.9962976544525123,False
0x28f7c2dbcc6b561d7612e3219ca6e0278ebb404d,39.0,67.0,0.38267731451524906,0.38461538461538464,0.0019380701001355661,0.0679844557860341,500.9999399961931,0.3713844476506489,0.008449571165894173,0.028507547464014557,0.9772573484711577,0.9963019753336292,False
0x48654b3e2eed713e2525cc2fe2f783c3a2e9904d,21.0,21.0,0.7662084053095237,0.7619047619047619,-0.0043036434047619065,0.09494870938867928,3452.6768773804224,0.2324733501882856,0.008437446817380696,-0.04532598107410431,0.9638474788131128,0.9962976544525123,False
0xef5921cb4b8e9c81676ac0990cbf547c5a6d41f6,23.0,68.0,0.1266242110499675,0.13043478260869565,0.003810571558728172,0.05713667140738357,233.98756799876753,0.45546429162473695,0.008431489409117743,0.06669222173547451,0.9468267266825416,0.9957462281228749,False
0x7fbeed2dd24142feabc8b6f54a51a1a0cd5f7902,105.0,105.0,0.9163618853695238,0.9238095238095239,0.0074476384399999795,0.02611580686976032,470.2106632376188,0.8001439939993288,0.008416722379504523,0.28517742059976914,0.7755082181781794,0.9246203850591264,False
0xf56dc511db90ca9cef90ee02b565338fe44e3658,44.0,45.0,0.4995681174704545,0.5,0.0004318825295454513,0.0748832665179623,230.88995499928288,0.32748441361831354,0.008411055797889625,0.005767410392572222,0.9953982978030542,0.9991277057300301,False
0x815fe12910e7de5f1d7ca1b96c4bbfc0eeae1eef,30.0,48.0,0.536569883977968,0.5333333333333333,-0.003236550644634632,0.09030832939697003,18144.44468295927,0.250831352280922,0.008400360766693172,-0.03583889400065929,0.9714108200474749,0.9963019753336292,False
0xcf006e28309313be21b36d22bde515882182353f,24.0,374.0,0.5066502086299302,0.5,-0.006650208629930164,0.1019099550752035,20766.22167302744,0.20818458695074682,0.008352126253289915,-0.06525573115033467,0.9479703886020254,0.9957462281228749,False
0xdd0c0e995827fc759557aae2d7bc5ab1341c1dc4,105.0,105.0,0.9164605921047619,0.9238095238095239,0.007348931704761885,0.026081082264026546,460.2062072337066,0.8005691919126867,0.008335639061498097,0.28177249817957956,0.7781179600899524,0.9246203850591264,False
0x189e3ec85959dd38657e7f90786e764b79bf5aae,33.0,148.0,0.5769632495488612,0.5757575757575758,-0.0012056737912854206,0.0809835538671224,2379.6229650104215,0.2939625075585109,0.008327401877368941,-0.014887884437174577,0.9881216256713512,0.997326558727525,False
0x3a91e273c5f895e179f48c2cb08432402eddd908,32.0,33.0,0.501677349822048,0.5,-0.0016773498220480146,0.0828082203513445,104.91301568016043,0.28479927798719945,0.008316792853427474,-0.020255837100848655,0.9838392854393181,0.9963924258266997,False
0xb1556d9d1a734508178d15ba822e579901a7ca84,206.0,888.0,0.47349888544033947,0.48058252427184467,0.007083638831505149,0.028684207006222057,11147.635927004741,0.7684505393990789,0.008290685417295295,0.24695257672518525,0.8049449257762402,0.9333331446460276,False
0x5fb04c837b704ac19ef015b7689983faf2cb20b4,28.0,118.0,0.46613956817028407,0.4642857142857143,-0.001853853884569789,0.08307118968133052,523.4390459997979,0.2835094075235706,0.008284776810856744,-0.022316447996969344,0.9821955285454302,0.9963019753336292,False
0x3a344bbcce63550c2bfe535892dc4fbdf58551fa,23.0,60.0,0.17193714013192782,0.17391304347826086,0.00197590334633307,0.06482368448768973,1088.4192131201985,0.393871811095904,0.00823153773065967,0.030481194673658233,0.9756832908888469,0.9963019753336292,False
0xf8c860fb134ec5514e29366bd117d2483ab97c4c,25.0,341.0,0.48569933179542457,0.48,-0.005699331795424562,0.09644670461744714,2570.2510089986718,0.2269340244468746,0.008212671508264938,-0.05909306925551044,0.9528779789295183,0.9957462281228749,False
0x2652dd1140c3b9e69c8852264cf8dbe727672a1d,60.0,3762.0,0.5970770522222691,0.6,0.0029229477777308406,0.05926917088347078,161904.17601253313,0.4373552868465309,0.008196955065562499,0.04931649513838574,0.960667074292908,0.9962976544525123,False
0x6f2063eb9172063e10d4777ad6960b79302ff029,109.0,109.0,0.9193530733990826,0.926605504587156,0.007252431188073395,0.024970387546938026,836.812766656201,0.8141031054908174,0.008190117063476873,0.2904412746674698,0.7714786712328441,0.9246203850591264,False
0x35ec0333be293ba385445e92db9c684276b2799e,105.0,105.0,0.9166475978161904,0.9238095238095239,0.007161925993333304,0.02611042750448568,467.22954988376324,0.8002098710216181,0.008187773027605382,0.2742937085998653,0.7838589189875331,0.9281782149076437,False
0xc375f5ecd623b57b2674ff7206aa99ed8ea0bdab,105.0,105.0,0.9166475940533335,0.9238095238095239,0.007161929756190442,0.026107621460652895,471.1864717635239,0.8002442334388975,0.008187599600744642,0.2743233337814504,0.7838361542942889,0.9281782149076437,False
0x4be1fa92e6ceaf886aac0bbec3be6c527133aa70,28.0,780.0,0.4291233573829267,0.42857142857142855,-0.0005519288114980901,0.07611985017513627,1463394.3318715037,0.32031119084728976,0.008181037912857904,-0.007250786887102567,0.9942147597812703,0.9991105498127163,False
0x9081997329e81af9318c9b3c780802a51e338a6e,33.0,47.0,0.7280122984774529,0.7272727272727273,-0.0007395712047255306,0.07643661991351872,624.9283639980873,0.3185056565740981,0.00814447111662404,-0.009675613672638719,0.9922800976874888,0.9987777465998731,False
0x435def9e650ecc507fac324fcda023cb3ed1c52a,27.0,36.0,0.4114456113526786,0.4074074074074074,-0.0040382039452711675,0.0888958476241876,1377.7556550245233,0.2568024491834014,0.008101744591279023,-0.0454262381561725,0.9637675675459176,0.9962976544525123,False
0x8119fa329220ca2df731775ebe82e65e3e86c943,105.0,105.0,0.9167579495619048,0.9238095238095239,0.007051574247619023,0.02610494421610442,468.1767171860337,0.8002770179063722,0.00809911628767116,0.2701240879598904,0.787064791193576,0.9288200647181231,False
0x6dbf86916d2408546f7fd9f2f9af6c3082562418,26.0,26.0,0.6945384197807692,0.6923076923076923,-0.0022307274730769136,0.08193350883649544,43.00998100049399,0.28914503302159406,0.00809605931218826,-0.027226070319147446,0.9782794223027713,0.9963019753336292,False
0x8043ee870e73a40398a3789c1253cd63765d78ee,109.0,109.0,0.9194791556311926,0.926605504587156,0.0071263489559633035,0.024968123769660112,823.9077913712955,0.8141305455413544,0.008087331256212638,0.2854178800820769,0.7753240106720061,0.9246203850591264,False
0x6277c973814bb345e97d4bfa7d67c7e80a11eda7,21.0,22.0,0.48818494388778594,0.47619047619047616,-0.011994467697309654,0.11409807444354059,1209.8699790301946,0.17338268031924367,0.008084907589105343,-0.1051241903582247,0.9162772645223891,0.9833870433638126,False
0x7c012a1e496e799444de43d169bc93b765a359a0,23.0,40.0,0.6114216307046804,0.6086956521739131,-0.0027259785307673172,0.08362621226892777,165.93696963209013,0.2808118879133442,0.008078044832296512,-0.032597178047488636,0.9739958202279941,0.9963019753336292,False
0x4ded545cb513f9f582135e817a50a49b8b8668a3,29.0,29.0,0.5904705743482759,0.5862068965517241,-0.004263677796551722,0.08931687395475117,708.8955718696807,0.25500302064612007,0.008073641299098835,-0.04773653183061181,0.9619262190876336,0.9962976544525123,False
0xbbd01c6e23bef9204dafc5aba1f582b4926f02e5,105.0,105.0,0.9168380665666667,0.9238095238095239,0.006971457242857102,0.026105322309617953,459.23739772729516,0.8002723879652043,0.00803502514487921,0.2670511844356205,0.7894297521458635,0.9292283572725614,False
0xa1627b2c2c81df4124a47ae82971adbd06ee5e93,104.0,104.0,0.9161538232182692,0.9230769230769231,0.006923099858653818,0.026361042006195833,455.2422007549531,0.7971379575639508,0.00801316876854663,0.26262618363214285,0.7928387166628597,0.9311218979754907,False
0x5b8990db8c1304d56cf8466e443b5e50a47f23fb,21.0,64.0,0.48666664588390335,0.47619047619047616,-0.010476169693427113,0.1081577979524724,149.99350900018916,0.18924761106194093,0.007986866558351102,-0.09686004977681441,0.9228375352367209,0.9859146658556351,False
0xba159e10b985e01b0a385aa63f0e1a6670ec3ee7,37.0,86.0,0.9654824158893474,0.972972972972973,0.007490557083625476,0.01742070035100389,1389.3999581010585,0.8999759815547129,0.007971271728501005,0.429980249513552,0.6672100082929924,0.8815238787846452,False
0x65cc109717790d59e8c37547e4073ee03a5bd22b,105.0,105.0,0.9169237870304764,0.9238095238095239,0.006885736779047581,0.02610627580028624,470.28256064333067,0.800260711942792,0.007966488601376066,0.2637579113820625,0.7919664682181535,0.9309396178371093,False
0x01c8a3053ec28e434de16645d02f1c85f8dba24a,47.0,52.0,0.825868345701111,0.8297872340425532,0.003918888341442303,0.050415199488275886,2220.5897040084837,0.5179149951387116,0.007957633020922679,0.07773227878139499,0.9380410170257305,0.9932242412728115,False
0x17af7c192850311f95ecce5c90fc92d3c701b7e4,20.0,21.0,0.3548026008858923,0.35,-0.004802600885892373,0.08956572672425286,1781.9799850447478,0.2539473178021517,0.007954265904804376,-0.05362096709914721,0.9572371512124718,0.9957462281228749,False
0x205d0af28d4991a827009c395c533ce933bf2ad2,31.0,33.0,0.6155375163706018,0.6129032258064516,-0.0026342905641503944,0.08131247846648602,729.7485019963012,0.29228276946253073,0.007932522008847313,-0.032397125433043475,0.9741553548584383,0.9963019753336292,False
0x7c562f88510b1960e6008887f32dbff9018c0615,30.0,37.0,0.43906004903150175,0.43333333333333335,-0.005726715698168392,0.09240549558117467,1154.4380938821898,0.2423025846937555,0.007929465536457472,-0.061973756670540156,0.9505837309609864,0.9957462281228749,False
0x12261390cf836180d0f3aef7b0e8167509ddf998,32.0,88.0,0.4394431391727171,0.4375,-0.00194313917271714,0.07855217754116205,5512.624762880494,0.3067728633702321,0.007928199229803326,-0.02473692306873247,0.9802648037338446,0.9963019753336292,False
0xc2e0fed6cb83b4aa1fc87938504a05d1472b5a1b,28.0,36.0,0.2865620820379281,0.2857142857142857,-0.0008477963236424225,0.07342811507706674,539.8871732463122,0.33618593119888535,0.007877605165306752,-0.01154593608664222,0.9907878805327595,0.9984153542683587,False
0x337ae6322e81ca10dd184155cf253d4197f9b913,24.0,38.0,0.5450203250087242,0.5416666666666666,-0.003353658342057563,0.08287036418699835,244.19994400131225,0.2844937730467999,0.00784416261296972,-0.04046872938183278,0.9677194369481616,0.9963019753336292,False
0xe180105faea50b7f997c64db058f5e50621cd20e,105.0,105.0,0.9171237868380954,0.9238095238095239,0.006685736971428542,0.02613356250299959,472.22462467694385,0.7999265348776802,0.007808311617708474,0.2558295284334525,0.7980824720568209,0.9333331446460276,False
0x033322eb5c581674ad6c061c6b95b1587d267d70,43.0,60.0,0.9458362600887942,0.9534883720930233,0.007652112004229272,0.009305579264989674,120.66894999976589,0.9692623729381791,0.007794870982904427,0.8223144187292851,0.41089797256468197,0.7507382018857203,False
0x8e8ccd010d924673af70bc0191c4f49329da65dd,26.0,26.0,0.5045540129038462,0.5,-0.004554012903846161,0.08591344948990128,23318.132625721886,0.27004294666498335,0.007746173762203841,-0.05300698471409257,0.9577263425423423,0.9957462281228749,False
0x982543486678a1b6f5c1e9ba189427fe5b789ffc,43.0,60.0,0.3722235527003589,0.37209302325581395,-0.00013052944454492867,0.0683874954087207,838.3999479775143,0.3686287732630326,0.007715570448937761,-0.0019086741481730545,0.9984770992902332,0.9991277057300301,False
0x14d97b1facd2f875212f0f975b4e513a5391357d,104.0,104.0,0.916528823758654,0.9230769230769231,0.006548099318269199,0.02632143497731504,452.2475017987272,0.7976238187577791,0.007711448654973072,0.24877440473563225,0.8035352908392956,0.9333331446460276,False
0x057089e02e1781016c882d682729c84352fd16c9,22.0,56.0,0.37151927999408496,0.36363636363636365,-0.0078829163577214,0.09582287433511391,403.91993998461834,0.2292189354655222,0.007671033592601788,-0.0822654967555355,0.9344355909916049,0.9921405472076366,False
0x83d9a38fbf2265d1a092499a964412dd44e810d9,125.0,500.0,0.5468355552413603,0.552,0.005164444758639562,0.03837251991818406,653.1031280015737,0.6496709004544841,0.007663028488175672,0.13458706307667384,0.8929383707060827,0.973737022431707,False
0xe9380c6a6c43e971b82063121ede0e3d10d613fd,104.0,104.0,0.9166057433942308,0.9230769230769231,0.006471179682692279,0.026351650008403022,465.24294184230763,0.7972531821314253,0.0076522548168148,0.24557018936684222,0.8060149681105622,0.9333331446460276,False
0x224f7ef690d952cf551a471846d5afb4892e514a,29.0,69.0,0.5218372099146472,0.5172413793103449,-0.004595830604302365,0.08461249708283712,7207.990495020859,0.2761004546572877,0.007632555461429093,-0.05431621524894799,0.9566832307234823,0.9957462281228749,False
0x8d10b39465225d7a881b56b4af8354997f0c940a,70.0,91.0,0.48290519712396707,0.4857142857142857,0.002809088590318647,0.052729789305482735,1352.700423982038,0.495478865103399,0.007595712988333065,0.05327327545430879,0.9575141730541412,0.9957462281228749,False
0x48eea23704165e005efbc36f0afc6cac31b50db4,26.0,33.0,0.3911615477480451,0.38461538461538464,-0.0065461631326605855,0.090210696234704,4838.888073846938,0.2512381043979819,0.007562541877660165,-0.07256526560474855,0.9421520678535418,0.9950827973012817,False
0x67246bcb06f067f8fdda52391d5f70e0dd6a9592,29.0,222.0,0.5550831038494897,0.5517241379310345,-0.003358965918455224,0.0791513383599583,507.62104429622974,0.30355049765356473,0.007544309800196682,-0.04243725991314992,0.9661501259756624,0.9963019753336292,False
0x948b91fe8bc72ece9a624b2af1646296a4f73e9c,65.0,65.0,0.9174768950953845,0.9230769230769231,0.00560002798153844,0.03313017690171122,64.6967471492115,0.7132838961106113,0.007520028457142427,0.16903103168305725,0.8657722328305419,0.9584619955004009,False
0xeeeceaffe344dcebb102b7a4d5348a0f6d9b21ec,59.0,65.0,0.9261864387864407,0.9322033898305084,0.006016951044067816,0.028705201640942802,632.901262998239,0.7681900639258676,0.007472624292971937,0.20961187172034068,0.8339706131903888,0.9445806813430008,False
0xb113dc3fbd32b6f8d0a5c13c48a13c6a8c678bc6,34.0,163.0,0.7626882542691673,0.7647058823529411,0.002017628083773982,0.05545246177331264,45552.24623710247,0.4703408267785047,0.007461952947930282,0.03638482439286397,0.9709755145478511,0.9963019753336292,False
0x72aaaaf9f6b0286e390de5b568af0f99a00c90e0,47.0,451.0,0.490369533472509,0.48936170212765956,-0.001007831344849563,0.0690980846908685,6293.145265000601,0.3638302675330587,0.0074560128719627404,-0.014585517809334455,0.9883628531393378,0.997326558727525,False
0xca9174e388df469d8fadc28b1d56da1f26e5f428,104.0,104.0,0.9169038286163462,0.9230769230769231,0.006173094460576902,0.026345579055234082,447.2335357904158,0.7973276587432993,0.007414149370774426,0.23431234696473646,0.8147425012115264,0.9375401944926703,False
0xfdc01aabb10232354973b3f6226aeb4d3622667d,28.0,41.0,0.7164639811085064,0.7142857142857143,-0.002178266822792136,0.07321200736362812,1917.561033882834,0.33750273804595937,0.0074112591647582495,-0.02975286296922796,0.9762641520075721,0.9963019753336292,False
0x125a733601a947640cd928d4fd1bd5ddb841df71,107.0,154.0,0.4724310200086962,0.4766355140186916,0.004204494009995428,0.04216478211149888,3349.83962599206,0.6056600336687977,0.007395514784244724,0.09971577699316056,0.920569974742858,0.9859146658556351,False
0x56ae0b5c21c44343b85b776142d083c68dff9bad,65.0,179.0,0.31950419550435794,0.3230769230769231,0.0035727275725651324,0.04604466891637899,7293.367616998731,0.562927585008803,0.007385669362626153,0.07759264333192421,0.9381520945097204,0.9932242412728115,False
0x6baea71b512cbd572f9ab7f7c6178e5f3070e6c5,23.0,39.0,0.2224562081299685,0.21739130434782608,-0.005064903782142397,0.08313379980971279,3220.977970944892,0.2832034248853457,0.00737972626005659,-0.060924723683214194,0.951419159364572,0.9957462281228749,False
0xeef13263c1c402ba28c7c0fbca60e806cd99851f,109.0,110.0,0.920357779769094,0.926605504587156,0.006247724818061931,0.024978646244602314,832.8693590995089,0.8140029934693889,0.007372788047581058,0.25012263502518733,0.8024925119796982,0.9333331446460276,False
0xc3a23d2e19da986c7ce8b64aa1d6efc95e8b8ff7,35.0,35.0,0.34648065661428573,0.34285714285714286,-0.003623513757142855,0.07777491799181907,817.811989000246,0.3110185279913375,0.007345114658908492,-0.04658974706375135,0.9628402038158412,0.9962976544525123,False
0x317149007acf6c4ac806df15ad95b2fa41aeb991,56.0,176.0,0.7119346622878673,0.7142857142857143,0.0023510519978471034,0.051833404109160715,25106.683136930205,0.5040515279052361,0.007283506143341968,0.04535785442329444,0.9638220736883856,0.9962976544525123,False
0x85264d29fa7279946d15105c17eb6c2533f572aa,105.0,243.0,0.4246212007712002,0.42857142857142855,0.003950227800228447,0.04233944427943679,4202.42413190371,0.6036837111981793,0.007258010925621187,0.09329899972605388,0.9256660267212244,0.9877090123765154,False
0x4df332e27f9ee3224f52ce30e3ce15c1075e788f,25.0,84.0,0.45226909403003296,0.44,-0.012269094030033019,0.10273680775212968,10967.501243011055,0.2055330034043908,0.00724749877256099,-0.11942257403631161,0.9049405777771271,0.9792357515524439,False
0xe368544ba7ea1c6edfb949c5b2b44c765460e9ed,20.0,22.0,0.3610123829493147,0.35,-0.011012382949314697,0.09916472814967674,570.5299809907987,0.21733093936850417,0.007230797086411197,-0.1110514106658255,0.9115755789981601,0.9824293431827225,False
0x06175123d107265d559ab74b71eaafd4e86508d9,46.0,120.0,0.30450932110362844,0.30434782608695654,-0.00016149501667197573,0.06294466746343463,288.74829199967706,0.40800083357542977,0.0072136567794910764,-0.0025656663730218333,0.997952896658687,0.9991277057300301,False
0x3a09b3eafea69d87bdc980f4532de0e24a239028,108.0,108.0,0.9198981343296296,0.9259259259259259,0.006027791596296311,0.025147139019914343,810.9443581549493,0.8119586937496829,0.007206576966128562,0.239700889692574,0.8105621451739093,0.9357384836184028,False
0x4f31666acc47697584e6b358810f852ef877d7e9,23.0,26.0,0.4945767887982429,0.4782608695652174,-0.01631591923302552,0.11147478376460647,28.82838184083457,0.1801515982444871,0.007141967288458702,-0.1463642151347762,0.8836338752306496,0.9699293076606117,False
0x280fa1aef4254889b10f4f7dff005c71742b004a,20.0,27.0,0.3552207206633863,0.35,-0.005220720663386236,0.08056701473875987,149.10398830272462,0.29610760964054045,0.007109552298809092,-0.06479972827979943,0.9483334577986613,0.9957462281228749,False
0x34436ce620eb38ab15be09705e837f1c2cf264e9,34.0,49.0,0.7957723753215342,0.7941176470588235,-0.0016547282627105632,0.06757222090844522,1832.5600829975208,0.3742287031831037,0.007075580732258119,-0.02448829179305181,0.980463122711555,0.9963019753336292,False
0x336bf6f91a4619d54f0711a20fe468adf4d71233,59.0,658.0,0.3886143242765404,0.3898305084745763,0.0012161841980359155,0.05511383936711681,115437.72693754519,0.4733937496183821,0.0070511736686832,0.022066766024679114,0.9823946968877157,0.9963019753336292,False
0xa578b91dc07afb421d156151925b55f871856702,93.0,183.0,0.42777187422144075,0.43010752688172044,0.002335652660279675,0.049439576883528284,3540.394151398092,0.5276651097172713,0.007040531638166478,0.04724256976919722,0.9623198996102122,0.9962976544525123,False
0xf870b9161511e4b270239dec5ee620133dfd7c32,27.0,85.0,0.5607217846377237,0.5555555555555556,-0.005166229082168173,0.07869068733862057,180.86725100038845,0.3060240628860797,0.006952518846219499,-0.06565235680223423,0.9476546042916567,0.9957462281228749,False
0x528ff0b0cc2c8228721b30828ea574aba54e2101,89.0,176.0,0.4907499374305813,0.4943820224719101,0.00363208504132871,0.04105561665191028,39894.976625239666,0.6183193437207122,0.006939143410692757,0.08846743363090401,0.9295051670222596,0.9902337791361239,False
0x914a43289a5541bd0b41f6a3bdef82235687a1c8,31.0,651.0,0.52482420557062,0.5161290322580645,-0.008695173312555505,0.08899704443958262,3373.173337000393,0.25636840767259056,0.006914934730945585,-0.09770182108079323,0.9221690694642195,0.9859146658556351,False
0x30d5a7e1a1ec19fb4dbdc250a19a5bb3734f36bf,28.0,208.0,0.35651802116197856,0.35714285714285715,0.0006248359808785353,0.05643876987629134,85372.03740493697,0.4615668178650974,0.006909273674611536,0.01107104180775235,0.9911667671151922,0.9984153542683587,False
0x5fa918d6752074476dcfa68ae5618fc70bc49945,27.0,29.0,0.4112169705666667,0.4074074074074074,-0.003809563159259276,0.07369983227370577,100.777890000901,0.33453935735487816,0.006908420727033151,-0.05169025548269031,0.9587755018592738,0.9962457773146927,False
0x592c9f0374ed01fb6ea2acc00ef58ccec71b47d8,49.0,66.0,0.7923976444712744,0.7959183673469388,0.0035207228756643583,0.04140641481744437,284.9997929995171,0.6142954764069589,0.0069055987902328815,0.08502844042853695,0.9322387803868479,0.9918497585056439,False
0x6ce6741d09754718b3da6e915cb5e13a087a186a,94.0,94.0,0.9201120457223403,0.925531914893617,0.005419869171276603,0.02708986809402702,670.4584885421706,0.7881744699129688,0.0068765255652503635,0.20006997274643865,0.8414258568422159,0.9480285210992027,False
0xac7186d45c191d2f0cfbbccfa9e205d5b271b3ea,20.0,21.0,0.46459844361,0.45,-0.014598443609999989,0.10340415935610414,509.85997502123496,0.20342655709942153,0.006825393415654835,-0.14117849514859207,0.887728934292948,0.9712140699538986,False
0x3b2caed9f3f39dff654bf1d05e5e78b753d1725c,104.0,104.0,0.9176826681394231,0.9230769230769231,0.005394254937499964,0.026357290504240512,456.28491659603577,0.7971839833330061,0.0067941507672639925,0.20465893247381045,0.8378386083229212,0.9464677051532255,False
0xb8340dea08214f3b3584994cb2594b89843be4c1,81.0,83.0,0.3561970581317112,0.35802469135802467,0.001827633226313468,0.04955625194074329,208.78837903961173,0.5264899806580955,0.006784769835192099,0.036879972853856136,0.9705807082301803,0.9963019753336292,False
0x74f9b658463df52c3374fb7f76d5f6ff21ed6024,141.0,260.0,0.5201684694917033,0.524822695035461,0.004654225543757789,0.03246220681175706,4265.643591997312,0.7215419284622069,0.006782292253312372,0.14337366435827575,0.8859950808737465,0.9699293076606117,False
0x4e30401826a11c3f315047002a4f1898b91e9d3e,61.0,66.0,0.6875578503244697,0.6885245901639344,0.000966739839464534,0.05325381055814627,211.84411947205433,0.49053547053197355,0.006738875838261879,0.018153439713182198,0.9855164462346053,0.9963924258266997,False
0x187cac3ba44f688f8d74b5c683099499063cd429,81.0,81.0,0.9209538535753087,0.9259259259259259,0.004972072350617268,0.029185005972867724,344.795380671945,0.7622338764154514,0.00671358482023242,0.17036393123371738,0.8647239361474717,0.9583682988071893,False
0x096b5077851d14c36a3c4dac4726565559b0a21e,107.0,107.0,0.9198691402738318,0.9252336448598131,0.005364504585981313,0.025409978242936497,802.9422058967285,0.8087629656044603,0.006690168241753922,0.21111803145571548,0.8327951702579659,0.9445527871320162,False
0x0f0a567d58c2059007ada8796e7ecb82361441c4,107.0,107.0,0.9198878388112149,0.9252336448598131,0.005345806048598134,0.0254425688473008,829.8864417362757,0.8083661610356984,0.0066778036438492954,0.2101126690737154,0.8335797376938614,0.9445527871320162,False
0xe564761ead09f0795b126d0d79dd8d62bf3d4bcd,20.0,32.0,0.36193235539901647,0.35,-0.011932355399016475,0.09460623436214795,701.6224567386764,0.23376534115559108,0.006632671056555076,-0.12612652305069044,0.899631772760523,0.9781041738465623,False
0x2d978d3a9d5a5eeac9bad10aedb8593039969283,38.0,51.0,0.6879982365002429,0.6842105263157895,-0.0037877101844534917,0.07059247653587537,515.3799080001719,0.35398434111872285,0.006602973244445292,-0.05365600373190708,0.9572092362099762,0.9957462281228749,False
0x3556e523dad79c0ef92e393eca453f3c01d6af4f,38.0,45.0,0.23769128870524214,0.23684210526315788,-0.0008491834420842403,0.05958266882965423,6138.099968039034,0.4347607046656839,0.0065813012175850675,-0.014252188744885536,0.9886287836069458,0.997326558727525,False
0x9057ad1c2e748aedd3fa4270f99fc4185d8b3655,35.0,58.0,0.742688909076015,0.7428571428571429,0.0001682337811277928,0.05532646678094061,86.99977599940974,0.4714743315023953,0.0065783597997552574,0.003040746877871254,0.9975738387516093,0.9991277057300301,False
0xb31e41965df4ab8014de4c4d8da9deff0a6ac120,37.0,178.0,0.6537524780904023,0.6486486486486487,-0.005103829441753535,0.07390365023555907,137202.9124231151,0.33331084964780344,0.0064968142159184195,-0.0690605866623054,0.944941393378562,0.9951016143418991,False
0x00093a689df7fb09a137f9db7102d9e967c85497,228.0,590.0,0.464567901268844,0.4692982456140351,0.004730344345191024,0.028736460353690454,8267.447186907953,0.7678022188402853,0.006487200326086794,0.16461123906596709,0.8692499844069499,0.9593139551289873,False
0x51426f8a8654ea933d01a1f24f6753c0105c0845,39.0,85.0,0.6424441509127065,0.6410256410256411,-0.0014185098870654078,0.06038783381258575,4060.0903199999684,0.4281754352567103,0.0064240978102798755,-0.023489994548699454,0.9812594194778621,0.9963019753336292,False
0x734a30be2fce7a89545499db4d7553d64790c3c1,79.0,79.0,0.9195949163417724,0.9240506329113924,0.0044557165696202305,0.029883039833150906,325.83021697853206,0.7535607087288128,0.006388005807947252,0.14910519794834454,0.8814706243738892,0.9690165133249192,False
0x38807741f9f8a18dd257286e7539b3175be5ab7d,21.0,25.0,0.6272211884021085,0.6190476190476191,-0.008173569354489521,0.08172940085494813,1640.4995915980537,0.29017144763470665,0.006356705271320627,-0.10000769942013676,0.9203382128394204,0.9859146658556351,False
0x8bf976b961ce1ea932a62e1f73af87c9e5228292,41.0,77.0,0.6344686921057856,0.6341463414634146,-0.000322350642370915,0.0553623002838317,3550.2498179571967,0.4711516650932239,0.006351133531743062,-0.005822565910706134,0.9953542908056228,0.9991277057300301,False
0xf602fafe620e7b494c95e1346e7435aee9cb1edd,27.0,38.0,0.6016800074929327,0.5925925925925926,-0.009087414900340074,0.0841618209894261,160.04175699881372,0.27824038843317295,0.006346666728104239,-0.10797550235375487,0.914015124867763,0.9832114716923822,False
0x521e3d74995e4108033d909b8b6127dd6bd7c074,25.0,101.0,0.4930771361587664,0.48,-0.013077136158766432,0.09435547892997817,381.532479999266,0.23471746150430287,0.00634090218954446,-0.1385943488079909,0.889770709209496,0.9723384148522416,False
0x037305f4c448ab309469116141f13ae0c8013e8c,23.0,24.0,0.45178074050413564,0.43478260869565216,-0.016998131808483502,0.1030364947774348,1090.4907790013533,0.20458338079476318,0.006303344326178117,-0.16497195333750936,0.8689660575496259,0.9593139551289873,False
0x21ffd2b7a212a6f277ed3eca1a9f8efcbca90d71,36.0,102.0,0.8081386104444231,0.8055555555555556,-0.0025830548888677246,0.06357965314958686,20095.550705948557,0.40316111844948993,0.006297671378096999,-0.04062706795191929,0.9675932048616187,0.9963019753336292,False
0x5b6b22ca9a6f2fcfb4a046c13bd159eab602ec86,66.0,70.0,0.3340511532014327,0.3333333333333333,-0.0007178198680992658,0.056491790394873426,3247.7810549766173,0.46110012900410113,0.006295621947991505,-0.012706622733706228,0.9898618547161149,0.9979881639221503,False
0x610b34082d25960c3b1f40895917921894b936a3,52.0,58.0,0.38566099396616416,0.38461538461538464,-0.0010456093507795472,0.05740342160969078,2812.2652505636893,0.45315485833783725,0.006250485236261499,-0.01821510497909115,0.9854672526050527,0.9963924258266997,False
0x313178466b7e7a0c186e0b486946fa50560a91cd,52.0,74.0,0.5217949832285401,0.5192307692307693,-0.002564213997770897,0.0630399078282443,9541.933077180189,0.4072706622705586,0.006244196335216398,-0.0406760429402473,0.9675541607490561,0.9963019753336292,False
0x58b3380f71bd6c706dd398a5e60bde55fa3a653c,39.0,193.0,0.36484623200304706,0.358974358974359,-0.005871873028688063,0.07367501473624946,54270.689869000475,0.33468933043017973,0.00621577213449164,-0.07969965190653695,0.936476136312677,0.9931000164433996,False
0xe4798bd721cf3f9835590c7a3abb3fa573c470df,26.0,74.0,0.47200763634633636,0.46153846153846156,-0.010469174807874784,0.08636439492397417,375.9999289900571,0.26798403675507043,0.006195698586421698,-0.12122095936746512,0.9035160233603363,0.9792357515524439,False
0x9991fe1fbb5b4b5394a98cfc60b8fae47f6436b8,102.0,158.0,0.5476019877192421,0.5490196078431373,0.0014176201238952477,0.04608033646743356,1460.7998169825653,0.562546515723432,0.006176645556843535,0.030764100971726303,0.9754576701345639,0.9963019753336292,False
0x26d61145a64b1b5036c82a147dfeb7d56fa0cacc,299.0,16678.0,0.5071009050505673,0.5117056856187291,0.004604780568161819,0.026052739402402172,59260.41105998288,0.8009161614498748,0.006136087394178853,0.1767484216165475,0.8597060046400495,0.9560939137415643,False
0x919d7fc35bb2b270440203cf470d55a9f1919fa9,59.0,59.0,0.9122033591135592,0.9152542372881356,0.0030508781745762544,0.03689763871354687,58.6897978488065,0.6672960995385899,0.0061269489897101785,0.08268491645933246,0.9341020787208638,0.9921405472076366,False
0xa66a62b9404cfbb573cb2f7a3d3352e77fec6f55,20.0,29.0,0.4117994558435683,0.4,-0.011799455843568335,0.0888833160765136,65.63052799976762,0.25685626588212096,0.006107339327622793,-0.13275220102511687,0.8943893577237985,0.9749070809677414,False
0x272d83eacf863ace931e0860a7d35c2f9820bc2f,35.0,52.0,0.6057080444006863,0.6,-0.0057080444006861976,0.07164016030545295,10644.494653380982,0.34727576786336334,0.006043990137339872,-0.0796766000571292,0.9364944707213447,0.9931000164433996,False
0x767ea8dadf90fb3b1abb215848d3fafc964398ca,26.0,49.0,0.7766863372651331,0.7692307692307693,-0.007455568034363999,0.07624275705771189,1575.6198769969822,0.3196091085595843,0.0059835926238620656,-0.09778723018529502,0.9221012476181736,0.9859146658556351,False
0xee4f4f184f4a8f3b8d9d916d669da837390cdaa3,24.0,28.0,0.34584340353727816,0.3333333333333333,-0.01251007020394483,0.08881857050014574,1937.9759759650183,0.25713455415406195,0.005917910185285486,-0.1408497134495573,0.8879886688450147,0.9712140699538986,False
0x9b6e8946dc2c6b7c1b05b92fc0cd4c2176cde478,22.0,22.0,0.8265908953727273,0.8181818181818182,-0.00840907719090908,0.07831139142280165,250.2698690061293,0.308080166725903,0.005917556374715851,-0.10737999974369807,0.9144875206497904,0.9832114716923822,False
0x680d79396bf9dee75d1f47fa697e8f85f5e905ea,56.0,87.0,0.6432079699915825,0.6428571428571429,-0.000350827134439634,0.05054230083511929,3009.3826568419026,0.5166575409920848,0.005762186846813093,-0.0069412576919304384,0.9944617221284384,0.9991105498127163,False
0x25427f1be766b716f3763105ba6ed939f6fa7821,30.0,35.0,0.6106894931196147,0.6,-0.010689493119614611,0.08285061124886679,14164.24994108875,0.28459083410363883,0.00575493224909374,-0.12902129457446604,0.8973407990238413,0.9764733842542139,False
0x8d191441006b5e569f92023d24cce825cf40bf25,66.0,77.0,0.5307185005706169,0.5303030303030303,-0.00041547026758661474,0.050668868455128274,1461.9106206871386,0.5154082966488531,0.005744668903020017,-0.008199714741104789,0.9934576475180295,0.9988800284401551,False
0xd5bba58c09d18f48a71a3aefc4ff3a66954c0fe1,34.0,68.0,0.6832404087689969,0.6764705882352942,-0.006769820533702877,0.07189296979560622,768.1326633163216,0.34568048745226887,0.0057056772216068025,-0.0941652647393712,0.9249778768558434,0.9873832551370944,False
0xb4d971136695bf308908eae001bddcb4c135b963,20.0,21.0,0.8599,0.85,-0.009900000000000003,0.08005399164905751,103.84227999999999,0.2987774097011608,0.005664721731183491,-0.12366653799600456,0.9015793070432618,0.9781964799598537,False
0xeaf87f6b98ac9b5e3d3cf43769d21cbcabf39f45,47.0,482.0,0.46926329948820755,0.46808510638297873,-0.001178193105228822,0.05299390577779262,49372.71435004934,0.49298102109240927,0.0056537569833618575,-0.022232615013678615,0.9822624009968641,0.9963019753336292,False
0x914a32c8ee18854cd7d62dbd9d3865a6106d9642,32.0,55.0,0.7228349872099524,0.71875,-0.004084987209952363,0.0627585852734755,483.63239999999996,0.4094318220191566,0.0055894269048017056,-0.06509049227530717,0.9481019504454635,0.9957462281228749,False
0x25f332c3163d9906b773da7a4ecf09b68e11d1ab,21.0,21.0,0.4876190209809523,0.47619047619047616,-0.011428544790476195,0.08235603728144912,106.43179743828463,0.28703514767978433,0.00548661334828226,-0.13876996960671517,0.8896319251226521,0.9723384148522416,False
0xb32d53fd55ec4a5c95da8b80d9e3028edce8d18f,23.0,78.0,0.27416472483092424,0.2608695652173913,-0.013295159613533003,0.08610374158021071,139.05955499987232,0.2691715883062052,0.005407988296885961,-0.15440861650765522,0.8772875601462289,0.9655721037378686,False
0x9a81f13da76383d127e3a965f904155d81d49070,24.0,28.0,0.6784445872838104,0.6666666666666666,-0.011777920617143722,0.0821968778620993,351.2110068157974,0.28782755326856496,0.0053672534618427895,-0.14328914824360356,0.8860618258427302,0.9699293076606117,False
0x50e0266852ef6c46c837a76e0e0b0c5b6f3e776e,33.0,77.0,0.521835810230919,0.5151515151515151,-0.0066842950794037195,0.06873496154263388,293.2066956027018,0.3662728713206427,0.005344380870630749,-0.09724738225477418,0.9225299407328653,0.9859146658556351,False
0xd8ace21758ef92937749409c963cc1d535d1b73d,60.0,115.0,0.46974113796661787,0.4666666666666667,-0.003074471299951235,0.05737352803130983,464.21987099562193,0.453413034049144,0.005327128162944477,-0.0535869312110881,0.9572642689342605,0.9957462281228749,False
0x03ac8c92d44724232f833bc3092380f18cf7c3d9,90.0,92.0,0.7227345777798005,0.7222222222222222,-0.0005123555575782319,0.04779505183839303,4227.219454010188,0.5444899862416577,0.005322228828324818,-0.010719845211396226,0.9914469648240662,0.9984153542683587,False
0x0eca22b35c0aacf21e5ecff602489ee239e5c56a,138.0,649.0,0.4619917247981933,0.463768115942029,0.0017763911438358003,0.03715296150146454,12491.46996099165,0.6642271093378703,0.005308775027192856,0.047812908367096826,0.9618653489337783,0.9962976544525123,False
0x5b335d15730525051850b1104944d3add933d653,45.0,699.0,0.4033903140418932,0.4,-0.003390314041893145,0.05779863182946753,5126.239046999422,0.4497566128983284,0.005241278725614295,-0.0586573407463368,0.9532250379518328,0.9957462281228749,False
0x01a1126672f6136053739ac64a1653f12c2078f2,23.0,23.0,0.9172608606826087,0.9130434782608695,-0.0042173824217391475,0.05994661467133228,145.75007364699175,0.43177011998727327,0.005166326966647658,-0.07035230337629036,0.9439132535234278,0.9950827973012817,False
0x0f76e9a901b9b18b0ac0561556079aa4f0a6dcc9,162.0,1986.0,0.5226465036595203,0.5246913580246914,0.002044854365171151,0.03454776948884973,30113.45517600905,0.6958451291547704,0.005162957285973175,0.05918918631870363,0.9528014226104204,0.9957462281228749,False
0xeaac36f714563e13d88db7a4f0a0898388f2d71d,78.0,175.0,0.372596582661879,0.3717948717948718,-0.000801710867007252,0.04753025419481175,21498.648685956818,0.5472444416002274,0.00512859918722389,-0.016867380168456247,0.9865424159182963,0.9969799728265227,False
0x344be5d62f3dc2f412395ebbd45ac89f8bf0f7fc,27.0,748.0,0.4594912479282977,0.4444444444444444,-0.015046803483853184,0.08754577873189753,12519.923981468504,0.2626873266254927,0.00511379698824569,-0.17187354663818694,0.8635369438065601,0.9578760335815564,False
0x1715859d2e79e8f4e273fe30ac83e30199d5d8d7,90.0,90.0,0.9192276459977778,0.9222222222222223,0.0029945762244444453,0.02827184013932368,623.6645921041176,0.7735635616866678,0.005100881856080487,0.10592081059057946,0.9156451824854752,0.9833276827648776,False
0x1a011f16bfbd5940a9ff7a790c250d4b95b31a3c,23.0,41.0,0.5452627247128907,0.5217391304347826,-0.023523594278108226,0.10394670700651058,627.8199400170292,0.20173581813292732,0.0050703432560249995,-0.22630437226486505,0.8209646980228509,0.9426838629567821,False
0x4773906be5973bc5cf2b77436da04ead4d152289,26.0,82.0,0.8865262882694639,0.8846153846153846,-0.0019109036540793272,0.051100329274323994,73846.61959857574,0.5111716907001518,0.00503410150784648,-0.03739513387127008,0.9701699525669543,0.9963019753336292,False
0x06e7489224bfc2df0278e13c3bb6a27b27d13aca,51.0,95.0,0.5531817372658913,0.5490196078431373,-0.004162129422753978,0.05836850474908821,1293.9842122931911,0.4449054180954892,0.004973993910369597,-0.07130779588488595,0.9431527908074004,0.9950827973012817,False
0x7f8b5ba846a67df51683ac2f0e25f0597d71b723,29.0,33.0,0.6302386557443955,0.6206896551724138,-0.009549000571981638,0.07347760360793266,476.8998939993432,0.33588528484993224,0.004958950497309297,-0.12995797498968412,0.8965996757444747,0.9764733842542139,False
0x18263a551af7b65810ae79b6526ea21f78eebba7,91.0,91.0,0.9202747089626375,0.9230769230769231,0.0028022141142857206,0.027943394146794667,635.6280884417968,0.7776310823293353,0.0049134591330313015,0.10028180898730076,0.9201205990105021,0.9859146658556351,False
0x278420412bef3f08cb51b8ce20876b6277c4e60a,22.0,25.0,0.7892159915843259,0.7727272727272727,-0.016488718857053265,0.08798229320687012,1514.5004855899397,0.26076522570702376,0.004790352283825376,-0.18740951452906365,0.8513395632519507,0.9521269443307808,False
0x9644f8279ece7be8422bb2f40712f0c696c7d03b,23.0,71.0,0.5861613997674723,0.5652173913043478,-0.020944008463124573,0.096203275623474,2419.7059379908965,0.2278219542203271,0.004723620399830232,-0.21770577277531025,0.8276583655372813,0.9436115259676855,False
0x711a8f263fdef0a48f822c2c0d7b9bcb7b459240,20.0,35.0,0.05221666604636845,0.05,-0.002216666046368452,0.04976623301397092,117.62782323810858,0.5243813175170594,0.0046860902714066155,-0.04454156788893717,0.9644727184549238,0.9963019753336292,False
0xf4106f4846f28f1640add92fc16fb346365034d5,59.0,69.0,0.9628493186359052,0.9661016949152542,0.0032523762793489697,0.022607392554540345,723.6546055976388,0.8423372445241211,0.004678305504247634,0.1438633965196389,0.8856083402951833,0.9699293076606117,False
0x18a460ad85afd38a627960295c6ad6f2cd533a31,101.0,1748.0,0.4760449962894059,0.4752475247524752,-0.000797471536930714,0.04410683399626054,49730.32695107371,0.5839589146383812,0.004650179065451238,-0.018080452951992093,0.9855746716882168,0.9963924258266997,False
0xc8b426c060ddd7efb148703d988491d39a687ee1,25.0,33.0,0.46015614339341065,0.44,-0.020156143393410673,0.093974338169985,77.80121000000997,0.23617468235777136,0.004632044841048493,-0.2144856115608001,0.8301683862026032,0.944235482631486,False
0xca9357465c5e83b6a7b645dac0da149ccba987be,90.0,90.0,0.9200498839000001,0.9222222222222223,0.002172338322222224,0.0282890855907057,628.6566973698983,0.7733498613289593,0.004466992123371453,0.07679068718063971,0.9387900594161833,0.993491819135961,False
0xe00d2c02141c726f3c9c5ced22945a6ba4bf4251,24.0,28.0,0.6026233075366462,0.5833333333333334,-0.019289974203312788,0.09051610133345943,838.5560740027666,0.24996866470871468,0.004400908127927514,-0.21311097052500003,0.8312404079506024,0.944235482631486,False
0xcf7379b4b891c06d88807f6f70efa75378120215,59.0,1082.0,0.499158251080406,0.4915254237288136,-0.007632827351592524,0.06408681659806778,120091.69708295337,0.3993435026658787,0.004337882166620073,-0.11910136525368704,0.9051950491279668,0.9792357515524439,False
0xc53966c9f6766824ee85ab865747d81e18c15ec2,70.0,74.0,0.4169567260265803,0.4142857142857143,-0.002671011740865932,0.048925368798831845,268.35798393609946,0.5328735048051548,0.004320732546695839,-0.05459359441618978,0.9564622420650646,0.9957462281228749,False
0x8393d411578d419b015b88f0d86154ccaab7cb46,30.0,30.0,0.5152735053099999,0.5,-0.015273505309999996,0.08132439126950812,80.44996299940063,0.29222216682916874,0.004239968137004446,-0.18780964814582837,0.8510258722294588,0.9521269443307808,False
0xeb76f82d4443c35028c662eebf001cd52c8c7ffe,20.0,33.0,0.47858542188238723,0.45,-0.028585421882387285,0.10498035098059828,1003.264599897587,0.19856771381600422,0.004178709672123051,-0.2722930683254263,0.785396685614375,0.9287198772120464,False
0x5e2ff2f8e313d2fa09882018d4cc53ccffddf9ba,91.0,290.0,0.4962080470480524,0.4945054945054945,-0.001702552542557826,0.04402523214391716,2774.1174879867112,0.5848584312219911,0.004109056519565333,-0.038672199092380316,0.969151738733022,0.9963019753336292,False
0x9e86ad1cb29ab0ff1e00c89bf68b8db98d926dfb,20.0,145.0,0.5296455337066869,0.5,-0.029645533706686822,0.10527335794469864,222662.70198246225,0.19768210941041311,0.0040053497841913074,-0.28160528252798755,0.7782461892065284,0.9246203850591264,False
0xe5108b97c470222821e92d5bceafb41d44333535,39.0,39.0,0.7781989147435897,0.7692307692307693,-0.008968145512820524,0.06512960923191159,348.3299370003131,0.3916260141478825,0.003968741572286943,-0.1376969034296984,0.8904799667931278,0.9727013275558986,False
0x53757615de1c42b83f893b79d4241a009dc2aeea,91.0,617.0,0.43967104051311146,0.43956043956043955,-0.00011060095267195636,0.03655170045768694,164929.18820954612,0.6714654741267706,0.003965576242734003,-0.0030258770806023227,0.9975857030786905,0.9991277057300301,False
0xc8cd29b308ef309488958f6e92614ec2fedeed53,20.0,70.0,0.6213447439313633,0.6,-0.021344743931363253,0.09104969610889205,452.0199189923407,0.24777118869874207,0.0039612060173405995,-0.2344296010152053,0.8146514805325322,0.9375401944926703,False
0x5c50e006298ae03ea9e73533f68b205b750ee0c9,22.0,27.0,0.3400351684277622,0.3181818181818182,-0.021853350245944005,0.09195719730554126,51577.14658370253,0.24409275855474533,0.003960806045762322,-0.23764698018506422,0.812154909237625,0.9363198528939808,False
0x725e4c6190ee03f7658bb23842a8f7a0b58ab679,20.0,21.0,0.9097125811202286,0.9,-0.00971258112022857,0.06683595495308575,461.5505059991384,0.37937396144092494,0.003946858247381177,-0.14531970295099597,0.8844584591426228,0.9699293076606117,False
0x71874d312f1bb96811c733f813f77423ba07535a,100.0,157.0,0.4414417430455758,0.44,-0.0014417430455758685,0.04182685690292177,416.41254500008637,0.6094971005116075,0.0039230999133831705,-0.03446931355425746,0.9725029120369546,0.9963019753336292,False
0x023d4f8499200936492f4f4328ff679c540a23ac,104.0,119.0,0.6159738350776227,0.6153846153846154,-0.0005892196930073393,0.038173844089624744,3297.388464894928,0.6520301443822364,0.0038946394509276443,-0.015435167902503252,0.9876850068355105,0.997326558727525,False
0x1f5dc872647a5138c6ca1e1a0a545b8cb5d780a3,26.0,27.0,0.6710896752702659,0.6538461538461539,-0.017243521424112007,0.08277155343973434,54646.87795815228,0.2849797361943914,0.0038782276719482433,-0.20832666184846887,0.8349739151636637,0.9448871115432597,False
0x3ff132f129c42a92c64bd2d7f7269f4b7b9c1be9,24.0,63.0,0.8080763888888889,0.7916666666666666,-0.01640972222222224,0.08083617579242494,260.189,0.29471917813859316,0.0038362604845147644,-0.20299973447976957,0.839135239745838,0.9471027498050401,False
0xbf39c303bb8b7f061e3721fa14bf781a590f3394,58.0,87.0,0.6627432272005954,0.6551724137931034,-0.007570813407491967,0.06023394544729187,5377.731895045213,0.4294253578217992,0.003764999907748194,-0.12569014616711202,0.8999772022248518,0.9781041738465623,False
0xbdbeb91bba92f0e8191128a2481211e6a005e45b,43.0,278.0,0.5017856020587569,0.4883720930232558,-0.013413509035501129,0.07384526206237153,691.9767474132601,0.3336622059964202,0.003718074458038307,-0.18164346175888368,0.8558625386353205,0.9535816553187997,False
0xfd51fe946f44511e4776c3e8cc14abe16652ce69,53.0,262.0,0.5164481237593055,0.5094339622641509,-0.00701416149515442,0.05839372413329235,997.9581320030053,0.44469206149461127,0.003709229456372653,-0.12011841339565112,0.9043893462198387,0.9792357515524439,False
0x1b8ffdb4ff99b4622f099465c486e4f75751cca7,31.0,157.0,0.27364718506242786,0.25806451612903225,-0.015582668933395613,0.07821041671819111,20216.624752003227,0.3086305081457218,0.003692171946171779,-0.19924032612616435,0.842074756037754,0.9483453256861866,False
0x3bba8018d1990c75af113fd9c2d826a7e444a2ea,43.0,112.0,0.8399947792885745,0.8372093023255814,-0.0027854769629933477,0.045177204670901014,4190.6111477914765,0.5722631594896787,0.0036656612597923185,-0.06165669131776749,0.9508362296344315,0.9957462281228749,False
0xb4c9d8ea6632d48e193baf0c76b0c436759ba454,28.0,71.0,0.5546633291201616,0.5357142857142857,-0.018949043405875842,0.0845684562820798,506.3720031995351,0.27630862094128594,0.0036631226022161446,-0.22406750978959486,0.8227047731672694,0.9430296975815438,False
0x8a4d83194b9883eb810233b5a7f19886211b99bd,29.0,30.0,0.8395862068965518,0.8275862068965517,-0.012000000000000014,0.07033564848834382,143.94728,0.35565309745700285,0.003655406224524224,-0.17061049777608406,0.8645300429254583,0.9583682988071893,False
0x6332afa24ee27666fca8cd809859df87c9454576,60.0,212.0,0.49028211781720604,0.48333333333333334,-0.006948784483872653,0.0577801456190377,753.8049770000523,0.44991494760657097,0.0036377859082356735,-0.12026249517763644,0.9042752129450475,0.9792357515524439,False
0x2ecb34e1cb95b3c8d9d3e2905668d3eee03a7645,64.0,330.0,0.42763578535774227,0.421875,-0.005760785357742278,0.05428143148007112,7126.625661610837,0.48098708934800216,0.0036112044137325498,-0.10612810312228578,0.9154807139883299,0.9833276827648776,False
0xa7ccdf4fee269ba6d0e5b6c0a4cef57954f4949e,27.0,52.0,0.6141446156785749,0.5925925925925926,-0.021552023085982294,0.08857531773480837,151.456577,0.2581836805797432,0.003557400230615765,-0.2433186088082501,0.8077585897580544,0.9337216589582996,False
0x18a703d1effbc7c36d3f83be924b19484e4a206c,53.0,122.0,0.3847016601817038,0.37735849056603776,-0.007343169615665969,0.058160043856132985,408.5492069995353,0.44667331441082525,0.0035240109068213066,-0.1262579793411148,0.8995277176353276,0.9781041738465623,False
0xc4fe817476491890086330a639ac417d51bf601f,666.0,7577.0,0.46278970448246315,0.46546546546546547,0.0026757609830023047,0.01620175857143266,134005.62806699166,0.9122991614154428,0.003519512178160787,0.1651525031190301,0.8688239488274045,0.9593139551289873,False
0x06423c0a61eeb1da31e5a2c36b82704970a68c68,45.0,60.0,0.4991330614743366,0.4888888888888889,-0.010244172585447799,0.06522431415102281,744.2593025819912,0.3909338428230387,0.0034846182171556946,-0.15706064094024905,0.8751970565140244,0.9639292038756379,False
0xbac4ab50a9059b89131cf7bad38bb12c031586db,151.0,215.0,0.5040371616599335,0.5033112582781457,-0.0007259033817877641,0.03606742489284965,1436.9851279951763,0.6773228778597744,0.0034761441430253334,-0.020126288027057737,0.9839426295773248,0.9963924258266997,False
0x01956113cdbbf5cd6e2caa5ede24e64f23cc9f64,53.0,58.0,0.7609778592153735,0.7547169811320755,-0.006260878083298122,0.054612210338540176,3332.5298710389834,0.47795457775947225,0.003426941882576867,-0.11464245897551195,0.9087285241604883,0.9801802023462566,False
0x2b85928c0de8e5521e2dc79369d6190abd7abf37,110.0,1442.0,0.4752636887462893,0.4727272727272727,-0.002536416019016585,0.04271168675616684,7795.9782244284515,0.599487687753991,0.0034043691814371335,-0.059384590299524274,0.9526457865570634,0.9957462281228749,False
0xc53c239ace27443411b339839f727ab6d801406b,24.0,67.0,0.5295332759627824,0.5,-0.029533275962782417,0.10051452364271544,234.67220200071588,0.21276670129164862,0.003396555290642438,-0.29382098121222877,0.7688947016907628,0.9244569031843629,False
0x39f6236ccd16aaad79d9afcbb7f1b73cb234c6ef,108.0,675.0,0.32556222994055906,0.32407407407407407,-0.0014881558664849909,0.03845715348466242,1568.9115279999667,0.6486673730052879,0.003354860779608051,-0.038696464289238175,0.9691323923881867,0.9963019753336292,False
0x07cdda5097cb88efc8d968c4bd9c8bf980f6fbeb,37.0,88.0,0.526218382056842,0.5135135135135135,-0.012704868543328616,0.0696089415968293,1335.9442989849877,0.36042731097382946,0.0032853554372221736,-0.18251776642309017,0.8551764129384649,0.9535816553187997,False
0x032eb1bc893940263ad0b01889f262fc232f2a9e,25.0,589.0,0.6226571388944087,0.6,-0.022657138894408534,0.08827587448627243,46962.868370064745,0.25948295923880493,0.003226662782722732,-0.2566628654347898,0.7974390404827505,0.9333331446460276,False
0x272531256c25f583450ed9a5d316caaeda0be7d1,24.0,339.0,0.48211758126880283,0.4583333333333333,-0.02378424793546953,0.09003866344266218,5169.501339996671,0.25195695557192443,0.0032057414049675697,-0.2641559417484652,0.7916597589432763,0.9309396178371093,False
0x9dd9e18b9dcc393705e73966bc79eccbbd9108bd,44.0,906.0,0.4609584231749542,0.45454545454545453,-0.0064129686294995825,0.0537392176386599,22099.958114187248,0.4860011578564103,0.0032037018759330828,-0.11933498311456815,0.9050099689980722,0.9792357515524439,False
0xc060e67e93ae3b707d43086fae4dcb2d14988956,23.0,25.0,0.8016671439555331,0.782608695652174,-0.019058448303359222,0.08168786713059549,1518.7666258303489,0.29038088959185965,0.0031916571373532994,-0.23330818850846263,0.8155221005349333,0.9376868021754762,False
0xac8d8de1f0d290708466050d2bc49b7fba9c6f02,56.0,107.0,0.8773566358517632,0.875,-0.0023566358517630517,0.04031488583669002,6153.639713973565,0.6268752001880379,0.003110830890191027,-0.058455724302667135,0.9533856290402409,0.9957462281228749,False
0x6683015d89998282a0d9be2570bf1e1471d38b7e,62.0,104.0,0.7641488850663276,0.7580645161290323,-0.006084368937295511,0.05174921255188925,200.8194130002679,0.5048642594956064,0.0030166805796229944,-0.11757413566814523,0.906405099520653,0.9796688847963182,False
0x3515d62f7c58731af445bbbfcdb87e4ea865dc2d,32.0,34.0,0.6176065224386318,0.59375,-0.02385652243863183,0.08887313415354915,131.5599630004487,0.25690000314568134,0.0030088249880996076,-0.2684334547875188,0.7883656909241494,0.9288237171737694,False
0x61d1ae81cf47c45f82cbde82947ab921644ac67a,36.0,39.0,0.9718333333333332,0.9722222222222222,0.0003888888888889108,0.02775031181800437,203.18461000000002,0.7800198287973557,0.003008338044464128,0.014013856544725388,0.9888189261986355,0.997326558727525,False
0xc7f7edb333f5cbd8a3146805e21602984b852abf,97.0,256.0,0.6425301406629857,0.6391752577319587,-0.003354882931026976,0.04301768323906345,4868.049747023686,0.5960548386748517,0.002967437349257831,-0.07798846145160318,0.9378372314642958,0.9932242412728115,False
0x0825fcd6786c3f878116224a8c23af38c38df380,31.0,37.0,0.3751612903225808,0.3548387096774194,-0.02032258064516129,0.08253703485580736,64.527,0.2861374561786706,0.0029629943689061487,-0.24622377918791175,0.8055090089594612,0.9333331446460276,False
0x3ec3f4fd481c6e93733f817e8e119e8f473ae330,36.0,79.0,0.4884026554453308,0.4722222222222222,-0.016180433223108463,0.07462771830657004,5238.777640042682,0.3289919367839266,0.0029278516040881462,-0.21681532800774345,0.8283522660655693,0.9436115259676855,False
0x6712720bc08e328a76de66436cbbdda677f0a95b,21.0,24.0,0.46416805143980977,0.42857142857142855,-0.03559662286838123,0.10553690469676583,2952.290635744305,0.19689018630898855,0.0028668536347857335,-0.3372907607121823,0.7358977239464934,0.9147616552517553,False
0x55a83bfe28bbe3b733e487a54c31416a326ae802,25.0,31.0,0.47400635298306837,0.44,-0.03400635298306837,0.10312419482304096,1534.9799690169227,0.2043066225097518,0.0028365596487778585,-0.3297611490826434,0.741580445306133,0.9165048023494549,False
0xac5083df7afcd9a461ebecfe70f83f59dc02d728,25.0,25.0,0.47247408696,0.44,-0.032474086959999995,0.10060354505704554,435.673978830587,0.21247029349995958,0.002784119001041259,-0.3227926703933357,0.7468522643043145,0.9178537286769258,False
0xf0b3fee1bb052e25a73cd91cb23ce41c72a2145d,42.0,56.0,0.5112433564762432,0.5,-0.01124335647624322,0.06335378260089401,5448.419943015122,0.40487498652026305,0.0027658302112799245,-0.1774693793277082,0.8591397151989133,0.9558763267894725,False
0xec71a9bbbb2e1f569e5a538259f2ca7eb01c35dc,22.0,124.0,0.3930087567775319,0.36363636363636365,-0.029372393141168317,0.09555435922962044,123.96565841404977,0.23021200489030064,0.0027038584479794226,-0.30738935803635536,0.7585470274094843,0.9226342450062485,False
0x9f2c955bdf958f6eecb5b5b04583a2203608d0df,33.0,33.0,0.6543246311727273,0.6363636363636364,-0.017960994809090917,0.07642253632002453,386.2139458504225,0.31858565666230143,0.0026569296781848058,-0.23502222870329817,0.8141914803606707,0.9375401944926703,False
0x2005d16a84ceefa912d4e380cd32e7ff827875ea,1009.0,67084.0,0.46503071422872005,0.466798810703667,0.0017680964749468894,0.015339446747014943,12212501.035650734,0.9206652762984017,0.0026033683635124875,0.11526468353827435,0.9082353301975468,0.9800581240918297,False
0xe9d31c24fc8d6a4beb58ee1808fdbefd0e72079f,43.0,47.0,0.6660591379517161,0.6511627906976745,-0.014896347254041717,0.06999578106532907,31814.54831275601,0.35787623380533784,0.002564857835772396,-0.2128177874054799,0.8314690892036078,0.944235482631486,False
0xb6d06e00a92493ee49a010da57a697da12291d16,29.0,34.0,0.6146210045588897,0.5862068965517241,-0.02841410800716548,0.09294502995502067,68.1999549990393,0.24017133508024693,0.002519016312481307,-0.3057087401113976,0.7598264180714511,0.9226342450062485,False
0xf4c57e13a5a29854bbe97f1a7e1dff562d23c8c1,23.0,56.0,0.5842186252797936,0.5652173913043478,-0.019001233975445685,0.07731231608715779,3230.4213589991095,0.3135810148556414,0.002482158594460439,-0.24577240648210186,0.8058584184310393,0.9333331446460276,False
0x58c5b953edba26f39e31afb0535b28a8897317e8,21.0,61.0,0.3164622539120246,0.2857142857142857,-0.030747968197738833,0.09549291254388939,1404.059606993897,0.23044007450833776,0.002377367409685964,-0.3219921497693014,0.7474586416569753,0.9178537286769258,False
0x94c183d41f8890de234cf65c615ac1883af2e5ad,20.0,20.0,0.71190776778,0.7,-0.011907767780000012,0.06267257935146135,823.6978306970095,0.4100951712320545,0.0023704756881284574,-0.18999964423392374,0.8493094093129645,0.9519204548536008,False
0x8bfa1eedbf96cc9ca03fccf627909d148692a8de,27.0,30.0,0.542725546543946,0.5185185185185185,-0.024207028025427575,0.08541776071040001,11559.570011155924,0.27233021116621436,0.0023555223115470317,-0.28339572267059276,0.7768735068682104,0.9246203850591264,False
0x8afaebae4eebe80c080b822412647244570e28f0,24.0,25.0,0.44822371862446087,0.4166666666666667,-0.03155705195779416,0.09647265590016413,910.9269339946267,0.22683964110144453,0.0023488140583844772,-0.3271087715305708,0.7435856177249736,0.9169483232141901,False
0x46992d0e547e3822a9c28723f51bfa804ae4e03c,32.0,295.0,0.93939200823058,0.9375,-0.0018920082305800417,0.03404505585928533,296080.68893380795,0.7020139168375155,0.0023359844262063507,-0.055573656227796205,0.9556814513469956,0.9957462281228749,False
0x8e62319a1be9bc75972881c074596ad2cbcefd00,65.0,83.0,0.5003290631045132,0.49230769230769234,-0.008021370796820968,0.053113446319142735,1284.1498192061918,0.4918546801754615,0.0023030851620924313,-0.1510233538344125,0.8799572934934421,0.9677653986863911,False
0x1040fa63481a4f29934b8c226c76f99bde0dac10,150.0,151.0,0.9521345121153333,0.9533333333333334,0.0011988212180000198,0.017232420730204857,748.3403000000571,0.9019154583082579,0.0022873367816983754,0.06956777789778165,0.944537684293733,0.9950827973012817,False
0xbb735325a1f1833d334c41595cf8e8295b337e32,22.0,23.0,0.8767206168179794,0.8636363636363636,-0.013084253181615747,0.06461961223115374,9633.317836252962,0.3953783260540662,0.0022615300451588674,-0.20248114666506312,0.8395405959389712,0.947145755435961,False
0x14c36af6945f7e73e43ae5992cc410c62711721b,73.0,80.0,0.5300547988820006,0.5205479452054794,-0.009506853676521055,0.056307264392224596,209.96754999995505,0.46272651949341226,0.0022075364780211465,-0.16883884839970748,0.8659234003551508,0.9584619955004009,False
0x5df52b96990dc5079f30870ef32358f13afcc44c,230.0,6816.0,0.48816886165670437,0.48695652173913045,-0.0012123399175739727,0.030387705410842642,31405.60658850141,0.7472879493636334,0.0022015191551165523,-0.039895737476163554,0.9681762494006068,0.9963019753336292,False
0x775d9de0c72c76a459fadfbb4cd79d5715236beb,269.0,4251.0,0.4763344607178736,0.4758364312267658,-0.0004980294911078075,0.02681807525660503,52202.89815854827,0.7915219519563345,0.002169359301579868,-0.018570664984063227,0.9851836047509801,0.9963924258266997,False
0x00180fcad46b7b5a7f7819f5fbdcb56099ce328f,25.0,27.0,0.34703465627073465,0.32,-0.027034656270734606,0.0887288938284797,182.9599790004362,0.2575206620072918,0.0021679511354169394,-0.30468830506322814,0.760603557572338,0.9226342450062485,False
0x5d7b9982a5cf8fb58f4d3edc657f92519a48435c,38.0,40.0,0.38168769474705017,0.3684210526315789,-0.013266642115471197,0.06425293185281206,176.57994899724997,0.3981022673264814,0.00211978478190023,-0.20647528031657558,0.8364196721692239,0.9461080414580826,False
0x7bf93a1cb1262e1abb19af44877ad64b18c6be26,36.0,37.0,0.6858240106585579,0.6666666666666666,-0.019157343991891115,0.0751522822247268,4492.273491616577,0.32590680948343514,0.0020455112292504986,-0.25491366895026796,0.7987897786589337,0.9333331446460276,False
0x198fa74120438fb7cabccb61aa824c6720dfc419,22.0,316.0,0.4765126737411084,0.45454545454545453,-0.02196721919565384,0.07962849477921345,69293.02205088414,0.3010152654681398,0.001982631865889829,-0.2758713354630465,0.7826468908694284,0.9276102346584307,False
0x65ecf6ef1bf9759c60649a10856199453fe1a2f9,39.0,40.0,0.5346409597051347,0.5128205128205128,-0.021820446884622032,0.07910131771495467,421.60995600123414,0.3038178516564575,0.0019311967500229513,-0.2758544043887239,0.7826598955474002,0.9276102346584307,False
0x5e9cbc9a955ac7396a28f6c67a7d0566eaff5ea3,28.0,29.0,0.56729980075,0.5357142857142857,-0.0315855150357143,0.09343496838192539,111.58277099984475,0.23825773515154045,0.001841307967359724,-0.3380481160608429,0.7353269285265442,0.9147616552517553,False
0x8ab08a84e5a64bd46b62ad402a090971147350e3,45.0,45.0,0.957403142186667,0.9555555555555556,-0.0018475866311110942,0.031024535976696785,4730.954969010648,0.7393743625217153,0.0018387377884824547,-0.0595524339992984,0.9525121032554216,0.9957462281228749,False
0xe89140cc9106b53920550459fcdc7b63d1844b25,24.0,55.0,0.4353733825949919,0.4166666666666667,-0.018706715928325207,0.07318420956828595,2430.870612062237,0.33767258410210205,0.0018275965536766348,-0.2556113680625401,0.7982509395159754,0.9333331446460276,False
0x1ab74d8e89521957c3aac19d15be6543cfc09451,44.0,83.0,0.5116718453150542,0.5,-0.011671845315054179,0.05909688673077105,126.76631068176717,0.4387884784936846,0.0017794938431759128,-0.19750355662943556,0.8434334984696941,0.9490466808696949,False
0x80316a4e38c8826f7e84c90083edd98cf2d9c84c,39.0,41.0,0.4539309130140685,0.4358974358974359,-0.01803347711663267,0.07168927403275813,179.96300640000004,0.346965139747746,0.0017730873855851207,-0.25155056122331976,0.8013884763188059,0.9333331446460276,False
0x31dd284d8d41e69d79915f1abcd0e187f5187159,34.0,65.0,0.3458718237983403,0.3235294117647059,-0.022342412033634407,0.07905971041792238,873.7909938131071,0.3040404673722028,0.0017649032426610336,-0.28260174386585546,0.7774821433918908,0.9246203850591264,False
0x38abd798e4f62e69f45aaa76124241aac8c975ff,54.0,85.0,0.528488186789229,0.5185185185185185,-0.009969668270710516,0.05487543108827326,130.64953160724048,0.4755556599953211,0.0017077234592033346,-0.1816781767905056,0.8558352933333422,0.9535816553187997,False
0x476e06a3772eabc6f6ca95f8d8282101a2cdcfb9,20.0,32.0,0.6001765147689665,0.55,-0.05017651476896653,0.115622396602755,765.2895639988557,0.16961148022753803,0.001700400352344228,-0.43396881783516794,0.6643110847987728,0.8792554005096871,False
0x10be7efb5618e58e826f5dbd51343709565b1c36,54.0,54.0,0.5694967364833333,0.5555555555555556,-0.013941180927777776,0.06331914537077142,430.77370998873306,0.4051385551042547,0.0016666331314518466,-0.22017323269516406,0.8257362423497976,0.9436115259676855,False
0xcdadaae674be530e76f67a5574e8d0536239a2fa,21.0,40.0,0.7318435712458149,0.7142857142857143,-0.017557856960100635,0.07004013201445324,84.63979399930778,0.3575851642020278,0.0016210564760920226,-0.2506828079147175,0.8020593536403153,0.9333331446460276,False
0x48de48b1ee7db2de50d5a4eefe267c0d486295ba,35.0,39.0,0.5079314494547783,0.4857142857142857,-0.0222171637404925,0.07786539306464176,23281.276941829212,0.31052048170971897,0.0015793344374996701,-0.2853278313518357,0.7753929923397607,0.9246203850591264,False
0xee9dbe91dd9d329970dedecd26dece3b5b905f41,42.0,58.0,0.565252838965099,0.5476190476190477,-0.017633791346051465,0.06912730564027474,220.77401599943423,0.3636345686741654,0.0014128427302241946,-0.25509154714946275,0.7986523926533506,0.9333331446460276,False
0x3e5e0f176663e11d3a156205fde9f9a73069b4af,23.0,26.0,0.8478789835702555,0.8260869565217391,-0.021792027048516238,0.07534095057471323,15379.609830903571,0.3248060922101579,0.0012243719649724875,-0.2892454486210096,0.7723935545029308,0.9246203850591264,False
0x90e048187a50d43f1c8438abd37fe639a393ff4c,38.0,152.0,0.47022463240934637,0.4473684210526316,-0.022856211356714878,0.07679391073996837,2471.1852870052026,0.3164845972695605,0.001171241937620691,-0.297630517009457,0.7659851803500624,0.9242219028767885,False
0x314538eb01c25a28df4e6e184d8586441404d692,27.0,52.0,0.3474036722527987,0.3333333333333333,-0.014070338919465334,0.06112646502748163,541.9584536091231,0.42223291010367797,0.001163581303441968,-0.23018407678473635,0.8179487345591783,0.9396391030860225,False
0x42477970683d4d0a52ec7082fee5d760cc5591c4,30.0,35.0,0.5111400928991088,0.5,-0.01114009289910886,0.05462886014797103,9656.90994513446,0.47780246264048015,0.0010984638930911523,-0.20392321693943696,0.8384135017882537,0.9467024610822707,False
0xabbc4196b553cc7a43c5e35875ae418d7f6504a3,21.0,21.0,0.519273729952381,0.47619047619047616,-0.04308325376190476,0.10328726495021874,434.0935839962175,0.2037933796821816,0.001010511994464107,-0.41712067584197876,0.6765901424243619,0.8889077826349614,False
0xdb3c6ee33836e7cbee7b700bf5c49ee350188e0b,65.0,99.0,0.36377709878230957,0.35384615384615387,-0.009930944936155706,0.05069765284987865,392.8131819984182,0.5151245978506122,0.0008466202256640579,-0.1958856944632591,0.844699634519037,0.950008708165182,False
0x881601468f3fe084f9905e0d2504deba973bee50,25.0,33.0,0.26600053181542654,0.24,-0.02600053181542652,0.07982023747594871,47.02259552856972,0.30000415675617326,0.0008072657091984202,-0.3257385925876373,0.7446221426645603,0.9170871566054923,False
0xa1a84a33405d4895b9cbb5b6d47b79cdb04b6764,31.0,69.0,0.47113355104375726,0.45161290322580644,-0.019520647817950845,0.06935080126158766,654.0141530517748,0.36214199305126893,0.0007742060635845243,-0.2814768894207864,0.7783446514010715,0.9246203850591264,False
0x083d6a36c1b5e0178aa18d6d19814c73cf7d10a1,36.0,37.0,0.6683627169858997,0.6388888888888888,-0.029473828097010782,0.08455063530125911,358.8499400010122,0.27639291320874193,0.0007515129386891761,-0.3485938099931919,0.7273942754916181,0.9135213552463514,False
0xfb7733abe6c47124d4e2be5c2dbf1d5766c61c78,107.0,170.0,0.400651976946705,0.3925233644859813,-0.00812861246072369,0.045323702449659165,3945.22270604888,0.5706774900335927,0.0006403692132730798,-0.17934572908627897,0.8576662422725894,0.9546487867160156,False
0x300aa96eccc7df19a11d0c3a2058a4a652aa40d3,26.0,50.0,0.7914039714518663,0.7692307692307693,-0.022173202221097126,0.07310467654018864,2268.4667683118423,0.3381591233943981,0.0006402882809759935,-0.30330757580067547,0.7616554733081631,0.9226342450062485,False
0x370ca04b815ecc279b5a7bbdaaffb8f55ca06929,25.0,42.0,0.42154471624407625,0.4,-0.021544716244076313,0.07206581658611803,4488.987921908912,0.34459499829543405,0.0006350183970900477,-0.2989588859834893,0.764971415910296,0.923630922011504,False
0x1d7e95e52b59a5339654a5eac337ce84bfab3fd4,193.0,324.0,0.9892458860103628,0.9896373056994818,0.00039141968911918164,0.007316987448011797,14346.146360000004,0.9807702316095787,0.0006203525724212278,0.0534946508929081,0.9573377925178661,0.9957462281228749,False
0xe96646fefed35e6b25ddd4a606763f659904ed27,28.0,28.0,0.9066071341642855,0.8928571428571429,-0.01374999130714286,0.057735109961931375,139.99982199961923,0.45030093335895405,0.0005677677031449731,-0.2381564929244813,0.8117597199437396,0.9362827896846622,False
0x78036bf6e17cdcdfe39546b0ea52cd4c3dbf132f,20.0,34.0,0.34004770536914947,0.3,-0.04004770536914951,0.09710487348138223,1043.0599749823332,0.2245566275041374,0.000542299930775935,-0.4124170490457186,0.680033768987002,0.8911621393381495,False
0x3b9e5de41d52ace48bb2baf8945c37392f28cb21,25.0,247.0,0.48052434682941153,0.44,-0.04052434682941147,0.09766140397506212,2970.5848570725025,0.22257262365954117,0.0005400637927436922,-0.4149474119761721,0.6781804007069998,0.8900902053045051,False
0x0ff79e725980b3b78acbd608e229036d89905131,21.0,77.0,0.8784238107032865,0.8571428571428571,-0.021280953560429312,0.07118528436506873,1351.149617008517,0.3501690645207849,0.0005387464744998193,-0.2989515845900318,0.7649769869781204,0.923630922011504,False
0xb897a03b6d595be9ccfde4d15d5c99933d7ce44e,23.0,26.0,0.38712985477387646,0.34782608695652173,-0.039303767817354764,0.09606828872023623,2812.648176994469,0.22831635762416577,0.0005153527723581932,-0.4091232220427348,0.6824492352330087,0.8927146974516578,False
0xabe0fa58c2c1e363d915c51fdaa322054eee5adb,35.0,36.0,0.7341128856874031,0.7142857142857143,-0.019827171401688895,0.06809643624064679,12505.573567355797,0.3706163263803618,0.00039097388583701764,-0.2911631282967793,0.7709265608163587,0.9246203850591264,False
0xd072f1416328f999d530d99d9c1bf708aad295e8,44.0,55.0,0.4962914955200235,0.4772727272727273,-0.019018768247296244,0.06657297369589489,9028.57350709131,0.3812322321568926,0.0003581408336869509,-0.2856830210735953,0.7751209101898191,0.9246203850591264,False
0x98d2b27dc5fa134deb583922eedee2055b2a0b8d,27.0,47.0,0.6192376553255086,0.5925925925925926,-0.02664506273291593,0.07851812841301761,63.25313184117439,0.3069572957387255,0.0003431373147653703,-0.33934918306710954,0.7343466956445166,0.9147616552517553,False
0x8bf8a7f8e356463999f2eedf64640cacac85093b,55.0,61.0,0.6153779050412148,0.6,-0.015377905041214786,0.05952436977845065,288.25992000019306,0.4352419007156176,0.0002514671391868357,-0.25834637306453234,0.7961396000774836,0.9333331446460276,False
0x6d3c5bd13984b2de47c3a88ddc455309aab3d294,206.0,1180.0,0.6148890814305339,0.6116504854368932,-0.0032385959936406246,0.028033961875994804,118488.08951832162,0.7765099711935124,0.00023335405494049992,-0.11552402075618863,0.9080297821261116,0.9800581240918297,False
0xc5938b5aee1633a30cf05e6ecc3e60d5be98ea8c,51.0,296.0,0.5598575744206576,0.5490196078431373,-0.010837966577520407,0.04990318479246973,1486.7583800027999,0.5230103434368915,0.000196958161669529,-0.21717985781051452,0.8280681812113624,0.9436115259676855,False
0x435091cfec955d27871517b2525986c389614bba,23.0,99.0,0.6410766231228658,0.6086956521739131,-0.03238097094895278,0.08564239868127388,1984.6809640207873,0.271290519321428,0.00017596156247507572,-0.378095095975319,0.7053599512372628,0.9017403538128657,False
0x3e856790872025b26922999651992ea70bfe788b,25.0,98.0,0.41688288120735734,0.4,-0.016882881207357377,0.06194866244405149,2940.0003819878257,0.4157278729164388,0.00016584666838865766,-0.2725301974454256,0.7852143754567846,0.9287198772120464,False
0xbe0a86f399d6e690d37e9471ea0b9375a89fb267,99.0,177.0,0.4831251385327534,0.47474747474747475,-0.008377663785278662,0.04376308115214374,882.6987349989167,0.5877556275010622,0.0001451641769591016,-0.19143222014358285,0.8481869787933807,0.9510757470904908,False
0x86b1d13d442471814d47218b1486cb364cc0c094,70.0,446.0,0.23709415270191547,0.22857142857142856,-0.008522724130486863,0.04402510842278741,13328.12296300072,0.5848597958667083,0.00012019325307298552,-0.19358780559130886,0.8464986472910385,0.950008708165182,False
0x65228958f3c7e09f09ce2dab06813d6051333a5a,103.0,173.0,0.5506079759735591,0.5436893203883495,-0.006918655585209633,0.03967618222299698,524.556400997703,0.6343151360307733,0.0001080539656599707,-0.17437805750371477,0.8615683576966469,0.9561832107344614,False
0xcbb7244517a086614f4df129514f35eb85ea0ace,22.0,25.0,0.4059197133020788,0.36363636363636365,-0.042283349665715224,0.09738591992686856,999.1225839821492,0.22355172666563936,9.511857338340667e-05,-0.43418339835437897,0.6641552677334661,0.8792554005096871,False
0x1eb6ee318ddf0e85ee276f11239dc62264ae2ea0,36.0,167.0,0.4113987973699996,0.3888888888888889,-0.02250990848111074,0.07088973871273554,357.504479999829,0.35206483121145776,4.241955647965416e-05,-0.3175340873003778,0.7508383787575581,0.9184793950687118,False
0xf148f9acb3d2b140792640b92dffea6bb2550b4f,44.0,212.0,0.45592775210306846,0.4318181818181818,-0.02410957028488666,0.07276261084676068,105480.29021816471,0.3402616607023974,-9.105747051682198e-05,-0.3313455908785603,0.7403834578404873,0.9165048023494549,False
0x56280cd4cf8f902b3971338ddb04038e9dbfabbc,25.0,591.0,0.4838966618747193,0.44,-0.04389666187471927,0.09820083143975569,6432.390341392016,0.22067222229694702,-0.00010373155978726442,-0.4470090653117232,0.6548685145278417,0.8751899478901459,False
0xf5043e2823a68af8705560694748b7373c5c560b,28.0,50.0,0.5966720859635284,0.5714285714285714,-0.025243514534956872,0.07432186204207775,203.3423839123084,0.33080770198338494,-0.00012199301125660408,-0.3396512660119456,0.7341191661049524,0.9147616552517553,False
0x893575c7d99542163c6b6e8a0fe5af0b6d217daa,445.0,12788.0,0.517028367835358,0.5146067415730337,-0.002421626262324211,0.022341933542301063,49961.86993201337,0.8454492213127439,-0.0001469207825620933,-0.1083892876925459,0.9136868982561062,0.9832114716923822,False
0x95b8852c39a5924e2986e1f49ecb9335cb1d47c9,20.0,53.0,0.4553541041890222,0.4,-0.05535410418902217,0.10998506456073084,55421.71587722793,0.184160035421384,-0.00016199751804514204,-0.503287463712467,0.6147621790605944,0.8579336858562526,False
0xff7b248e51e4ea1675728dff2a50c8c94e69b79f,26.0,28.0,0.764519221126923,0.7307692307692307,-0.03374999035769232,0.0854435557992101,252.11063199991193,0.27221055813026634,-0.00023780502729594394,-0.3949974932808722,0.6928447379462785,0.8966575444850532,False
0x4ccc0117ef9506fd57db87537ad785a385bf77ab,31.0,74.0,0.7036118734761581,0.6774193548387096,-0.026192518637448394,0.0751847618276464,56556.74220099048,0.32571698478602856,-0.00023999391798464574,-0.34837536225082605,0.7275583030926738,0.9135213552463514,False
0x45d5d8145d37ba26277ad6c442bf58cc6607a7a0,76.0,208.0,0.4060724343274491,0.39473684210526316,-0.011335592222185924,0.04906288697767378,1194.3764110001605,0.5314759012348999,-0.00026336445681617374,-0.23104209557305955,0.8172820990606229,0.9392916815852702,False
0xf051bb9e3ce283a4ce81b3e9dbc7fb5f6377acd4,25.0,44.0,0.4339660285370337,0.4,-0.03396602853703373,0.08555723684616848,7978.538452109953,0.27168405922884625,-0.0002722557043124043,-0.3969977267744691,0.6913691369325097,0.8964509824781007,False
0x0b0abd302cffb8f7eeae4e8f25cf6170b1a2bd3b,37.0,42.0,0.9014728144946879,0.8918918918918919,-0.009580922602795939,0.04491805233536655,6952.612842345401,0.5750771401352202,-0.0002846847144298472,-0.2132978191321161,0.8310946744973753,0.944235482631486,False
0x4f72b7e4dcd997a499039512c3ea101b295d6e6a,30.0,90.0,0.4247813861714116,0.4,-0.024781386171411575,0.07253754421021678,92.09802900188431,0.34165391567004405,-0.00037127259947382016,-0.34163530680876236,0.7326253632059261,0.9147616552517553,False
0xf7a35f7587287d4504a9616d995992026c40ad9e,22.0,24.0,0.5471454242006236,0.5,-0.04714542420062375,0.10033650206668608,2200.9125784766093,0.2133611410362509,-0.00038605806407414,-0.4698731092826991,0.6384456774237686,0.8647854002499471,False
0xd1ed12197b7dc22dede923727e9b714024dbd7cb,42.0,300.0,0.5691552782131831,0.5476190476190477,-0.021536230594135577,0.06712676056441437,75667.26479608491,0.37733166091446063,-0.00046962978822260616,-0.3208292849685419,0.748339765394727,0.9178537286769258,False
0xa36c991bcb95a6994a2b1e55dbc77baa7a415754,32.0,37.0,0.4605430982351504,0.4375,-0.02304309823515034,0.0692819648454892,6731.18996004502,0.36260090997603556,-0.0005176391132512281,-0.33259879806440895,0.7394371507718607,0.9163903949258186,False
0x718d2281d88477f1f011f0092c6fd8ca4c1d2b46,27.0,60.0,0.5083901776461635,0.48148148148148145,-0.02690869616468193,0.07486057227646287,2929.1419357590485,0.32761793939154116,-0.0005477924944777245,-0.35945084770801805,0.7192578418713655,0.9087421102602024,False
0x1646a64b423bc388d3905050ed0d96e09cb92f81,20.0,34.0,0.5313246988512603,0.5,-0.03132469885126038,0.08084132301331177,2224.6108115948327,0.29469270884604903,-0.0005583145459756682,-0.3874837482076126,0.6983981141238775,0.8976525027060983,False
0xcfaa77e8c04bfb48016896da941677afee3b28f7,84.0,379.0,0.41387810551462034,0.40476190476190477,-0.009116200752715572,0.04245645250977815,3826.824831001935,0.6023624133468561,-0.0006016865348121743,-0.214718852231378,0.8299865234260648,0.944235482631486,False
0x0665144f927e58ef066a2141c6fc2641160a41d9,73.0,116.0,0.49361397756895076,0.4794520547945205,-0.014161922774430246,0.05293396612149999,324.6769230003675,0.4935467718825016,-0.0007619442279774482,-0.2675394234001701,0.789053864525826,0.9292100075854363,False
0xee8474425f2a4b3ec975bfbca46c9307d417becb,57.0,60.0,0.5230259480182424,0.5087719298245614,-0.014254018193680995,0.05293834452950411,539.6939050087016,0.4935054232621103,-0.0008062997955211645,-0.26925696903379376,0.7877319434329164,0.9288237171737694,False
0xc28763ead2d1dceea0cb72c274e029a1b4db6d47,32.0,238.0,0.398615758845677,0.375,-0.02361575884567699,0.06866475365153328,1968.670778,0.3667474254371736,-0.0008741973123244824,-0.34392839979481454,0.7309001333184275,0.9147616552517553,False
0x3ee8d379cd0b4e3ad84b5c5791ac17eb59f48e7d,20.0,25.0,0.3887683868242598,0.35,-0.038768386824259767,0.08825138457448753,40.87100841038881,0.259589603451816,-0.0009593772870607337,-0.43929494150358367,0.6604478390472313,0.8777747404498496,False
0x09c43ba5d59b094d879419bced81439cfc5b9b44,32.0,171.0,0.7407260140300356,0.71875,-0.021976014030035622,0.06554516601548611,4043.9410600030296,0.3885995321035837,-0.001021752830418353,-0.335280469422313,0.7374135251137648,0.9147616552517553,False
0x7dbd29d5755057480c465a8ed1178feddc10e1e3,39.0,48.0,0.5424419413425837,0.5128205128205128,-0.029621428522070916,0.07642318460093067,16484.359933329844,0.31858197362522767,-0.0010577628677661283,-0.38759741139745946,0.6983139848663105,0.8976525027060983,False
0xb1d2b4eb9611219fedf0a1a764c0078a1f16c938,31.0,41.0,0.6403437143495083,0.6129032258064516,-0.027440488543056966,0.07327322688713435,1147.5689420024323,0.33712905840176827,-0.0010999609128272917,-0.37449542907840866,0.7080357566774149,0.9017403538128657,False
0xdb4c18595872d4a9cadd5f1cfa06f5d7d114019b,27.0,30.0,0.6034378717303381,0.5555555555555556,-0.04788231617478243,0.09730816389637306,30.96098140968533,0.22382913764407647,-0.0011732343351886707,-0.49206884867105316,0.6226706731613016,0.8605601052859656,False
0x2d337b474eb0fc2609d937a79e79c6d870df28f8,45.0,123.0,0.09692831327381912,0.08888888888888889,-0.008039424384930213,0.03673632622636846,127.99994600041398,0.6692387200852161,-0.001313071731088196,-0.21884127267902215,0.8267736950830362,0.9436115259676855,False
0x36bfcd8ab96dce2ddea30145ab749b59c6362864,46.0,281.0,0.21135601723384992,0.1956521739130435,-0.015703843320806477,0.05360654302685806,1154.8488730003191,0.4872362283827466,-0.0013462564410788042,-0.29294639113248744,0.7695631285102766,0.9244569031843629,False
0xc27efad29f16e8eac0e2f298f76623ca4295d4fb,27.0,35.0,0.7402943701392473,0.7037037037037037,-0.036590666435543595,0.0835668288725854,421.69988000052683,0.28109889989235337,-0.0014455933283499482,-0.43786113376796304,0.6614869514482975,0.8779270051380971,False
0x3a0b62925ef9bdbfbae2cc09f317d6a5cc97d29d,25.0,76.0,0.5495353062596259,0.52,-0.029535306259625863,0.0742497545920829,3171.3559110078845,0.33123760787436707,-0.0015597345301818152,-0.39778321722258125,0.6907899893544704,0.8961505948416395,False
0x9cf76ff4b0435ee1031e68d211eb704e65dce5a5,22.0,22.0,0.36541775477727273,0.3181818181818182,-0.047235936595454546,0.094774993774611,1866.7767395207095,0.2331274880169405,-0.0015821096629231087,-0.4984008409200069,0.6182015441899036,0.858557771925558,False
0x14de3cb526412d0eedb8156a03f065b4bdca489c,46.0,62.0,0.762239963622134,0.7391304347826086,-0.023109528839525332,0.06491066395696478,1042.9424032187076,0.3932317559863535,-0.0016262450353445312,-0.35602052776484855,0.7218251921405805,0.9089781106106236,False
0x6804b57400dfb0ac39c9c72c82f0c6e5662e29e2,25.0,85.0,0.5514825127353119,0.52,-0.03148251273531202,0.07629972065639795,1016.2473031596782,0.31928437499055873,-0.0016814212223849826,-0.4126163564489029,0.6798877156315251,0.8911621393381495,False
0x0c87de0bda12fb870500c56219ba0677792b98b1,30.0,99.0,0.07293850022232366,0.06666666666666667,-0.006271833555656994,0.029797551842851995,520.590921641064,0.754623208362806,-0.0017155833672705262,-0.2104815049482502,0.8332918852589137,0.9445527871320162,False
0x9bd997839c6e72331c86a8b0820a22781462084f,23.0,147.0,0.4772848696000912,0.43478260869565216,-0.04250226090443915,0.08879084861174516,1325.2908880017158,0.2572538302055768,-0.001800654584287624,-0.4786783950031647,0.6321674380280915,0.8630942414452161,False
0xdf3d35d6855667bb9a55ff1a94862cd3ba2f1a59,38.0,48.0,0.7832885619873666,0.7631578947368421,-0.020130667250524464,0.059504110117205515,1321.1996539987438,0.4354092614547622,-0.0018225611613573306,-0.3383071725780454,0.7351317191250226,0.9147616552517553,False
0xb7e158c6865b7d5ef4ed0ae4e03b39007de87950,26.0,31.0,0.8615228947146681,0.8461538461538461,-0.015369048560822026,0.051174128346063164,1256.4634640006848,0.5104504493352859,-0.0018253676043263577,-0.3003284874124167,0.7639266057789182,0.9233859230933931,False
0xfa3ab33dd06ff9f74b7dfe0df6def379641b94aa,43.0,46.0,0.5351033632186436,0.5116279069767442,-0.02347545624189932,0.06434598039438845,327.9599439977131,0.3974089671085307,-0.0019195665293706126,-0.36483174392578827,0.7152370077112746,0.9064355001903573,False
0xb11a302b6ff337144d172dd371e39e9f39eda5d9,227.0,415.0,0.4819402478344312,0.47577092511013214,-0.006169322724298983,0.028310733681969444,617.3248187551895,0.7730815875948591,-0.0019790763817922642,-0.2179146183070524,0.8274956370806956,0.9436115259676855,False
0x4dbe11fc252748b990b90c9b76d61b5e1183af34,20.0,156.0,0.5400003331274432,0.45,-0.09000033312744327,0.12958625622304856,22751.319128959523,0.13986431474042876,-0.002011134140108029,-0.6945206671649764,0.4873557445115342,0.7941771081381355,False
0xe52179ca55dbb7384c252e488901d009d7649cae,33.0,37.0,0.29938195856779426,0.2727272727272727,-0.026654685840521535,0.06851634577071333,3100.5715141890505,0.3677530056181787,-0.002027884553765503,-0.38902667006965264,0.6972564174787381,0.8976525027060983,False
0xaa119000d7a9610494a2717eb54a3b15c965650b,157.0,165.0,0.6469367490348774,0.643312101910828,-0.003624647124049395,0.017361569115586825,5080.498849003927,0.9005864642533303,-0.0020418647033841435,-0.20877416666188706,0.8346245389577167,0.9448871115432597,False
0x87bfb92f4db16f92e35d80164be0d40d0d4099db,34.0,87.0,0.6123911895297613,0.5882352941176471,-0.02415589541211445,0.06487971624208533,134.16980599870217,0.3934593504549133,-0.002046005974850147,-0.37231814211365677,0.7096559925739354,0.9025364058924199,False
0xc5eaa4c9a190445777d9c1329bc1a5821e6f42e8,56.0,65.0,0.5915896025134156,0.5714285714285714,-0.020161031084844166,0.05861438871276777,1864.1966900100742,0.4428300292391074,-0.0020766420222267986,-0.34396044260805464,0.730876035225946,0.9147616552517553,False
0x13514b8629576a830829ed9a2c97834af8c1178b,25.0,27.0,0.404673472422586,0.36,-0.044673472422585986,0.08995645000080503,1940.4599750434409,0.25230145762516193,-0.0020770702904894366,-0.4966122209378671,0.6194625334446164,0.8588932279710845,False
0x5c5854f9b914aa88bcf5d901233e82aa7fd179f7,21.0,26.0,0.6749048690934037,0.6190476190476191,-0.05585725004578481,0.10103118576034233,547.8499660035205,0.21105424268772538,-0.002087599279962986,-0.5528713696213037,0.5803514934472311,0.84004739162058,False
0xcfb9361fceaeb92d083a3b58561a0689b8ed66b0,28.0,35.0,0.5418057256132128,0.5,-0.041805725613212844,0.0868113157981601,54.48994000060347,0.26596385095814784,-0.0020927001491985522,-0.481570003044452,0.6301114397315064,0.8630150839445326,False
0x4eefbf64ab0471ec21346e7e7fb35775a2515275,42.0,89.0,0.8088333624051723,0.7857142857142857,-0.023119076690886753,0.06281164823584562,1579.1586079979284,0.4090231735657302,-0.002189262491102302,-0.3680698937254294,0.7128211188327771,0.9045762948678717,False
0xeda9da7fe9a6992128f5008ddbd7156cef74f624,22.0,124.0,0.46449727521803275,0.4090909090909091,-0.05540636612712353,0.10012590321505431,1260.8641110005924,0.21406729065865598,-0.002196430447645812,-0.5533669544844912,0.5800121621719532,0.84004739162058,False
0xaa08417743ca4ed010ce0d27899b530e50fad98a,26.0,129.0,0.7252399406178895,0.6923076923076923,-0.03293224831019724,0.0760068056546494,76898.51487579368,0.3209586586856625,-0.002220024977547308,-0.43328025729473274,0.6648111791368321,0.8792554005096871,False
0x9a518fab3cbe191a236806c9b43f59f1d536bf4c,23.0,23.0,0.47981772404347817,0.43478260869565216,-0.04503511534782607,0.08969622879577646,180.19996999714212,0.2533960138549464,-0.002231066058270604,-0.502084825108574,0.6156078541078147,0.8579336858562526,False
0xbf49b28a5cd0a1780dc66133dc9d31e018d6b4a5,80.0,351.0,0.5774838782945021,0.5625,-0.014983878294502087,0.04894119737277376,2118.2507659913017,0.53271246424105,-0.0022360745525044374,-0.3061608440098708,0.7594821837445123,0.9226342450062485,False
0x360a4123c6952b7db5a8e92bd522d1400d8d1098,35.0,42.0,0.40364939150363643,0.37142857142857144,-0.03222082007506494,0.07469114870316433,121.57203300021469,0.32861693833648803,-0.0023326123887353247,-0.43138739508634555,0.6661867135735333,0.880623031422933,False
0xf393a3f0a34a0a3c082fb999d80ee7d049029f39,63.0,65.0,0.35052532558888894,0.3333333333333333,-0.01719199225555556,0.052375781940618524,139.008247000149,0.49884686893477315,-0.0024137173706522096,-0.32824316160180905,0.7427278157853279,0.9165048023494549,False
0x218004693d22bdefeda9bc3419ea10d47433df40,36.0,45.0,0.33632643541436325,0.3055555555555556,-0.030770879858807745,0.07242873197429192,545.4799650065308,0.34232955928810127,-0.002446704804248712,-0.42484355338057905,0.6709507255730747,0.8842464957624321,False
0x704bd2c00bd04d60380ba43711834942d96208b7,27.0,122.0,0.5158686367282499,0.48148148148148145,-0.03438715524676851,0.07680383040339865,895.99286300005,0.3164287177847236,-0.002475515534205632,-0.44772708686736074,0.6543501705235466,0.8751899478901459,False
0x4113b7c5961815306e7fe6f6a9dd9dc60e07d7a8,32.0,57.0,0.2424948597982085,0.21875,-0.02374485979820848,0.06267782357220811,119.12610289391804,0.4100546879892385,-0.0024823995168561097,-0.3788398901702955,0.7048067633312067,0.9017403538128657,False
0x411e6075b7f9225f960df22604bf3f252d2172f0,32.0,41.0,0.6640377456718622,0.625,-0.03903774567186229,0.08211992902617563,1001.3799300071042,0.2882116761127536,-0.0024985939615395723,-0.4753748101684191,0.6345198455913648,0.8630942414452161,False
0xa07fef80ac52adc8e092a31a4f73b8a16023876e,75.0,80.0,0.9153466105729924,0.9066666666666666,-0.008679943906325623,0.033767439646425715,1857.6633019662052,0.7054281661276128,-0.002500859861488519,-0.25705069727560453,0.7971396367964647,0.9333331446460276,False
0x4be6c64866e33c9147b9ff593f684a41741ab010,69.0,106.0,0.46715647852892084,0.4492753623188406,-0.017881116210080247,0.053072377680208345,21339.25389870768,0.49224134432356753,-0.002558145386048316,-0.3369194483394785,0.736177623947412,0.9147616552517553,False
0x6eb0c1978da0d370184f42e2c853d413ac9adaf4,38.0,40.0,0.8634747077365034,0.8421052631578947,-0.02136944457860864,0.05874213740881502,214.91985500050842,0.4417559770685322,-0.0025756047713026003,-0.3637839125581746,0.7160193766782033,0.9069813224229304,False
0x13bceed05db38f69ed58dfd2266153b1b1e3f77e,25.0,36.0,0.40324919325461195,0.36,-0.04324919325461194,0.08623711384706498,108.73999047638554,0.2685630730798316,-0.002620986084412162,-0.5015148504541922,0.6160088290722276,0.8579336858562526,False
0x42b79c6507a44be938f181ca6b8d379d1e3d5cd6,23.0,26.0,0.2950732163714581,0.2608695652173913,-0.03420365115406685,0.07594995629865874,3752.47996911086,0.3212848911199234,-0.0026432626025225062,-0.4503445797857672,0.6524619992360472,0.8751899478901459,False
0xb700462b95311658fd65d8763334ce9a5423224a,21.0,23.0,0.5127339287262797,0.47619047619047616,-0.0365434525358035,0.07859694947846284,44.134926000497565,0.3065305648604978,-0.002674404114460089,-0.46494746651480606,0.641969077471424,0.8668263093187447,False
0x767a7964deeea63dddd0cba6db39503f328d8ac5,43.0,76.0,0.5154805042239894,0.4883720930232558,-0.027108411200733585,0.0665745305796326,21185.97066003178,0.3812211990449283,-0.002725457047464106,-0.40718891991747613,0.6838692388672549,0.8930120339436205,False
0x4ffd3cab000b04574ec094a3b16310d321de7821,77.0,515.0,0.47207425327693114,0.45454545454545453,-0.017528798731476603,0.05169120175721871,5289.3706850003555,0.5054250137569157,-0.0027779276847176744,-0.3391060400144149,0.7345298484712901,0.9147616552517553,False
0xbc088291a19f61cf97bd9a191740aa621cfc6b85,35.0,35.0,0.5476285714285715,0.5142857142857142,-0.03334285714285714,0.07438621611333018,1787.9041586,0.33042461204382856,-0.0027838339295319474,-0.44823972618876123,0.6539801950953903,0.8751899478901459,False
0x216012126baafa8ad9037d21f4f7d6220525bcb3,27.0,33.0,0.41247048103110323,0.37037037037037035,-0.04210011066073283,0.08403500730043542,1517.2084943577916,0.2788464425075011,-0.002871765880836768,-0.5009830071201136,0.616383082190523,0.8579336858562526,False
0xdb697d35332ceb40d117c3e2e8d73f8e72db855d,54.0,67.0,0.9364884124056408,0.9259259259259259,-0.01056248647971489,0.03686244525118606,1178.0671589908736,0.6677196823415121,-0.00296687884010342,-0.28653786822172467,0.7744661940908617,0.9246203850591264,False
0x9f70ed379b7f91a84a9c4149b320282c2345133e,21.0,193.0,0.6245972559655476,0.5714285714285714,-0.05316868453697612,0.09470919586498311,722.3408220014578,0.23337590239412992,-0.0029814587928359716,-0.5613888287339394,0.5745324979069983,0.8391587935723583,False
0xb834c21baaf8bf8c832da9a481eb3070ecec2266,29.0,53.0,0.9753502632221962,0.9655172413793104,-0.00983302184288594,0.034261589748913024,10886.880866733061,0.6993545751854782,-0.0031798675533917537,-0.28699841177678864,0.7741135363233536,0.9246203850591264,False
0x0380b557788bfdb99596d0d78d71129bda1a4943,37.0,37.0,0.40615682957837834,0.3783783783783784,-0.027778451200000002,0.06581670801792568,248.20422970182074,0.38663683172453633,-0.003197921981236255,-0.4220577424266545,0.6729828711588439,0.8864263660463015,False
0xd78e89abff29eec7c7db36c7da8d446cb4986421,46.0,86.0,0.5225564977237307,0.5,-0.022556497723730768,0.05831661609550249,1297.3855905998971,0.44534475134506657,-0.003225072311544992,-0.3867936659217505,0.6989089668219641,0.8976525027060983,False
0xcc72e84e20b1698b3a7e0f41ccb11dbe49b8cd13,103.0,160.0,0.5306142101660601,0.5145631067961165,-0.016051103369943562,0.04748162085356595,2001.1580920068232,0.5477516883097863,-0.003230925351281959,-0.33804876668901873,0.735326438230886,0.9147616552517553,False
0xd8e4b494d55c0b27292d6d43df199177fd11a9cf,26.0,27.0,0.46170000061543626,0.4230769230769231,-0.038623077538513274,0.07874178592178019,93.29355699999994,0.3057484083674181,-0.0032720456245539133,-0.4905029405464631,0.6237780495255643,0.8605601052859656,False
0xbe1dbfb35b0d4b150f8030679b876a5d6dac77cf,23.0,26.0,0.5783867339119153,0.5217391304347826,-0.056647603477132644,0.09638464950478272,45.54996999991878,0.22715993094332415,-0.003364799755061548,-0.5877243292182301,0.5567173426318157,0.8265826290428628,False
0x45e47fa688432060c52ee0f88d15176efee43c69,34.0,54.0,0.38173656611218865,0.35294117647058826,-0.028795389641600385,0.06644466388909688,73553.19995571715,0.38214282989371245,-0.0034064405899342422,-0.43337399809355515,0.664743087393576,0.8792554005096871,False
0x8fb42a78d00f0b08670b51a4fae571389b78d080,72.0,171.0,0.5745471251419522,0.5555555555555556,-0.01899156958639653,0.05193737287061741,577.3531368001816,0.5030496705264775,-0.0034429286430178747,-0.36566288467664587,0.7146166445950672,0.9060945557574623,False
0xb21324246d3c761222f3c33fd0878cb1163049e1,70.0,179.0,0.797959747653417,0.7857142857142857,-0.01224546193913112,0.03878457751475444,2814.613316252427,0.6447934819932153,-0.003527979614748893,-0.3157301877137297,0.7522073113803129,0.9190303270369605,False
0xa60653a7d7d610c69cffd6f768262caa0c0c8273,20.0,140.0,0.9296108501437178,0.9,-0.02961085014371783,0.06699594595879431,21061.29763898824,0.37824872867676784,-0.0035548713190662554,-0.4419797305635465,0.6585038735902151,0.8777747404498496,False
0xf1aa7bfb5e991ddf2cb3f0242e7717ec76459359,35.0,86.0,0.5210158259653741,0.4857142857142857,-0.03530154025108845,0.07387901994191742,3826.625389990279,0.33345900834877884,-0.003575462502462797,-0.477829027494436,0.6327718991074489,0.8630942414452161,False
0x8ee99bfa6695ed4741aa8359daacc70597801362,27.0,46.0,0.408863951579269,0.37037037037037035,-0.03849358120889871,0.07732068378144039,2311.2627330969485,0.31353442566801126,-0.003627905162008572,-0.4978432590910233,0.6185945227752903,0.8586411594388986,False
0x545d337df3962904469b6bb540c74be3a5d6c122,29.0,38.0,0.34068385755037356,0.3103448275862069,-0.030339029964166712,0.0675356625485279,12093.849936019062,0.37448220310524405,-0.0036697164111912112,-0.4492297671969463,0.6532659161663492,0.8751899478901459,False
0xef3089efe9b1cd4388b9c8579c53565ef2d1e949,51.0,120.0,0.546880846558774,0.5294117647058824,-0.017469081852891605,0.04855924998513699,1680.0102630000322,0.5366110290937811,-0.0036760167073072846,-0.35974776913231854,0.7190357657189383,0.9087421102602024,False
0x82e79f4f417e009b8a64679472a184d7d701c61c,53.0,80.0,0.8462241088670553,0.8301886792452831,-0.016035429621772394,0.045824420777451115,1904.7915392676612,0.5652855875126649,-0.0037191100902747316,-0.34993196530839665,0.7263897569791953,0.9133881927105532,False
0x277989790d4a8c782d7a4992e13c2dcaa031239a,24.0,63.0,0.4504708864071822,0.4166666666666667,-0.03380421974051553,0.07161640132930852,14487.387311978677,0.3474261587076338,-0.003720063861386706,-0.4720178494459115,0.6369140481020408,0.8640163551625581,False
0xf8d56e7ec4daf8081f0c5c296a9fa39598244410,52.0,52.0,0.9174999758211537,0.9038461538461539,-0.013653821975000015,0.041138611663424064,839.7632568101881,0.6173656898125117,-0.0037243195983631527,-0.33189797669179716,0.7399662982450474,0.9165048023494549,False
0xbed0d1ec25fa20b268f9ea66eb145d1262f73c7d,76.0,122.0,0.5351148087750958,0.5131578947368421,-0.021956914038253634,0.05557876087369795,1141.793136961534,0.46920747393995843,-0.0037754317555803284,-0.3950594380495537,0.6927990228735201,0.8966575444850532,False
0xa163f47030f6840593ace8ea79a2819c25ac934d,26.0,78.0,0.09828519044307897,0.07692307692307693,-0.021362113520002057,0.0543564748470256,972.2026633664402,0.48029735877987006,-0.003869617600429991,-0.3930003477988786,0.6943192245063441,0.8967301822611312,False
0x16dba53490dd65e717955690bb26dcef289e8d0f,21.0,26.0,0.4378767489070081,0.38095238095238093,-0.05692436795462725,0.09463556812167982,11298.756129999998,0.2336543007953205,-0.0038772157922039394,-0.6015113459395675,0.5474994571285308,0.8199179554255709,False
0x1dd21c41843601515bd0e2e70a242495f9059e07,59.0,60.0,0.4975315432633534,0.4745762711864407,-0.02295527207691269,0.05671289108488455,2416.099096405794,0.4591594424077144,-0.0038896573971494517,-0.4047628614551598,0.6856518302508592,0.8935935835697544,False
0x06e1173503c03974d5a0a1f5bddb1c984b6aecdb,34.0,124.0,0.3218622603256627,0.29411764705882354,-0.02774461326683916,0.06341947787984795,2588.884942180968,0.4043756309472314,-0.0038951211317476333,-0.4374777938002425,0.6617648770900708,0.8779270051380971,False
0xba58e7209765989edcd8d72f614d15ee438428c2,58.0,80.0,0.4494445903377927,0.43103448275862066,-0.018410107579172084,0.04945700521836898,9369.666828161862,0.5274894179279984,-0.003900887307278547,-0.37224469006737043,0.709710675125951,0.9025364058924199,False
0x9adbe9be25eb6c47728d04b31f91e6d10ef0a5a8,28.0,33.0,0.5966428595516516,0.5357142857142857,-0.06092857383736578,0.09797760378511053,135.73049399981835,0.22145597036284642,-0.003919591471112311,-0.6218622571235507,0.534032444820383,0.812548480939096,False
0x12e251b4c7bc09fb9966dda373ec5243a22f309e,22.0,61.0,0.4604221528316813,0.4090909090909091,-0.051331243740772206,0.08905642004575769,506.2073514432393,0.25611419406332486,-0.003999431703257695,-0.5763901548523725,0.5643514974452519,0.8319486856939547,False
0xcbb63e4a7e60c7353070777710905c7877b43a9d,37.0,37.0,0.8346486102270271,0.8108108108108109,-0.023837799416216224,0.057600254122927096,110.18423730721892,0.4514588984547535,-0.0040166240183828385,-0.4138488584675857,0.6789847996144656,0.8906926745705528,False
0x427a10d5f00b6d2f11ce1e819e90b5b337174e18,36.0,36.0,0.39897218573055554,0.3611111111111111,-0.03786107461944444,0.07508456663349929,124.61997700146729,0.3263030161888513,-0.004070034731901108,-0.5042457633703991,0.6140886852925358,0.8579336858562526,False
0xb2e78c7862bd6c49de63ccfe251bd03a9c503182,39.0,51.0,0.9365084669165339,0.9230769230769231,-0.01343154383961089,0.03939135631655051,7527.795508567401,0.637650997313962,-0.004108994982870899,-0.3409769323928445,0.7331209475148097,0.9147616552517553,False
0x3982c5e637667dcca6fdb53e3cc8ef6c6199147f,32.0,41.0,0.2463201619871513,0.21875,-0.02757016198715128,0.06244855001952838,415.46996999451795,0.4118288920515125,-0.004121714293359174,-0.4414860229505693,0.6588611780108806,0.8777747404498496,False
0xfa011919b3ce3222620052757ee0f0c66c41f0a7,38.0,59.0,0.5552298076591221,0.5263157894736842,-0.028914018185437766,0.06404117570486628,8023.002180492001,0.39968532870571016,-0.004174709966919913,-0.4514910581699499,0.6516356682420625,0.874840389586819,False
0xf508e911f5901513055d483abf83c65cbb4730a5,28.0,128.0,0.448802988699294,0.39285714285714285,-0.055945845842151086,0.09257885381147936,567.2841068298007,0.24161503575971185,-0.004191839512528448,-0.6043048011382277,0.5456410149099633,0.8190967272717086,False
0xf5e3125f30c5b3a069e7a7fb15bf795e560f23c9,49.0,65.0,0.7504714120335586,0.7346938775510204,-0.01577753448253816,0.043780127919688605,226.41054900111968,0.587566888883642,-0.004198852804394323,-0.3603811873615554,0.718562093134814,0.9087421102602024,False
0xc148a7290b4e1347d7ee3143e886da708f9613d0,21.0,21.0,0.6421853776380954,0.5714285714285714,-0.07075680620952382,0.10491748978064398,142.86996000002705,0.19875842096306376,-0.004211004570637883,-0.6744042995830196,0.5000543099709169,0.8015165105127375,False
0xe361500f7644245559c48a3199f6d8ca7cf7bf48,23.0,27.0,0.25862694474605596,0.21739130434782608,-0.041235640398229814,0.07824416260576926,210.8031186502629,0.30844644369737856,-0.004215264299519265,-0.5270123549790453,0.5981850087665004,0.8516056037284022,False
0x26b46988d027c6c03cfa12a7c0c6d778be49b8a9,25.0,88.0,0.46315479815790306,0.4,-0.06315479815790304,0.09870336816441805,169036.42373273254,0.21892156493584713,-0.004221377834024235,-0.6398444078696592,0.5222737586822248,0.8109931995166898,False
0x59a9147458505d831de997f58387011aa9ac41d1,57.0,77.0,0.8248504130389184,0.8070175438596491,-0.0178328691792692,0.04742506456967094,3109.699463031815,0.5483421002688541,-0.004224679350448209,-0.3760220326758099,0.7069005163131064,0.9017403538128657,False
0xa976d4a7248126439a189bcd5538c4e501735c43,26.0,40.0,0.3022251559528353,0.2692307692307692,-0.03299438672206604,0.06893723426917886,692.3141053700346,0.36490980805055007,-0.0042305575288023155,-0.4786148889181285,0.6322126242887072,0.8630942414452161,False
0xd9dde44ddeababae222bf7aec96c85cbdab6b525,20.0,361.0,0.29589400270126404,0.25,-0.045894002701263995,0.08283645600418016,21060.223452983206,0.2846604159802987,-0.004267997504763107,-0.5540314604833898,0.579557315155784,0.84004739162058,False
0x8e34ea0d66bb9ebd75290a13209838db8ad54480,34.0,95.0,0.5607519642897418,0.5294117647058824,-0.03134019958385952,0.0667843872133641,4748.54768399806,0.37973749443516214,-0.0042739604436463925,-0.4692743452707475,0.6388735504327188,0.8649107016094393,False
0x717990979ff84a32d47205a7eede94317aab7d79,195.0,327.0,0.4524740441730146,0.441025641025641,-0.011448403147373607,0.0340780225394478,9701.058527871799,0.7016088260162423,-0.0043631189379273756,-0.33594681540342447,0.7369109729719971,0.9147616552517553,False
0x8694da76e0c5a2fd6b9e952eb032a1fe33272ae8,23.0,25.0,0.49622426092318844,0.43478260869565216,-0.06144165222753624,0.09664256070972892,181.2899790017016,0.22622301760594324,-0.0043847292337429195,-0.6357618400869935,0.5249316630266965,0.8109931995166898,False
0x04e6840687847a98f9ecfbb512a8c8b98d073914,26.0,93.0,0.4780118938237136,0.4230769230769231,-0.05493497074679058,0.09089724698374992,66783.16000558191,0.2483963727806647,-0.004403516485457259,-0.604363416601732,0.5456020525000174,0.8190967272717086,False
0xcd5bcc085df743d366647afce7069f0a47c63b06,25.0,67.0,0.38110441647083,0.32,-0.06110441647082997,0.09625428765051768,448.6349949997222,0.22763549439384062,-0.004412115903446508,-0.6348228007534512,0.5255439908672961,0.8109931995166898,False
0x2c1b8cf91760177c99ac77834b41997d9a260699,47.0,47.0,0.9110638042659573,0.8936170212765957,-0.017446782989361725,0.04603167196478543,931.5720114046445,0.5630664983413873,-0.004450924701464029,-0.37901692996745034,0.704675291866947,0.9017403538128657,False
0xf5ea8aac364afbe7b76ed7f7ff4205ee54537f3b,20.0,20.0,0.9336592543299999,0.9,-0.03365925432999992,0.06899378374355518,119.99977899929205,0.36452983631810576,-0.004455712333706374,-0.48785923171149587,0.6256495530869273,0.8605601052859656,False
0x8492efe1b0ddca68c78059f1b12f7ad8ea7bf17c,35.0,41.0,0.46447411842518155,0.42857142857142855,-0.03590268985375293,0.07155182556542036,5262.607874422893,0.34783532000805456,-0.0044688485353252625,-0.5017718216137873,0.6158280366587676,0.8579336858562526,False
0x007b7b14cd4c75f681a72c1b6eb4e6c3822d1fd2,24.0,24.0,0.7577040146708333,0.7083333333333334,-0.04937068133750002,0.08536396869424831,375.050308800381,0.27257995289977766,-0.0045127015897034935,-0.5783550377599366,0.5630244431939906,0.8311620143087016,False
0x42c74ed2312cab584c909087d1255cc838bec415,28.0,229.0,0.5103266056547898,0.4642857142857143,-0.04604089136907558,0.08208734425921736,1769.7197150115599,0.2883745373195241,-0.004526483226967486,-0.5608768536071354,0.5748814901342785,0.8391587935723583,False
0x91c2939d0b24a2ad3e90c4fe9e0a53a259d1732a,25.0,29.0,0.5443999398559913,0.48,-0.06439993985599138,0.09832273127169941,50.066523003988074,0.22024582421238612,-0.004595532240257298,-0.6549852615264752,0.5124772433350027,0.8078721335947261,False
0xf13fc7f8302219f64711db81b27ac81deaef343f,29.0,48.0,0.8594915783246009,0.8275862068965517,-0.03190537142804924,0.06642029020195267,2084.7795649993755,0.38231609939839994,-0.00460255667562052,-0.48035579686629043,0.6309744199210738,0.8630942414452161,False
0xf84baebfc93ab7bec7c7c2af4075826b5d946455,51.0,141.0,0.11074594944824584,0.09803921568627451,-0.01270673376197134,0.036178124679354426,705.0080897891613,0.6759818715097559,-0.004605216807996656,-0.3512269879821223,0.7254180647827444,0.9130567052585153,False
0x85ad17bb98ad98420b043867a803fa9d8213d3fb,55.0,110.0,0.532551753477971,0.509090909090909,-0.02346084438706194,0.055145828315041855,555.0109002240587,0.4731044563338938,-0.004620433048818479,-0.425432804328059,0.6705211964484328,0.8842464957624321,False
0x634a1d6bd79daf2ac9eaad6859f155c4b319dddf,29.0,67.0,0.3915596806274911,0.3448275862068966,-0.046732094420594526,0.08231828424559692,1966.109943997238,0.2872228518799958,-0.004657826157761185,-0.5677000541115402,0.5702386548160812,0.8365446477648881,False
0x0d6b2e741871111d020fb0b6f1bd21d48ece8ffa,26.0,38.0,0.554848421804969,0.5,-0.0548484218049689,0.08987956239993679,165.45032505591712,0.25262421030747073,-0.004665896070424799,-0.6102435341297063,0.5417004953920612,0.8190967272717086,False
0xd5d40f34e2302d41a6b4feaaaf3571b1bf1f8b32,197.0,1521.0,0.0463651866281804,0.04060913705583756,-0.0057560495723428425,0.013106942226514066,27054.189578361253,0.9408101906652697,-0.00468751969255028,-0.4391603680604402,0.6605453396222949,0.8777747404498496,False
0xc7c7d23d08e011e43fc125591cd129143dfe3b08,35.0,44.0,0.6452119364554652,0.6,-0.04521193645546495,0.08066669935279172,1915.6325300015162,0.29559241776468437,-0.0047025231113958735,-0.5604783239950458,0.5751532206347081,0.8391587935723583,False
0x43d7c53c20814021da901e89bc0a582ee7881c75,49.0,88.0,0.37859453521526454,0.3469387755102041,-0.0316557597050604,0.06550207514259355,863.9716019915573,0.38891207456798416,-0.0047970344335583805,-0.4832787302714909,0.6288978402753307,0.8622687560181169,False
0xfc7e0363a686c3e08b84f5a61b0a9fc16f9570ec,32.0,86.0,0.41884100615868347,0.375,-0.04384100615868349,0.07878122145643379,555.2959619986373,0.3055358881164167,-0.004855488627788665,-0.5564905614331922,0.5778755450157147,0.84004739162058,False
0x1c417a8bd74eb86f7d9efc6213fdcedcb79e0e80,197.0,235.0,0.010096446607614213,0.005076142131979695,-0.005020304475634518,0.005077091176940788,22.817858999842137,0.9906482783359051,-0.004858362079889255,-0.9888151109902881,0.3227536095842334,0.6729034431024559,False
0xabce9e07e2bad654fc422b5187ad3b91a9a72f87,35.0,105.0,0.6918721395935236,0.6571428571428571,-0.03472928245066641,0.06877756134313859,8041.411261999874,0.36598529021005244,-0.004914213439098028,-0.5049507684257416,0.61359341488046,0.8579336858562526,False
0xaeb50a7e23d833da8be30e69b55172d1f52858e2,32.0,85.0,0.2848017142211031,0.25,-0.03480171422110313,0.06873262625978098,7783.778691391826,0.3662886441704543,-0.004955009846360948,-0.506334707618577,0.6126217018758664,0.8579336858562526,False
0x31d4d4f3d4e6ac5327e9b070b8aa9fee7d6e5c13,29.0,43.0,0.3115752749348967,0.27586206896551724,-0.03571320596937943,0.06972575161556081,843.8586493070491,0.35965465725848006,-0.004970382835517187,-0.5121953531069466,0.6085142949918108,0.8565874096543045,False
0x4a84a5e9b540b8801991c66d8f4df03148a34406,26.0,117.0,0.3850573540626946,0.34615384615384615,-0.03890350790884847,0.07320812532842022,374.9877660009721,0.3375264511025269,-0.004984824367034393,-0.5314096998703735,0.5951349012645792,0.8508053826836751,False
0xdd5c76a543bc127c42c4badb3509d8c7ea712ee3,23.0,46.0,0.3127318923711253,0.2608695652173913,-0.051862327153734004,0.08602967359671049,137.91999700181816,0.2695103095725912,-0.004994929422232541,-0.6028423099319659,0.5466135971509718,0.8199179554255709,False
0x8e0955baab47bec440bb3966a6948af8e6c9ca63,25.0,25.0,0.62407995458,0.56,-0.06407995458000001,0.09653866102268181,41.04996699887875,0.2265998234796022,-0.005010353068510909,-0.6637750503391009,0.5068342964954742,0.8038903140601648,False
0x0ca116849796c39e72df4929e536402f75de2f58,23.0,116.0,0.39780808922348504,0.34782608695652173,-0.0499820022669633,0.08402394006414901,555.3291199929288,0.2788994156444454,-0.005072902405699834,-0.5948543025809547,0.5519408656548035,0.8228066430773053,False
0x6c29d1714ff597fceeb8abdc65935d2dc9ff347e,21.0,34.0,0.9374578962167861,0.9047619047619048,-0.03269599145488151,0.06589689261791541,275.6553029999998,0.38605950558629826,-0.00507324879551121,-0.49616894144705753,0.6197752218899528,0.8588932279710845,False
0x81466e2c734ec8730f01a0db6a7c9548baafddeb,23.0,23.0,0.6335217359043479,0.5652173913043478,-0.0683043446,0.0996822508879277,141.07559799928308,0.21556534436715008,-0.005078210222184848,-0.6852207287814384,0.49320464529591534,0.7954814135198035,False
0xdaf69a4ae861b5090ccb6acb72806b61b77d1a9b,20.0,39.0,0.45877238740480264,0.4,-0.05877238740480269,0.09182333022025829,866.5458090008087,0.24463075748816712,-0.0050890985896256385,-0.640059419145704,0.5221339702761845,0.8109931995166898,False
0x116c5740ff6e6521ae8d445d3833eebc66a50685,41.0,117.0,0.7165594966830182,0.6829268292682927,-0.03363266741472548,0.06677409431781431,4875.4936659330615,0.37981010523022735,-0.005147831390748326,-0.5036783764471486,0.6144874060152379,0.8579336858562526,False
0x77e6ccaa87cd53db0c9ff352db39972a56b20ae1,79.0,92.0,0.8231318867506161,0.810126582278481,-0.013005304472135024,0.03506152478569279,961.166516498466,0.6895609156698368,-0.005150620183882735,-0.3709280914514582,0.7106910913951601,0.9033377647649669,False
0xa983f49ffe0c40254966e7b7ccef91f3b7367ab4,37.0,218.0,0.44440317419911285,0.40540540540540543,-0.03899776879370746,0.07274285531402093,748.4399850208458,0.34038358544236036,-0.005163194666379054,-0.5361044548685839,0.5918863614435239,0.8480416256460267,False
0x34045be5c902268d74219ebfe7caa347cfae10d2,55.0,247.0,0.4673449383548296,0.43636363636363634,-0.03098130199119326,0.06340601067778581,1546.4807569984157,0.40447793807498,-0.00520838680948941,-0.48861774554202486,0.6251123472925308,0.8605601052859656,False
0x27253008edfa58e5b57c1ef0e9c455597f8ea6b4,26.0,27.0,0.5049362475168893,0.46153846153846156,-0.0433977859784277,0.07714496622386231,41.66991700090725,0.31451462705522537,-0.0052201338523906685,-0.5625485122709665,0.5737423606687502,0.8391587935723583,False
0x88fbcd3e2a14d387841fe071621ebfbbb08f760e,26.0,52.0,0.3828072187389849,0.34615384615384615,-0.0366533725851387,0.06981272502862151,301.56169100043644,0.3590806724914711,-0.005280421628018528,-0.5250242354830256,0.5995663433479714,0.8524154352229428,False
0xf636933aa8b33f3b9670f8a9f2d46c1ca5835465,22.0,30.0,0.38581971062937404,0.3181818181818182,-0.06763789244755584,0.09831100324823847,927.5239990495111,0.22028679942045173,-0.005311953107925484,-0.6879992087637228,0.4914532796338309,0.7951430415154641,False
0x511196a0af9dce75ca77252b4ca90e92ed20a164,36.0,36.0,0.4106105058638889,0.3611111111111111,-0.04949939475277779,0.08272406084942069,234.9999700054489,0.28521369471096497,-0.005328500287353917,-0.5983675637355323,0.5495947038383169,0.821207845422375,False
0xfe4f773e937b55afcdcb2fcf35a9e86b244fa63e,32.0,51.0,0.4899266707447402,0.4375,-0.05242667074474022,0.08539883177669923,301.5799430000465,0.27241805880216374,-0.005335224731102367,-0.6139038398303319,0.5392788726553983,0.8176368092758802,False
0xfbf82be9cf773cd2dbc596bb5526fb2948e099f4,53.0,55.0,0.6104339629247166,0.5849056603773585,-0.025528302547358224,0.055875656262085044,235.08176919999977,0.46655463839818845,-0.0053508108252972465,-0.4568770061083058,0.647759452130876,0.8713624235829405,False
0x0daff95741ef98945657a52ee4bd8e525ef217a9,27.0,135.0,0.5030669872703242,0.4444444444444444,-0.058622542825879656,0.09073215366202844,2009.9356829958888,0.24907578690970608,-0.005367679447416703,-0.6461054924833476,0.518211038572514,0.8109931995166898,False
0x1c39e5a2d638b33ed39ec49222cbac50a821442d,63.0,377.0,0.3255917357310297,0.30158730158730157,-0.024004434143727982,0.05359766664688867,1363.5343629993372,0.487318973576176,-0.0053936087388766155,-0.44786341729899604,0.6542517715929437,0.8751899478901459,False
0x12082135bdeab5384b248951b1fc3caca49f0160,109.0,572.0,0.279427477572044,0.26605504587155965,-0.013372431700484362,0.034967097921686396,1255.387920844006,0.6907143275272007,-0.00543338367857669,-0.3824289831096007,0.7021431957806286,0.9013575420200304,False
0x94746ed6c69bdd5d5711b18d781d3978ef705091,129.0,450.0,0.029868052581025036,0.023255813953488372,-0.006612238627536661,0.0132643069453297,247.49387000274714,0.9394669193667573,-0.005467631448823838,-0.49849861397129375,0.618132645885271,0.858557771925558,False
0x56fb0f2f6dd826e971cd79448b9c93a3640f3a1b,170.0,616.0,0.6233410911247792,0.611764705882353,-0.01157638524242628,0.03056463817165996,2252.8968920048183,0.7450888903332815,-0.0054909090307203295,-0.3787509335922745,0.704872826674479,0.9017403538128657,False
0x4ffe49ba2a4cae123536a8af4fda48faeb609f71,69.0,526.0,0.14498814572638358,0.13043478260869565,-0.01455336311768794,0.03723747683056558,1989.7967650098967,0.6632128143766577,-0.005510656711356093,-0.3908257045424229,0.6959260736399853,0.8973966719587609,False
0xb9d0a761228e1c4aa3fb4a7bc1a4a9284d322a3a,32.0,65.0,0.3715956948003363,0.34375,-0.027845694800336336,0.05850691775083323,1526.5325672892698,0.4437358259922442,-0.005516002594337094,-0.4759385021601103,0.634118191199091,0.8630942414452161,False
0xe026b6173f9c33c7c52cdf078a306795beec2b3a,22.0,25.0,0.7316356886807042,0.6818181818181818,-0.04981750686252238,0.08227130479512355,5893.45250180541,0.287456651501353,-0.005558549361347925,-0.6055271274301608,0.5448288056106494,0.8190967272717086,False
0x0c6e0cceb85c64ac1e7065a1912ce973a814542d,20.0,22.0,0.610117267235971,0.55,-0.060117267235970974,0.09123824778306829,3621.017268974322,0.24700085347702488,-0.0055897252573461394,-0.6589042281797015,0.5099572705675715,0.8062743793948237,False
0x5cdf06a9c83531baee899f168c82d70504a28666,28.0,65.0,0.2934632280388935,0.25,-0.043463228038893464,0.07575063366618205,1039.0259189997282,0.3224320260835741,-0.005682188743825629,-0.5737671876175617,0.566125355605192,0.8326382412037455,False
0x1fe8df18a82765ec4f3bc5ff36c39e61a4c772bc,101.0,160.0,0.5128579329775464,0.49504950495049505,-0.017808428027051314,0.042758752539537155,25065.79856697447,0.5989587061910054,-0.005735089006699461,-0.41648614539408363,0.6770543033734766,0.8890646885948046,False
0x0ec7f0eac6c47934ab9b41e02bd8f15a5f4293d1,187.0,352.0,0.4829679364486771,0.47058823529411764,-0.012379701154559405,0.03154335892088601,1406.8101699992217,0.7329320619588637,-0.005789465851699397,-0.39246616651095945,0.6947138054120745,0.8967301822611312,False
0xf9706baa6dd084f1f0c3b88602a543d0c313f7f6,93.0,264.0,0.3054786576770171,0.2903225806451613,-0.015156077031855838,0.037603882949488986,6037.531691979235,0.6588247864400942,-0.005789921411763743,-0.4030455326173118,0.686914728562457,0.8935935835697544,False
0x76d4d4703add6e94cfdb1107f3d991d85ff2c512,22.0,2161.0,0.4877107119217375,0.4090909090909091,-0.0786198028308284,0.10474719745883225,35364.95289400556,0.19927631837898263,-0.005820926706911858,-0.7505671248314548,0.45291321237208493,0.7736735555690781,False
0xf3b4a9b16704343070b4a7ab5da5738c69e41875,30.0,68.0,0.7838901597737021,0.7333333333333333,-0.05055682644036875,0.08210396885488652,234.02207399955978,0.28829143137865926,-0.005823540424796889,-0.6157659263673926,0.5380490189250942,0.8172219943253207,False
0x1cb072056b3af9ac9191ff6d4fd72561cdc4c615,22.0,47.0,0.5131795198095758,0.45454545454545453,-0.05863406526412121,0.08918305542700548,2653.17478499551,0.2555731284265425,-0.005831409834011916,-0.6574574618842477,0.510886814238606,0.8063507306740301,False
0xd60d04270319334d1d47df7e079520c427ba80e9,38.0,38.0,0.9843157145578946,0.9736842105263158,-0.010631504031578967,0.02643068415185959,41.038758999564585,0.7962833213874869,-0.005960677178603461,-0.40224097002161646,0.6875066930235831,0.8935935835697544,False
0x379450d0d212d61253c019bfa8687430d493715c,21.0,21.0,0.9738095238095235,0.9523809523809523,-0.021428571428571404,0.04794980368541031,20.999561,0.5428860318617431,-0.006012347708541954,-0.44689591576141274,0.6549502130391553,0.8751899478901459,False
0xce8b4c9fd5cc4d024310cf9d0a57296c7add738a,62.0,157.0,0.4440785140965905,0.41935483870967744,-0.02472367538691304,0.052748772536758075,1304.1449579998186,0.49529890799713944,-0.006039527607774294,-0.4687061745310624,0.6392796728670405,0.8650064408835767,False
0xf7645160e55177945a6d0701fd7a5baf350e61e6,31.0,69.0,0.35023338311603425,0.3225806451612903,-0.027652737954743916,0.05660619044843322,48079.199938759244,0.46009489794642044,-0.006083913992287254,-0.4885108454690101,0.62518804558568,0.8605601052859656,False
0xbb7c7568708d24e21b8bc5e5172780e2664582f2,61.0,71.0,0.17703122093027604,0.16393442622950818,-0.013096794700767871,0.03223981895796567,6100.126249550706,0.7242958315836163,-0.006095743935147153,-0.4062304046385463,0.6845733158801759,0.8934285217277748,False
0x6076f8ee45dd0b43f8ef1e143d4b434b0702f8fd,24.0,48.0,0.21257640577127868,0.16666666666666666,-0.04590973910461199,0.07688221716884754,6799.909163101912,0.3159875891391446,-0.006095915508782567,-0.5971437972943175,0.5504113789121612,0.8214762420222591,False
0x9fae51b30803e5fad3bae4509e5614040bc70d19,20.0,40.0,0.40599805336536265,0.35,-0.05599805336536271,0.0858100073299862,7131.925386945347,0.2705181709664903,-0.006178381767181237,-0.6525818503897769,0.5140258894510894,0.8083946172018254,False
0x8ca21445fc588f48128c2180fb885fb07ecb1d74,29.0,157.0,0.4255079706365019,0.3793103448275862,-0.04619762580891577,0.07685596680860793,723.9888530031512,0.31613522847799125,-0.006195520175746578,-0.601093548454869,0.5477776801854435,0.8199179554255709,False
0x89687c25a41012b265a6856e1574fbfb1a94c3c1,63.0,184.0,0.4577477747355823,0.42857142857142855,-0.02917634616415369,0.05822383469447131,570.0620425400352,0.4461315054359339,-0.006205816039281156,-0.5011065711706576,0.6162961224415575,0.8579336858562526,False
0xdb465b694f7beefdbf8d1edfa2035128d4cb56e7,68.0,253.0,0.49938205929509866,0.47058823529411764,-0.028793824000980878,0.057698919929117756,634.8397270014431,0.45061136786086137,-0.006219240069726488,-0.49903575381226634,0.6177541963413757,0.858557771925558,False
0x4aa436a229fe4a59717d77d74e5e40368eb95e60,27.0,37.0,0.7950718947803922,0.7407407407407407,-0.0543311540396514,0.08414415062628067,161.83999000026054,0.2783247333920136,-0.006247588535074946,-0.6456913954834337,0.5184792341520954,0.8109931995166898,False
0xb4d250f58c26840e09723a83ce9c8149aa32ce99,417.0,2253.0,0.4191859866911374,0.41007194244604317,-0.0091140442450942,0.02033971462166021,393773.70352109335,0.8684274186962101,-0.006296997197251948,-0.44809105804210514,0.6540874812015864,0.8751899478901459,False
0xa55c1539adf5640951da735c2f87b1873e9c1066,52.0,66.0,0.48817806276818615,0.46153846153846156,-0.02663960122972456,0.05456758195348339,4901.419966361004,0.47836255825250207,-0.006329047324002744,-0.48819464370683896,0.6254119781468528,0.8605601052859656,False
0x33d2502fbcd2a3766f7050cb3cfd98acacd89ac2,82.0,454.0,0.4648804371842548,0.43902439024390244,-0.025856046940352345,0.05314784069193336,2327.8357660015986,0.4915310921615196,-0.006456638045702822,-0.4864928961126488,0.6266177408313678,0.8609734435823642,False
0xe474ecd1c141c21870e3a468ecbea99b47842cfd,31.0,32.0,0.7531934945612904,0.7096774193548387,-0.04351607520645162,0.07343162813506482,61.36437581285225,0.33616457805991234,-0.006465678128838628,-0.5926067051980831,0.5534443906850426,0.8245713943250866,False
0x25bfc5364d26671ee6620fbb9f3cd13a69bf7a56,124.0,258.0,0.32112456145996243,0.3064516129032258,-0.014672948556736584,0.034541124008198226,4118.156080913626,0.6959265532219584,-0.006472240413603716,-0.42479649918902485,0.6709850299368281,0.8842464957624321,False
0x016909bcb23f59f1022689742014f22d8691043c,29.0,106.0,0.47464677004658723,0.41379310344827586,-0.06085366659831132,0.08894577572691732,105.99987700006392,0.25658818161290653,-0.006472931650487812,-0.6841658988409429,0.4938704131183611,0.79556014705325,False
0x9107f2a7dc35c23fdf7ee573d828f25421ff75e0,22.0,23.0,0.8980208343563946,0.8636363636363636,-0.034384470720030966,0.06364149941825259,1006.0126599978281,0.4026933100208557,-0.006501585222092611,-0.5402837933477317,0.5890013333197215,0.8463741046569183,False
0x46dc4d10c6cc53734beb8f864b3d23e65c9192c3,34.0,76.0,0.4994799249519714,0.47058823529411764,-0.028891689657853766,0.05699656191675534,1138.414309848787,0.456682412689675,-0.006513395091809799,-0.5069023233375143,0.6122233554211547,0.8579336858562526,False
0x698c36f9151de0bb564a5ab0634d664730abddc8,24.0,24.0,0.6845833133416667,0.625,-0.05958331334166669,0.08765561705431697,83.02899139977298,0.26220191676562693,-0.006550488529525935,-0.6797432422926769,0.4966670504368982,0.797574298304334,False
0x6bfdc93c2eb4a3863bc15c222f897976683963bf,32.0,37.0,0.49220623625000004,0.4375,-0.054706236250000005,0.08336022180512044,217.4791000008,0.2821004599388474,-0.006604967387035103,-0.6562630840629511,0.5116548655799347,0.8070690509667594,False
0x985d4f391c400f4a8479461a4ac3e49dbbb833c9,127.0,375.0,0.4116176710457985,0.3937007874015748,-0.017916883644223676,0.04018111060640783,1613.7083420030194,0.6284287646939838,-0.006690441076564873,-0.4459031463746152,0.6556672093834703,0.8756943205592802,False
0x033eeb3efed4a42059faace467c5c3f6eb2e1bb9,26.0,58.0,0.7038392732673062,0.6538461538461539,-0.04999311942115236,0.07867704803474337,6066.612992027593,0.30609769473295295,-0.006770174765207469,-0.6354219009217994,0.5251532880361969,0.8109931995166898,False
0xf180e4deb033228a13871f8d68c40fc10a303b6c,47.0,279.0,0.34805825581922223,0.3191489361702128,-0.02890931964900949,0.0561624228815212,380.62790599681983,0.4640074336329839,-0.006823280251069803,-0.5147448803979815,0.6067313069475591,0.8564938004564662,False
0xae8542fafdd5ccf20abe8345d25bb4e4c885c96a,33.0,33.0,0.47174561868787884,0.42424242424242425,-0.04750319444545455,0.07617579514846967,368.53196883002437,0.3199913741765741,-0.0068388529392172884,-0.6235995876757036,0.5328905814775928,0.8122774866192162,False
0xb6514e0836ba48ed4b86439d254d99071cd0b4f7,22.0,142.0,0.7608813459698779,0.7272727272727273,-0.0336086186971506,0.061705883877535284,272.47700099883605,0.4176367167755912,-0.0068751343990605274,-0.5446582495091071,0.5859885845148716,0.843339597915097,False
0x3663ed135115e034de3a9ad8cdca8493e8d68950,20.0,202.0,0.36686431708069833,0.3,-0.06686431708069836,0.09229234240874008,74382.58611031389,0.2427527716922698,-0.0069199704933002645,-0.7244839098846657,0.46876870180658914,0.783188956843492,False
0x6aa1642eee0c2c61715adbb0e71d560bab1da420,35.0,40.0,0.32949911908549157,0.2857142857142857,-0.04378483337120586,0.07222717937468444,1941.9206358628408,0.3435854327720883,-0.006972196896070091,-0.6062099302544882,0.5443753595033431,0.8190967272717086,False
0x5c18d1f705989046f5106d64a0cb34d5deb02f76,246.0,1192.0,0.42614810658161945,0.4146341463414634,-0.011513960240156041,0.025260019711728348,37294.90838400619,0.8105872192822557,-0.0070039454353140965,-0.4558175477119701,0.6485211845221344,0.8715665111425662,False
0x75e28b207a7a286082e939838d6473921f3c2ed0,22.0,23.0,0.7379175865914203,0.6818181818181818,-0.05609940477323842,0.08316455628256253,887.4863948151127,0.2830532721238201,-0.007063149366568945,-0.6745590583401095,0.499955952020676,0.8015165105127375,False
0xe45c86a67c392e93d01556050cad14a2bfbdfb69,58.0,58.0,0.6828324760051723,0.6551724137931034,-0.027660062212068966,0.05386642412101098,627.8004024532613,0.48482000995392127,-0.007075215538510005,-0.5134935660464598,0.6076061102558903,0.8564938004564662,False
0x5bda6dce0600e02c7ac6693f1e99b325b25017a8,24.0,249.0,0.39202406679992946,0.3333333333333333,-0.05869073346659607,0.08519291094150534,1922.2189220062169,0.2733761281303852,-0.007109679276229448,-0.6889156951908117,0.4908763218753136,0.7949324724728976,False
0x189b54bfc359b84d98b05232a7b86882da1e5718,26.0,29.0,0.8752140103414757,0.8461538461538461,-0.02906016418762965,0.05554451679362661,598.0423860003159,0.4695144797652936,-0.007121026566861791,-0.523186911421005,0.6008441887989089,0.8537615222657774,False
0x099f5e90378728b0941a63d18e934ce7bf6fc1e1,63.0,721.0,0.42766048137558477,0.3968253968253968,-0.030835084550187894,0.05770614692495735,3388.4748807488954,0.45054935677201047,-0.007136380638391825,-0.5343466197853529,0.5931017433492904,0.8493111582997336,False
0xd9fb2ecc4926efe32a4b0232e9c15bdd4ddf74f3,20.0,21.0,0.14419208960489954,0.1,-0.04419208960489958,0.07215363144906788,325.4252885940133,0.344045130354801,-0.007138091896085804,-0.6124721475189241,0.5402254202879955,0.8181100169834059,False
0xb71e6248aab14b21ab06ee8dcafdb26a0966641a,60.0,317.0,0.5271622623077646,0.5,-0.02716226230776458,0.052966976901688764,22220.4231348952,0.493235112593647,-0.007165922132895091,-0.5128150386641862,0.6080807090483868,0.8564938004564662,False
0x1dd63a243da7c85c56fd88dd81a77fc144378577,21.0,31.0,0.5308882505662865,0.42857142857142855,-0.10231682199485799,0.11553644723983142,789.2960829958572,0.16982105650214066,-0.007167214579114121,-0.885580476457511,0.375843635963768,0.7260679679030394,False
0x7cb6b8ed713dbb9bb1315b86ed05b666fafc96d1,59.0,66.0,0.7372979778407255,0.711864406779661,-0.025433571061064395,0.05052698699115934,6406.578240936101,0.516808889564466,-0.007202712351489468,-0.5033660737679546,0.6147069196113533,0.8579336858562526,False
0x06e1fd1dd70c956ace3057bfbfd268975727b7d4,26.0,137.0,0.36870110148438945,0.3076923076923077,-0.06100879379208177,0.08677234143913039,790.0466400052422,0.26613922344946656,-0.007212877852891259,-0.7030903255604621,0.4819994608273812,0.7910866034669926,False
0xf30a0a3548861a989ec2826dba90b27c02a061fb,70.0,433.0,0.4553028379832414,0.42857142857142855,-0.026731409411812828,0.05207341464323081,3686.2007660019767,0.5017417422561298,-0.007285406746708708,-0.5133408207423503,0.6077129341783651,0.8564938004564662,False
0x5213eb85fcd465c8927a8382f95dd2dc22306a35,76.0,188.0,0.3931835654785369,0.3684210526315789,-0.024762512846957938,0.04921581820677204,29435.535240258636,0.5299256706606927,-0.007341999105627632,-0.5031413425440248,0.6148649016940959,0.8579336858562526,False
0x7d91af30b334e005ae88fd432c854723ac7440d3,36.0,39.0,0.3240590445315595,0.2777777777777778,-0.046281266753781664,0.07350292744956934,6143.2492458423185,0.33573157039172297,-0.007369872935104523,-0.6296520201258029,0.5289222805688532,0.8109931995166898,False
0x69328b074d80bfc9da925e8773bd2f839e286878,23.0,78.0,0.2777800930134679,0.21739130434782608,-0.06038878866564179,0.08565708408009096,1077.9834396072838,0.27122273259539026,-0.00741736674985999,-0.7050063554483965,0.48080628106122303,0.7903119176908185,False
0x44a1159b925c145e70f746bb3f0f58380553bd21,29.0,446.0,0.5456389715599032,0.5172413793103449,-0.028397592249558304,0.05390639638370951,189247.83303043447,0.48444946648946213,-0.0074177059104681056,-0.526794483671701,0.5983363140581097,0.8516056037284022,False
0x55ab6191d1d3609f6ffb12f17d56fe9453da4f88,62.0,354.0,0.46193899956092516,0.43548387096774194,-0.02645512859318334,0.051073061540501404,7539.824072688479,0.5114384313246756,-0.007522548097938125,-0.5179859557117833,0.604468068190835,0.8556109483337889,False
0xda770326bd091d26f816917aa83a6baff668683f,643.0,5897.0,0.4899868283119388,0.48055987558320373,-0.009426952728735005,0.016079796119305493,104922.88945398493,0.9135007863976001,-0.007547886894535219,-0.586260712436332,0.5577003281407418,0.8273597101181132,False
0x3a855ba8cdce3fce20ddf6c2867c4889cfa1e543,130.0,648.0,0.5058786779587717,0.4846153846153846,-0.02126329334338708,0.04341859690748809,2369.680256999525,0.5915798833447514,-0.007556778533702782,-0.48972778619937285,0.6243265368997719,0.8605601052859656,False
0x6dc0f014d3d46dcfc4b52194bc0086636ec6699a,37.0,47.0,0.33271993798554345,0.2972972972972973,-0.03542264068824616,0.06178819919995304,2536.015027960981,0.4169883934737636,-0.007601799124826456,-0.5732913589796461,0.5664474351383384,0.8326382412037455,False
0x36b321c39e0f5b7d1835467cb91365c2571ae421,32.0,66.0,0.5007375419335115,0.4375,-0.06323754193351155,0.08727217156670414,3877.0978764358556,0.2639016570777131,-0.0076370226102570864,-0.7246014485290725,0.4686965700233947,0.783188956843492,False
0x355a1d2b0b262c26fc9da08bd304e6d5be29df06,24.0,26.0,0.9325502350451842,0.9166666666666666,-0.015883568378517506,0.03340242220538695,882.9777463205572,0.7099248817471934,-0.007709217437290807,-0.4755214541284343,0.6344153452025973,0.8630942414452161,False
0x1a59d3f300b446d78a42941ab1b71dd61273a57e,157.0,1037.0,0.46269737119345966,0.445859872611465,-0.016837498581994754,0.035096770908874815,19091.293100995692,0.6891305806365565,-0.007780614061876958,-0.47974494934908973,0.6314087617378523,0.8630942414452161,False
0xec706168e1a8e822c0274dbb2b03128b1a58961b,30.0,56.0,0.5271807184243548,0.4666666666666667,-0.060514051757688155,0.08464515301759837,138.48232499995643,0.27594623342221025,-0.007795261881839858,-0.7149145532893871,0.4746618437240997,0.7857207284752586,False
0x47c9014f76660cd2efe17c1f5ea342fd12cd2038,82.0,105.0,0.3791757058496227,0.35365853658536583,-0.025517169264256807,0.04904018413285772,582.7240419934664,0.5317063957009618,-0.007809246749031993,-0.520331840417375,0.6028323072504236,0.8541972202128758,False
0x2aa2b9e112942bb6fa68d674ac1d3271df02b59c,23.0,37.0,0.25733724400605373,0.21739130434782608,-0.03994593965822764,0.06599870526567717,2360.6434030510027,0.3853279304603758,-0.007833940909050626,-0.6052533833417737,0.5450106504242251,0.8190967272717086,False
0xe8c2c1f21d20a99d7e85139d5a549ae7b96545b2,42.0,317.0,0.4954056602343821,0.4523809523809524,-0.043024707853429635,0.06908353994417542,4076.5505457465083,0.36392772443064547,-0.007836389987141224,-0.6227924609566441,0.5334209131825516,0.8122774866192162,False
0x0862f028eff93e5985c469c299f7e27a1b76dc29,34.0,74.0,0.36564049451098046,0.3235294117647059,-0.04211108274627467,0.06763613297751964,1111.66686441772,0.37378602439250663,-0.008040263236929345,-0.6226122176480908,0.5335393805090936,0.8122774866192162,False
0xa0db650c4df55c9c8b4661edd6b2cf885b7767fc,50.0,121.0,0.7665715494036539,0.74,-0.026571549403653943,0.04983889187612744,2697.1047500515547,0.5236535315425935,-0.008056867894437486,-0.5331488803903679,0.5939305248045614,0.8500259841681266,False
0x02571ed3bfa4162c80b288310745503275a822b2,26.0,154.0,0.44374192776894456,0.38461538461538464,-0.05912654315356002,0.08261733578898045,30564.617983977692,0.2857403568836453,-0.00811191069327435,-0.7156675120168466,0.4741966758218088,0.7857207284752586,False
0xf15f4ff6d8ac89a83e0396446b3fe34de3c3c75d,32.0,34.0,0.6175467497744181,0.5625,-0.05504674977441816,0.07919175138901774,77.81993800034599,0.30333471539148077,-0.008131011222500177,-0.6951071141741665,0.4869881767151081,0.7941771081381355,False
0x333dd125da2cdded56f42b197ba699e17525e8b7,26.0,93.0,0.36764575276638484,0.3076923076923077,-0.05995344507407712,0.08322008317166792,199.7749999997,0.282782452975663,-0.008134481402712638,-0.7204203936014345,0.47126619733487374,0.7841261438236383,False
0x09789dd80dc34405aa9e4bba887b905d611d78d0,50.0,50.0,0.48377323417800006,0.44,-0.04377323417800001,0.06899373193738169,136.99994799987005,0.364530184198573,-0.008142579257804908,-0.6344523328253695,0.5257856656865489,0.8109931995166898,False
0xffc9fd92f6e23adaa6ffb1a991427536feb6bf01,27.0,60.0,0.5864956001205953,0.5185185185185185,-0.06797708160207684,0.08924383480309107,945.5700781168902,0.2553139800534741,-0.008198430967618865,-0.7617005897613263,0.4462387232742602,0.7697991085781384,False
0xeebe613a5e36d7cd5b373e250675e541709072f2,26.0,47.0,0.28048947137390234,0.23076923076923078,-0.04972024060467159,0.07419661416654176,784.601448766986,0.33155487993417737,-0.00826542009238254,-0.670114683307105,0.5027846853411497,0.8028988876128949,False
0x43011bc04df353c8092662d13b4aaacb4b62ac39,30.0,140.0,0.37706223444039966,0.3333333333333333,-0.04372890110706628,0.0683544421484694,25576.910148266415,0.3688538350301492,-0.008368653000134613,-0.6397375171621594,0.5223432602490408,0.8109931995166898,False
0xe8246a3a7b6aecb8dbac72627f6c869ad10965b4,41.0,48.0,0.4626114103977793,0.4146341463414634,-0.04797726405631582,0.07218963175868191,200.57427599876007,0.34382002206322443,-0.008426794598508277,-0.6646004819181781,0.5063060609395533,0.8038903140601648,False
0xa19201bf10c7c34c60b60ee51357fa7d3b798876,20.0,32.0,0.48153474598747315,0.4,-0.08153474598747312,0.09777806379598757,5360.859956086478,0.2221597540982461,-0.008548988259508108,-0.8338756447212344,0.40435106298331047,0.7464720053213727,False
0x709dd5ffd1e5ee0e128ad0b9c2958eb948cf59a0,26.0,34.0,0.6687381646710404,0.6153846153846154,-0.053353549286425106,0.07660728978319982,60.84993200091871,0.31753820729639953,-0.00854986537689382,-0.6964552516792688,0.48614377176853196,0.7941771081381355,False
0xcb1bcdee78e4b50e64aabb109cf4be33dbb569f2,31.0,151.0,0.4754336394892251,0.41935483870967744,-0.056078800779547716,0.07876211779693125,5747.667154989863,0.3056388151627385,-0.008601611748676139,-0.7120021953210186,0.4764634165929649,0.7874090684689576,False
0x6964ad93dc822ef3ccd626726a8d3c8d2096a82f,26.0,83.0,0.48554283918960117,0.4230769230769231,-0.062465916112678155,0.08367443802147496,318.9655491603,0.28057908437157986,-0.008680234857187575,-0.7465352333366893,0.4553441560701619,0.7746257114148729,False
0xa5369001aa49f8a50e9ad52cc1854275cf59c094,46.0,46.0,0.9165217248173911,0.8913043478260869,-0.025217376991304375,0.046180427299705014,833.7307922071308,0.5614783344845222,-0.008766707594451953,-0.5460620108091866,0.5850233121452484,0.843339597915097,False
0x3e6d998a25793c1d0ca5b59d7d7ac7f8d0132671,43.0,74.0,0.5203761275622854,0.4883720930232558,-0.03200403453902949,0.054790506665106715,686.9077798780279,0.47632825913951926,-0.008805070727196008,-0.5841164188286514,0.5591419890677172,0.8277997645267753,False
0x904ed7c7820a434ea9b11e7333ed69190d850bec,68.0,235.0,0.5529042192614124,0.5294117647058824,-0.02349245455553014,0.043579820839214176,8060.105074477083,0.5897876601275857,-0.008811363580075159,-0.539067258725191,0.5898404463264368,0.8465211525185757,False
0xe7e0257fa4f76989fb6670bcd53a1b05b800a433,41.0,77.0,0.4086148941755896,0.36585365853658536,-0.04276123563900425,0.06619923407625111,1405.3124678203803,0.38389183606415667,-0.00883968490666997,-0.6459475889063917,0.5183132985199279,0.8109931995166898,False
0x1a1e0ac0b3ecc0b5bb133af94a26d5236557f992,85.0,131.0,0.41637785371760866,0.38823529411764707,-0.02814255959996148,0.04988936261995862,3227.7098840412177,0.5231485573891106,-0.008859112227085552,-0.5640994015967411,0.57268648529222,0.8382284027063766,False
0xc8ed3b797c1bc1ab51538dc51a48dbd02d9572ef,23.0,32.0,0.5069540716662013,0.43478260869565216,-0.07217146297054905,0.09033697308645383,430.1427475379915,0.250712185543361,-0.008880610733943186,-0.7989138943307286,0.4243403417798204,0.757352070207721,False
0xbf1c5d7fb785ac49b7d8dc5f25fd7f87a89bec86,62.0,99.0,0.4613912131409685,0.43548387096774194,-0.025907342173226423,0.04683395254614763,379.6202840017194,0.554546856109236,-0.008889298648690544,-0.5531743695495002,0.580144015705305,0.84004739162058,False
0xc3b9f9090113bea60acd521c00cf3b236e6140a9,60.0,60.0,0.7490791437283332,0.7166666666666667,-0.03241247706166668,0.05489865992401362,170.0698779991451,0.47534456431940747,-0.008955643405408829,-0.5904056147550681,0.5549187472109094,0.825816779755871,False
0xf2d5f4e7d4ee0aa8d2221ab817c8d7eed3af53d0,24.0,34.0,0.4924130006295026,0.4166666666666667,-0.0757463339628359,0.0925912278374099,385.0014922004437,0.24156605969680794,-0.008971623164083052,-0.818072464659896,0.4133158106544892,0.7538482854865117,False
0x09dac7226f8df37ebfaf277252ce6eabee6250bc,35.0,91.0,0.5099112854222572,0.45714285714285713,-0.052768428279400134,0.07497770164501644,2768.505639951702,0.3269295208898761,-0.00897511270880636,-0.7037882880063917,0.48156462849809856,0.7910542528003798,False
0x6a00004f0cbbcbd7e8ae51bc4a40c9b8790c9158,54.0,361.0,0.49251461226596926,0.46296296296296297,-0.029551649303006258,0.050891044729614004,25670.535755009118,0.5132224524081082,-0.009180885860781267,-0.5806846658388575,0.5614529983170733,0.8302679373048922,False
0x761bf62a9c351ba41b483f108463d31560ace8f7,25.0,53.0,0.3062099360360046,0.24,-0.06620993603600463,0.08503729418571472,125.90789199952047,0.27410308668546574,-0.00922232072235969,-0.778598809734084,0.4362160804504174,0.7639371810008164,False
0x49369c3d950d20d860f7ed22380511af2a1838a6,22.0,42.0,0.45008738239972407,0.36363636363636365,-0.08645101876336049,0.09892190443530748,96.07106000006527,0.2181661525791111,-0.009246827773018667,-0.8739320098704464,0.3821552813033846,0.7283092645876991,False
0x160bf4f27cdaaaed1408ccd1558ab30c210d4296,50.0,259.0,0.49956224639930397,0.46,-0.03956224639930399,0.0619453069147527,69136.8020330407,0.41575418765961514,-0.009263962232842262,-0.6386641437380943,0.5230414434046489,0.8109931995166898,False
0x1a6aa2a7a007ee0b4e9701d964c5c25b73d256bd,22.0,46.0,0.4818855851888984,0.4090909090909091,-0.07279467609798941,0.08946255635921162,297.7788779999912,0.2543842888740703,-0.009349321631042564,-0.8136887549434979,0.41582327777435246,0.757352070207721,False
0x11e1cc67c02ec2970d24ae472dbbda4866c59305,24.0,90.0,0.3881004484933002,0.3333333333333333,-0.05476711515996688,0.07554857912389248,114.96986800033662,0.3236001646173743,-0.009405263621459171,-0.7249258132327547,0.4684975439185295,0.783188956843492,False
0x50b9e4ca59b767769cc2de13ad9fc688de1d4467,30.0,109.0,0.2905135239759988,0.23333333333333334,-0.05718019064266556,0.07751414442040853,13677.962644228055,0.3124597368561506,-0.00941213464350526,-0.73767427958104,0.46071240541559466,0.7770943712013203,False
0x91b657e5cce12b6aee13a806994dfbebb73e4b40,37.0,55.0,0.37567375183932156,0.32432432432432434,-0.05134942751499721,0.07229866432615746,5556.54707605939,0.34313935808983154,-0.009542890389866306,-0.7102403342245304,0.4775551127000255,0.7874090684689576,False
0x8aa67f2b6fae3e92e00771a05f4b47bf91cb83f9,44.0,204.0,0.4573782378499711,0.4090909090909091,-0.048287328759061984,0.06957722811855108,32444.935074870824,0.36063743253212227,-0.009552264995013689,-0.6940105270762769,0.4876756071515822,0.7941771081381355,False
0xef292327dc97299c63f30e998614740d9a852f1e,163.0,648.0,0.6064443077511552,0.588957055214724,-0.01748725253643127,0.031312045533990224,90528.60084003117,0.7358035774659568,-0.009618478666144311,-0.5584832366652092,0.5765144482969338,0.8391587935723583,False
0xf12f7688a0bc8cc744ef871f70b74c16a976b30f,36.0,41.0,0.3888574214806511,0.3333333333333333,-0.05552408814731777,0.07508346575010093,23378.508570251117,0.32630946250686726,-0.009833966514427092,-0.7394982049991896,0.45960452930630735,0.7764099662565752,False
0xa5a15b8c9d47d66e3b70c695355d9ae026ad3e3b,25.0,89.0,0.01,0.0,-0.01,1.4163957869901234e-19,74.999432,1.0,-0.01,-7.06017349942155e+16,0.0,0.0,True
0xf389d931e601f6c1483a3ee99fe518f132e863dd,26.0,35.0,0.01,0.0,-0.01,6.804145272840957e-20,1.2994880000000002,1.0,-0.01,-1.4696923124077667e+17,0.0,0.0,True
0xe1790b8fde8d23174bf326e2336984c9b419b701,39.0,70.0,0.010000000000000004,0.0,-0.010000000000000004,5.463422933957526e-19,5.9484429999999975,1.0,-0.010000000000000004,-1.8303543622525904e+16,0.0,0.0,True
0xc41e8edd3a3f868ca6d9ddbbddad4967059ee2e9,21.0,75.0,0.010000000000000004,0.0,-0.010000000000000004,7.66500666487168e-19,204.998621,1.0,-0.010000000000000004,-1.304630307215449e+16,0.0,0.0,True
0x50b977391c4b3dd88b0a0bef03c3434fe4284298,23.0,26.0,0.010000000000000004,0.0,-0.010000000000000004,7.396885755142996e-19,1.3000000000000003,1.0,-0.010000000000000004,-1.3519202987618246e+16,0.0,0.0,True
0xf06d44aa414f62971b4185e1c505e72603b9510c,44.0,53.0,0.010000000000000002,0.0,-0.010000000000000002,2.734126591498112e-19,2.1995469999999995,1.0,-0.010000000000000004,-3.657475126095275e+16,0.0,0.0,True
0x2735e7b88739a7c759547780d196ccb5e15a42eb,20.0,132.0,0.6465353542891071,0.6,-0.04653535428910704,0.0667644511591687,17217.07964340801,0.37987814752277843,-0.010052405307848932,-0.6970079657835453,0.4857978086931265,0.7941771081381355,False
0x74957ea27ac4fbdee46d861fdae357859ff67fcf,25.0,85.0,0.0594756064447045,0.04,-0.019475606444704505,0.03372120515850137,506.8617970005396,0.7059972741891027,-0.01013450607798245,-0.5775477582477374,0.5635694861925267,0.8314906778549921,False
0x1e4647c2429fa5a9e95088c883f2c5fa9a965737,54.0,219.0,0.5866826405922382,0.5555555555555556,-0.031127085036682548,0.05055089126910491,13929.295366154927,0.5165726594303032,-0.010134913016005042,-0.6157573932965733,0.5380546515565703,0.8172219943253207,False
0x85c3e3052e5bbe835ff27a4cbf2abd296a89700c,97.0,101.0,0.47241634419551093,0.44329896907216493,-0.029117375123345945,0.048028132395900744,8604.425888913876,0.542075811342991,-0.01015293742490688,-0.606256659811972,0.5443443334857303,0.8190967272717086,False
0x8e4a02ff7248e0b7640dd42fb8dd14c65f7df43d,36.0,375.0,0.33380192951382415,0.2777777777777778,-0.05602415173604647,0.07465420707035,703.7915740415302,0.3288352707952635,-0.010169706987997395,-0.7504486878181212,0.45298451683183716,0.7736735555690781,False
0x96bcdc81128be68ec713bb352edf075ad002d2b5,21.0,32.0,0.6219295300951498,0.5238095238095238,-0.0981200062856259,0.10333470745809596,1416.7555477093067,0.20364439252727468,-0.01018916316061927,-0.9495358210155603,0.3423481623688751,0.687037267050495,False
0xb80465cf5a62609aaf1fd6a7f29dfd24b4b7cd66,24.0,53.0,0.26460345425716064,0.20833333333333334,-0.056270120923827306,0.07464792956827031,2047.9338443711113,0.3288723901872895,-0.010253135485577129,-0.7538068537100507,0.4509652079585271,0.7736735555690781,False
0x773e8ca01ad9750283dbfb335d2c6670bc817502,23.0,122.0,0.4861972436702884,0.391304347826087,-0.09489289584420155,0.10110895803634426,348.4030379996517,0.21079810096985863,-0.01029878225318132,-0.938521152696398,0.34797665165527647,0.6929975170802765,False
0x4c1e6d12ab6e2b2d189d655bb2388497a6d4befe,49.0,411.0,0.4932747507815229,0.4489795918367347,-0.04429515894478817,0.06401960592183588,1920.157756999736,0.3998469937496334,-0.010331475168173855,-0.6918999001473067,0.4890001933570791,0.7944794362489951,False
0x7ff9761dea5a8c7ed04db1fca4908a958f80e494,31.0,45.0,0.37823840320793706,0.3225806451612903,-0.05565775804664667,0.07388904748206468,963.8698668137052,0.3333986797149414,-0.010359327111781376,-0.7532612740766031,0.45129292502253104,0.7736735555690781,False
0xcb1664d142672b4007a9a19238f88a5bf68f96b5,62.0,78.0,0.7053833697960393,0.6774193548387096,-0.027964014957329707,0.046002878879271,48368.85509174269,0.5633743475336087,-0.010385219860068467,-0.6078753251664507,0.5432701659532149,0.8190967272717086,False
0xb4d0807e3447a8ac6dc52f51070d4e7caa6fa1c5,87.0,171.0,0.3722882044961883,0.3448275862068966,-0.027460618289291815,0.04532451942960958,15455.67271592805,0.5706686574529949,-0.010391620191902705,-0.6058667280949118,0.5446032549772599,0.8190967272717086,False
0x3cf5deffab434cf9746165e4fe3c39ad0cde4145,31.0,55.0,0.20278448284173226,0.16129032258064516,-0.041494160261087126,0.060939789073755316,111.67379784365153,0.423725921998914,-0.010495968756884575,-0.6809042317305499,0.49593209026648233,0.79738707032248,False
0x89d63b7bf6e68e5796546d712d0101770be5c3c5,72.0,106.0,0.9208411186200333,0.9027777777777778,-0.018063340842255388,0.030042967013478486,16508.856396964322,0.75157292491456,-0.010521122157206584,-0.6012502305165613,0.5476733330174479,0.8199179554255709,False
0x00e8e487c7d368832c6920a8db1169d08fa00039,21.0,26.0,0.2529568169164217,0.19047619047619047,-0.06248062644023115,0.07874468662774638,380.99997799015284,0.3057327698593884,-0.010565283825340185,-0.7934583159318276,0.42751084614503787,0.7590197068715279,False
0x61234f998ff1a26aafe36125a4c204d30d9c8b33,58.0,69.0,0.7568834119672466,0.7241379310344828,-0.03274548093276391,0.051374228305400844,635.7384524989794,0.5084998759011174,-0.010607317529015116,-0.6373911981335096,0.523870060217765,0.8109931995166898,False
0x61faa7b73071accbc4bb71a343e3bed3939f7f62,62.0,113.0,0.5825958923474323,0.5483870967741935,-0.034208795573238686,0.053012267709202775,23680.339966939773,0.4928078403945731,-0.010621649320552809,-0.6452996080245053,0.5187330466807567,0.8109931995166898,False
0xeaf34ea3f75a2eb1e1c34c36eb0a7a6fe855e802,40.0,316.0,0.2306986616095939,0.2,-0.030698661609593947,0.04872994191019323,34449.479954742936,0.5348655127442414,-0.010700106271595932,-0.6299753376716516,0.5287107200784922,0.8109931995166898,False
0x1ac0a1e0bc70835f6ae1db463ee88a72108e7734,36.0,44.0,0.3861520317115208,0.3333333333333333,-0.052818698378187444,0.07066028426160441,43.16870198262753,0.353545358351471,-0.010724644334137915,-0.7475019231827266,0.45476064235426983,0.7746257114148729,False
0x2bcb0c3fa29ef18b35f2a93bee047af9dc309724,27.0,37.0,0.31159259956916113,0.25925925925925924,-0.05233334030990186,0.07007427654196302,115.51135799971378,0.35736127505374465,-0.010799670516833783,-0.7468266943656957,0.4551681798768663,0.7746257114148729,False
0xa65c599c826f116b687efd166d77deb107453bc1,46.0,52.0,0.4300561622002399,0.391304347826087,-0.03875181437415303,0.05741499273344633,154.91348499969365,0.453054967241886,-0.010831165482578042,-0.6749424240818319,0.4997123456140238,0.8015165105127375,False
0x82b016c0ebc41fad44f9c0c5ca7246b2cfb57c38,23.0,38.0,0.46910845912222243,0.391304347826087,-0.07780411129613549,0.08890906886020332,7048.092776944245,0.2567456868423035,-0.010836406758234133,-0.8750975833350726,0.3815208119037261,0.7281390694539259,False
0x4bf5287261ae787a2d35fad6cd3977dec93b29ac,115.0,116.0,0.5729809661620109,0.5478260869565217,-0.025154879205489186,0.04094757634244606,119.99975799991833,0.6195623020197049,-0.010906943993866708,-0.6143191234352438,0.5390044680006432,0.8176368092758802,False
0x5fea774d3548a44d48452e868d7faf0c860078b1,60.0,871.0,0.5465191892129133,0.5166666666666667,-0.02985252254624664,0.047159756607995804,108475.20591902603,0.5511193256099466,-0.010932618792379065,-0.6330084099964424,0.5267281510399109,0.8109931995166898,False
0x168c2c284a86f175850c27a891afa26cab4ef24b,25.0,29.0,0.5837454905694308,0.48,-0.10374549056943083,0.10429706887170605,11312.194571174552,0.20065422891708348,-0.01098777680567225,-0.9947114688049987,0.3198766148543868,0.6702898329694763,False
0x5429db3afc4e76d7c1403893af05b8c25edc83c2,29.0,49.0,0.22089388756966358,0.1724137931034483,-0.048480094466215276,0.06623019530047104,301.92626899035497,0.38367067316692866,-0.011021666583440984,-0.7319938322131216,0.4641723323637801,0.780378386679393,False
0xba1ac4051c9f6791c4ae63b420abe923b2f385fe,42.0,45.0,0.4547311808060708,0.40476190476190477,-0.04996927604416607,0.06752179152960466,1213.4167728625482,0.37457844031898796,-0.011026886500261164,-0.7400466562303406,0.4592716848176841,0.7764099662565752,False
0x5d92479e33a7e19b8d4195ca5330a9ddaba948e4,60.0,80.0,0.7140786291103614,0.6833333333333333,-0.03074529577702825,0.04791131161188621,1534.5253200012905,0.5432845902890703,-0.011087421910071784,-0.6417126716564511,0.5210597600858371,0.8109931995166898,False
0x5268527977f700f9bf9b6d5cd843859e4e70135d,535.0,18638.0,0.5290331434776936,0.514018691588785,-0.015014451888908603,0.021112050816138313,5269122.357522469,0.8596743752068121,-0.011182018596286663,-0.7111792226945272,0.4769731821379666,0.7874090684689576,False
0xf0c22ae224754dcde3e54b897fe35e77664d7efa,57.0,61.0,0.2850937002502282,0.24561403508771928,-0.03947966516250891,0.057270451868058354,221.063890000372,0.45430447518754924,-0.01122561668890565,-0.6893548745426966,0.49059997336193173,0.7949324724728976,False
0x98a79b835565d6fbc877121d04020e961325b766,57.0,184.0,0.731238648906154,0.7017543859649122,-0.029484262941241672,0.04594168642763356,12617.021330881178,0.5640290811499693,-0.011269043878326975,-0.6417758082887249,0.5210187592703368,0.8109931995166898,False
0xdb1c76d11d21c2827557860fd9883bb5c6a52679,26.0,89.0,0.4590303868517447,0.38461538461538464,-0.07441500223636008,0.08546523005242625,681.6011459998189,0.2721100733528175,-0.011298537416212897,-0.8707049895110829,0.383915253450273,0.730175102247975,False
0x5baf71b701414b4b56517be64ac42d18f78c3e56,22.0,31.0,0.369683047910593,0.2727272727272727,-0.09695577518332023,0.09906558480476643,3098.7436868763243,0.21767142498404093,-0.011484559925240162,-0.97870290045121,0.3277267985497665,0.6761592117271925,False
0xa42b61aa3b218c2eeb0630ff8e4832af0619ab8f,48.0,48.0,0.59349996539375,0.5416666666666666,-0.05183329872708334,0.06795910454745129,205.83994000025905,0.3715586086953104,-0.01153144786673216,-0.7627130915312696,0.4456345212963415,0.7692713724385976,False
0x133a9901fcdb918685b90c93f8fd574521df504a,219.0,301.0,0.3993873478799584,0.3789954337899543,-0.020391914090004012,0.031790905498671036,9785.216275833296,0.7298606259539921,-0.011561473076211517,-0.6414386054796853,0.5212377574235978,0.8109931995166898,False
0x945a49252f772a10c6ddd1d1e1e24ee20438a48c,162.0,5261.0,0.45573821647121804,0.43209876543209874,-0.02363945103911919,0.03716817593387598,18341.011387999235,0.6640444575138875,-0.011566552581387097,-0.6360132141317599,0.5247678092834795,0.8109931995166898,False
0x1c5575dc20e4ea54d1bb09ccda72ccf8a3b684ce,26.0,46.0,0.28862491610937435,0.23076923076923078,-0.05785568534014362,0.072735347618708,344.53895399861955,0.3404299347311874,-0.011585371420608727,-0.7954273573205934,0.4263649514819223,0.7590197068715279,False
0x6b97ebe911d7f2e5e3e8c4a0faad4a5c7c0b8d30,20.0,159.0,0.32701315600887493,0.25,-0.07701315600887491,0.08638296075538389,13555.56785604878,0.2678997131546155,-0.011629495201676403,-0.8915317944120711,0.37264394243217436,0.7220165128699033,False
0xde7db574c99b1cf4829e6543ee1522eaef78499e,26.0,76.0,0.32010769912183307,0.2692307692307692,-0.05087692989106378,0.06687301341414424,4443.661407993994,0.37911297001623195,-0.011653336079633625,-0.7607991220013252,0.44677705891918906,0.7702125902089496,False
0xb8c6a4b9f29aa167f54ca2ad424a2c13f2117b39,38.0,68.0,0.4407027744914062,0.39473684210526316,-0.045965932386143,0.062418056689023296,3455.4780639683327,0.41206552565756654,-0.011711410896327176,-0.736420433836199,0.4614748729407028,0.777871697590897,False
0xa62373e4098417a42d666da61338dcc69e0fa4fe,135.0,308.0,0.5337399506470432,0.5111111111111111,-0.02262883953593201,0.03514833199996042,30052.21175499013,0.6885012388650443,-0.011749624210105282,-0.6438097698621229,0.5196987976420817,0.8109931995166898,False
0x73d4c819f03d5f0a346d521ebc28002af611dbd6,20.0,29.0,0.5069608978384743,0.4,-0.10696089783847426,0.10366479057655072,17152.386670856093,0.2026119348839316,-0.011866432887570092,-1.0317958223191466,0.3021677767721309,0.6532193598452016,False
0xbf4405e53fcdb12e668d5819205f4209341971a4,21.0,91.0,0.40086259519518574,0.3333333333333333,-0.0675292618618523,0.07909874096130536,9895.599996995335,0.3038316322515744,-0.011957057265303888,-0.85373371359839,0.39325254966484424,0.7375987822440969,False
0xb4c058e1bf845a6ba70249524ffaf1f29ce222eb,95.0,180.0,0.2876960403889136,0.2631578947368421,-0.02453814565207148,0.03761792724671921,1770.3819360007076,0.6586569001909929,-0.011964876728086807,-0.6522992479393329,0.5142081451156422,0.8083946172018254,False
0xe5764d141cc28914f7cf0bd63dcc6b8842cedc0b,28.0,29.0,0.987857115692857,0.9642857142857143,-0.02357140140714283,0.03580168210306844,41.49236105993905,0.6805469125742175,-0.012113273843566431,-0.6583880986173721,0.5102887809340417,0.8062743793948237,False
0xfd2f0ea00b3eb670abf35d8b474f21de9eea37dd,21.0,59.0,0.12932105336422733,0.09523809523809523,-0.03408295812613208,0.049489153763179514,1250.9725890203683,0.5271654790065156,-0.012153125991982332,-0.6886955127426362,0.4910149006007467,0.7949324724728976,False
0x8604bb54df5a5ea9168775057c25a999c49d222d,24.0,24.0,0.9861633834875,0.9583333333333334,-0.027830050154166636,0.041801708011027845,849.871859998887,0.6097833619639925,-0.012171983455325367,-0.665763469445428,0.50556229788178,0.8038502874458141,False
0xd4f9a0df230f479ca3ef199916cb1ae2e02a84f7,38.0,96.0,0.4793397384083119,0.42105263157894735,-0.058287106829364534,0.07172591829468994,1745.7908149979844,0.34673360026012207,-0.01217717596949344,-0.8126366063364808,0.4164264371726305,0.757352070207721,False
0xe0db4948645fd2d8a878ccdc9e61a37e1e1e3c88,24.0,25.0,0.535851881739525,0.4583333333333333,-0.0775185484061917,0.08529609245219656,4242.999969052071,0.27289551304818394,-0.012213587935048868,-0.9088171119871205,0.3634466723591858,0.7111752412855389,False
0xa07d087b4d1956aedb46966b44bee6e340fba037,146.0,1772.0,0.36655216824468173,0.3424657534246575,-0.024086414820024205,0.036226469837652236,9128.284235008667,0.6753966029547013,-0.012276381102018187,-0.6648844043586555,0.5061244315133546,0.8038903140601648,False
0x9d3e50519d87421645a1717e60a4ba369db1986c,49.0,55.0,0.4615311952101624,0.40816326530612246,-0.05336792990404001,0.06753069007022959,2475.887499982551,0.37451669877615834,-0.012295894736027385,-0.7902766852898913,0.4293661996871503,0.7590354785893281,False
0x5b6e80132e843cb8570ee93e448f05f40ef3f544,52.0,1049.0,0.3747944449389301,0.3269230769230769,-0.04787136801585319,0.0626719641454707,13398.932991012518,0.4100999206729503,-0.012378308872681586,-0.7638402381124807,0.44496245461721085,0.7692713724385976,False
0xedf72350cc1d1fc9b02186f33a19a27108e24003,94.0,428.0,0.4344328812023399,0.40425531914893614,-0.03017756205340375,0.04426480023709346,8869.077640008294,0.5822207564276821,-0.012432759979294961,-0.6817507792142989,0.49539655253873827,0.79738707032248,False
0x42c81c8696e27dec7e0e5105fdd2877148a8a25c,68.0,195.0,0.5771519862672246,0.5441176470588235,-0.03303433920840104,0.04741700145948482,9572.396562000491,0.5484263203468255,-0.012564103124353328,-0.6966771029717482,0.4860048912853099,0.7941771081381355,False
0x930b9f51d80ff27a8ab75cc51711c67847f9faa6,49.0,106.0,0.3213623712644094,0.2857142857142857,-0.03564808555012372,0.05021881738348005,400.34988899306336,0.5198636585037268,-0.012628124023083056,-0.7098551381229955,0.4777939726291973,0.7874090684689576,False
0x36a636192f7ecc0b2466d68959d79f90684fc85c,24.0,45.0,0.34565786983388375,0.2916666666666667,-0.05399120316721712,0.0672825854526721,132.11626599990825,0.37624273128342695,-0.012643735796420958,-0.8024543469007385,0.42229018658923034,0.757352070207721,False
0xcf035855c5a8d67510c369c4ef41bb7725405b17,46.0,81.0,0.3714773128929355,0.32608695652173914,-0.045390356371196344,0.05975308587286318,303.6099129981773,0.4333574956560346,-0.012702503726064572,-0.7596320040737903,0.44747458328860157,0.7708997664003363,False
0xbf5fda9acda958df496fd7f49542bdc9f55a30ed,28.0,40.0,0.7046341413412239,0.6428571428571429,-0.0617769984840811,0.07309524581528788,283.8499060018405,0.3382168732304257,-0.012756374481638194,-0.8451575447217449,0.39802288284473075,0.7420403742862242,False
0x7960a58d7a190598220f8a88c9af27af6849fe2a,20.0,21.0,0.9028302275536756,0.85,-0.0528302275536755,0.0660099586572649,1959.4535929044557,0.3852471701513719,-0.01279335724064354,-0.8003372313559407,0.4235154373739758,0.757352070207721,False
0x1e7d01a3d42980d5befc94208a0b30f39b7869a5,95.0,116.0,0.5878940636170146,0.5578947368421052,-0.02999932677490935,0.04321974309499765,719.2398289986318,0.5937962266544822,-0.012818582353782039,-0.6941116403438674,0.48761219917907006,0.7941771081381355,False
0x91839ee9bf9c462969b886f930b230602f2859f0,32.0,59.0,0.32857942456976535,0.28125,-0.04732942456976535,0.06123224652879188,2405.395496497587,0.42138953145460134,-0.012829211944857288,-0.7729493404673742,0.43955236245840523,0.7654325069414093,False
0x4b5faccc9a9704b5c10ceb20cbdd6b4da27d1ae6,30.0,85.0,0.17643675200531328,0.13333333333333333,-0.043103418671979934,0.05727122230974644,3600.3416563380106,0.45429780507576967,-0.012871534601256581,-0.7526191503100603,0.4516788064834487,0.7736735555690781,False
0x54049c6065bdfeb3c01444021d003469317f5e58,69.0,326.0,0.23421026283853932,0.2028985507246377,-0.031311712113901685,0.04457041873457992,2148.0126480097724,0.5788697480837857,-0.012946954037868755,-0.7025222782932601,0.4823535132269998,0.7910866034669926,False
0x95a649d5ab0b64d76fac771b9983db1f0ca2addb,59.0,61.0,0.6131876443685408,0.559322033898305,-0.0538656104702355,0.06644793584276161,284.6399410003986,0.38211957710186645,-0.012985307268522083,-0.8106438490083399,0.41757022788561393,0.757352070207721,False
0xe25c28438f4f51bf12efed21efd45f33d8cfae63,26.0,163.0,0.4264270280731663,0.38461538461538464,-0.04181164345778159,0.05562016328282322,2102.4553720077993,0.4688365757085089,-0.013071350559311827,-0.7517353598042023,0.45221022154280144,0.7736735555690781,False
0x65088561dd219c249cf9350de37d9c9065961077,22.0,76.0,0.2943776722239258,0.22727272727272727,-0.06710494495119856,0.07621188788319112,1101.4401309869825,0.31978525968567123,-0.013094878221271167,-0.8805049555267461,0.3785858218140601,0.7273911258919279,False
0x26c283df72be6f746b6acd37b7b06ff89da60cdf,94.0,274.0,0.45019674746194926,0.4148936170212766,-0.03530313044067274,0.04882114930955707,1387.4705000030071,0.5339349678669983,-0.01311858421579048,-0.7231114166696178,0.46961143575830544,0.783340906478865,False
0xca2bc26fe3c8899616987bf0a1e078cc5ad33489,33.0,53.0,0.4245925575792393,0.36363636363636365,-0.06095619394287566,0.07138473232108622,1466.2388799995313,0.3488968078983536,-0.01326109904727399,-0.8539108008235804,0.39315441459117584,0.7375987822440969,False
0x1d0aaf736915c4bbb39341fe8a2c6dca3b73ea32,182.0,310.0,0.19557179091074803,0.17582417582417584,-0.019747615086572183,0.026313351013710008,1591.6800849930642,0.7977229680411961,-0.013265816641507939,-0.7504789137758665,0.45296631883048266,0.7736735555690781,False
0xe9076a87c5ed90ef16e6fe6529c943baeca0cff6,476.0,3606.0,0.4577923243009087,0.4411764705882353,-0.016615853712673448,0.018795584555777876,470331.38321105205,0.885444679499688,-0.013303784129685381,-0.8840296327770042,0.3766802166770855,0.7269513492714716,False
0xea104fad5b61d01a3031d65389c96650b8a8a070,39.0,88.0,0.5218073654366524,0.46153846153846156,-0.060268903898190715,0.07074536558006386,1178.4063468003342,0.3529954916386802,-0.013318728587338022,-0.8519131027739656,0.39426232391332716,0.738260891108218,False
0x332e652e3b86434a9feead1ea1e18c67dc9ddf71,40.0,71.0,0.26976818138413583,0.225,-0.04476818138413587,0.057863165282277904,4046.944394465712,0.4492043593487927,-0.013337176539166462,-0.7736905018199426,0.4391138381966382,0.7654067316064253,False
0x6e69897ef011e275168ffff39b74ff5e2fd76e36,21.0,30.0,0.9081730639906456,0.8571428571428571,-0.051030206847788306,0.06330294423144342,839.4395135881808,0.4052619043637864,-0.013367372548473472,-0.8061269103253008,0.4201696765584202,0.757352070207721,False
0x00c5df0aca91362193e2fae508f48f6e1d99b5e9,32.0,36.0,0.6315968212740427,0.5625,-0.0690968212740427,0.07699978886801931,442.204120001263,0.3153274058377467,-0.013369011158635624,-0.8973637757952477,0.3695248354214242,0.7185745982828495,False
0xe8c6c9d86734255cb17a4095510a27c5da8d737a,74.0,747.0,0.5781134268823986,0.5405405405405406,-0.03757288634185815,0.050648823226538214,4458.075224885332,0.5156059516396089,-0.013416428566515553,-0.7418313782692442,0.45818950651532364,0.7758836095226656,False
0xb68e24010ef49b3731455181953b37bbcc90f2af,27.0,30.0,0.49266930428905553,0.4074074074074074,-0.08526189688164808,0.08731017936989349,41.654988810988435,0.2637325269110035,-0.013432786300887007,-0.9765401640103409,0.3287968545665678,0.6767494716098791,False
0x413d1ff09fa67c08d9bf295ea4804a26cc02d704,20.0,23.0,0.9749999999999996,0.95,-0.024999999999999994,0.034999999999999996,958.6437000000001,0.6903123484423291,-0.013449719264633812,-0.7142857142857142,0.4750505240539531,0.7858597187524985,False
0xe3d4dee2427b98042822543f8e1e8ab7bafb2bac,41.0,348.0,0.7336565682231649,0.6829268292682927,-0.05072973895487227,0.06261836098937422,216416.228397812,0.41051398488656604,-0.013576623498472365,-0.8101415967032521,0.4178587994333611,0.757352070207721,False
0xb91e1d1a614fc87144a05d47c51d2a307931549c,36.0,36.0,0.4480184194361111,0.3888888888888889,-0.059129530547222225,0.06925306663641623,35.999953999514744,0.36279377852575595,-0.01361638815181167,-0.8538182266737252,0.39320571384910696,0.7375987822440969,False
0x035b278391a2931071403cae4a3d037f9b3ac6dd,44.0,101.0,0.417015337327403,0.36363636363636365,-0.05337897369103926,0.0646317768035615,3618.2818939718577,0.39528833463896185,-0.013664218865430065,-0.8258936444417514,0.40886442620468033,0.7489883191972285,False
0x5a99f63e8d54bbf18a402ae909422ff930e7d29f,21.0,27.0,0.41806396171626115,0.3333333333333333,-0.08473062838292784,0.08630117526734335,2187.013982042821,0.26827143452506963,-0.01373307091238917,-0.9818015585587303,0.32619762020097487,0.6757137851392081,False
0xd6d297a2a225d2e5d9f1be5f1d0878a814024a24,53.0,311.0,0.10178353296166501,0.07547169811320754,-0.026311834848457453,0.036095048489070754,1209.2706809963454,0.6769881355658695,-0.013840868731659383,-0.7289596759074706,0.466026329128193,0.7820760403142633,False
0xe0c64545ed260cd64e843850c5408ee1e8250b4d,21.0,52.0,0.5382672605758843,0.47619047619047616,-0.06207678438540798,0.07096598521367418,2117.7879279894437,0.35157454575712305,-0.013851221766680322,-0.8747399785756321,0.3817154020557223,0.7281390694539259,False
0xf8db958026a23e539ec67836d4420298958b2a35,29.0,29.0,0.5040344051034483,0.41379310344827586,-0.09024130165517244,0.08918047190632276,39.27468099892502,0.2555841516665283,-0.013910500418727831,-1.011895314368419,0.3115881098806912,0.6620426815319095,False
0xc3eac2a15b33506d4f662423ea77492fd7cf0b4f,23.0,26.0,0.4865217400005289,0.391304347826087,-0.09521739217444194,0.09200848397945917,98.77262099999997,0.2438870619311392,-0.01392471007255783,-1.0348762207156805,0.30072672110724463,0.6530868442090861,False
0xd123211134d5dffbaaad1effd054f4b8a686d341,41.0,355.0,0.298601793735889,0.24390243902439024,-0.05469935471149881,0.06511897792597372,132136.65939592294,0.3917038054638371,-0.013946001307883862,-0.8399909896264068,0.4009134385449582,0.7440516703878256,False
0x00d49004de78e3ecc89d9b36820ef34a98a44c46,58.0,162.0,0.2570257532729246,0.22413793103448276,-0.03288782223844181,0.04414756186732923,2258.707258989332,0.5835103747318459,-0.014069000306822845,-0.7449521751002963,0.4563006319893961,0.775072744618794,False
0x7fafae2e77faddd6cc7a586e14b21690f154e2b5,63.0,267.0,0.4218969885334787,0.38095238095238093,-0.0409446075810978,0.05273602131455584,702.3441729996904,0.49541977967267914,-0.014080172958078398,-0.7764068384468085,0.4375088081962799,0.7639371810008164,False
0x4e7996f258270c741ae409435d7ba20cc07b22e3,136.0,164.0,0.4329255602067367,0.40441176470588236,-0.02851379550085439,0.03864605478495985,551.2499620010469,0.6464307457489091,-0.014084512356488365,-0.7378190518932685,0.460624414302367,0.7770943712013203,False
0xe39183840b366c509a463bfdea8af132d11feea1,38.0,44.0,0.7365692246470513,0.6842105263157895,-0.05235869833126176,0.06293576645064207,5353.219815999645,0.4080691514945233,-0.014087262795138085,-0.8319386778633185,0.405443558674603,0.7473433452969663,False
0x1ba747eaed3e0e798922523dbed29693bcf767a1,36.0,73.0,0.4353886909378187,0.3611111111111111,-0.07427757982670756,0.07886100805025971,2759.21877195915,0.30510649178561505,-0.01411777958131938,-0.9418796647814718,0.3462542524035994,0.690633965157682,False
0xcc010e5aa15585c4ac96f9ddb84b8f6bfa267b7a,26.0,77.0,0.41153586884287063,0.34615384615384615,-0.06538202268902452,0.07273804026207478,176.12927099954337,0.3404133106051925,-0.014146270614686837,-0.8988697310712995,0.3687220523832029,0.7176861683745511,False
0xe167832b5a41e5bb5ed0a34cbf7bc603a84703a1,32.0,62.0,0.4520143457391188,0.375,-0.07701434573911879,0.08056098135830814,12100.435812917225,0.29613882862691665,-0.014151874605407835,-0.9559757644533263,0.3390844789365297,0.6836387824029809,False
0xe9cdf37f7a165c501233d8a3cec70ff907929a4c,22.0,24.0,0.6001678607145325,0.5,-0.10016786071453251,0.09418921747140947,2116.0744591324947,0.23535163880164967,-0.014172133974287652,-1.0634748159462926,0.28756668005664054,0.642350212825298,False
0xb4f334eb2ec0fd1eda346cd854babafcf4c6999f,43.0,370.0,0.4183331791228875,0.37209302325581395,-0.04624015586707359,0.05740058703179504,3494.507793405075,0.45317933230327206,-0.014231075713269195,-0.8055693897600817,0.42049118133903596,0.757352070207721,False
0x5d1a7865c4b8e383ed9634683063e5894f8be943,29.0,127.0,0.1831850685739222,0.13793103448275862,-0.045254034091163554,0.05649729420190797,5297.398323095921,0.46105171324663285,-0.014237245820534565,-0.8009947154183409,0.4231347052030501,0.757352070207721,False
0xd95f1679197a707cb93e36345f2d329e00e6adfd,26.0,35.0,0.7499568764836302,0.6923076923076923,-0.05764918417593783,0.06669288142843109,4927.806348544481,0.3803835997062339,-0.014309660640803705,-0.8643978628783919,0.38736936648321274,0.7324372980456404,False
0x8a69fbff417e0bea8dcf526a626acf220734fabe,40.0,40.0,0.9167499504275,0.875,-0.04174995042750002,0.0530624804885892,39.85801320439475,0.49233457323275914,-0.014312411124874016,-0.7868073645083012,0.4313946417258778,0.76055989681725,False
0x5fe618a2a52f04e945d5f855e75b8ca0ace5a99f,64.0,81.0,0.13693553152553195,0.109375,-0.02756053152553196,0.036839550963267825,1948.5990952256948,0.6679953057743768,-0.01432779362393879,-0.7481234381225809,0.45438570585114535,0.7746257114148729,False
0x8a38b73b9f64e51e295ba8153af8dc066a22d420,23.0,74.0,0.5375772385343983,0.43478260869565216,-0.10279462983874607,0.09481812414373114,610.1817299983201,0.23296484636454554,-0.014515649636699214,-1.0841242723060378,0.278309702215072,0.6330534990939287,False
0x605dc67e70540ab898a454be8513a876ad7e2415,20.0,20.0,0.62005993753,0.5,-0.12005993753,0.1035153862198933,28.78218601611164,0.20307836038978108,-0.014582189105870674,-1.159826977556378,0.24611925801026757,0.5973086195577485,False
0x4060ad6178fbf267f9f388527aa2215e41e1e63c,39.0,184.0,0.46893120782387854,0.41025641025641024,-0.0586747975674683,0.06678395081503594,4197.842350981202,0.3797405726522137,-0.014654150658544243,-0.8785763173845966,0.37963104127589564,0.7273911258919279,False
0x831ff6eaedf38f467017cdb49ec6cbdec5decc50,22.0,38.0,0.3165324152597087,0.22727272727272727,-0.08925968798698136,0.0869152540286529,804.7710520157145,0.2654969058842229,-0.014666317540664628,-1.0269737917069837,0.30443280516162696,0.6548225225286372,False
0x631857e845695738b089cd0773fa16a0897146b1,363.0,1891.0,0.24752387442809246,0.22865013774104684,-0.01887373668704564,0.020626032538813576,19446.290987077457,0.8651999534205745,-0.01467198069652753,-0.9150444542123888,0.3601682932331425,0.708715617727943,False
0x18de0919dee0dd0401efc205dd2685a656947c92,30.0,39.0,0.7580858996133526,0.7,-0.05808589961335252,0.06607921428018797,34093.69888216691,0.38475059706421844,-0.014783139998985206,-0.8790343566595339,0.37938264777924746,0.7273911258919279,False
0x1cefa562acc7793d24a23f74d8166f222e6e71b4,30.0,60.0,0.455247723429009,0.36666666666666664,-0.08858105676234233,0.08614973309859912,16333.291950663433,0.26896154574464926,-0.014835647624955055,-1.0282220684417043,0.3038453798170082,0.6541045363506379,False
0xba3a1b40ce16d2f4f976fc734b51398ed74f6370,20.0,34.0,0.531319496681342,0.4,-0.13131949668134213,0.10820068703108601,95.7372000000184,0.18912598002665376,-0.014864976218543444,-1.2136660152963177,0.22487528692589676,0.5753061809505098,False
0x5e16f02765e04f83ed0a9900c2b69c9a58d241f8,21.0,27.0,0.26637963420724076,0.19047619047619047,-0.07590344373105028,0.07807422327020148,62.111792903160165,0.3093747917417482,-0.014990305239286053,-0.9721959508756365,0.33095307458555845,0.6792213223069763,False
0xc470627a6ec13908543f4fe3d6551a7b6520c792,81.0,134.0,0.28124136277084016,0.24691358024691357,-0.03432778252392659,0.0435545091707334,11470.578676167206,0.5900687534488839,-0.015215012097530468,-0.7881567988600653,0.43060499521638773,0.7601165521307761,False
0x0cab1454682f3616178ebdb979840b128e2697c9,21.0,73.0,0.808180118329126,0.7142857142857143,-0.09389440404341151,0.08835566295099553,267.4915934009518,0.2591359133028056,-0.015221340447454225,-1.0626868828485607,0.28792397134734915,0.642350212825298,False
0x204f0a3daba2136fa857863d5d008c6a02b6ba2c,147.0,296.0,0.31992843188208137,0.2925170068027211,-0.027411425079360303,0.03465647830166249,863.6880100026176,0.694513654073041,-0.015281181110216526,-0.7909466403585895,0.42897512995462517,0.7590354785893281,False
0x7d9a514f9da9e8aa7fa37306943c7d1720d805e6,347.0,13923.0,0.4921454139886312,0.4697406340057637,-0.0224047799828676,0.026520112393927243,1078738.3270305807,0.7951852633596364,-0.01529743638361211,-0.8448222107836164,0.3982101116758954,0.7420403742862242,False
0x9e38ebd01b5e1e14f3aa355b75f35e867ae61b52,22.0,69.0,0.25285085270149465,0.18181818181818182,-0.07103267088331282,0.07425456084060328,2907.087979529272,0.3312089311769308,-0.015302832714390114,-0.9566102079008096,0.3387640345750589,0.6836387824029809,False
0x9ef1dcac29e39d2279c2c393a532739c11145aca,154.0,213.0,0.564749311317034,0.538961038961039,-0.025788272355994922,0.03205612660793669,2161.052752799752,0.7265720371500183,-0.015374817180303634,-0.8044725013536125,0.42112414435720336,0.757352070207721,False
0x7d0e41915dd94259bbe9dae12d33b1c26d304f01,89.0,289.0,0.4304736041556508,0.39325842696629215,-0.03721517718935867,0.046390967695042376,2715.3314619995876,0.5592371201380906,-0.01539224607561566,-0.8022073916198069,0.4224330013635167,0.757352070207721,False
0x8495c2a0d6b76145f0a8514f0629f2ef4cb0df87,22.0,52.0,0.7834932065116352,0.6818181818181818,-0.10167502469345338,0.09208342657637622,1835.3370511212029,0.24358690505262098,-0.015465433742788503,-1.104162046023794,0.2695228503574316,0.6206244920284073,False
0xa6641fac09579cb948106d9a8427951572cbf849,25.0,126.0,0.3651315397276141,0.28,-0.08513153972761414,0.08265283805882372,7038.383130974889,0.28556502158577896,-0.01552550511210851,-1.029989311038858,0.30301502329691266,0.6534842154027812,False
0xef46e7d4e632d4de3c69c24d1814eb8d2dc2b0ea,29.0,144.0,0.391892630350545,0.3103448275862069,-0.08154780276433812,0.07922318330497513,18976.160962934693,0.3031670230570308,-0.01615396361031495,-1.0293426666587508,0.3033186804026511,0.6535161877681179,False
0xfb07f48542d2b655e9d0bf1cc92a8a6feee8e2cc,20.0,64.0,0.29824040209943037,0.2,-0.09824040209943039,0.08842606572706035,839.0742779977942,0.258830201733313,-0.016313752198041834,-1.11098917826632,0.2665730074178252,0.617297358491994,False
0xa2f0edd71a37a5d182e385f1f8665f8cc65be477,43.0,64.0,0.8354386654495378,0.7906976744186046,-0.04474099103093301,0.05199832552538922,512.4696170020702,0.5024632425404642,-0.01636271820709001,-0.8604313807968167,0.3895512937764707,0.7338588653393119,False
0xe23364bbdb6ef81ca14d9162ba8547583ea314a3,28.0,34.0,0.6412008321474811,0.5357142857142857,-0.10548654643319559,0.09203536648777969,2969.0799469944454,0.2437793363341058,-0.016416535678944535,-1.1461522940445066,0.25173214312513936,0.6056130570146777,False
0x4241f3f449f3d7b385be626713f22bab1cbfad76,39.0,44.0,0.3638968269093286,0.3076923076923077,-0.05620451921702088,0.06148821152911571,680.0845670113572,0.41935667360048356,-0.016429830984916696,-0.9140698325630611,0.36068015295171474,0.708715617727943,False
0x7328c1e8e6e0bca8bd09f2223224444aee623a00,25.0,34.0,0.5028252484396825,0.44,-0.06282524843968254,0.06628521705662668,307.12918799884216,0.38327801420888524,-0.016495984218333808,-0.9478018060348459,0.3432303609441014,0.6872601714866752,False
0x7300833941f579802d58791eb1d0152c1b17e52c,21.0,35.0,0.4256041555463931,0.3333333333333333,-0.09227082221305978,0.08471022351930839,13816.926679920742,0.27563926700970937,-0.016526324403783682,-1.0892524937326846,0.27604255587150717,0.6308463042945056,False
0x8a269634753d90783f52c58e5ae9a8b9679e937e,29.0,86.0,0.49936556769321944,0.41379310344827586,-0.0855724642449435,0.0807478750776893,68761.7150425009,0.295173737891903,-0.016591813316844936,-1.0597488065489322,0.2892588923060355,0.6425483921251212,False
0x46ea12afe246b4e5db132542a4d8a79a5dddd849,43.0,46.0,0.7162118512903981,0.6511627906976745,-0.06504906059272364,0.06762688138823753,356.1856776104734,0.3738500653894359,-0.01661911207371662,-0.9618817141557225,0.3361090249322918,0.6836387824029809,False
0x37c705fb8b61cded0457a0808807c7ea4a596b4a,25.0,43.0,0.5151134186317656,0.44,-0.0751134186317657,0.07415523724788466,47.789934001569875,0.33180218210934614,-0.016706268859481073,-1.0129212907872986,0.31109775792763994,0.6620426815319095,False
0x0b2a9c62c82d2813ad34ac25cbdd8608ad3c0a73,81.0,117.0,0.6235061562016081,0.5802469135802469,-0.04325924262136116,0.049972177493393916,1524.7235390007315,0.5223209749658451,-0.01672140614541085,-0.8656665526948436,0.38667304721310325,0.7321804616465443,False
0x7bd6f18fa7b88d3e17ac40f74db47576b69025bf,22.0,23.0,0.9388409090909092,0.8636363636363636,-0.07520454545454548,0.07413037435230944,487.6024,0.33195089408971046,-0.01674951739919938,-1.014490296475922,0.31034885729311723,0.6620426815319095,False
0x4880b7b4c78526c1b0dceab2fbfd9c8888925626,77.0,172.0,0.6004632213010641,0.5584415584415584,-0.04202166285950577,0.04873106570009917,1475.5334989236894,0.5348540381309816,-0.016755765860457274,-0.8623177485613711,0.38851268853293375,0.7324372980456404,False
0x2a2c53bd278c04da9962fcf96490e17f3dfb9bc1,43.0,387.0,0.41789694701744334,0.37209302325581395,-0.04580392376162944,0.05218541561202857,414894.2937829005,0.5006674896635719,-0.016792468742074497,-0.8777150325324186,0.3800983845339103,0.7276342246144339,False
0xf83b52d7f5f86de4dc6870f46955bac038c844a2,37.0,93.0,0.312213087823493,0.24324324324324326,-0.06896984458024968,0.06997473075983086,18277.786196048357,0.35801448553348136,-0.016797996955395106,-0.9856392990916939,0.3243101461069222,0.6743744476448849,False
0xd6e4ff02559b36ed56c4ff96315e20393b4968be,28.0,32.0,0.23720444089857692,0.17857142857142858,-0.05863301232714836,0.06253687774679266,1390.110573988523,0.41114433489246505,-0.01686573819370528,-0.937574986786984,0.34846287082361593,0.6934303579121184,False
0x9f15613ebf1f36d4bc679e1211d1fc567cf9bdb3,54.0,297.0,0.42109288410836226,0.37037037037037035,-0.05072251373799189,0.056160281154278645,22782.473462074267,0.46402640250468025,-0.016945959860156144,-0.9031741418575061,0.3664334793395554,0.7150269436007739,False
0x54d1d9d97263e44747bc4606dcdb38d3d0cf13f4,42.0,59.0,0.4456073815674368,0.38095238095238093,-0.06465500061505584,0.06667885305066809,2711.388000002302,0.3804827673934919,-0.016982189424023374,-0.9696477617262799,0.3322220971574521,0.6800006258484674,False
0x46986132369d9c20140e2fbdedd008cc4bf3d7a5,55.0,89.0,0.6744320638445545,0.6181818181818182,-0.05625024566273649,0.0603851075724177,75924.04120054242,0.4281975428686346,-0.017055019927288674,-0.9315251379701126,0.3515819874448103,0.6974845735539736,False
0xe5b1377410ddd77dc3bf6fd5172e13fdc31330b2,85.0,198.0,0.556242636428764,0.5176470588235295,-0.03859557760523465,0.04473246435722177,2187.8743139943945,0.5770993278516184,-0.017073262968945048,-0.8628091065365963,0.3882424314277204,0.7324372980456404,False
0x323ee8d4381da097c8a092251ad3e5445afa1dda,30.0,303.0,0.31234950309646,0.23333333333333334,-0.07901616976312667,0.0757997089862011,3712.270232004422,0.32214911020085907,-0.017119761958710615,-1.042433682397265,0.29721065719183626,0.6504544520771182,False
0x6ca41a9c5b78e12edf6f6a42bdc240da6b67348f,25.0,40.0,0.4940060706072869,0.4,-0.0940060706072869,0.08432657223831723,15991.927956250787,0.2774555965146283,-0.01719770758406853,-1.1147858630090433,0.2649421959505407,0.617297358491994,False
0x304abef240512f49b04349f448166db3a09a05ec,39.0,68.0,0.25930269656834726,0.20512820512820512,-0.054174491440142136,0.058449688129901534,440.49995099477894,0.4442190065089216,-0.017231150430447498,-0.9268568092226945,0.35400088463145174,0.7001290502028482,False
0xa9f5e5c9c761a0c7d692ba479028f778a5dd937f,500.0,2882.0,0.4568178470155717,0.436,-0.02081784701557173,0.018116041127189713,134715.31673500303,0.8927056094062519,-0.017264858052906014,-1.149138869216132,0.2504987230273912,0.6037721557828428,False
0xcf8328a2108cf3cc93cbca38f1608f120d8b915d,30.0,36.0,0.3452791542204495,0.26666666666666666,-0.07861248755378286,0.07518895250541253,1628.9849286954798,0.3256925028070727,-0.017311842502865556,-1.0455324211109855,0.2957769643258592,0.6488799600468207,False
0x2bef048d8397093656907a6ed478205ad0b5ffd3,33.0,54.0,0.5318958122512907,0.45454545454545453,-0.07735035770583619,0.07437775074078608,79.87992699949847,0.3304749733457239,-0.017329509965015928,-1.0399663465948297,0.29835553610601595,0.6514553960852079,False
0x888824859775ecef0215a44f083faaee541f3d5c,44.0,74.0,0.5603706698794378,0.5,-0.060370669879437795,0.06284465662375176,11358.147078074553,0.408769206826503,-0.017407572300782694,-0.960633299993576,0.3367365791057835,0.6836387824029809,False
0x901bd4c78eec2c0e78e058fda39e03f33a7759ef,57.0,137.0,0.25379503432944966,0.21052631578947367,-0.043268718539975964,0.048606455126853326,2329.3882139870207,0.5361277785239634,-0.01749353435290811,-0.8901846149251799,0.37336676434745164,0.7223652552528715,False
0xfeab36deb82b3d240e5235d1efd28c1e82509cd0,50.0,83.0,0.35104711850128356,0.3,-0.051047118501283496,0.055449251198891866,22103.003955010907,0.47036967474108826,-0.017498391169433462,-0.9206096998168959,0.3572542361703608,0.7054813744895563,False
0x17fb715af5ac898ad6e2ede6309ba2ec6f3b2f88,41.0,112.0,0.6367559457507753,0.5609756097560976,-0.07578033599467776,0.07299773829867279,156.64985599943935,0.3388146886516583,-0.017545193229490705,-1.0381189576671523,0.29921467652181066,0.6522851076772079,False
0x10ff6cd4b1b5669d4ca87faebae0c869ad315088,82.0,1565.0,0.3872014626785242,0.35365853658536583,-0.03354292609315837,0.03815784468798653,115997.2169820715,0.6522203453778219,-0.017600889204932017,-0.8790571471590191,0.3793702911624799,0.7273911258919279,False
0x692bbc24400b1ecc2dc4427368f874bb0675b4f2,27.0,97.0,0.46336197639162663,0.37037037037037035,-0.09299160602125632,0.08297391564286442,3210.458976989417,0.28398565101530254,-0.01760377609912958,-1.1207330074852675,0.2624015277392955,0.6163329144259043,False
0x187e1b3ea39316237ad3c882aa725339f6b070d3,20.0,35.0,0.5674097394962035,0.45,-0.11740973949620334,0.0950623451631478,242.49994199922753,0.23204678556652747,-0.017801378153734178,-1.2350814541204778,0.21680019086351088,0.5648549531757417,False
0x89f12d25de6674144652a9d3f333c0c1fefca5ff,72.0,83.0,0.6884027858313354,0.6388888888888888,-0.04951389694244643,0.053387418022956566,294.85303599976044,0.4892831120438941,-0.01794625824141824,-0.9274450568325944,0.3536955060725979,0.7001290502028482,False
0x54d1bbc7ebbaac7edf8b8a8ff726e6429e4a3abf,28.0,29.0,0.34298309502746305,0.25,-0.09298309502746306,0.08214028003094587,361.58996500462285,0.28811002074403813,-0.018035571276752357,-1.1320036283347492,0.257632908997792,0.610385610527335,False
0x52bebcd5bca25b3bde69b9e60d561d69ba68801e,24.0,28.0,0.5088528270480804,0.375,-0.13385282704808046,0.10191438545985465,1879.8775710251332,0.20817025494793423,-0.018127403707874606,-1.3133850186518248,0.18905324310758198,0.5219559626595736,False
0xc8d8ef4cf9036c9930c9503a159c77bc9262e72d,23.0,51.0,0.1378380763229659,0.08695652173913043,-0.050881554583835455,0.054180285836905914,635.0904044378901,0.4819183531018026,-0.018150138523563897,-0.9391156542990501,0.347671367786774,0.6929246194142891,False
0xc46e1b1753ef0adf35483e042cecc0b743679ed8,21.0,40.0,0.3196036022795182,0.23809523809523808,-0.08150836418428009,0.07532064611577499,1185.4629969944983,0.32492432625253637,-0.018182949075304614,-1.0821516859931604,0.27918513252160704,0.6330534990939287,False
0x1f6d6622c9e335cffb8d7232d04f51da0bd53070,33.0,92.0,0.5011552045466423,0.42424242424242425,-0.07691278030421812,0.0725242711639782,4387.164173532162,0.3417362428645668,-0.018189511888109515,-1.0605109030371014,0.28891223241145747,0.6425483921251212,False
0x2cd663c09e032357b4330f6a7f6042c533563806,57.0,637.0,0.5643985183125125,0.5087719298245614,-0.05562658848795114,0.05784210368472311,3934.945996002058,0.44938451532360757,-0.018227057104868244,-0.9616971884555244,0.3362017350789177,0.6836387824029809,False
0x06a9865f05e5f379840e6df4feadc98892571a49,49.0,62.0,0.6334717259773456,0.5714285714285714,-0.06204315454877415,0.06256681455397309,6195.667696514848,0.41091261594274703,-0.018250572931227504,-0.9916303873078403,0.3213778603088846,0.6711202443211444,False
0x5d634050ad89f172afb340437ed3170eaa2c9075,117.0,661.0,0.4530072733448589,0.4188034188034188,-0.03420385454144004,0.037515646342612806,19171.58893500315,0.659880093325754,-0.018388141557936513,-0.9117223845504959,0.3619148772965106,0.708715617727943,False
0x6794ca17efe8516670f726c158145ed3eb7c0a8b,22.0,25.0,0.20582002064738206,0.13636363636363635,-0.06945638428374572,0.06738362672470452,814.3258858780541,0.375538650700607,-0.01840483712643659,-1.0307605520775758,0.30265312133377753,0.6534842154027812,False
0xd25ba5477b7ddfcee494156d15f2666e8e2723f0,21.0,32.0,0.3444091609855387,0.2857142857142857,-0.05869487527125298,0.059842663037079476,62.99996899895469,0.43262194925849284,-0.01841589923096957,-0.9808199082798954,0.32668155896664297,0.6761592117271925,False
0xb41ead279375742d6c2a1a2239bdce56376411fd,68.0,261.0,0.03403646898514252,0.014705882352941176,-0.019330586632201344,0.008892744510242322,149.98533200680725,0.9718541177004155,-0.018440412989375925,-2.173748116786344,0.029724056911732966,0.1812253966320551,False
0xd6e8a0a4bb5c54922bf881fc9a39970b6898b293,36.0,53.0,0.22106176148074463,0.16666666666666666,-0.05439509481407798,0.056401205658188756,2115.8566225719055,0.46189776599860133,-0.018508172176683768,-0.9644314191390071,0.33482967638432526,0.6826290398380829,False
0x26d89adac2698fe8d42d2e983eb021f5dae50175,26.0,52.0,0.018626872586251526,0.0,-0.018626872586251526,0.002329687558726293,171.95378,0.9980163038304485,-0.018565529912889255,-7.995438064851654,1.3322676295501878e-15,9.28626545029712e-14,True
0x7f042be35958b02377745be5b87af85d6ddf2392,43.0,174.0,0.4763579746621528,0.4186046511627907,-0.0577533234993621,0.058743048216457254,541.8126400000344,0.44174832974821343,-0.01864786505966834,-0.983151628198656,0.325532817722503,0.6749853158983278,False
0xbcedf27e7f198c474d988ecc82033aa0ed405808,24.0,34.0,0.5202928181949475,0.4166666666666667,-0.10362615152828088,0.0864533933944428,620.9099907186439,0.2675801348174923,-0.018722062683574264,-1.1986360217867624,0.2306695051372123,0.5798212999501663,False
0x602374903becb37a269eb540d4923942ae707141,50.0,224.0,0.24588074052651837,0.2,-0.04588074052651839,0.04865109253246206,274.74170100037344,0.5356711836709923,-0.01886734844695636,-0.9430567360004264,0.34565188347196596,0.689966104856192,False
0x5d346a9488fa7a91dc13f16bf48131783b2fd7b5,246.0,810.0,0.5697952131724761,0.540650406504065,-0.029144806668411214,0.02977436395968613,2459.586593000005,0.7549113930932221,-0.018988002488384573,-0.9788557266201446,0.3276512704099406,0.6761592117271925,False
0xe69799a39767203f20983a4cf036a4709da8708f,71.0,249.0,0.5450850219117238,0.49295774647887325,-0.05212727543285056,0.05352623353021329,1076.4753130041472,0.48798539396713114,-0.019141336240341374,-0.9738640661765772,0.33012403769995946,0.6783983212973669,False
0xc547a1d8d09a3d0ce75e904ffbf034bf5024c570,69.0,87.0,0.31824506316394935,0.2753623188405797,-0.04288274432336965,0.04520902501264077,3203.29944878859,0.5719184294352759,-0.019261505685898087,-0.9485438872300238,0.3428526416029418,0.687037267050495,False
0x61c1e4206e25292c6e618e42d4b346932cc10513,61.0,63.0,0.6954736879593266,0.639344262295082,-0.05612942566424472,0.056394886388112624,5522.286824733389,0.46195346497558937,-0.019313066978678017,-0.9952928227917511,0.3195938674726433,0.6702898329694763,False
0x5b6331e7ff0831a3fe2ed12004747db1a9c911a4,543.0,1886.0,0.43212161259621124,0.4088397790055249,-0.023281833590686328,0.01836447043883527,330318.0567894954,0.8900684427208709,-0.019370646564176634,-1.2677650394673146,0.20488187049669815,0.5457951229486218,False
0xb232ca6108a083e93f4b91718d71be036437771d,47.0,55.0,0.019574468085106385,0.0,-0.019574468085106385,0.0002976079175235044,4.598698999999998,0.9999675647661812,-0.019573434341208444,-65.77267247455013,0.0,0.0,True
0x2e893bbca455c5ae407b8f9a1e4d858504ac9cd6,59.0,92.0,0.6600921765946919,0.6101694915254238,-0.04992268506926822,0.05078361181514368,138.09971399884685,0.5142782874363699,-0.019701452041816857,-0.9830471540896046,0.32558423147635507,0.6749853158983278,False
0x88064dd81309fa7879ecaccbe5f37c397974d9f1,26.0,53.0,0.3596367704804932,0.2692307692307692,-0.09040600124972399,0.0774652582379186,6419.133150972797,0.3127308602968706,-0.019821707751469797,-1.167052215485561,0.2431892834692264,0.593925342866605,False
0xf0ee4654c5bbf2e5a1788432a3deb9f5c96e8067,26.0,26.0,0.46829846395,0.34615384615384615,-0.12214461779615385,0.09315850716306269,407.8489958402445,0.23933500888136677,-0.019879928691118758,-1.3111482946195614,0.1898076670724349,0.5219559626595736,False
0x80d8dddcfdc075eb70f6d2d774a27bfb255ab703,268.0,893.0,0.4761686410364225,0.44776119402985076,-0.02840744700657179,0.026900715062863425,43417.07227600501,0.7905047080490958,-0.01988015143607516,-1.05601085101966,0.2909632574003016,0.643637469755544,False
0x8845c34e8ba60527de59575bdc4b5ab70922360e,42.0,142.0,0.432779393618618,0.38095238095238093,-0.05182701266623709,0.05203767766880263,1341.0446260004417,0.5020849953169236,-0.019898929055434403,-0.9959516832417786,0.3192736217566161,0.6702898329694763,False
0x17ae6b29af017b2b33d0a028eef72149318c46e9,49.0,55.0,0.656298978358655,0.5918367346938775,-0.06446224366477751,0.061392082054907,174.03997100105232,0.4201188169381363,-0.0199512640434314,-1.0500090810916733,0.2937139376101101,0.6472202170380876,False
0x45e1535c178dcafb136aec8b7058f2129b695934,71.0,1091.0,0.8956719151767594,0.8591549295774648,-0.03651698559929452,0.037331592227009956,107135.27168309412,0.6620842464117955,-0.02002212319965386,-0.978179161961218,0.32798572077189525,0.6761592117271925,False
0x7ec7f01b53cdcbb966bee924c4b6222ad9172b6b,33.0,34.0,0.6325611455740656,0.5454545454545454,-0.08710660011952011,0.07519964133224279,7826.107906839963,0.32563006906578607,-0.020072105173017343,-1.1583379731117422,0.24672614075731092,0.5974710957869529,False
0xa363151f3a20060bfeaab345c6cfebbdec6746c8,21.0,35.0,0.2316057115438458,0.14285714285714285,-0.08874856868670293,0.07587191817818008,1394.9510568087346,0.32173339866911804,-0.020213039991325628,-1.1697156315236805,0.24211542545705722,0.593925342866605,False
0xae4160ad50090eb38c6792e4e00caa512ff88311,56.0,274.0,0.48056396061226353,0.4107142857142857,-0.06984967489797778,0.06452119160837169,581.8083649997568,0.396107309164872,-0.020242170580799065,-1.0825850105489172,0.27899266353606933,0.6330534990939287,False
0xc3694de24c29dff92cab62cbfbc2e9fe0738b1cc,20.0,33.0,0.5177431901256097,0.35,-0.16774319012560973,0.11103945621448037,1734.9291710114999,0.18131031356218374,-0.020346512384400967,-1.510662928694483,0.1308743520291138,0.42887541789464356,False
0xd9bc6b4723bf0c6b3b698997916f45193967377e,28.0,40.0,0.2117631540620318,0.14285714285714285,-0.068906011204889,0.0637278891827178,430.26776275868366,0.4020409096886222,-0.020350202049567626,-1.081253625195787,0.27958430999146366,0.6330534990939287,False
0x4f567c541e1c90ed8b3d8b604cb84a1dcc0550ed,96.0,192.0,0.4185618166959287,0.375,-0.0435618166959287,0.04385223581499705,2665.3042499753715,0.5867690521694302,-0.020479411209267447,-0.9933773246980253,0.32052610766177625,0.6702898329694763,False
0x783b53f025442490cfb4b54793d81572e7d9dc4c,111.0,3154.0,0.47549820262636494,0.43243243243243246,-0.0430657701939325,0.0433565901464897,37719.80498920442,0.5922702981780391,-0.02049290821209524,-0.993292370281551,0.32056749464529366,0.6702898329694763,False
0xc1d7e47eed8622aa036b0e5b5db22240b05647a4,79.0,94.0,0.39232186309038874,0.34177215189873417,-0.05054971119165458,0.05000694095394487,16065.0899169529,0.5219739499693423,-0.020507561573709032,-1.0108538980260677,0.31208636203589935,0.6620426815319095,False
0x834074be3d8ce6ebca809f5df0d5b016a025b29b,26.0,75.0,0.4543678217012301,0.34615384615384615,-0.10821397554738388,0.08523046517611377,211.66071800054317,0.27320107365134,-0.0206270555416085,-1.2696630872984058,0.20420466671727988,0.5451799538963403,False
0xcf7548737e14970acf92a2b012c5cfd14d6e099f,27.0,28.0,0.5132341721851853,0.4074074074074074,-0.10582676477777778,0.08352708182886555,189.9952809979406,0.2812912192214031,-0.0209305018016816,-1.2669754822106791,0.2051640567506121,0.5457951229486218,False
0xfc5a311bf8a69004d9ae9ae4ea67116e457d07b6,31.0,68.0,0.37984200555330044,0.2903225806451613,-0.08951942490813915,0.07494577370805232,5099.331640991237,0.3271169943958736,-0.02100918622649952,-1.1944559443319351,0.2322996641975832,0.581651295112201,False
0x5f0c78fdbcb51952413f2ac61ff804d5f32d7047,33.0,33.0,0.45623059169090907,0.36363636363636365,-0.09259422805454544,0.07657091156436623,3080.2699750428683,0.3177441062060457,-0.021031877062686888,-1.209261143204621,0.2265625339913515,0.5765429848549811,False
0xb538701eb0c230a7e565ee2513a0a4dac4fb413e,21.0,117.0,0.47514356494618476,0.38095238095238093,-0.09419118399380386,0.07735366952099769,889.6071620915801,0.3133508552024285,-0.02107147305949616,-1.2176692402192455,0.2233496906368182,0.5742959642595754,False
0xe98c6194374418b1d1b27321f025bd64ac2c8792,26.0,70.0,0.42008580866173795,0.3076923076923077,-0.11239350096943021,0.08632701636924417,28721.294950892105,0.26815391136106076,-0.021139575455037127,-1.3019504866088802,0.192933312131081,0.5289450487037795,False
0x0f4902690951b760c451a8f9dc81d72871359e18,35.0,42.0,0.4464628742557021,0.37142857142857144,-0.07503430282713065,0.06633231631909427,166.3307080000268,0.3829422731707234,-0.021146125788397425,-1.1311877376055304,0.2579760819987573,0.610385610527335,False
0x35473801539ba2a27cd587a8223fedacdcf3496f,20.0,22.0,0.7756445027698475,0.7,-0.07564450276984751,0.06670147246420875,566.999852998,0.38032288423427824,-0.02114944532294049,-1.1340754555371695,0.2567628982201198,0.610314759916764,False
0x67af214764bd6eda61fadb25cdcbea6d13d761ee,105.0,609.0,0.5309162414460278,0.49523809523809526,-0.035678146207932394,0.03401290783913989,6413.370102997696,0.7024090205791351,-0.021401309611749325,-1.0489590121687935,0.2941969833514735,0.6472202170380876,False
0x26d02e80429bfc0e334e0db8a35fe945f86c566e,53.0,56.0,0.49438734328382666,0.4339622641509434,-0.06042507913288335,0.05608761502487947,1147.203495284728,0.46467048303854674,-0.021495044960619332,-1.0773337234268183,0.2813312015037026,0.6353355242364702,False
0xec6cf73b2b89c963040a5aee6e9b3769c9ca323a,23.0,28.0,0.4024762738043766,0.30434782608695654,-0.09812844771742012,0.07863647993847016,391.47100925257956,0.3063168358054802,-0.021528486444168916,-1.2478743681584124,0.21207706866719778,0.557151065730294,False
0x90bb940fd1b6953cd38067d868fcb0e8817f531f,26.0,95.0,0.3192476314670834,0.23076923076923078,-0.08847840069785258,0.07347272154480068,2388.05168400397,0.33591492882118384,-0.021555260916721025,-1.204234698777315,0.22849887810187064,0.5777437319850239,False
0x4b259c22c38ccbedfb3e8f41d780a3d14b57d045,51.0,89.0,0.6360276439368538,0.5686274509803921,-0.06740019295646156,0.0608011973712866,108.09979499971239,0.42483822940131877,-0.02156167362232296,-1.1085339741728728,0.26763127500465833,0.617297358491994,False
0xafac3978537771688598b0b65b9bb222e8318730,29.0,41.0,0.2914532134661154,0.20689655172413793,-0.08455666174197748,0.07122693494482872,48241.641370157915,0.34990290880818953,-0.021592671030945594,-1.1871444672927982,0.23517064100827678,0.5859952494302858,False
0x103f088455d8625ca867ebf04dfccada9aee86db,57.0,134.0,0.5086313285335069,0.43859649122807015,-0.07003483730543676,0.06240697575232324,378.3179710001852,0.4121515543938587,-0.02163645971903686,-1.1222277070977849,0.2617656348646862,0.6153997924485193,False
0xd4364acecbfa3c4066f5362b1c38e52faadd18a9,70.0,124.0,0.47327313590764786,0.4142857142857143,-0.05898742162193358,0.0546365379880577,666.246336000718,0.47773233376214785,-0.021758108536525718,-1.0796332233720023,0.2803055407257966,0.6335740486694386,False
0x62028ee8f89e245231796a028115358662928872,41.0,103.0,0.39508767701574293,0.3170731707317073,-0.07801450628403564,0.06710153574852748,173.59169799975558,0.37750829071640735,-0.02179662298372252,-1.1626336925641474,0.24497815473547835,0.5965993022311603,False
0xdb4b7dd2dfc163edc8b2e39b4e6f40287bcaf06f,22.0,33.0,0.6878219430251001,0.5909090909090909,-0.09691285211600918,0.07749756504368482,819.3498959790292,0.3125516527734761,-0.02183702967436397,-1.2505277044689094,0.2111068414297934,0.5566917628296905,False
0x8f1dfd0868d056f11f84e0233e1b89527c262fb6,75.0,200.0,0.3863581536041077,0.3333333333333333,-0.05302482027077437,0.049948820088054124,4430.651806001167,0.522554262953983,-0.02183741087522509,-1.0615830399456405,0.2884250165061659,0.6425483921251212,False
0x9ce963bf67eb1fe02bb456553b7b25fe809744da,20.0,22.0,0.2955507302153735,0.2,-0.09555073021537352,0.07656824409682217,116.71997099684415,0.3177592105964217,-0.021972917166684848,-1.2479159126928339,0.21206185257633825,0.557151065730294,False
0x7e5972bfc25819775ee5a9d4f191919375487b8b,77.0,388.0,0.47808736996696577,0.42857142857142855,-0.04951594139553718,0.046754034570628024,88408.81204818582,0.5553904693910109,-0.02203351896261848,-1.05907312278552,0.2895664793185171,0.6426780982465194,False
0x1e3bb7def89b002d45fd86d37f35918c2618e232,137.0,774.0,0.5307961965936401,0.48905109489051096,-0.04174510170312918,0.03935385992054476,16662.10911899592,0.6380909657330844,-0.02218694001176795,-1.0607625729067574,0.28879781518021774,0.6425483921251212,False
0xf0ad570f63b18c400230823a5c33caf226d934ce,44.0,48.0,0.4913570335614947,0.4090909090909091,-0.08226612447058551,0.06854434906990135,1020.1876619869408,0.36756300618159454,-0.02246119140200164,-1.2001882808266329,0.2300662256819186,0.579434371126629,False
0x0df0515d3ebaa77bcb5dea19ba4a21be24581376,26.0,60.0,0.4858940170240734,0.4230769230769231,-0.06281709394715033,0.05626627944881077,274.5594729997509,0.4630885884620993,-0.022487721775076124,-1.1164252295071204,0.2642401590469554,0.6168377737139781,False
0x8330a161af1e8acafec055d9494ee1d18d98b3b1,20.0,29.0,0.3397889403863261,0.2,-0.13978894038632614,0.09589388074422188,880.7937930140699,0.2289572950954357,-0.02252453311294239,-1.4577462013367226,0.14491051206234262,0.45743477430695423,False
0x04d867678925cf0c2c32bac4eb15b30cfe4ff690,31.0,65.0,0.37140631364318905,0.25806451612903225,-0.11334179751415684,0.08438292526408142,187.70056199917624,0.27718782364844624,-0.022528870686853955,-1.343184028752818,0.17921239190152183,0.5122426644064628,False
0xfdc6d31274f26801474805e71f1480a5a29cb36e,94.0,1219.0,0.45195841836417927,0.40425531914893614,-0.04770309921524312,0.044404493818164664,4649.054957000509,0.5806871223908926,-0.022544473979445555,-1.074285395766162,0.28269478851548113,0.6359332821277773,False
0xe529007ae0329d25f802d4aaa994030ff96d6c9d,25.0,32.0,0.47613164939224867,0.36,-0.11613164939224867,0.08562840438106742,37.936109778062225,0.27135513670099676,-0.022553102179584852,-1.3562281141598098,0.17502659946090726,0.5049145413978521,False
0x95e407fe03996602ed1bf4289ecb3b5af88b5134,26.0,62.0,0.4446102430229861,0.34615384615384615,-0.09845639686913993,0.07682173059753127,200.65533599998193,0.3163279140112924,-0.022737699195329086,-1.2816216987476186,0.19997538458595954,0.5406043153534482,False
0xda74114738d559cf1a88728ddb71195ad6a81ab0,29.0,40.0,0.5127256952530439,0.3793103448275862,-0.13341535042545777,0.09236326522257338,2854.4887257536693,0.24247046987897158,-0.023034283563239687,-1.444463338362483,0.14860868521590787,0.4631855615207917,False
0xc274eb605675185fa1aae62fcbaaa9e2f04b86de,42.0,62.0,0.3684792081483402,0.2857142857142857,-0.08276492243405448,0.0677756569146392,1150.6760396093957,0.3728218141643937,-0.023144441106858323,-1.2211600182391986,0.22202543897634408,0.5720031978738322,False
0x29788995bd3d54faec1c4cf8b37f564793deb511,28.0,192.0,0.4969818504474147,0.39285714285714285,-0.10412470759027188,0.0789404133480511,10866.321879195038,0.3046799144074863,-0.02317466934865415,-1.3190291661025682,0.1871593619928844,0.5206947082844109,False
0x4706778cf0481c9708d4d8ee1965e81c08c5286e,21.0,87.0,0.38111747213805913,0.23809523809523808,-0.143022234042821,0.09590792985206528,2281.4862670042003,0.22890557557807673,-0.023256786270276178,-1.4912451375337568,0.13589714697545152,0.4390690495840403,False
0x01803ee320eb0d03f4ff6588e78c8b2182fab8cd,21.0,23.0,0.4300548957909596,0.2857142857142857,-0.1443406100766739,0.09608074125402837,1200.9399809824365,0.22827068822912722,-0.023459122944328524,-1.5022845181330462,0.13302364523524712,0.43316664275467465,False
0x52d93dcf81444f793dda7fedc370f7a35101fb1a,56.0,145.0,0.16932135049030497,0.125,-0.04432135049030493,0.039904823119500124,6135.549603022174,0.6316453046082914,-0.023465881293294154,-1.110676530442923,0.2667076079304018,0.617297358491994,False
0xccd81fbd3395dc43a0531f8484b21c2462daf4de,60.0,123.0,0.4441399901854649,0.38333333333333336,-0.0608066568521316,0.05338408203905799,144320.27972779376,0.4893143418738196,-0.023473897954285783,-1.1390409749416117,0.25468606433381313,0.6077316639044207,False
0x54a1d5333222d1ce72f30aaba77c72e47a005782,46.0,187.0,0.45637534338068325,0.3695652173913043,-0.08681012598937891,0.06933149634057667,413.5361929998755,0.36227062333295784,-0.023606887792344156,-1.2521022994072144,0.21053258994630153,0.5557457005849659,False
0xcf3103feaa03f8dd5f491fec95866ab19a022931,26.0,41.0,0.8006547826896538,0.6538461538461539,-0.14680862884349996,0.09678706127233098,314.9251099806746,0.22570037627258785,-0.02361354934530175,-1.516820811724231,0.12931193106649785,0.4248349939114624,False
0x14e72e19ea2f6e2be41504dd3268184ebe5fa32c,169.0,2583.0,0.4946836577112017,0.4556213017751479,-0.0390623559360538,0.03422249027150157,33467.86519399115,0.6998345246601027,-0.023646185760614648,-1.1414235383268578,0.2536937140451827,0.6073806757885246,False
0x0c3d8f1e50210165a1fe186ef45c540fcff7f757,24.0,108.0,0.9716370004111656,0.9166666666666666,-0.05497033374449906,0.04876402711864484,95415.4255281706,0.5345175822814332,-0.023658782435474812,-1.127272233090061,0.2596273984708435,0.6126066428694469,False
0x7061d386288a18740668ea8b13c1597f9be4b4ae,27.0,118.0,0.45740026088857033,0.3333333333333333,-0.12406692755523699,0.08710929077897658,849.4297528667897,0.26462808140425004,-0.023789056021621457,-1.4242674512186473,0.15436906582857124,0.47451468506780126,False
0x29a5082998f18e7f90dd1a7fe6ad4dd9a665a3c4,63.0,252.0,0.40773800750999295,0.3492063492063492,-0.05853165830364377,0.05119510778729849,1659.2368130014474,0.5102455981907542,-0.023843231902659454,-1.143305695279061,0.25291169120565504,0.6073177389379742,False
0x927e3f07b8c6c83f901e39eca8fb479d41cfcd69,44.0,44.0,0.6631817898704546,0.5909090909090909,-0.07227269896136365,0.0604091698991161,271.3785733238108,0.4280024611493575,-0.023899297146157468,-1.1963862288136016,0.23154587285350803,0.5803273139836708,False
0x0cf94abc9c763b7a7d1fab1b99b4144d59bddbb9,22.0,36.0,0.5727211057641953,0.45454545454545453,-0.11817565121874063,0.08397287307394795,199.846467473442,0.27914401729982685,-0.024123984965218566,-1.407307466003612,0.15933623641814165,0.48139605634387583,False
0x5028d34cd2691f64255971410d595289a2a191c5,22.0,216.0,0.4361983104443859,0.3181818181818182,-0.11801649226256777,0.08387079704890195,7935.741915011886,0.2796337835315517,-0.02414337962206877,-1.4071225791947195,0.15939104382699298,0.48139605634387583,False
0x6a9743e7872cb5e321ca2eb97edc907bc6c14800,21.0,86.0,0.8706684551461729,0.7619047619047619,-0.10876369324141086,0.07961358853256628,3322.3776955092617,0.3010940532747572,-0.02415396988166337,-1.3661448409265033,0.1718935063456295,0.5025459069679165,False
0x9d8a71b1caf3cf1d7cc72b610058c6c424865201,68.0,309.0,0.2228252902128304,0.17647058823529413,-0.0463547019775363,0.04063761987543156,41950.29505377318,0.6231376904235582,-0.02425125599628549,-1.1406844721622376,0.25400125060760503,0.6073806757885246,False
0x521070c99db06e54af5e8e4a91d6858decdfbd53,374.0,1373.0,0.40575689122863895,0.37433155080213903,-0.031425340426499936,0.023013868520796708,9429.682712992697,0.8375461025353049,-0.024322549050887973,-1.3654957834708283,0.1720972774532159,0.5025459069679165,False
0x913282e08a8e0ab6ae838fc9160fb605176b6607,42.0,46.0,0.3984714337554455,0.3333333333333333,-0.06513810042211218,0.055144418163505876,488.4752300005395,0.47311720517858263,-0.02433911580909108,-1.1812274495121982,0.23751237952850257,0.588419238044196,False
0x5cb40ffcc143b0836b39c6a8f920de7409804576,21.0,124.0,0.35378896543862154,0.23809523809523808,-0.11569372734338348,0.08247387630552612,1637.8525254043996,0.2864502880179783,-0.024366302373792975,-1.4027924056193717,0.16067875229634954,0.48297261325441193,False
0xddfcfad46d29f473346e05921492004c8451cd9e,29.0,61.0,0.44171597636472754,0.3103448275862069,-0.13137114877852069,0.08910025960813779,120.37983000159076,0.25592671199186456,-0.024471852357285294,-1.4744193715741112,0.14036871189004785,0.44814866012001275,False
0x0b450a6b5b5ddc278e8717ec9628f1abdbd5ac9f,50.0,790.0,0.49087269272729644,0.42,-0.07087269272729642,0.058660659698522584,11304.131559222767,0.4424406716563146,-0.024500906055115096,-1.2081809698618409,0.2269776600306721,0.5765429848549811,False
0xfca4f8bd6fbbf4ce082d870ae211dea13f05e183,39.0,65.0,0.3525215786993657,0.28205128205128205,-0.07047029664808356,0.0584036373835061,322.7958099998176,0.4446082259619329,-0.024502271296653638,-1.2066080094522542,0.22758314073898722,0.5765588604772574,False
0x8fb021f6e9e2efa5d4a0ceda7ada0ad59649408c,76.0,103.0,0.40401148977449536,0.34210526315789475,-0.061906226616600564,0.05227619017805512,414.92145500153515,0.4997985144489235,-0.024789887917225938,-1.184214580399702,0.23632813190821622,0.5877437340321019,False
0xba1763453cfe7cf26b540c11c9c319c092f65c67,27.0,40.0,0.49058576447307367,0.37037037037037035,-0.12021539410270331,0.08375931763882612,299.4962870001375,0.280169950498896,-0.02482931539002204,-1.4352480117027386,0.15121643657420214,0.4676105394782582,False
0xbe36a1dc00fe6a69bf8fd36cd6565c61e5049413,40.0,122.0,0.529366953117835,0.425,-0.10436695311783503,0.0761176470604264,1011.498016000822,0.32032379350714146,-0.025073546420982133,-1.3711268956459306,0.1703354020602772,0.5002967731412593,False
0x7713feeb908da9cbe7f675ad84d19c72c178daf0,22.0,62.0,0.4604266073842535,0.36363636363636365,-0.09679024374788989,0.07233317808253659,2765.2627339887777,0.3429242449045554,-0.025111956895594846,-1.3381168408976347,0.18085835174617282,0.5124584326709958,False
0x624c7701b3b39e9c994aa8c9bdd08548330d46aa,30.0,30.0,0.46217115285999993,0.36666666666666664,-0.09550448619333333,0.07143359145306091,149.99996000561012,0.348586009490611,-0.02528138354164243,-1.3369688440779215,0.18123280690868793,0.5124993519928795,False
0xb9e54c9cfc98466d2f3d16790d09ec11333d13ff,31.0,111.0,0.4382324299598684,0.3548387096774194,-0.08339372028244914,0.06492388146472858,8199.473243000506,0.3931345994902574,-0.0253226065633688,-1.2844845132642715,0.19897247890334846,0.5384575268538674,False
0xf0ac5725f74f44cd80f5e65c7f9fc5b3e5d24ec7,67.0,84.0,0.20157444076061135,0.14925373134328357,-0.052320709417327776,0.044232537276961414,1428.6821591617472,0.5825754198620414,-0.02534787736607131,-1.1828557129726107,0.23686633598550477,0.5881658391491963,False
0xe4ab8f70db1ef65630dc71d9f1a2933a645f7d30,22.0,32.0,0.4516319882054113,0.3181818181818182,-0.1334501700235931,0.08838421578019463,144.92569900024404,0.259011870054415,-0.025453581094624894,-1.5098869050948458,0.13107228460538511,0.4289789619254927,False
0xf6b40382bcddfdf79bfc2f89d8f2af7d7069f582,55.0,55.0,0.9398325725745452,0.8909090909090909,-0.04892348166545455,0.041113078242518926,182.99944799741735,0.6176589730465405,-0.025516552191255003,-1.1899736958848814,0.2340567308036774,0.5854823557155034,False
0x17f78143ae771c4a36fff68cf8e551345820a181,27.0,27.0,0.3208137607296297,0.2222222222222222,-0.09859153850740741,0.07257302914474065,341.23000772330164,0.34143393814379264,-0.025564407274042904,-1.3585148597115202,0.17430037068506232,0.5035493795119331,False
0x58a934c297703adfc5f48129d99efac539aced86,26.0,30.0,0.40034659816841045,0.3076923076923077,-0.09265429047610287,0.06946076311018695,290.99997000128167,0.3614103667124467,-0.025633772249143705,-1.3339083293560074,0.18223390146252316,0.513494898514626,False
0x166f43834adb3d5536e7f8e4f4c741f94bc2632a,34.0,604.0,0.29469536860335127,0.20588235294117646,-0.0888130156621748,0.06743349930931784,826.4391759827116,0.37519170862504436,-0.025638921194105657,-1.317045927793084,0.1878232301546019,0.5208156356420148,False
0xc263cc8ce512356a127d29ef1d28d1d1f2721e83,20.0,158.0,0.46413541566725247,0.3,-0.16413541566725234,0.09982408526356677,1355.0264640079604,0.21508487117869088,-0.0256512972291603,-1.644246628795882,0.10012526880450556,0.37101015552704,False
0xf56ba485641124e409c30189dad98badad3cac88,20.0,181.0,0.43725749891998966,0.35,-0.08725749891998964,0.066555145467245,21563.271322069657,0.38135860195982885,-0.025669243405660375,-1.3110556412641794,0.18983896586842963,0.5219559626595736,False
0x4becf6d0ce9a8fa5bc90fcab5170d017ae0237d3,68.0,146.0,0.698312794140164,0.6470588235294118,-0.051253970610752375,0.04282085701975943,6949.90191198299,0.5982612400348832,-0.025723263583711818,-1.196939393041609,0.23133017844181758,0.5803273139836708,False
0x9b2d2f9a51ec5e1809b1f698477b74c8d1326708,33.0,80.0,0.4154294851081178,0.30303030303030304,-0.11239918207781478,0.0788526887387451,246.80820300028128,0.30515122864858557,-0.02575450640124484,-1.4254324598900616,0.15403223061948745,0.47404429924541547,False
0x015438aee16ea61b1be10dfc66edd6a04a7a30f7,42.0,63.0,0.5445201473202603,0.47619047619047616,-0.06832967112978416,0.055268747936579946,2951.75706781771,0.47199455643708854,-0.025758587897641273,-1.2363166107578814,0.21634089907890908,0.5647198165227799,False
0x3cadb93ce001cb0ac411683a32437414550c92f0,208.0,275.0,0.4047391751890749,0.36538461538461536,-0.03935455980445942,0.031161999416647258,9335.640994124846,0.7376669030149567,-0.025804764414563447,-1.262902270110292,0.2066243040200546,0.5482346502754329,False
0x0fd9f1e3e809f6666351cc2e10462a8ea815039b,79.0,87.0,0.35090289381954937,0.2911392405063291,-0.059763653313220304,0.04912066991779946,1169.9999319878734,0.5308896707379624,-0.025959467981899152,-1.216670159695119,0.22372973690674192,0.574700190719609,False
0xc3675b07c9fad67ff4bdcf5c7f5bdcab2879a0b4,46.0,80.0,0.39387726842327614,0.30434782608695654,-0.08952944233631968,0.06713452919276498,6296.398703232534,0.37727728316601794,-0.026120084237656424,-1.3335826349396396,0.18234067709219293,0.513494898514626,False
0x79d0f23f043edc5be95ecd24e76e9e8a6cbc4dff,55.0,133.0,0.20064620701594604,0.14545454545454545,-0.055191661561400554,0.0450081558144799,761.1574139841615,0.5740974657938285,-0.026448261565761244,-1.2262591204335558,0.22010117967502074,0.5693489893499283,False
0xd03450276d4aa4069ce11bac4cfb1683a724eece,147.0,788.0,0.38542586668181344,0.3401360544217687,-0.045289812260044755,0.036242329636822314,21628.760572995776,0.6752046542404354,-0.02658603007606348,-1.2496385501121365,0.21143161414616207,0.5569786852736996,False
0x522f2ab5bc44e574d8e27df929d21d6f71a71164,20.0,27.0,0.38567194063207977,0.25,-0.13567194063207977,0.08735733641197893,193.50150200102564,0.26352288269441276,-0.026696533782749998,-1.553068651180574,0.12040673448146255,0.41066467423058306,False
0x0e1b30c63f6bac4fa1eacc7b852fa7e72e93ecaf,162.0,4515.0,0.42524971791931315,0.38271604938271603,-0.042533668536597125,0.03329269771483384,170134.24027043328,0.7112781742283689,-0.02670298796198104,-1.2775674984621594,0.2014019665764173,0.5416221812310533,False
0x2d70db4f8a46b4914caf7826fcd61ead7025f555,75.0,76.0,0.7948172422287407,0.7333333333333333,-0.06148390889540739,0.049278252187886125,468.7797709995892,0.5292940079965635,-0.026755005173472977,-1.2476885069093773,0.21214515182130622,0.557151065730294,False
0xbebf0f282a06a4b9de180536ee15211f77c29bae,107.0,184.0,0.4321883069037762,0.38317757009345793,-0.04901073681031827,0.039440674108343995,4443.847621926605,0.6370726077230433,-0.026760643368188015,-1.242644501351199,0.2139988634952954,0.5597394208462139,False
0x7b7e55e6df09f1127dcd57dc6829a03e0a0150aa,28.0,29.0,0.026857142857142864,0.0,-0.026857142857142864,0.002368060335077401,30.745250000000002,0.997950552923766,-0.026776899437416617,-11.341409870059339,0.0,0.0,True
0xabb01475dccf18c57ea012b7b2d7637c26d51369,47.0,96.0,0.36942290499509034,0.2978723404255319,-0.07155056456955845,0.05593044954744298,176.97260700008397,0.46606678909514954,-0.026781805885313446,-1.2792774803082123,0.20079935988730258,0.5410240900258813,False
0x02f87262a88b05bd5d4d36469172ef77a4dedf25,32.0,38.0,0.6339066975170461,0.5,-0.13390669751704604,0.08649119066368317,758.7199530037439,0.2674088419893976,-0.026799491693987196,-1.5482119796192397,0.12157126809271701,0.4120003947583668,False
0xaea0d2d9c206f0a3f9cf05aae723942a61500dec,20.0,356.0,0.4082931308241412,0.25,-0.1582931308241412,0.09560520964427231,7540.156196893412,0.23002349555379492,-0.026943085298556754,-1.655695661492904,0.09778346635505408,0.36442710943596024,False
0x2c475c09b18fa388f3c60cacef6e7221b00b47f5,47.0,88.0,0.578442193645715,0.48936170212765956,-0.08908049151805536,0.06549605675997312,269.77983600026965,0.3889557501476949,-0.027134633715483428,-1.3600893843810073,0.17380163996348452,0.5035493795119331,False
0x0eac337f4cad1f320f9bca9e668c26c33ef39b93,41.0,83.0,0.26085520012319674,0.1951219512195122,-0.06573324890368452,0.05156810927535664,710.9336059911683,0.506616912397466,-0.0272346661864419,-1.274687977266933,0.2024197039391833,0.5420980440905022,False
0x55307e57ee66d15af36bc0894bbaca65604dd38d,29.0,65.0,0.4502667991440379,0.3448275862068966,-0.10543921293714129,0.0732247537050788,3599.013910050225,0.3374248927741273,-0.027430427709642324,-1.439939468582031,0.14988452535960328,0.4651650913386484,False
0x1643a9a8610a2056467ca680381fd2c8672b8a81,23.0,26.0,0.42028407503669746,0.30434782608695654,-0.11593624894974092,0.07795611390957159,57.89997399958367,0.3100221029174017,-0.027458452539989124,-1.4871989268760362,0.13696227941790262,0.4398825885663398,False
0xc86be66c0bac5c7d7d3a79acf8efb0d533341d8e,29.0,54.0,0.47222764722624044,0.3793103448275862,-0.09291730239865424,0.06702036849384115,141.3206607651447,0.3780773137390389,-0.027482421175711112,-1.3864039319209787,0.16562359650501213,0.4923635009298346,False
0xc33cd3556842454761f9d4ea327197b2e0dcb882,24.0,24.0,0.2119582512125,0.125,-0.0869582512125,0.06379579846853549,31.83998199857955,0.4015289340732057,-0.027557125006616674,-1.3630717586423562,0.17285989628716503,0.5025459069679165,False
0xbee0225a438ec1e3e04d9aa5e4275d1664567dff,70.0,78.0,0.162767610415525,0.11428571428571428,-0.04848189612981075,0.03760422312945973,523.4893824834639,0.658820719640903,-0.027745549888182765,-1.2892673241221486,0.1973051666898782,0.5356316051507325,False
0xc30d3e52587c8f8d523ba298c3f1e468fec6acfa,67.0,110.0,0.16302985148548824,0.11940298507462686,-0.04362686641086136,0.03273196689678762,198.71869369949908,0.7182042983441206,-0.027867888267609595,-1.3328519654326971,0.1825803884986088,0.513494898514626,False
0x6d726036024348b8af9ad0108dbe3eccf7bdc356,30.0,59.0,0.7070822412383729,0.5666666666666667,-0.14041557457170603,0.08731749098385233,1467.634521000689,0.26370000752706907,-0.027973638982336402,-1.608103634100906,0.10781248343660854,0.389969698152894,False
0x8b82f7661b2fc76e4ea3bf2068f7582851ba2e22,33.0,67.0,0.24478799574139565,0.18181818181818182,-0.06296981392321387,0.04864491582368149,268.6739470036528,0.5357343436648553,-0.028026226444238134,-1.294478834159246,0.1955000756534555,0.5329753648100019,False
0x7334c7c0f0b50b0d8d846bae6e29776b288ecc1c,24.0,28.0,0.31166666771751383,0.20833333333333334,-0.1033333343841805,0.07134491258850015,124.19353279995914,0.34915035822261015,-0.02807566606958397,-1.4483630385838677,0.14751554611389484,0.46114253748816336,False
0x63f524203cf99455aac1fefb7b70c1ae8bf909dd,26.0,162.0,0.028279996672807117,0.0,-0.028279996672807117,0.0032209258275046867,511.40059800155586,0.9962150798909851,-0.028126417688349274,-8.780083177114381,0.0,0.0,True
0x7a73ad9ed02ad0fbaafc64561e1c6c755815a9c8,22.0,29.0,0.34295562622185627,0.22727272727272727,-0.11568289894912896,0.07673352002126115,3346.0379554771716,0.31682506067860694,-0.02825054722013917,-1.5075927562957598,0.13165878781990537,0.43035236221487444,False
0x91e070746b737539be5a2d8d04e3dc92058a26a0,23.0,82.0,0.2241145561697811,0.13043478260869565,-0.0936797735610855,0.06621510144546548,595.986449,0.38377847299963513,-0.02837488211856433,-1.4147795822413687,0.15713313237061466,0.4784490535818361,False
0x39dcad6ddc175233875b8b0ccf2687ba1c58fc23,113.0,290.0,0.4580747533130251,0.40707964601769914,-0.050995107295326,0.038876807599609035,15658.092994326347,0.64370473431963,-0.028444589726196887,-1.3117102571930013,0.18961791458288468,0.5219559626595736,False
0x6f3e7f25baa7d2d49e15e2d2957ff3dec62cbcf8,35.0,459.0,0.446869479929504,0.34285714285714286,-0.10401233707236111,0.07114636611059878,149996.14869269938,0.3504179853052498,-0.02846017639559672,-1.4619486947607607,0.14375526963531615,0.4551601869258686,False
0xb0a015956d3d27ca3004c6ce2efb0fd7e0b87d2e,27.0,61.0,0.5063387772648176,0.37037037037037035,-0.1359684068944472,0.08480076358219361,456.8940038933028,0.2752128930581289,-0.028507878300241797,-1.6033865869929231,0.10884933048266077,0.3904973643095355,False
0xc46368a3374e87566eff1ffae7e6ec0163509a2f,20.0,103.0,0.3268601995170509,0.2,-0.12686019951705088,0.08111725115095454,12454.451943084132,0.2932782466836019,-0.028515098072420537,-1.5639114703353463,0.11783836040412754,0.409146526395024,False
0xe0ac351541d33a0b50b7cd5ed05aa7b35505bd45,41.0,89.0,0.32214530070948594,0.24390243902439024,-0.07824286168509575,0.05760213135122867,146.38836460000002,0.4514427570387633,-0.02857681206635873,-1.3583327534880671,0.17435812171545417,0.5035493795119331,False
0xdb14a3c15aa03c14018f0f03efcbdacf28329235,20.0,61.0,0.3650576335659902,0.25,-0.11505763356599022,0.07581693619531155,122.12055064696308,0.32204987082336206,-0.028717848903319465,-1.5175716579946064,0.12912241621351428,0.42475345843705786,False
0x758225b3e154bdc093ab5115a06f99c60de7651c,20.0,30.0,0.49220274938185826,0.4,-0.09220274938185817,0.06488636843700803,29.90496700000387,0.3934104160793928,-0.028814563330367034,-1.4209879764093902,0.1553202549128252,0.47666254100973676,False
0x48205437837760c76cffdf579b0aedec4e66c613,35.0,892.0,0.40299021359180603,0.3142857142857143,-0.08870449930609181,0.06304214257367166,2243.4454907037143,0.40725354748425563,-0.02883648609911664,-1.407066696732759,0.15940761229843736,0.48139605634387583,False
0x7e500091a0c853c56a640b080125e49f15f4dd7d,31.0,46.0,0.5864960534963838,0.45161290322580644,-0.13488315027057735,0.0837371371891574,418.03494045045653,0.2802767887597788,-0.02895450433263471,-1.610792472709976,0.1072249622876178,0.38909902189394413,False
0xd96aa9293c34e244734f8b22bbcfde0ae9eed8ce,282.0,405.0,0.35084648377150673,0.3120567375886525,-0.03878974618285428,0.02538143410583427,883.6242623982899,0.8091104044776017,-0.02903790391899607,-1.5282724380785846,0.12644491010853098,0.42086453924336603,False
0x35413bbb9d1be15c1797d28143923a9ab8276468,59.0,76.0,0.4038701140205271,0.3220338983050847,-0.08183621571544235,0.05899936029587277,433.15991599193626,0.43960208715687676,-0.02908441072230951,-1.3870695428737911,0.1654205582073076,0.4923635009298346,False
0x0eb0164dd449c1bc854b36b82e54901049d915a6,103.0,668.0,0.455649134859431,0.39805825242718446,-0.05759088243224656,0.04335191999087802,1655.9981670001525,0.5923223233216611,-0.029099336672219443,-1.3284505609985593,0.18402930575362175,0.5156269520440028,False
0x2e0bf01211c2bc155b930ffeb06b67b97dd11435,65.0,1823.0,0.4919342099850773,0.4153846153846154,-0.07654959460046197,0.05566420879883535,4953.618234049896,0.4684423402647117,-0.029322746321241662,-1.3752031377487863,0.16906847581229378,0.49752982488716774,False
0xc33d6aa3eb972639f31e46a6a02201cece380d40,82.0,345.0,0.45927139246834997,0.4024390243902439,-0.05683236807810605,0.042352804786505174,8031.095242620213,0.6035327313268832,-0.029425015055436272,-1.3418796786798517,0.17963501171231355,0.5122426644064628,False
0x4ec30a1c1d754913cc9b537cee9483655fb534a7,33.0,162.0,0.4799363981011261,0.36363636363636365,-0.11630003446476245,0.07537769173385182,1751.4934317423179,0.324592284017168,-0.029444909603287363,-1.5428972656180788,0.12285570438190052,0.4143190716962544,False
0xa41520ea8271085561a0099311862ce6f1976fb9,32.0,54.0,0.48634291912687083,0.375,-0.1113429191268708,0.07310640137465527,1180.799594997631,0.33814856255317655,-0.029511959284413275,-1.5230255768747425,0.12775230660845915,0.4224015368502771,False
0xb7b3ed1c02a77a200b600ac407747be2f3b79573,32.0,158.0,0.41477285093408545,0.3125,-0.1022728509340854,0.06890976111794228,62734.456044736806,0.36509458120053684,-0.02953211795540351,-1.4841562251107014,0.1377674799233115,0.4413693549344353,False
0xc2494b32d65dea3a3a80712589d10bc5733f8a61,24.0,101.0,0.4025537240691192,0.25,-0.15255372406911916,0.08945035171908232,7129.85845895457,0.2544360469037703,-0.029647302655791588,-1.7054569505574686,0.0881092346154786,0.3448159576226393,False
0xacf9512dd5c1ad27fca8bb2abf7035d3378f626d,20.0,23.0,0.3517872378708105,0.2,-0.15178723787081047,0.08850598624799465,886.5347134379857,0.2584837400924081,-0.030116441764811576,-1.714994028149702,0.08634632182350388,0.3425956368966408,False
0xe997482daaa76a3e021c588883fe890e623161b6,38.0,158.0,0.31770553450749034,0.23684210526315788,-0.08086342924433243,0.05711430990154754,398.45908200360685,0.4556584682381666,-0.03015258387480367,-1.41581732115337,0.15682899686601814,0.478121390253692,False
0x82aaa83d51e3c9ed00fe42411742a36331cdfe2f,36.0,118.0,0.4889608760515041,0.3611111111111111,-0.12784976494039305,0.07927138244385627,1521.1136940015228,0.3029101068292822,-0.030155185782564937,-1.612811092716117,0.1067855554078867,0.38843434047523245,False
0x1cf9a0aa9fc72b78973e3764dbc6c30503830fdf,32.0,32.0,0.48504701206875006,0.375,-0.11004701206875003,0.07144097666730741,32.30995800037432,0.3485390610040589,-0.03034496075942656,-1.540390644170874,0.12346516056374446,0.4156875314541736,False
0x8d74cb39bb33a4b05c9f8e16dc3cb44600bef2ab,40.0,46.0,0.33913057897778476,0.25,-0.08913057897778477,0.06134550781355661,7727.893959985698,0.4204886382523166,-0.030352405804804382,-1.4529275598903428,0.14624386802151856,0.4588818152224873,False
0x8fe730b55cf3468c01a884cfcde79c2dfb4d6c1f,23.0,52.0,0.4126919848704467,0.30434782608695654,-0.10834415878349024,0.07058292309502459,601.3485999998002,0.3540462431704737,-0.03041584022994768,-1.534991100292465,0.12478601414318358,0.4184956183033426,False
0x8ce0a668bb527b7f62cea481fefa649219529d0b,26.0,38.0,0.6087362916150175,0.46153846153846156,-0.14719783007655593,0.08619459952625634,2151.4998889873577,0.2687568492577601,-0.030568657642991576,-1.7077384300824667,0.08768488798336826,0.3448159576226393,False
0xd87884f9a0fc80df93f8c4037862d5fe6b20cb85,51.0,65.0,0.15627243675054106,0.09803921568627451,-0.05823322106426655,0.041813787922130835,149.68165899972848,0.6096458482989789,-0.03070163242004928,-1.3926798780515501,0.16371661605751586,0.48982036289133807,False
0xf54517bb3228559264aeb61572ac96179f4f4036,28.0,29.0,0.4384265515938822,0.2857142857142857,-0.15271226587959646,0.08788802869943727,1708.99997597252,0.26117872082373506,-0.030800242041372418,-1.7375775533872484,0.08228527785268014,0.33625453844173664,False
0x85e516d925c8fa8ced2d2fae7a410d2a1d7c7689,33.0,57.0,0.8866898715576212,0.7878787878787878,-0.09881108367883341,0.06563343698504871,61.949721000408346,0.3879602205881133,-0.030808792555926362,-1.5054991513143303,0.1321957948867869,0.4315607025481309,False
0x087b959eb9e374bbab7b69d39a4b58efd5dccdcf,25.0,40.0,0.5272749080321184,0.4,-0.12727490803211833,0.07812354534131684,180.1677509985179,0.30910498721969726,-0.030845684298585065,-1.6291491569674967,0.10328144710079279,0.38042220627146783,False
0x9c76cdb43fb46454da005fbc82047a64a18ec926,57.0,150.0,0.34184570885466575,0.2631578947368421,-0.07868781411782368,0.05500701373019579,76185.46544566393,0.47436117811164713,-0.030862900569085236,-1.4305051080173152,0.152572100825493,0.4706739808958689,False
0x56f1c015e1956bc4a96072040c46fabfc0c8e83e,29.0,29.0,0.5466208587586207,0.41379310344827586,-0.13282775531034482,0.08017974796397162,2715.185367016704,0.29812010769745745,-0.030967924084673623,-1.6566247547950679,0.09759536431925842,0.36442710943596024,False
0xc398df62d1f9c08e64bad13e0d913570cb1bf446,44.0,82.0,0.3746222892502182,0.2727272727272727,-0.10189501652294544,0.06688298794930175,17858.94661517778,0.3790427590503748,-0.030986936927069005,-1.5234818247082995,0.1276382044816189,0.4224015368502771,False
0x775988d040447f07a0ee69156d932165ebc6bab7,20.0,20.0,0.368999968015,0.2,-0.168999968015,0.0933073596435685,78.3999829976019,0.23875417120934628,-0.030988750504876747,-1.811217986025702,0.07010711512227585,0.31173491362129213,False
0xda2f997c3ae335a2c37e2143b6f2436ac05860c9,28.0,30.0,0.4893048488256713,0.35714285714285715,-0.13216199168281417,0.07980035822699832,29.999971000366045,0.30010878213275466,-0.03105672756756262,-1.656157874716165,0.09768985157860932,0.36442710943596024,False
0x4b493d8ea89203ecfa5ac53ff8fc4a45aa050397,20.0,156.0,0.4209121662295834,0.25,-0.17091216622958344,0.09371188182256728,18576.96872900159,0.23718522021792732,-0.031157850309065538,-1.8238046542826456,0.06818161000656642,0.30509340495454684,False
0x32b76b40d12d2f22785f6ae67e0fac15107dcc8f,32.0,55.0,0.10765048280088968,0.0625,-0.04515048280088967,0.029636931967233975,31.89739000005597,0.7566193324246968,-0.03116898580039694,-1.5234533335234288,0.12764532746499913,0.4224015368502771,False
0x75a7ac4ebe7c0d1bfbf8f29e3f4a78cba62e2d61,60.0,81.0,0.21753969891539596,0.15,-0.06753969891539595,0.047651268195134676,15511.42514279756,0.5459840898503032,-0.03129277206080979,-1.417374636049916,0.15637342427805345,0.478121390253692,False
0xc4a8dc28bef056390986c8c65bf0587e2e10246d,21.0,36.0,0.5796584581943974,0.42857142857142855,-0.15108702962296885,0.08650770679268024,33980.211480836,0.2673340381685828,-0.03138144269147034,-1.746515255398643,0.08072145856156854,0.33357053471284404,False
0x6f256161490e11913a0e17d2726d20024acb4f11,29.0,67.0,0.5492784423638168,0.41379310344827586,-0.13548533891554107,0.08051126833036126,433.4099099781094,0.2963962242274549,-0.03150544444116814,-1.6828121295966314,0.09241146616512097,0.3557151809549955,False
0x15740055904cab8a8b743f2f6f5428122f8764c9,31.0,106.0,0.33277302951683035,0.22580645161290322,-0.10696657790392701,0.06841926296292547,14924.255089752096,0.3684126222764608,-0.03164149219232733,-1.5633985703980657,0.11795887621127177,0.409146526395024,False
0x9b2cb74802551928c9f8beba895fc43da47a2151,21.0,31.0,0.19179090715664335,0.09523809523809523,-0.09655281191854811,0.06318217889389371,670.8323310099139,0.4061827379449004,-0.03191618231805809,-1.5281652771218297,0.1264715075275722,0.42086453924336603,False
0xc13faa8d86ff16dfd887bfed868ae9414456c336,26.0,167.0,0.30436246757754604,0.19230769230769232,-0.11205477526985372,0.07020172331247299,14576.994734951597,0.3565271053591558,-0.03203806855580022,-1.5961826858735326,0.11044801206583577,0.39289023878315926,False
0xd038c53792e1759e72f9490b2c51d7eaafb68f51,250.0,2233.0,0.4759753015804082,0.432,-0.043975301580408195,0.027063085156936565,69032.52184699621,0.7885045726190542,-0.032074062448441,-1.6249182724511675,0.10417997420986103,0.38273526137782277,False
0xc874d55ce4d5cc8eaff8b6d1a46a3a9192c3fd1a,33.0,79.0,0.5232823957594611,0.3939393939393939,-0.12934300182006725,0.07701095986041777,209.69405199964805,0.31526477011305,-0.03235741128592172,-1.679540185637229,0.09304681385732105,0.3565928474672307,False
0x5bb6fa00189a1417d39dcc1566cabe1340f031c5,132.0,178.0,0.5785984805143359,0.5303030303030303,-0.048295450211305616,0.030800900822121682,598.7939810000862,0.7421528418335713,-0.03267197535346942,-1.5679882380783836,0.11688387732680905,0.40735610760248725,False
0xd692943ba30fcf48a041f75895853300833b8b9a,33.0,63.0,0.39554889307994223,0.2727272727272727,-0.12282162035266951,0.07373043496516579,3776.2467619858176,0.33435453994604214,-0.032880824213947474,-1.6658198261097608,0.09574930603087184,0.3625592088188952,False
0x4d1cbc1630955e53a1ec6ff75084f67923898408,22.0,38.0,0.534571151652982,0.36363636363636365,-0.17093478801661838,0.09122958119744883,2410.3299520032715,0.24703619095336532,-0.032968222403417985,-1.8736772193074416,0.06097492765175949,0.2853980733464387,False
0xb07e7b15d3656426bcf8d8ddf14c65caceb40df5,76.0,150.0,0.3698533330317865,0.3026315789473684,-0.06722175408441809,0.04527383854599196,3543.4867580080563,0.5712167976522146,-0.033125641353521834,-1.484781415565859,0.13760173646530482,0.4413693549344353,False
0x0767ca995bd25b827f898d469a23aab2a07ef407,25.0,174.0,0.0347062221115349,0.0,-0.0347062221115349,0.00930209321335659,196.24644900195634,0.9692846912187816,-0.033262517476888784,-3.7310120760455616,0.00019071208068166534,0.003415600389430659,True
0x6c3f99611ac0b788de1dcd0fb49c18ac0c42e6a2,87.0,2765.0,0.5099557013518231,0.4367816091954023,-0.0731740921564207,0.04890489165204196,6879.684305001215,0.5330819072843089,-0.0332663033074557,-1.4962530267330716,0.1345877309147807,0.4365989374533327,False
0x657ce98bbb6bd563cc7f33652f1ddcaf0de366a3,36.0,53.0,0.3625000137696639,0.25,-0.11250001376966387,0.0688088849042164,117.50844500004362,0.3657740067934748,-0.033350789666526305,-1.6349634778454347,0.10205670404663691,0.3776244472543423,False
0x7e08a2af7a49a0e03e59deb80cc47bb5a1f61411,24.0,270.0,0.5444327037257707,0.375,-0.16943270372577066,0.09003365005658885,653.5124592797508,0.25197794541225094,-0.03349521456771046,-1.881881981006847,0.05985204149084633,0.28292072254274536,False
0x0cf18b4294b05509c44a6a0172eff7e97b20d7fe,58.0,109.0,0.3684524648491965,0.27586206896551724,-0.09259039588367929,0.05885851953498622,145.75329600004758,0.44077999351103264,-0.0339355177690188,-1.573100999059999,0.11569543365408319,0.40485552699305366,False
0x8951294fc954ddb5cba44caabc58edc2dbc1dfcf,59.0,106.0,0.5296285199988101,0.4406779661016949,-0.08895055389711533,0.05693562370304512,437.92372000116984,0.45721331114127817,-0.033994974046265114,-1.5623005090986284,0.11821721215016101,0.4092378391077386,False
0x2ee37f3b359d558a49e0737fdc6b5edce2652e6a,20.0,23.0,0.3209702174625857,0.2,-0.1209702174625857,0.071459304626472,66.24997999932344,0.3484225821466405,-0.0341366017498349,-1.692854668750477,0.09048313372147154,0.3498590732648802,False
0x86d021495fbfb33cdb4761100f4d0d184174904e,62.0,3657.0,0.4791130971540774,0.3870967741935484,-0.092016322960529,0.058242770968276694,9469.617974943965,0.4459708085624779,-0.03422394673658856,-1.5798754322772155,0.11413539648737059,0.4004832483550051,False
0x7a5d94f83ff0195387eaf9f4463433d03eda54db,220.0,1800.0,0.4571518302346967,0.4090909090909091,-0.04806092114378758,0.02847909475720654,101174.58168842766,0.7709945463055347,-0.03423873126207388,-1.6875859838075058,0.09149073165470778,0.3526974543161306,False
0x74fcf01083ba469909e5af254bf2d75664bc492c,23.0,36.0,0.7916521801554567,0.5652173913043478,-0.22643478885110876,0.10601802330576157,2208.5198009968376,0.1954557214386897,-0.03436485670253424,-2.135814098307218,0.03269456952645822,0.1929503313701047,False
0xc9c7b2f764e48292589f4275c5d84fe596f9007d,20.0,149.0,0.43237536421343775,0.35,-0.08237536421343769,0.05291539101613909,3964.862662809819,0.4937222296768722,-0.03444507897431337,-1.5567373240861693,0.11953286322456513,0.4100330879188444,False
0x074c5e23d85ecc30fab0b3c7732881957a1d771c,34.0,96.0,0.5100535543810536,0.38235294117647056,-0.12770061320458304,0.07374361281527508,642.0622449972684,0.3342749948451231,-0.03450100153593658,-1.7316837123842599,0.08332989217388032,0.33879339387285634,False
0x237f21a15396d2e56c7ca5f74cfbc6af9dade76e,116.0,255.0,0.4779721115923445,0.41379310344827586,-0.06417900814406871,0.041518341477142846,735.4458944396628,0.6130154802561235,-0.034584151310113644,-1.5457989375467052,0.12215313372120162,0.41288719772867494,False
0xf18ac20d8a9c2a54ec5f0dd4cfb582be80638b42,22.0,34.0,0.5824696969681816,0.45454545454545453,-0.1279242424227273,0.07365416807656423,273.1327999998,0.33481537225191393,-0.03465152733943843,-1.7368228542035635,0.08241844374462803,0.33625453844173664,False
0xce9d204439cfcc2affaf0ce4de449e5750c23c05,62.0,98.0,0.509415161834198,0.41935483870967744,-0.0900603231245207,0.05674810960951543,20666.48379654885,0.4588511269858718,-0.03467001701663873,-1.5870189111888853,0.11250836158564748,0.39791513472095236,False
0xe5599f40c98db0a88a7741269b9277fdcab3c672,38.0,39.0,0.44496540757658704,0.3157894736842105,-0.12917593389237653,0.07395241152008959,166.58496602172886,0.33301777834172486,-0.0348163028107134,-1.7467440376475776,0.08068174781823823,0.33357053471284404,False
0x22b81124dc1534681ac5b8916c363fb681638b13,37.0,123.0,0.07616130370154206,0.02702702702702703,-0.04913427667451504,0.028741970549606106,357.57985299675414,0.7677338474906245,-0.034865975101358235,-1.7094957560308404,0.08735915717660503,0.3448159576226393,False
0x7547479d43f4b52d892a6f2254050eea50edd158,341.0,1069.0,0.35006672690000146,0.30498533724340177,-0.04508138965659972,0.0242646043489941,25168.615247016474,0.8226256445301475,-0.03490401473233965,-1.8579074691761288,0.06318215553545681,0.2903290413275656,False
0x3354c1ef2d89dd8ae5e5c61b829411e356ed5042,24.0,93.0,0.6807768910787461,0.5416666666666666,-0.1391102244120794,0.07731705411190176,11033.464956785236,0.31355463366127256,-0.03517774622842206,-1.799217857042817,0.0719842258102521,0.3135934431835138,False
0x603164f5d1e948689910ab394c63a459d13fde1e,29.0,180.0,0.44674862297275597,0.3103448275862069,-0.1364037953865491,0.07618079054563834,694.7525094004881,0.3199628369855059,-0.03528203490933578,-1.790527433616384,0.07336916107112157,0.3173719168509299,False
0x3ee4083269fdb393d25717136214ad54fe5aed67,25.0,165.0,0.32572443760695236,0.2,-0.12572443760695237,0.07201357792235497,9385.477858008322,0.3449226155239257,-0.035310010561542954,-1.745843509435241,0.08083814819524138,0.33357053471284404,False
0x8d87d7ce0a32fedf0d0b5c6e469379dee8298dbb,35.0,593.0,0.46222160834509307,0.3142857142857143,-0.1479358940593788,0.08009727431323484,9691.311510839818,0.2985509699009485,-0.0355410021392206,-1.8469529122907329,0.06475396506586262,0.29453346720433804,False
0xf504d6bcf88d485d21f65398b9deb04d92180111,304.0,1774.0,0.4480343037401956,0.40131578947368424,-0.04671851426651139,0.024960680165715954,6089.406724020111,0.8142207676145418,-0.03575474107507623,-1.8716843433890198,0.06125028686282885,0.28568182982195506,False
0xdd63228c777685690f02b1526f5b0294f381a39a,32.0,85.0,0.2883628755453621,0.1875,-0.10086287554536214,0.06068401153024333,634.8199309899429,0.42578131452114193,-0.03588461941406226,-1.662099670109889,0.09649279172724423,0.36435565133903786,False
0xe89c40c2f1ff49514e9235cb4cc892d83c179c72,79.0,124.0,0.5332970120704371,0.45569620253164556,-0.0776008095387916,0.048327020686004384,19411.6840890915,0.5389942546051937,-0.036157610660798555,-1.6057437110180677,0.10833023290590837,0.390475854373526,False
0xacf8383491688a61a0e4dbba060122ba031be791,23.0,23.0,0.3759929328913044,0.21739130434782608,-0.15860162854347826,0.08298262862570831,23339.964990254863,0.28394295071909287,-0.03622878365541977,-1.9112630097420524,0.05597079011777484,0.27235597681837986,False
0x26e7234a906e7e93d1272cde5d6118d94749cc6c,44.0,189.0,0.4051321484227488,0.29545454545454547,-0.10967760296820343,0.06403343847758002,22617.623942736587,0.3997433102769627,-0.03646180215126646,-1.7128176399055124,0.08674609384520648,0.34365311217632494,False
0xc48083523401bfea0d6743a2f875246508a2937a,25.0,34.0,0.3127254313939393,0.16,-0.15272543139393932,0.08059930525503027,4941.72191368301,0.2959405984575943,-0.036540154490141946,-1.894872802075519,0.05810925521528465,0.27650141918859616,False
0x956526d81247fe9f7179813585d4db1a29aaec9a,36.0,191.0,0.4400435995642822,0.3333333333333333,-0.1067102662309489,0.06255785479692562,461.30461900330414,0.4109819511086459,-0.03661310399644831,-1.7057852539437324,0.08804806961595535,0.3448159576226393,False
0x25e3ca4349e7c48a8a4b8d07e8a355c4003c9f8c,51.0,566.0,0.2449589897955871,0.17647058823529413,-0.06848840156029302,0.042034460706067714,693.9833710899512,0.6071377199126989,-0.03675104160480281,-1.6293393660789053,0.10324119692902767,0.38042220627146783,False
0x98afbc9cbe401d87b7e056835946c679c69bb216,28.0,100.0,0.25668617457746806,0.14285714285714285,-0.11382903172032523,0.06549033649066259,868.9023180005453,0.3889972676831002,-0.03676595715818939,-1.738104242853518,0.08219244744046739,0.33625453844173664,False
0xc3a7bca628ccd2fd4bfc72f86c1f257e96e43172,198.0,389.0,0.4020976735174205,0.3484848484848485,-0.053612825032571955,0.03061586177451148,708.8858130001217,0.7444522850241913,-0.036769835049961536,-1.751145384292467,0.07992087034535289,0.3333152230019471,False
0x32b484581fc5606de9c1e43af4636b6be9bc8b21,416.0,8073.0,0.4714106234871656,0.4254807692307692,-0.045929854256396355,0.02242379439892754,2214744.846937523,0.8444910422661235,-0.03687512694108826,-2.048264153661391,0.04053412336501161,0.21961660537471625,False
0x3c32339db767b7753054af0732e58ae6fbd57156,40.0,53.0,0.5434881312370565,0.425,-0.11848813123705652,0.06723905113165157,1413.59312778571,0.37654657684569687,-0.03694997451757411,-1.7621921969877468,0.07803683002803563,0.328129005984337,False
0xb7316a2934427bbb74e0bc619d150812c1ece2d8,26.0,28.0,0.3975908300975523,0.2692307692307692,-0.1283600608667831,0.07104918295769039,27.95381125334588,0.35104051888334975,-0.0370796201771599,-1.8066366919830898,0.07081894457838778,0.3120169219574236,False
0x5b45d429090f3f4c70428af4ea089a5f2270db25,21.0,6829.0,0.49470792583199563,0.2857142857142857,-0.20899364011771004,0.09723230932808644,17077.978408999814,0.224100214700368,-0.03729462973113816,-2.1494258602098255,0.031600657326224635,0.1877836295952381,False
0xd47357120d785da01d0b853985ee955c5d3684e4,43.0,47.0,0.16193521598555422,0.09302325581395349,-0.06891196017160073,0.04171755081773384,99.31794875933019,0.6107419971993773,-0.03730089800016271,-1.651869748362762,0.09856110623096015,0.3662667045672136,False
0x19192f8d5e526a490e6733572d17fca39f071e16,66.0,176.0,0.48211663850697617,0.3787878787878788,-0.10332875971909737,0.060138034407297564,463.52514200043447,0.43020644725504786,-0.037446204158412495,-1.7181931657307168,0.08576138769765795,0.34151050769193314,False
0xbc4184ff685649e31768bc469c7ab779e315726c,35.0,50.0,0.12700000064755054,0.05714285714285714,-0.06985714350469338,0.04215043374624965,23.805372999886053,0.605822597873155,-0.03747401433615881,-1.6573291730576543,0.09745294229429802,0.36442710943596024,False
0x09ce433ef5096c4efb145a5a7ecc137939acaf35,32.0,74.0,0.41098146841540634,0.28125,-0.12973146841540634,0.07111143445007115,128.71817999994778,0.3506415932850522,-0.03750438118272379,-1.8243404793991824,0.06810061430036907,0.30509340495454684,False
0x9ec29efed08d7f8ace3f3eaff98d5bb21789bd08,129.0,299.0,0.3967070423258745,0.3333333333333333,-0.06337370899254113,0.037499847395945626,42117.463668277014,0.6600691429074547,-0.03765105326608771,-1.689972450378369,0.09103322538287939,0.35145911416533826,False
0x5b624e3e0426f7aa2ca57f7451fbcea4b125d87f,34.0,117.0,0.35036336068198576,0.23529411764705882,-0.11506924303492691,0.06503560745204469,8788.552605950757,0.3923144746745738,-0.03767089466742123,-1.7693267971668525,0.07683935397657793,0.3254001541963784,False
0x1e524ff2123d380a690dbdf2245de2a9428e91d6,20.0,163.0,0.3794230651970335,0.2,-0.1794230651970335,0.08789783738146377,5399.4161571737295,0.26113565420954993,-0.03776827772461482,-2.041268255763377,0.04122417053677441,0.22188573579767584,False
0xdc16718af9f04590b38a8e8aa32dedcd034740a5,49.0,148.0,0.3695966911887334,0.2653061224489796,-0.10429056873975372,0.06006891292086458,16830.91868616895,0.43077035429581173,-0.037925724896799906,-1.736182056051975,0.08253164902428045,0.33625453844173664,False
0x109233253f817c3708c59e9aabb3c236e1ec340c,21.0,53.0,0.3809142272215406,0.23809523809523808,-0.14281898912630245,0.07531362351798887,180.87658200595806,0.3249652318616832,-0.03811060767229687,-1.8963234333319487,0.05791728948792585,0.27650141918859616,False
0x7f57939df52670eecdab4ff72b90e7457ef72282,29.0,30.0,0.6254319296170708,0.4827586206896552,-0.14267330892741575,0.07509489594293232,3364.754302469103,0.3262425398253121,-0.03826121090660654,-1.899906872976281,0.05744534192434614,0.27588740562921543,False
0x7aa15a81d6efa192f1409f1742231d60cd52bd9b,43.0,193.0,0.40400040467964127,0.3023255813953488,-0.10167482328429248,0.05826625902159026,419.2717790000275,0.44577157267420575,-0.03850864874784226,-1.7450034546857969,0.08098426761183819,0.3336396584200171,False
0x01c78f8873c0c86d6b6b92ff627e3802237ee995,92.0,482.0,0.33796034828960153,0.2608695652173913,-0.07709078307221015,0.045399851410793994,25480.85751439509,0.5698547150408666,-0.03864124355689192,-1.6980404269314748,0.08950013198184292,0.3480436561205873,False
0x8b4a46d70fd6e47e0080d10ba507887f81ccd477,27.0,46.0,0.6541168917489298,0.5555555555555556,-0.09856133619337418,0.05664305224023543,653.1166904925732,0.45977149545130774,-0.03867274654567192,-1.740042817172956,0.08185149987859552,0.33560416245929703,False
0x51e16ef08c4cea9fc88e7f567036d97c6e015ec9,55.0,329.0,0.15293327198368284,0.09090909090909091,-0.062024181074591934,0.035343273105072834,13156.684467978112,0.6861239045581986,-0.038696680443174036,-1.7549076705544167,0.07927510191853493,0.3313622169333899,False
0x113f9a8f890472016c4f48acbd123f5d97d4ae4d,37.0,233.0,0.46694503277700455,0.35135135135135137,-0.1155936814256532,0.06410882959087191,1018.1365569991237,0.3991787590583716,-0.03875451435215564,-1.8030851937766763,0.07137483608634576,0.31305391541953353,False
0xd75280521357703324701fe3fe0d6c30292c85d4,32.0,186.0,0.2863741476115361,0.1875,-0.09887414761153611,0.05655899846237064,2840.0943249974152,0.4605092877650611,-0.03889858920482238,-1.7481594494166695,0.0804364211182933,0.3335137139293865,False
0x6d3aa66b5de9689f3d1c5b274bc19f243185eddb,38.0,45.0,0.7405892683777582,0.631578947368421,-0.10901032100933715,0.06109214220280462,339.7480096006381,0.42250697188127345,-0.03895644919604192,-1.784359118517417,0.07436532954576824,0.31947947891088635,False
0x081e14554b92ee3dc53a21bd5b01f306692ef76e,79.0,160.0,0.4569098243363547,0.3670886075949367,-0.08982121674141805,0.05202186107024774,42084.18228609243,0.5022369881404528,-0.038990769998170985,-1.7266052173744406,0.0842385882916108,0.3392769337402507,False
0x626d16d5cc6bdc2795a57b8d4182cc188d99e570,42.0,85.0,0.32571677574252816,0.21428571428571427,-0.11143106145681395,0.06209850796061804,674.1530319995907,0.4145546953363207,-0.038995312735964675,-1.7944241353992254,0.0727454974801034,0.3163754435095896,False
0x3252790b3229b4cdeec7aee5f139fafc74791d21,59.0,160.0,0.422671181344914,0.3220338983050847,-0.10063728303982923,0.057180466288020856,6596.345175782487,0.45508425715218215,-0.039097859947965906,-1.759994095412133,0.07840880771911607,0.3288070164351225,False
0x5822b9376e50d576ef85e62be0f53434816f8774,60.0,688.0,0.8829737140810898,0.8,-0.08297371408108996,0.048222921849859206,61526.711840931355,0.5400657018305927,-0.03915565239890342,-1.7206280934080773,0.08531833221381468,0.34061297024679266,False
0x53ae11fc1690aad04a90b86f153dd6c77e14f71e,102.0,1347.0,0.4799915307261794,0.4019607843137255,-0.07803074641245386,0.045302798362472245,5674.874491598813,0.5709035283412788,-0.03927162256733214,-1.7224266321943738,0.08499226272634552,0.3398372799554188,False
0xb8fc63b6b017d941510cd32e275058c40171b543,79.0,262.0,0.34103847841873075,0.26582278481012656,-0.07521569360860414,0.04362528321029434,790.6680499994393,0.5892830502166299,-0.039272932170352305,-1.7241307809058612,0.08468423644417533,0.3398372799554188,False
0x4232328390d104ce3907bdcaea938a87171ed505,23.0,30.0,0.38656029920934204,0.21739130434782608,-0.16916899486151596,0.08263267331576268,4547.2881215047355,0.2856645921710418,-0.03954173143186313,-2.047240977126247,0.040634429897194346,0.21969852139384533,False
0xdec45fc1140e8a9e194cd1c12dd713df5c6e046f,20.0,20.0,0.27521133510999995,0.15,-0.12521133511,0.06717460231562222,716.5536330043302,0.3769969339405122,-0.039543501572662274,-1.8639683867675187,0.06232614394455549,0.2888868117854771,False
0x489d3df3601288940f89d56b5642b0951129f6e3,319.0,6170.0,0.5216617280941379,0.4702194357366771,-0.051442292357460805,0.025014817979408563,112946.17733764369,0.8135644196767331,-0.039559104441110146,-2.0564727834440584,0.03973696704678953,0.21712211443574192,False
0x64e86fefd50cdb6259eb00ff146d9aac03497819,62.0,221.0,0.33199104827193465,0.24193548387096775,-0.09005556440096689,0.05146232510789919,2543.7804269981048,0.5076434309798182,-0.03966182891259455,-1.7499319009032461,0.08013006524281008,0.3333152230019471,False
0x31e76484b6f4726b2e8ea1c4db3ce9226bb4fe2a,63.0,79.0,0.38952981719385904,0.2857142857142857,-0.10381553147957333,0.05767626219741391,2442.1999429471393,0.4508058423623177,-0.04004745513491718,-1.7999698233605057,0.07186540325619317,0.3135934431835138,False
0x90a9f2224d96655acd96e6b726ed8a7d0dfc1bf1,23.0,45.0,0.3318320506918038,0.21739130434782608,-0.11444074634397775,0.06221119950205217,95.7933699998493,0.41367490429549003,-0.040131489400255634,-1.839552158774927,0.0658340136069051,0.29839353443270344,False
0x3493c692d66b27bd363d0d9014b8c0445cda144d,46.0,46.0,0.35790334555869563,0.2391304347826087,-0.11877291077608697,0.06387148001365252,136.68176600063845,0.40095925687257516,-0.040256964066033886,-1.8595609613351574,0.06294766686434472,0.28989648721990185,False
0x57b258499f7a4cfc5043ceae57a51f7e6f529da2,20.0,42.0,0.3709241100554927,0.2,-0.1709241100554927,0.08236123566482047,1530.0640879819614,0.28700931433282106,-0.04028948657897085,-2.075298029173459,0.037958922002151674,0.21098288759385597,False
0xb946612a2824a414bdc2427e9a23e731d3842671,29.0,407.0,0.38227074097576386,0.2413793103448276,-0.14089143063093623,0.07226141101100095,20504.502857092288,0.3433717336907761,-0.04030387301001983,-1.949746464395598,0.05120634527382251,0.2545522964837639,False
0xc93d519e56ad1baf2219a649c6391834ca2923d5,68.0,766.0,0.4766972149336948,0.38235294117647056,-0.09434427375722416,0.05288840909612339,8484.012405995598,0.4939772095312809,-0.04038158694258606,-1.7838364845831485,0.0744502391723314,0.31947947891088635,False
0x48c33d8e9e0989fe23c0bc4dc7e805da752d0701,35.0,73.0,0.42592353368508445,0.3142857142857143,-0.1116378193993702,0.06066990810487531,81.2300209050376,0.4258949750533457,-0.04048647561840755,-1.8400855199317372,0.06575568281493438,0.29839353443270344,False
0x5bc9a1d1ca6ed6d5d6a831a184b58a8e2078b2ee,31.0,32.0,0.5724747472938552,0.41935483870967744,-0.15311990858417776,0.07625629340412583,128.2499539988836,0.3195319037898244,-0.04055928646864529,-2.0079642184115554,0.04464709412119472,0.2306264686915067,False
0x7ca15f0b1d5dc2756f1f172ec747f66bb70daea0,22.0,160.0,0.35855653009724153,0.18181818181818182,-0.1767383482790597,0.08374922526348004,9311.479718028419,0.2802185566192375,-0.04067453691663918,-2.1103281579385404,0.03483009982923502,0.20231267445855206,False
0x4c8ed7ead1ac18338f816e964b1edde8a50eb38f,23.0,39.0,0.4711765189344751,0.30434782608695654,-0.1668286928475186,0.08026374151318115,448.67742999716296,0.297682127756764,-0.04102583398217831,-2.0785063056164845,0.03766275073262193,0.20978884263376232,False
0x65539121f80394dd1b0e2b76900a5b2228767a71,47.0,78.0,0.5836996353674494,0.46808510638297873,-0.11561452898447068,0.06165242987445562,3813.5454859752685,0.4180583418034081,-0.04117774403955146,-1.8752631359364007,0.06075653217751498,0.2853980733464387,False
0x94eef7b917ce490737fba0ac9bd914e3efcd4a94,20.0,432.0,0.48633529700115413,0.3,-0.1863352970011542,0.08587502412355197,1389.7349219329062,0.27021934865353653,-0.04137761889663894,-2.1698427325396246,0.03001876188995345,0.1825160295097533,False
0x6a7fc7f1fc5638790b5199bcf999d24bf6b50492,36.0,128.0,0.27678457343553475,0.16666666666666666,-0.11011790676886811,0.05909207806449982,719.0062999792644,0.43882855536588267,-0.041422409664346245,-1.8634969419872642,0.062392382382516764,0.2888868117854771,False
0x9355038d49ea5387f2a7b8e9524af80db6e9038d,54.0,100.0,0.4859297493575427,0.4074074074074074,-0.07852234195013538,0.04339023190577786,475.577457998399,0.5918956362857847,-0.04145875616089889,-1.8096778583863555,0.07034575809751908,0.3120169219574236,False
0x98883c610e4400dd998f81cf41658d51ff06e6fe,248.0,732.0,0.41108246906460816,0.3548387096774194,-0.05624375938718881,0.0273049162294488,23731.4548249853,0.78552221091791,-0.041543385536733174,-2.0598400271424016,0.03941383660804032,0.2158137677540042,False
0x4248ba5eb4d12f41090350262db08fe38c1f50fe,31.0,33.0,0.30551390171452175,0.1935483870967742,-0.1119655146177476,0.059681028578838426,1569.2839695240161,0.433950195348141,-0.04162699766366413,-1.8760654312423848,0.06064629577047542,0.2853980733464387,False
0x3f1b2e05b3a91cb6e0b279f9f9f032e8f302cbbb,23.0,34.0,0.5842624276893763,0.391304347826087,-0.1929580798632893,0.08738890383414885,67.16994899928446,0.26338266764114177,-0.04176396254264251,-2.208038679939218,0.02724157693310314,0.1692916311095735,False
0x4340186c5f64a6ab26838173dfec2b47a7e0363d,41.0,347.0,0.5147027837748727,0.3902439024390244,-0.12445888133584829,0.06432414013877058,30244.05374619775,0.39757157086208583,-0.042073522137364,-1.934870502230503,0.053006188783569774,0.26188306680618095,False
0x4748f71e79f9de3c29c76d8257ec2dcae01e9666,43.0,47.0,0.4154546640283698,0.27906976744186046,-0.13638489658650926,0.06866268289390456,7657.976367964256,0.36676143354501206,-0.04223407099327099,-1.9863030519393912,0.04699968397633092,0.2390772879190482,False
0x79e9c535fcb5681472ca1c6deca8485e047680b1,46.0,99.0,0.304167941177765,0.1956521739130435,-0.1085157672647215,0.05759356145050099,1200.3279699974653,0.45151645075500424,-0.042252199133367675,-1.884164905446693,0.05954267299628335,0.2822804295173066,False
0x6864d34eb5b27b0abe35b5116558108c746e9e27,28.0,32.0,0.4231308691780255,0.2857142857142857,-0.13741658346373983,0.06900207022419863,108.27690397052518,0.3644741974629344,-0.04227002467232645,-1.991484936861338,0.04642759962526699,0.2369236481416516,False
0x01af8bb6abbcff287e8a726a1c5f39dd0b427bc2,87.0,156.0,0.37785096330261997,0.2988505747126437,-0.0790003885899763,0.042534790621900624,8384.241304431482,0.6014789922454883,-0.04261664093390874,-1.8573122715525958,0.06326673952155559,0.2903290413275656,False
0xb4ecda4c1717109df64511eaea1c0e351ad91cc8,22.0,33.0,0.2760635521014433,0.13636363636363635,-0.13969991573780688,0.06925097414610909,675.4122585983014,0.3628077487842343,-0.04284894606228257,-2.0172989255437934,0.043664327690235316,0.22888272583966845,False
0xb88370337038133e10e99a63960c08825fe03994,37.0,64.0,0.5084904759739733,0.3783783783783784,-0.13011209759559508,0.06570080118403586,1003.2431178166523,0.38747316548792354,-0.04288297996196811,-1.980373073855453,0.04766162324065837,0.2414918002704478,False
0x4fab2778f7ae063a5d3d0d28222d38ffbc2d708b,84.0,104.0,0.22629802559774095,0.15476190476190477,-0.07153612083583623,0.03761726147517438,2290.4317222344334,0.658664858341365,-0.04292108453087281,-1.901683377006237,0.0572125603368292,0.2756596225458925,False
0xfb31ddc141351579681546074bde4e6a52c97b95,31.0,44.0,0.2749716233160532,0.16129032258064516,-0.11368130073540803,0.05910502382574719,7311.342205113906,0.4387206707408701,-0.04297253761778145,-1.9233779698754887,0.05443259897068908,0.2663788856649092,False
0x507e52ef684ca2dd91f90a9d26d149dd3288beae,215.0,12250.0,0.4109992345167595,0.3488372093023256,-0.062162025214433966,0.030476496687842664,1140478.7654584828,0.7461843574430589,-0.043263274303582885,-2.0396709586122124,0.04138310931317646,0.22188573579767584,False
0x250fd4d6c1b40720b298ac91b581617d797a4fc6,35.0,277.0,0.33363381228781214,0.2,-0.13363381228781215,0.06651171083092315,1191.4754869984315,0.38166668375934326,-0.04340020792403745,-2.0091771902773257,0.04451834581149017,0.2306264686915067,False
0x82ae434f983771a5bc94092a6850da80368e2890,26.0,565.0,0.5014054380366131,0.3076923076923077,-0.19371313034430535,0.08546942544261664,1644.5207249994874,0.27209062858147115,-0.04375675399540568,-2.2664611273696056,0.0234231646141545,0.15526703149856577,False
0xa07872dee3e66eecd6ff328e393e5c94b02f6464,34.0,68.0,0.5458932531838245,0.35294117647058826,-0.19295207671323622,0.08524208630341286,168.72731599995217,0.2731469329835981,-0.04376648346163475,-2.2635775950677424,0.02360010715294214,0.15526703149856577,False
0x213dfba71638bf1964df436a18db535171f337cd,24.0,105.0,0.5603871322411079,0.375,-0.18538713224110795,0.08211790337081938,293.534976999998,0.28822179701690187,-0.044680196700326795,-2.2575726441036403,0.023972315755177886,0.1565179805888703,False
0xa4f9c68b4bd09e51e41cc8ebdb565171d1af9419,46.0,467.0,0.24494161466468325,0.15217391304347827,-0.09276770162120504,0.04800244555262369,29251.38984494999,0.5423413912507657,-0.04468414275752571,-1.9325619883159182,0.05329017885178233,0.26278273663240276,False
0xa83ca8a02e8ba67012c8832afe47c0aacd29f0f4,22.0,98.0,0.4751550712461455,0.2727272727272727,-0.20242779851887274,0.08666446881638962,101.69422107618529,0.266625412416209,-0.04495441856063152,-2.3357646020740446,0.019503513446061715,0.13485137044877524,False
0x6f06b63f6752fef9429fa5098b83c5fca93cabe1,23.0,30.0,0.20473722278563283,0.08695652173913043,-0.1177807010465024,0.0588997659423386,1359.079976885478,0.44043467239718526,-0.044993981894284885,-1.9996802901017767,0.045534797828251206,0.23393275617342602,False
0x8c96c8b151ebe7854913e793625c2c78b9e20f6f,35.0,36.0,0.38966576726976904,0.2571428571428571,-0.1325229101269119,0.06428734129422375,83.36996699937576,0.3978457195000033,-0.045319252788824795,-2.0614153184589568,0.03926343467304472,0.2158137677540042,False
0xe2cc7999bfdd4cbe1e0bbdaa32840c5e0b10893c,22.0,47.0,0.4095149229435768,0.2727272727272727,-0.136787650216304,0.06573284235352832,1461.0236606176038,0.38724175615190626,-0.04543507799169601,-2.0809635688751214,0.03743724078028121,0.2090851897336407,False
0xce5f080d52606568ea84e577069012072904ab17,42.0,80.0,0.32182677227597545,0.21428571428571427,-0.10754105799026117,0.054014466367085186,369.8264,0.4834491166563501,-0.04563883613431752,-1.9909677022338133,0.046484438138687745,0.2369236481416516,False
0x35e701f088b6ef25fff6b902769c1cd8b85f8331,105.0,590.0,0.4495817149264775,0.3619047619047619,-0.08767695302171565,0.04446682626903844,23671.336288000297,0.5800038544136525,-0.04568846742455435,-1.9717384931238897,0.048639466974754075,0.24512019694055104,False
0xb7f372371312abd222e621d91be911013d58d6dc,399.0,711.0,0.5763338770100218,0.518796992481203,-0.0575368845288187,0.02358487746183114,2063.600904238721,0.8307658378583542,-0.04571868188092926,-2.4395668208127934,0.014704882862033086,0.10804527892075022,False
0x5c8077cf7fff5d03a57733dd43a1347a57d1e19b,42.0,280.0,0.4955771299950604,0.35714285714285715,-0.13843427285220317,0.0659791012462189,2671.806329,0.38546866728921386,-0.04580545989108203,-2.0981533582216914,0.035891600306842575,0.20588148620657115,False
0xd2150fc422e8313bdf2527c92fdb957fe42a757a,28.0,31.0,0.46132249474938414,0.2857142857142857,-0.17560820903509836,0.07806592562624591,1108.4481720081958,0.309420211534195,-0.04584498083600497,-2.249486028973165,0.0244815907040401,0.15824065770857,False
0xa99f117a015e20cbfdd13ba35119161f75f9164b,42.0,165.0,0.32542775196934626,0.21428571428571427,-0.11114203768363196,0.055264642037512655,4761.323942921878,0.4720315862883213,-0.04597036277175568,-2.011087624673127,0.04431620209958842,0.2304263814815293,False
0x0c99d9f172fc4c25fd2aa92f9fc272da5f020c88,462.0,2939.0,0.45347227682150093,0.39826839826839827,-0.05520387855310265,0.020398176711102754,214911.5187230937,0.867770134390925,-0.04627830606172448,-2.7063143600994057,0.006803460886676049,0.059884387804564954,False
0xa5ec161d0afb384aacaba24e5aaf00ab30dc3630,70.0,1717.0,0.4157136298309432,0.3142857142857143,-0.1014279155452289,0.05030841358360002,3569.73580200115,0.5189737398488001,-0.04672346157738635,-2.0161223207064767,0.043787186556674795,0.2289129404639715,False
0x28927b7e0ef52d3cd7cdc849e32c5ad2e5fae9d7,41.0,150.0,0.40732382180974575,0.2682926829268293,-0.13903113888291652,0.06465429779534851,614.1843130005412,0.3951217916326222,-0.047496318034231426,-2.15037737047264,0.031525376853201115,0.18776893049516322,False
0xaf76cdb1c3b4d9eb1d3a7f48e5ae844f25d8ffea,176.0,1220.0,0.35150617789238586,0.2840909090909091,-0.06741526880147675,0.02994581919419594,3199.200596999739,0.7527804182115717,-0.04770894648963004,-2.2512414292056864,0.024370250226120493,0.15791677219388128,False
0x18d8d7a045e261179efcfe69d0bb33adda6f400b,25.0,174.0,0.3039663049041332,0.16,-0.14396630490413315,0.06591178642174614,359.67761099995613,0.385952383315078,-0.0480134717603219,-2.1842270209905075,0.02894557031492151,0.17773958533852996,False
0x77618840605a965ec8b6092afa5e829e1a75f504,70.0,131.0,0.5329027734061492,0.42857142857142855,-0.10433134483472073,0.05046716330224693,278.42391816067266,0.5174005444071099,-0.04804678666285886,-2.0673114557654486,0.03870481548873772,0.21420540589153345,False
0x1ba2b1137313b248b03a9be40093b23d7e96d212,150.0,1787.0,0.42968932296380313,0.35333333333333333,-0.07635598963046974,0.035592583249374164,52501.41074996341,0.6830884243877632,-0.04826097386521123,-2.1452781073936897,0.0319306178232166,0.18887399854604497,False
0x092a6b527512dc2024fcc0651a1ce84eb1418577,36.0,49.0,0.4042969562426394,0.25,-0.15429695624263937,0.06896890524477756,480.83993899475087,0.3646969427561271,-0.04845959291300657,-2.2371959609192578,0.02527353523795406,0.1617243761811805,False
0xb4a543b402dd467d92610a13bc36fb8e6e7280d4,20.0,24.0,0.3982448823838484,0.2,-0.19824488238384835,0.08202304906153823,459.3951115002103,0.2886962401030119,-0.048485970478620126,-2.416941148275457,0.01565154747192299,0.11276677183097901,False
0x99f0d31fdced5b3a0e5ee2867730a6644a6c9495,90.0,563.0,0.3128097243801045,0.2222222222222222,-0.0905875021578823,0.043470398892230304,29805.445908033653,0.5910035724377841,-0.048508292696194034,-2.0838893699241736,0.03717023149816301,0.20862176671554444,False
0xebdeffe1451bb31f9266f15e27feb25b177e1de0,201.0,403.0,0.3178618302453108,0.2537313432835821,-0.06413048696172867,0.026415039398973068,3154.3064273372,0.7964753476687244,-0.04857570099661717,-2.4278020559841322,0.015190631544688582,0.11129726918679504,False
0xe8e1b119302ae410e77b2af7d7456809007549dd,125.0,8517.0,0.48957653484962677,0.4,-0.08957653484962674,0.04252811904755735,120947.98071003445,0.6015541901851327,-0.04898563137403052,-2.1062895998164697,0.035179204163957145,0.2038812753681921,False
0xdc8634e3191aa4be3868b17d9ef8ba9c58537e77,183.0,1311.0,0.4382077490939373,0.366120218579235,-0.07208753051470226,0.03186233582046342,15215.522624824785,0.7289746994823526,-0.049217309949008164,-2.26246848068196,0.023668474091190328,0.1553205971531294,False
0xfb851ce2fdff625431ea2daf84ea7115af0a8464,53.0,136.0,0.2587366620354806,0.16981132075471697,-0.08892534128076361,0.04197838106491682,15706.302728752484,0.6077744020697283,-0.049223524760257445,-2.118360428031905,0.034144554549409456,0.19981280877737814,False
0x1e72356e539c6bda23fde32c4aea2be6cbced0b9,161.0,593.0,0.15283219242186827,0.09316770186335403,-0.05966449055851421,0.020487663479902992,2325.7257031158715,0.8667623244540237,-0.050076568890180015,-2.912215471375788,0.0035887498429587605,0.03643852694878206,True
0xdff7d7c11276007b9f9b9909d73c91d549e2d9d4,40.0,49.0,0.20867885578257955,0.1,-0.10867885578257959,0.050391733480405446,797.8279669932347,0.5181474740922499,-0.050386551315256045,-2.156680238532353,0.031030587774025564,0.18611136248653937,False
0xb91cdd2b03d05f67db8ed560fb56cca7f668ed66,44.0,112.0,0.41597186089306515,0.2727272727272727,-0.14324458816579233,0.06326569040311297,852.2484449976636,0.4055457059052983,-0.05078249114569129,-2.2641748987970267,0.0235633597843099,0.15526703149856577,False
0xed19b309c5be5ebf70f8e5c6125ac2c21c1383ba,56.0,433.0,0.3628065215649378,0.25,-0.11280652156493776,0.05167542767882061,25712.988865902047,0.5055775984828953,-0.050952760876320446,-2.1829818664698153,0.029037145435157452,0.17787838023104766,False
0xf1e881e17980512f5a4106696bcc22a10a749826,36.0,55.0,0.22339004329850173,0.1111111111111111,-0.11227893218739066,0.05126596703469472,180.85796199520507,0.5095542969513236,-0.051181422631903034,-2.190126094986267,0.028515093204192876,0.17563064656033645,False
0x54bab0bc94667af224e21528804d49c1b87e04e4,57.0,77.0,0.35757924189340007,0.22807017543859648,-0.12950906645480356,0.057971069272018026,157620.01883609637,0.44828261082908305,-0.0512724424116619,-2.234029285316566,0.02548114621551245,0.16226142244396694,False
0xa0f21e6d351baa9185716b5c00c2925ed9621848,145.0,1133.0,0.46916779597382074,0.3931034482758621,-0.07606434769795856,0.03250977692217357,297491.44692129974,0.7209531240644491,-0.05140751546154561,-2.3397376081679053,0.019297292167736124,0.13414478841129773,False
0x99f7db1fbcf6a73fa23d1a7a46bbc224627d1a59,72.0,232.0,0.2862037071011524,0.19444444444444445,-0.09175926265670789,0.041537617143681545,3882.871013399288,0.612795233673801,-0.05146835633883132,-2.209064192086564,0.027170176315640004,0.1692916311095735,False
0x01ab7b5ed4eed5c3bf466e40a995fe3df0d56616,36.0,80.0,0.17224538369420592,0.08333333333333333,-0.0889120503608726,0.04002226471524011,125.80817300050863,0.630276748369063,-0.051492877835332504,-2.221564696388001,0.026312737939031106,0.16511083003591537,False
0x3e43bfa5be2efe93a621bc17edc934095b100306,42.0,1071.0,0.4004705232949571,0.2619047619047619,-0.13856576139019516,0.06077744691613288,5162.700904000627,0.4250291767906593,-0.05182433447440729,-2.279887827163961,0.022614342205682147,0.15148672350247858,False
0xf4f88a1e25ff5dfae68326eb62049d6a1b7c5bf1,105.0,189.0,0.3571657384847637,0.26666666666666666,-0.09049907181809698,0.04038453497718378,1618.9817864395939,0.626067350648156,-0.052060432906118226,-2.2409338591920553,0.02503035961235245,0.16098079162158846,False
0x9892ef52593bf4407e1ffcea509516bafa53fd59,30.0,35.0,0.4456965423163526,0.3,-0.1456965423163526,0.06285555667907591,354.7899529907458,0.40868538171289237,-0.05227291770975302,-2.317958029713127,0.020451602156963622,0.13916802628709546,False
0x5b57c9d81e7a2de43add7a763ca0588a9e01de6b,31.0,162.0,0.46019497022514666,0.25806451612903225,-0.2021304540961145,0.07896918544633562,8384.875180943842,0.3045255348603388,-0.05300194866182982,-2.5596117391064452,0.010478916260600268,0.08197887272227916,False
0x9b2df26c5c6d24f5008a4fe589588980d5df5b23,143.0,171.0,0.5952069030947892,0.5034965034965035,-0.09171039959828568,0.03980935222776047,248.75981500138732,0.632759241181728,-0.05351480879636858,-2.3037400627265865,0.021237239483848924,0.14375548721481987,False
0xf02fd365a731fd3a9a2f079a0e26337ce59b1ed8,83.0,372.0,0.42094502029627817,0.3253012048192771,-0.0956438154770011,0.041622636075605124,25478.419520379914,0.611824464843886,-0.053744006650535456,-2.2978798196075236,0.021568630159479962,0.14561648476779798,False
0x15cf1dee85176a8c254b473fbb6c8a3a9d114d9b,27.0,55.0,0.356800094850964,0.18518518518518517,-0.17161490966577883,0.06981009524543737,561.774228996147,0.35909801147116704,-0.05374568996046866,-2.458310779585925,0.013959231641919256,0.10345074254169473,False
0xd45a5368ca4c306ac1394c9cc53fd172a8c988fc,81.0,93.0,0.20670860204833602,0.12345679012345678,-0.08325181192487925,0.034445776951427615,100.94580000006908,0.6970951685149748,-0.05430975169731715,-2.416894588915024,0.015653549560097124,0.11276677183097901,False
0x300da1c952a019275839ad58e8343e4fda81780d,30.0,84.0,0.2504384842802996,0.13333333333333333,-0.1171051509469662,0.050343802289994626,2184.075663998102,0.5186226429099993,-0.054814102523516,-2.3261085897407434,0.020012758428979538,0.1372683616711123,False
0x5f659bccbc353dbf7bcdffdee73bee60bb482036,69.0,151.0,0.355928642681563,0.2463768115942029,-0.10955183108736011,0.046923828982375744,1055651.0930962658,0.5535994651559857,-0.05515864895372739,-2.3346737353532467,0.019560471346215413,0.13488357112804694,False
0x4e05a7b41073aaaaddbd9be3910077a0389dc111,27.0,52.0,0.6350160415495681,0.4444444444444444,-0.19057159710512378,0.07394896402827547,210.4493640015914,0.33303848831127514,-0.05526635156677212,-2.5770691937246872,0.00996420022065414,0.08052435399460736,False
0x0e50849ef225489b1879e3418e5b7633355a2609,28.0,71.0,0.41668887674284083,0.21428571428571427,-0.20240316245712656,0.07642626401641076,7436.924973986186,0.3185644794742289,-0.056099152682009865,-2.648345631727664,0.008088678067655897,0.0686207261068571,False
0x8d07c1d46cb9aed55bd3742d5ef757b3c91fb9fe,79.0,393.0,0.16136921977806867,0.08860759493670886,-0.07276162484135977,0.025076145443604893,1772.342731005171,0.8128204707358752,-0.05684047586277356,-2.901627166144707,0.0037123007240074113,0.037545190459667116,True
0xfea6d7d20a5ba852ec160c3a4db14b734073b795,56.0,1645.0,0.46713576773440435,0.32142857142857145,-0.14570719630583293,0.05878492236420154,7873.624150596963,0.4413969040028597,-0.05744581488277782,-2.4786491237175596,0.013188096953713258,0.09887238966170492,False
0x214978d04e1e0c0f9f6b4bf093f0531ad9c651bf,37.0,274.0,0.48713921631648954,0.2972972972972973,-0.18984191901919226,0.0711323417969755,691.7212559997262,0.35050773803871405,-0.05855454806105878,-2.668855182091927,0.00761102586225304,0.06499614469784964,False
0x57519221059a0395a8ec2d81b4dc8fb166fbffdf,34.0,154.0,0.11088786892002582,0.029411764705882353,-0.08147610421414347,0.02939457571132635,77.7609100002359,0.759630675215811,-0.05893603482789109,-2.771807459113928,0.005574599927324453,0.05153008319917478,False
0x46996fc536f8828aadbb6bd7f9065b4e10175051,59.0,74.0,0.1080578058014024,0.03389830508474576,-0.07415950071665661,0.02409531175482509,17045.624438222432,0.8246596055360339,-0.05900026281910746,-3.0777564312612045,0.0020856530865356326,0.02422927617196125,True
0x4166a4cf2959601cc0d4f6941b5df472dea74f83,80.0,250.0,0.32709036778975886,0.225,-0.10209036778975888,0.039948458573302995,463.7993820008516,0.6311365936918606,-0.05989721994895589,-2.555552114793848,0.010601948386862237,0.08260551326198703,False
0x07b1d2d502581b734375aaa4fc05aa2ef1f5b027,35.0,40.0,0.49276846884972414,0.2857142857142857,-0.20705418313543844,0.07388408547645012,2072.531660001866,0.33342853089641533,-0.060841243228464195,-2.8024192463129975,0.005072091267617207,0.048447864367351025,True
0x7efb41d3d10b6c2282dd11879312b66077f8a83a,46.0,134.0,0.3177444051422714,0.17391304347826086,-0.1438313616640106,0.05552248418378467,1054.689898985096,0.4697121193366021,-0.06103862269539856,-2.590506598874704,0.009583478418885516,0.07821452798198021,False
0x5edb0e03151c25388c800199e82ffb1c14c400a9,87.0,1391.0,0.5318869203173255,0.41379310344827586,-0.1180938168690496,0.04586631151522845,5337.938419002155,0.5648364531967736,-0.061352682698080155,-2.5747397810665524,0.010031552678382294,0.08059618179921475,False
0xc2bec11a79567ea92f7c5dfa6587eadaede6af12,184.0,613.0,0.4395595168859124,0.34782608695652173,-0.09173342992939064,0.03343327313356963,19859.177777980312,0.7095445076770296,-0.061517351122751945,-2.7437765235520146,0.006073686997523975,0.055349960306057704,False
0x00c8ef6895e2fb38b538cac8c08edd6b82289ccd,23.0,31.0,0.32466341884535976,0.13043478260869565,-0.1942286362366641,0.06984983019496505,8451.235484073077,0.35883613540989767,-0.061812150201909125,-2.780660106037947,0.005424850213994192,0.05069090109380805,False
0x3a72d3d1bc20b203641cb244dbc32af6a7b50a38,56.0,167.0,0.2772050861371519,0.16071428571428573,-0.11649080042286612,0.04456975107209598,2400.6097330005623,0.5788770517308037,-0.062255492046627614,-2.6136740192789216,0.008957445479848669,0.07404247401451833,False
0x74bdef5a242509f5ef3ebae9cbd83ddd7d30d371,34.0,71.0,0.16731350327460337,0.058823529411764705,-0.10848997386283865,0.04101407556239101,4576.500538161182,0.6187970532620138,-0.06244579534207853,-2.645188813235657,0.008164534519977673,0.06903716238368006,False
0xc4dbd5631f003f3f7d10bc31338b1fe5c6ff7e0c,101.0,464.0,0.30197182897132646,0.19801980198019803,-0.10395202699112842,0.038783361651893514,17763.275592055277,0.6448078421755199,-0.0626614443670104,-2.6803253396177222,0.007355063658718519,0.06365338649609081,False
0xa6b9de986a521dca708eada9aab9eed66770f95e,26.0,55.0,0.47200037042012855,0.23076923076923078,-0.2412311396508978,0.0804510763190843,178.74699799983995,0.2967082623165129,-0.06292721080259146,-2.998482440360762,0.0027132779126248785,0.03055695954873171,True
0x51340a0b3ae56250febf255348a13230e5c4cfec,23.0,29.0,0.31767576776040873,0.17391304347826086,-0.1437627242821479,0.05392706996351533,118.05707,0.4842579365648019,-0.06327639255424844,-2.66587308339599,0.007678867612909146,0.06535907450063592,False
0x2673145df81eb27a235be5bb58e6a2b711d27965,29.0,84.0,0.24147392711657997,0.10344827586206896,-0.138025651254511,0.051049876758193634,229.75687533409956,0.5116653382960512,-0.06461811034515913,-2.7037411257287225,0.0068563682087032785,0.059940927492358485,False
0x88ffccf390ed88b0211582104271dc9b3b8f78ae,21.0,32.0,0.2693519435652086,0.09523809523809523,-0.17411384832711335,0.06219103851582959,1232.7445195615194,0.41383214519569156,-0.06484606549085958,-2.7996613737652227,0.005115623962100191,0.048683373425300346,True
0xc7d02944a76b9f83b199e9090ecc92c82d241f8a,305.0,3363.0,0.4258231558882286,0.3475409836065574,-0.07828217228167123,0.021793447575570543,26944.397487010792,0.8518338698024992,-0.06486147364034027,-3.5920049827004865,0.0003281435741571137,0.005495339465916859,True
0x787df3d924a815f02028ae6b6cfa60b38b39aecd,85.0,510.0,0.5693203567604579,0.43529411764705883,-0.13402623911339925,0.04921196310145984,2842.1889060053268,0.5299646970163919,-0.06524936297144182,-2.723448337898625,0.006460431891214258,0.058053846158333,False
0x5debec2f0536076260a660d4bd6b1d75e930ccdd,99.0,2278.0,0.4712520461111896,0.35353535353535354,-0.11771669257583621,0.04282205317035214,20076.919952002783,0.5982478126505407,-0.06548358830486949,-2.748973574609855,0.005978220564922587,0.054867725398346445,False
0xc8cda3c8cab0c65052471c7c128ba8b3a1acba81,40.0,40.0,0.337523589035,0.175,-0.162523589035,0.058174882460286556,578.8411698342843,0.4465472180010294,-0.06576889717508219,-2.7937072179896147,0.00521076324015457,0.049100391980291334,True
0x2a69660046d7acc4ab204d7cc5ba78b0776cd2f7,112.0,1512.0,0.2588913528544028,0.16071428571428573,-0.09817706714011709,0.033366068466502,83422.72802486151,0.7103731745341172,-0.06618094433953635,-2.9424223965338423,0.003256553958883579,0.03414086447138516,True
0x55055c82f4b2b3738d53e54ee530006842beaa44,31.0,452.0,0.3650334015256309,0.16129032258064516,-0.20374307894498575,0.06902484813447758,9554.922516017588,0.3643213102403504,-0.06641129118466614,-2.951735272898298,0.0031599371368247198,0.033675528412689885,True
0x418207ef8f3d9c031a7459a6a97e64bcc79f61cc,22.0,97.0,0.2869006285677939,0.13636363636363635,-0.1505369922041575,0.05382974942187318,139.55100199965904,0.485160241618882,-0.06670381108728769,-2.796538973725713,0.0051653180693149725,0.04897557095868865,True
0x5699b2cec2430fcb1c4f44f032745e1234959637,41.0,90.0,0.27117250272754584,0.14634146341463414,-0.1248310393129117,0.04468868734508755,119.33493841831297,0.5775771751384745,-0.06690521600354718,-2.793347639615418,0.005216559675300436,0.049100391980291334,True
0xa7c00ff2f91ed5a18432376d5a97363648acdada,62.0,207.0,0.32307425144572366,0.1935483870967742,-0.12952586434894955,0.04584707828645328,8874.650337307481,0.5650426258356508,-0.06783915975065888,-2.8251716181273294,0.00472552981594343,0.04647088853550509,True
0x6cd3d327343df5e5c2671c78d41d1665a792226e,132.0,1189.0,0.4246744031751962,0.3181818181818182,-0.10649258499337806,0.036268292160519,2421.6552840001323,0.6748904880632299,-0.06787310754984421,-2.9362448201876994,0.0033221202075219836,0.03468723892793197,True
0x78a10b187b24b56e4027704cc5d144d1074f5551,121.0,393.0,0.3171030167305424,0.21487603305785125,-0.1022269836726912,0.03420623029714077,11137.381219735118,0.7000341497038999,-0.06787383475328371,-2.9885486586704104,0.002803058630327371,0.031177078832364695,True
0xcbbc99e5b59ccb608d4df588322093c21f022b70,54.0,162.0,0.28914484502356297,0.16666666666666666,-0.12247817835689637,0.042864241745997345,3260.385150994112,0.5977743706362872,-0.0682683287398667,-2.8573508679488855,0.004271933261606575,0.04270277473520681,True
0x5e020e19bc4cc2cd24ab9b406604ee9df02ab178,113.0,643.0,0.1430488472393176,0.061946902654867256,-0.08110194458445034,0.02056348295204454,1881.7059088066856,0.8659068256768515,-0.0685778440748477,-3.9439789832094916,8.014068468176205e-05,0.0016147095765176901,True
0xc26aec6c2f5a173e7397216ac20311851528b715,54.0,68.0,0.22343701449937434,0.1111111111111111,-0.1123259033882632,0.03789634563303366,9808.472628160174,0.6553334384080459,-0.0693727111548246,-2.964029948321731,0.003036387346103009,0.03301744378299471,True
0x3b0d4457282cf4d60ee5c5f302b5f35ec0d56b6a,20.0,62.0,0.07577167910636354,0.0,-0.07577167910636354,0.013961207969296011,196.6255170099465,0.9333739843428899,-0.06990404394781066,-5.427301081181752,5.721257290147719e-08,2.0781862748297135e-06,True
0xea8755c67c0f4a43190f846a6b09d06437731ad7,25.0,41.0,0.28479649788599304,0.12,-0.16479649788599304,0.05599055533139532,4033.3562391795026,0.465532264162719,-0.07014597797325282,-2.943291005252586,0.0032474300450091587,0.03414086447138516,True
0x2ad531734533078236780a5acda36d91037a62ff,105.0,6114.0,0.4313892122655822,0.3047619047619048,-0.12662730750367746,0.04283136418049643,60037.328093004035,0.5981432997227466,-0.07079982485581642,-2.9564154662470012,0.0031123753445074787,0.03344506672285328,True
0x7e391a15247b055f04844c53b847ff9ee349fe16,118.0,125.0,0.2246337524311883,0.1271186440677966,-0.09751510836339171,0.02937669889475954,1513.795923217598,0.759852765415031,-0.07114414247248038,-3.3194712827582973,0.0009018808031793224,0.012303219033323074,True
0x4462e46cf0d31466693058893f4913e2411fbfdf,72.0,773.0,0.49336013582947974,0.3333333333333333,-0.16002680249614634,0.05336140741202399,3510.756006000949,0.48952666443331344,-0.07206032635580573,-2.9989239462991995,0.002709349286563967,0.03055695954873171,True
0x8d114f32faa0c5fb423e4d5d590f72deaad3a8e1,106.0,172.0,0.2855858631059303,0.1792452830188679,-0.10634058008706238,0.0331339577973668,391.4318740549831,0.7132372181581466,-0.07231986686073831,-3.209413760269635,0.0013300593972105368,0.01665156886119405,True
0xc74d24abf59f72171fdb83da7fcbdff359cd9690,32.0,72.0,0.2969615233207311,0.125,-0.17196152332073114,0.055376234760996776,965.1923660042264,0.4710262535666577,-0.0744938403847318,-3.105330726491521,0.001900663752221421,0.022485375307243323,True
0x4cd4554904388f7efe1f95bb0eba3dd507c38a5c,109.0,298.0,0.3901676012848113,0.26605504587155965,-0.12411255541325171,0.03915242483954805,740.9726910002272,0.640457728656391,-0.07506771610585368,-3.169983875120936,0.0015244739734763257,0.018633262453058977,True
0x32f155483fa055a476dad2cec03fdf3463ab593b,70.0,76.0,0.28451313999205957,0.15714285714285714,-0.1273702828492024,0.040027056522833095,145.2499389988204,0.630220949768797,-0.0757244143423661,-3.1821046540493207,0.0014620897625585716,0.018128507200185367,True
0x6132b8f1299baa705c9ec753094eae0bd78c7be0,23.0,45.0,0.36392698271180457,0.17391304347826086,-0.19001393923354373,0.058870983797347724,275.8916050887244,0.44067560926962934,-0.07685674854772997,-3.227633156049013,0.0012481893280675838,0.015991393145922947,True
0xe0682f6feca8fa12d74e523f3856a5ea47edc5ea,88.0,3226.0,0.4861305608968397,0.32954545454545453,-0.15658510635138512,0.04929569572996194,8742.723752999595,0.5291176528192157,-0.0770617159859031,-3.176445814035091,0.0014909163892629085,0.01839748022922986,True
0x5f8d79561b5af789b980160ab6422ed418be8b2c,24.0,1673.0,0.24161019554401797,0.08333333333333333,-0.15827686221068463,0.0490960509723694,3782.750602602529,0.5311393657116276,-0.0783017043402862,-3.223820634774897,0.0012649260185220168,0.015991393145922947,True
0x45cf78861c01b5ee23c8f48363ef285b0ddb0f46,48.0,339.0,0.37867710751864925,0.22916666666666666,-0.14951044085198265,0.04619610547933953,421.5778774770663,0.5613111730299504,-0.07852752218710567,-3.2364295496478337,0.0012103509883627517,0.015607475994937683,True
0x37f1007448cb1909a6d1aced75b0fa2638b219a0,93.0,217.0,0.4335317698793282,0.2903225806451613,-0.14320918923416676,0.04341939337368337,3860.893208688062,0.5915710191445418,-0.07969613896514213,-3.2982770625479603,0.0009728009453704445,0.013135359361834431,True
0x0267ebb4a7371037b79e2b062c766b03ee2e7f7e,29.0,200.0,0.2917169718135602,0.10344827586206896,-0.1882686959514912,0.056687031814512796,10476.994039015182,0.45938596547149735,-0.07984030957973293,-3.3211951644871864,0.0008963283637009045,0.012295908776514005,True
0x2039ab03cf131d1b0bc9166554815f27ec6535d7,49.0,51.0,0.2289995268328919,0.10204081632653061,-0.12695871050636132,0.03668712999271234,53.457961203982364,0.6698317213338902,-0.08098104111133729,-3.460578969561828,0.0005390151129254228,0.008082092885085265,True
0x326d3674e86249556a3367ba78249b265f723584,126.0,881.0,0.46574965109934724,0.3253968253968254,-0.14035282570252186,0.04155298608959154,3314.770979997027,0.6126196660364557,-0.08121945987043823,-3.3776832644448227,0.0007309922545690739,0.010358401233701327,True
0x3dba749e7319053a455dc7d53776dfe1366f98b8,66.0,431.0,0.5202333243057885,0.3333333333333333,-0.18689999097245516,0.055100585745351136,1045.015771000566,0.4735136637053173,-0.08202573433038032,-3.391978296496131,0.0006938993640042135,0.009997577987524394,True
0xb5ba4edd3f142c9fdced3f5c0f1210837dfe06b3,26.0,38.0,0.38359213876033976,0.15384615384615385,-0.2297459849141859,0.06508649720947324,3259.2180510070802,0.391941585912268,-0.08256998547420032,-3.529856341397133,0.0004157853670692102,0.006830002940582759,True
0xfe787d2da716d60e8acff57fb87eb13cd4d10319,798.0,52372.0,0.45112701371635183,0.35964912280701755,-0.09147789090933428,0.015433476320462554,14613803.09202024,0.9197679396487843,-0.0831518537669434,-5.927238232649365,3.08071879118188e-09,1.2611386924536616e-07,True
0xe857c906ec3308ae8d6ba8f66c33c0f38c207b3b,105.0,136.0,0.2583203310713518,0.14285714285714285,-0.11546318821420894,0.030014699039496235,8857.915274758472,0.751924283466471,-0.08376909980911054,-3.846888088475295,0.00011962757758476883,0.002335658358555396,True
0x2e7f9976e99fa553587fe4591049582bdba8a844,119.0,2353.0,0.47543865630853377,0.33613445378151263,-0.1393042025270211,0.03959816000302507,10995.087012519947,0.6352278353007599,-0.08400446814668128,-3.5179463519612804,0.0004349002750687614,0.007098783603812251,True
0x0c222c7066850fbb4f94100a73b3e057759a0a8c,97.0,987.0,0.42562816368205975,0.27835051546391754,-0.14727764821814227,0.04213346165466906,10057.478466957426,0.6060149295934845,-0.08440779681022238,-3.4955031567367443,0.0004731688558565761,0.007577009384792414,True
0x98048561f3e32c821434a4dd39eff8b6e0056af5,20.0,22.0,0.23100000200349213,0.05,-0.18100000200349214,0.05184440299515253,31.741782999991788,0.503945447511539,-0.08511436779481575,-3.4912158602813057,0.0004808276037986392,0.007577009384792414,True
0x3b43cac15b9d1f7af67243e9b63d2b1624e09e23,36.0,47.0,0.30541638003125987,0.1388888888888889,-0.16652749114237098,0.04646561747809742,1882.3648874127425,0.5584443280798604,-0.08756672185008066,-3.58388632672034,0.0003385194568850114,0.005632526963267383,True
0x237419de121f3aecf3e1e0a613ecb9dc82b9a426,59.0,64.0,0.33396681750139096,0.1694915254237288,-0.16447529207766212,0.04464442012470134,13495.05192183915,0.5780607016818884,-0.08988830540327705,-3.6841175586612556,0.0002294963121218796,0.0040539108833036125,True
0x03097eaaf923518da334d6819653ea74b9f4d35e,55.0,90.0,0.33821708485900664,0.18181818181818182,-0.15639890304082488,0.04213373548986206,137.20574199998867,0.6060118260746034,-0.0899348898598734,-3.7119638508780346,0.00020565736431565895,0.003657864431517824,True
0xd13c1e677498544774850a8d34b210887ec798a7,68.0,693.0,0.45006148701578386,0.2647058823529412,-0.18535560466284268,0.049383862847256224,2128.8902259940674,0.5282271220189515,-0.09210867919214036,-3.7533638313419435,0.00017447732885922385,0.0031913264619002715,True
0x76bcdd684cc737ca1d03c41135df511fa11b009f,22.0,36.0,0.2750196817823984,0.09090909090909091,-0.18411059087330742,0.04901967480205236,400.49649033044284,0.5319147002667326,-0.0921752958386922,-3.7558509234663275,0.000172753508047796,0.0031823664089661845,True
0x99bce72fb855cc8eebe6c85683ede46da1784f35,160.0,863.0,0.20636115587583262,0.09375,-0.11261115587583262,0.02291573597453044,11494.23704200338,0.8387055903556184,-0.09246424132433488,-4.914140920500814,8.91725953522382e-07,2.4935624068538905e-05,True
0x84f7860753f0fb62e7e786523690661c4255ade1,37.0,140.0,0.23709104175481757,0.05405405405405406,-0.18303698770076351,0.04775101207872244,1739.4014989874588,0.5449472262692202,-0.09414991992788171,-3.833154099414862,0.00012651064685464952,0.0024348578972995605,True
0x1d57fa646de2815ab842ae46e32d136d91988e0c,57.0,335.0,0.5055161155653678,0.2807017543859649,-0.2248143611794029,0.05735808926546076,1052.1506243999775,0.4535464333675037,-0.09524425851084209,-3.919488324287313,8.873715973356511e-05,0.0017740553097121273,True
0x83182e6abe7101f2084eef8d570ebdfc66dc34a6,86.0,756.0,0.4802352392993245,0.29069767441860467,-0.18953756488071985,0.04779407953984663,2695.296281000168,0.5445000773333466,-0.09760214152191024,-3.9657122117541688,7.317711275534045e-05,0.001486013966897819,True
0x9aa7b3591a8dd282aa9f8cb83b48747e2edae3d9,67.0,102.0,0.1680246671365091,0.04477611940298507,-0.12324854773352403,0.0243275118424845,336.1983159961507,0.8218687853508526,-0.09910373497563099,-5.066220850349692,4.0579109805705116e-07,1.2458752879632559e-05,True
0x21f333307ac6d2e65ac82f014b3dd2b64cbc35e3,21.0,78.0,0.24972093250380778,0.047619047619047616,-0.20210188488476014,0.0482692948989171,44011.72375097975,0.5395881625461684,-0.10339030789698403,-4.186965757589598,2.8270845750411056e-05,0.0006025662081843811,True
0x8fc9392c8ad729cb5cd7590baa423c04827dec4b,30.0,220.0,0.11946712594505877,0.0,-0.11946712594505877,0.018289623880199262,748.8433697928061,0.8908651005654415,-0.10508711050812457,-6.531961877816221,6.491363002680828e-11,3.2825931733164423e-09,True
0xa8883671a512753b9dad2edfabd3a9b99aa0e98c,62.0,578.0,0.445924363063617,0.22580645161290322,-0.22011791145071374,0.049957308859690575,2973.8072970065778,0.5224694677184131,-0.1091329103425196,-4.406120274991872,1.0523854335753313e-05,0.00024233053867774818,True
0x986b121c40e715167dde178b8520bf132a57bdc6,188.0,6971.0,0.49594877421912936,0.3404255319148936,-0.15552324230423578,0.03094318670822163,166854.28855038926,0.7403849719099799,-0.11195470241677939,-5.026090033025368,5.005809455838062e-07,1.5188214807772189e-05,True
0x2013bea5f6b27ed217426b4180261e492981eec9,24.0,31.0,0.3609897799436718,0.08333333333333333,-0.27765644661033845,0.060295786626729214,60.649979999224065,0.4289225746848251,-0.11207083629609887,-4.604906281913451,4.126516529590063e-06,9.763565256708965e-05,True
0x285f02c35060c0f0fc508557b5a8eaa9bc490f08,36.0,346.0,0.39176072891493685,0.1388888888888889,-0.25287184002604796,0.054288883514020225,2098.526628002199,0.48091855109511855,-0.11522784833877278,-4.6578935439102045,3.1946132588167586e-06,7.772554334423039e-05,True
0x94bb23ba929a98606b5f7514afaa6756f7bb77ee,90.0,182.0,0.26301111189445786,0.1,-0.16301111189445786,0.030851160253339917,9703.667449557937,0.741528347589138,-0.11769905104907596,-5.283791940266182,1.265369560243812e-07,4.351184127825055e-06,True
0x1cdd071bb612de6d66d0c882b676c663697de595,310.0,13703.0,0.396454107617369,0.24838709677419354,-0.14806701084317542,0.023871063661700234,89015.61775899214,0.8273472410037538,-0.12037979975791568,-6.202782286603362,5.547355907964402e-10,2.42485269265088e-08,True
0x33731e979b537dfaef0f686ef6695cdb5b5950c4,26.0,119.0,0.35688049319848,0.07692307692307693,-0.2799574162754031,0.05639893418507951,306.101562139988,0.46191778626917257,-0.12270075555659268,-4.963877781035561,6.909943621735692e-07,1.9843761250773165e-05,True
0xbabfb50430116eaa06ce30e5de5eaf048a7210de,83.0,2885.0,0.47580654465758543,0.24096385542168675,-0.23484268923589874,0.04564717843803604,6220.805316000653,0.5671892581599511,-0.12787817210730026,-5.144736153948418,2.678970598690711e-07,8.529710091386843e-06,True
0x6c21ba8e90183039779f41f9443543a3c2fdbe9e,98.0,415.0,0.41705157797269415,0.17346938775510204,-0.24358219021759206,0.038295717745707315,1037.9385059997048,0.650582337814811,-0.15417363928468125,-6.360559471297439,2.0102031150770472e-10,9.09528742769071e-09,True
0x6de2137468c3b825d45ca994a0d676a9be27d0e5,75.0,2408.0,0.43329033008654894,0.16,-0.27329033008654896,0.04083324533324378,7496.036894997438,0.6208794966988093,-0.16501848867226201,-6.692838834048141,2.1888268975089886e-11,1.227170558407757e-09,True
