ticker,event,tournament,entry_ts,exit_ts,entry,exit,contracts,spread,reason,gross,fees,net
KXATPMATCH-26JUN29QUIDAR-QUI,KXATPMATCH-26JUN29QUIDAR,ATP,1782494040,1782748560,61.0,93.0,10,2.000000000000007,target,3.2,0.22000000000000003,2.98
KXATPMATCH-26JUN29ZHENOR-ZHE,KXATPMATCH-26JUN29ZHENOR,ATP,1782497520,1782741000,37.0,58.0,16,2.0,target,3.36,0.55,2.8099999999999996
KXATPMATCH-26JUN29DAVCER-DAV,KXATPMATCH-26JUN29DAVCER,ATP,1782499980,1782753540,77.0,94.0,8,3.0,target,1.36,0.14,1.2200000000000002
KXATPMATCH-26JUN29RINTAR-TAR,KXATPMATCH-26JUN29RINTAR,ATP,1782514200,1782753780,39.0,0.0,16,2.0,settlement,-6.24,0.27,-6.51
KXWTAMATCH-26JUN29GASARA-GAS,KXWTAMATCH-26JUN29GASARA,WTA,1782515100,1782758880,45.0,70.0,13,1.0,target,3.25,0.43000000000000005,2.82
KXWTAMATCH-26JUN29MARKEN-MAR,KXWTAMATCH-26JUN29MARKEN,WTA,1782564900,1782819540,58.99999999999999,0.0,10,1.9999999999999858,settlement,-5.8999999999999995,0.17,-6.069999999999999
KXATPMATCH-26JUN29HUMBER-HUM,KXATPMATCH-26JUN29HUMBER,ATP,1782579300,1782837060,72.0,1.0,8,2.0,stop,-5.68,0.13,-5.81
KXWTAMATCH-26JUN29RUSMCC-RUS,KXWTAMATCH-26JUN29RUSMCC,WTA,1782604740,1782838860,56.00000000000001,0.0,11,1.000000000000007,settlement,-6.16,0.19,-6.3500000000000005
KXATPMATCH-26JUN29KYPMCD-MCD,KXATPMATCH-26JUN29KYPMCD,ATP,1782594840,1782835740,73.0,1.0,8,2.0,stop,-5.76,0.13,-5.89
KXATPMATCH-26JUN29SWEDIM-SWE,KXATPMATCH-26JUN29SWEDIM,ATP,1782604560,1782842820,23.0,38.0,27,2.0,target,4.05,0.79,3.26
KXATPMATCH-26JUN29ZHENOR-ZHE,KXATPMATCH-26JUN29ZHENOR,ATP,1782741060,1782748200,58.99999999999999,93.0,10,1.0,target,3.400000000000001,0.22000000000000003,3.1800000000000006
KXATPCHALLENGERMATCH-26JUN29BOUHAR-HAR,KXATPCHALLENGERMATCH-26JUN29BOUHAR,Challenger,1782748260,1782751800,64.0,97.0,9,1.0,target,2.97,0.16999999999999998,2.8000000000000003
KXATPCHALLENGERMATCH-26JUN29BARTRO-TRO,KXATPCHALLENGERMATCH-26JUN29BARTRO,Challenger,1782748620,1782758460,46.0,0.0,13,2.0,settlement,-5.98,0.23,-6.210000000000001
KXATPCHALLENGERMATCH-26JUN29ANDZEB-ZEB,KXATPCHALLENGERMATCH-26JUN29ANDZEB,Challenger,1782751860,1782752760,7.0,10.0,89,2.0,target,2.67,0.98,1.69
KXATPCHALLENGERMATCH-26JUN29MORWIN-WIN,KXATPCHALLENGERMATCH-26JUN29MORWIN,Challenger,1782752820,1782756540,50.0,77.0,12,1.0,target,3.24,0.36,2.8800000000000003
KXATPCHALLENGERMATCH-26JUN29ANDZEB-ZEB,KXATPCHALLENGERMATCH-26JUN29ANDZEB,Challenger,1782753600,1782756000,7.0,1.0,89,2.0,stop,-5.34,0.48,-5.82
KXATPCHALLENGERMATCH-26JUN29SHISVA-SVA,KXATPCHALLENGERMATCH-26JUN29SHISVA,Challenger,1782753840,1782753840,9.0,0.0,69,1.0000000000000018,settlement,-6.21,0.4,-6.61
KXATPMATCH-26JUL01SAFVAN-VAN,KXATPMATCH-26JUL01SAFVAN,ATP,1782753960,1782924360,49.0,1.0,12,1.0,stop,-5.76,0.22,-5.9799999999999995
KXATPMATCH-26JUL01HUROFN-OFN,KXATPMATCH-26JUL01HUROFN,ATP,1782756180,1782907320,25.0,0.0,25,1.0,settlement,-6.25,0.33,-6.58
KXATPMATCH-26JUL01JODCAR-JOD,KXATPMATCH-26JUL01JODCAR,ATP,1782756720,1782998640,76.0,94.0,8,1.0,target,1.44,0.15,1.29
KXWTAMATCH-26JUL01SONLIU-SON,KXWTAMATCH-26JUL01SONLIU,WTA,1782758640,1782910560,65.0,1.0,9,2.0,stop,-5.76,0.16,-5.92
KXATPMATCH-26JUN29JACGAU-JAC,KXATPMATCH-26JUN29JACGAU,ATP,1782758940,1782828300,71.0,94.0,8,2.0,target,1.84,0.16,1.6800000000000002
KXATPCHALLENGERMATCH-26JUN30BLASTA-STA,KXATPCHALLENGERMATCH-26JUN30BLASTA,Challenger,1782819600,1782820140,24.0,38.0,26,2.0,target,3.6400000000000006,0.77,2.8700000000000006
KXATPCHALLENGERMATCH-26JUN30BLASTA-STA,KXATPCHALLENGERMATCH-26JUN30BLASTA,Challenger,1782820200,1782823080,38.0,62.0,16,1.0,target,3.84,0.54,3.3
KXATPCHALLENGERMATCH-26JUN30BLASTA-STA,KXATPCHALLENGERMATCH-26JUN30BLASTA,Challenger,1782823140,1782825240,71.0,98.0,8,2.0,target,2.16,0.13999999999999999,2.02
KXATPCHALLENGERMATCH-26JUN30PAVSAN-SAN,KXATPCHALLENGERMATCH-26JUN30PAVSAN,Challenger,1782825300,1782825720,13.0,1.0,48,1.0000000000000018,stop,-5.76,0.43,-6.1899999999999995
KXATPMATCH-26JUL01TSIDJO-TSI,KXATPMATCH-26JUL01TSIDJO,ATP,1782825780,1782937140,16.0,1.0,39,0.9999999999999982,stop,-5.85,0.4,-6.25
KXATPCHALLENGERMATCH-26JUN30CHAZAH-CHA,KXATPCHALLENGERMATCH-26JUN30CHAZAH,Challenger,1782828360,1782831180,64.0,98.0,9,1.0,target,3.06,0.16999999999999998,2.89
KXATPCHALLENGERMATCH-26JUN30CREWAL-WAL,KXATPCHALLENGERMATCH-26JUN30CREWAL,Challenger,1782831240,1782835260,26.0,41.0,24,1.0,target,3.5999999999999996,0.74,2.8599999999999994
KXATPCHALLENGERMATCH-26JUN30CREWAL-WAL,KXATPCHALLENGERMATCH-26JUN30CREWAL,Challenger,1782835320,1782835980,51.0,78.0,12,2.0,target,3.24,0.36,2.8800000000000003
KXATPCHALLENGERMATCH-26JUN30LAGCOU-LAG,KXATPCHALLENGERMATCH-26JUN30LAGCOU,Challenger,1782835800,1782836100,4.0,1.0,156,1.0,stop,-4.68,0.53,-5.21
KXATPCHALLENGERMATCH-26JUN30OSOBER-OSO,KXATPCHALLENGERMATCH-26JUN30OSOBER,Challenger,1782836040,1782837240,7.0,13.0,89,0.9999999999999991,target,5.34,1.1199999999999999,4.22
KXATPCHALLENGERMATCH-26JUN30LAGCOU-LAG,KXATPCHALLENGERMATCH-26JUN30LAGCOU,Challenger,1782836160,1782836220,5.0,1.0,125,1.0,stop,-5.0,0.51,-5.51
KXATPCHALLENGERMATCH-26JUN30LAGCOU-LAG,KXATPCHALLENGERMATCH-26JUN30LAGCOU,Challenger,1782836280,1782836340,7.0,6.0,89,1.0,target,-0.89,0.77,-1.6600000000000001
KXATPCHALLENGERMATCH-26JUN30ROCBAS-ROC,KXATPCHALLENGERMATCH-26JUN30ROCBAS,Challenger,1782836400,1782837720,62.0,1.0,10,1.0,stop,-6.1,0.18000000000000002,-6.279999999999999
KXATPCHALLENGERMATCH-26JUN30SURDRA-SUR,KXATPCHALLENGERMATCH-26JUN30SURDRA,Challenger,1782837240,1782877560,43.0,67.0,14,2.0,target,3.36,0.47,2.8899999999999997
KXATPCHALLENGERMATCH-26JUN30OSOBER-OSO,KXATPCHALLENGERMATCH-26JUN30OSOBER,Challenger,1782837300,1782839280,23.0,31.0,27,1.0,target,2.16,0.75,1.4100000000000001
KXATPCHALLENGERMATCH-26JUN30ROCBAS-ROC,KXATPCHALLENGERMATCH-26JUN30ROCBAS,Challenger,1782837780,1782837840,3.0,1.0,208,1.0,stop,-4.16,0.58,-4.74
KXATPCHALLENGERMATCH-26JUN30GOMMON-MON,KXATPCHALLENGERMATCH-26JUN30GOMMON,Challenger,1782837900,1782839880,70.0,98.0,8,1.0,target,2.24,0.13999999999999999,2.1
KXATPMATCH-26JUL01BROBUS-BUS,KXATPMATCH-26JUL01BROBUS,ATP,1782838920,1782905880,45.0,1.0,13,1.0,stop,-5.72,0.24000000000000002,-5.96
KXATPCHALLENGERMATCH-26JUN30OSOBER-OSO,KXATPCHALLENGERMATCH-26JUN30OSOBER,Challenger,1782839340,1782840000,29.000000000000004,50.0,21,1.0,target,4.409999999999999,0.6799999999999999,3.7299999999999995
KXWTAMATCH-26JUL01PARSAW-SAW,KXWTAMATCH-26JUL01PARSAW,WTA,1782841560,1782903180,43.0,67.0,14,1.0,target,3.36,0.47,2.8899999999999997
KXATPCHALLENGERMATCH-26JUN30OSOBER-OSO,KXATPCHALLENGERMATCH-26JUN30OSOBER,Challenger,1782840060,1782840540,47.0,90.0,13,1.0,target,5.59,0.32,5.27
KXATPMATCH-26JUL01DAVMAR-MAR,KXATPMATCH-26JUL01DAVMAR,ATP,1782840600,1782910200,33.0,1.0,18,1.0,stop,-5.76,0.30000000000000004,-6.06
KXATPMATCH-26JUL02DEMAN-MAN,KXATPMATCH-26JUL02DEMAN,ATP,1782842940,1782991140,19.0,1.0,32,1.0,stop,-5.76,0.38,-6.14
KXATPCHALLENGERMATCH-26JUL01NEDRON-RON,KXATPCHALLENGERMATCH-26JUL01NEDRON,Challenger,1782877620,1782897600,37.0,0.0,16,2.0,settlement,-5.92,0.27,-6.1899999999999995
KXATPCHALLENGERMATCH-26JUL01MIDGUE-MID,KXATPCHALLENGERMATCH-26JUL01MIDGUE,Challenger,1782897660,1782899640,60.0,0.0,10,0.9999999999999858,settlement,-6.0,0.17,-6.17
KXATPCHALLENGERMATCH-26JUL01GIUTOP-TOP,KXATPCHALLENGERMATCH-26JUL01GIUTOP,Challenger,1782899700,1782899760,22.0,18.0,28,2.0,target,-1.12,0.63,-1.75
KXATPCHALLENGERMATCH-26JUL01GIUTOP-TOP,KXATPCHALLENGERMATCH-26JUL01GIUTOP,Challenger,1782899820,1782900360,21.0,0.0,29,1.0000000000000036,settlement,-6.09,0.34,-6.43
KXATPCHALLENGERMATCH-26JUL01GLIWIN-WIN,KXATPCHALLENGERMATCH-26JUL01GLIWIN,Challenger,1782900540,1782955380,39.0,61.0,16,3.0,target,3.52,0.54,2.98
KXATPCHALLENGERMATCH-26JUL01PASDAL-PAS,KXATPCHALLENGERMATCH-26JUL01PASDAL,Challenger,1782903240,1782906360,28.0,1.0,22,1.0,stop,-5.94,0.34,-6.28
KXATPCHALLENGERMATCH-26JUL01STAMAR-STA,KXATPCHALLENGERMATCH-26JUL01STAMAR,Challenger,1782905940,1782906600,21.0,1.0,29,3.0,stop,-5.800000000000001,0.37,-6.170000000000001
KXATPCHALLENGERMATCH-26JUL01PASDAL-PAS,KXATPCHALLENGERMATCH-26JUL01PASDAL,Challenger,1782906420,1782906420,3.0,0.0,208,1.0,settlement,-6.24,0.43,-6.67
KXATPMATCH-26JUL01NAKSTR-STR,KXATPMATCH-26JUL01NAKSTR,ATP,1782906480,1782932040,26.0,41.0,24,1.0,target,3.5999999999999996,0.74,2.8599999999999994
KXATPCHALLENGERMATCH-26JUL01STAMAR-STA,KXATPCHALLENGERMATCH-26JUL01STAMAR,Challenger,1782906660,1782906780,5.0,1.0,125,1.0,stop,-5.0,0.51,-5.51
KXATPCHALLENGERMATCH-26JUL01STAMAR-STA,KXATPCHALLENGERMATCH-26JUL01STAMAR,Challenger,1782906840,1782906900,3.0,1.0,208,1.0,stop,-4.16,0.58,-4.74
KXATPCHALLENGERMATCH-26JUL01STAMAR-STA,KXATPCHALLENGERMATCH-26JUL01STAMAR,Challenger,1782906960,1782907080,3.0,1.0,208,1.0,stop,-4.16,0.58,-4.74
KXATPCHALLENGERMATCH-26JUL01STAMAR-STA,KXATPCHALLENGERMATCH-26JUL01STAMAR,Challenger,1782907140,1782907200,3.0,1.0,208,1.0,stop,-4.16,0.58,-4.74
KXATPMATCH-26JUL02BERFIL-FIL,KXATPMATCH-26JUL02BERFIL,ATP,1782907500,1783012140,70.0,0.0,8,1.0,settlement,-5.6,0.12,-5.72
KXATPMATCH-26JUL02FEAMUN-MUN,KXATPMATCH-26JUL02FEAMUN,ATP,1782907440,1783008960,61.0,93.0,10,1.0,target,3.2,0.22000000000000003,2.98
KXATPMATCH-26JUL01DAVMAR-MAR,KXATPMATCH-26JUL01DAVMAR,ATP,1782910260,1782910320,4.0,1.0,156,2.0,stop,-4.68,0.53,-5.21
KXATPMATCH-26JUL01DAVMAR-MAR,KXATPMATCH-26JUL01DAVMAR,ATP,1782910380,1782910440,3.0,1.0,208,1.0,stop,-4.16,0.58,-4.74
KXATPCHALLENGERMATCH-26JUL01RINERH-RIN,KXATPCHALLENGERMATCH-26JUL01RINERH,Challenger,1782910500,1782921420,51.0,81.0,12,2.0,target,3.5999999999999996,0.33999999999999997,3.26
KXATPMATCH-26JUL01DAVMAR-MAR,KXATPMATCH-26JUL01DAVMAR,ATP,1782910620,1782910740,4.0,1.0,156,1.0,stop,-4.68,0.53,-5.21
KXATPCHALLENGERMATCH-26JUL01BROKEN-KEN,KXATPCHALLENGERMATCH-26JUL01BROKEN,Challenger,1782910860,1782953820,31.0,48.0,20,1.9999999999999964,target,3.4000000000000004,0.6499999999999999,2.7500000000000004
KXATPMATCH-26JUL01AUGPRI-PRI,KXATPMATCH-26JUL01AUGPRI,ATP,1782921540,1782927660,20.0,31.0,31,2.0,target,3.41,0.82,2.5900000000000003
KXATPCHALLENGERMATCH-26JUL01VARMAG-VAR,KXATPCHALLENGERMATCH-26JUL01VARMAG,Challenger,1782924420,1782928200,49.0,0.0,12,1.0,settlement,-5.88,0.21,-6.09
KXATPMATCH-26JUL01AUGPRI-PRI,KXATPMATCH-26JUL01AUGPRI,ATP,1782927720,1782934200,32.0,1.0,19,1.0,stop,-5.89,0.31,-6.199999999999999
KXATPMATCH-26JUL02FRIKYP-KYP,KXATPMATCH-26JUL02FRIKYP,ATP,1782928380,1782990480,8.0,1.0,78,1.0000000000000009,stop,-5.460000000000001,0.47,-5.930000000000001
KXATPMATCH-26JUL01NAKSTR-STR,KXATPMATCH-26JUL01NAKSTR,ATP,1782932100,1782997380,49.0,1.0,12,1.0,stop,-5.76,0.22,-5.9799999999999995
KXATPMATCH-26JUL02DUCCOB-DUC,KXATPMATCH-26JUL02DUCCOB,ATP,1782934260,1783008000,27.0,42.0,23,1.0,target,3.4499999999999997,0.72,2.7299999999999995
KXATPMATCH-26JUL01TSIDJO-TSI,KXATPMATCH-26JUL01TSIDJO,ATP,1782937200,1782937260,3.0,1.0,208,1.0,stop,-4.16,0.58,-4.74
KXATPMATCH-26JUL01TSIDJO-TSI,KXATPMATCH-26JUL01TSIDJO,ATP,1782937320,1782937380,3.0,1.0,208,1.0,stop,-4.16,0.58,-4.74
KXATPMATCH-26JUL02BERFAR-FAR,KXATPMATCH-26JUL02BERFAR,ATP,1782937440,1783002960,38.0,1.0,16,1.0,stop,-5.92,0.29000000000000004,-6.21
KXATPCHALLENGERMATCH-26JUL02DIARAP-RAP,KXATPCHALLENGERMATCH-26JUL02DIARAP,Challenger,1782954000,1782997260,15.000000000000002,1.0,41,2.0000000000000018,stop,-5.74,0.4,-6.140000000000001
KXATPCHALLENGERMATCH-26JUL01GLIWIN-WIN,KXATPCHALLENGERMATCH-26JUL01GLIWIN,Challenger,1782955440,1782964560,57.99999999999999,98.0,10,2.0,target,4.000000000000001,0.19999999999999998,3.8000000000000007
KXATPMATCH-26JUL02DIASON-SON,KXATPMATCH-26JUL02DIASON,ATP,1782964620,1782993960,48.0,74.0,13,1.0,target,3.38,0.41000000000000003,2.9699999999999998
KXATPCHALLENGERMATCH-26JUL02PAVKUZ-PAV,KXATPCHALLENGERMATCH-26JUL02PAVKUZ,Challenger,1782990540,1782995520,56.00000000000001,0.0,11,1.9999999999999858,settlement,-6.16,0.19,-6.3500000000000005
KXATPMATCH-26JUL02DEMAN-MAN,KXATPMATCH-26JUL02DEMAN,ATP,1782991200,1782991380,4.0,1.0,156,1.0,stop,-4.68,0.53,-5.21
KXATPMATCH-26JUL02DEMAN-MAN,KXATPMATCH-26JUL02DEMAN,ATP,1782991440,1782991500,4.0,1.0,156,1.0,stop,-4.68,0.53,-5.21
KXATPMATCH-26JUL02DEMAN-MAN,KXATPMATCH-26JUL02DEMAN,ATP,1782991560,1782992820,4.0,1.0,156,1.0,stop,-4.68,0.53,-5.21
KXATPMATCH-26JUL02DEMAN-MAN,KXATPMATCH-26JUL02DEMAN,ATP,1782992880,1782992940,3.0,1.0,208,1.0,stop,-4.16,0.58,-4.74
KXATPCHALLENGERMATCH-26JUL02SAKLEG-SAK,KXATPCHALLENGERMATCH-26JUL02SAKLEG,Challenger,1782993060,1783002780,83.0,1.0,7,1.0,stop,-5.739999999999999,0.08,-5.819999999999999
KXATPCHALLENGERMATCH-26JUL02COUVAS-VAS,KXATPCHALLENGERMATCH-26JUL02COUVAS,Challenger,1782994020,1783001760,65.0,1.0,9,3.0,stop,-5.76,0.16,-5.92
KXATPMATCH-26JUL02DIASON-SON,KXATPMATCH-26JUL02DIASON,ATP,1782995580,1782996660,55.0,77.0,11,1.0,target,2.42,0.34,2.08
KXATPCHALLENGERMATCH-26JUL01ELLBAR-ELL,KXATPCHALLENGERMATCH-26JUL01ELLBAR,Challenger,1782996720,1783002480,39.0,1.0,16,2.0,stop,-6.08,0.29000000000000004,-6.37
KXATPCHALLENGERMATCH-26JUL02DIARAP-RAP,KXATPCHALLENGERMATCH-26JUL02DIARAP,Challenger,1782997320,1782997560,5.0,1.0,125,3.0,stop,-5.0,0.51,-5.51
KXATPMATCH-26JUL01NAKSTR-STR,KXATPMATCH-26JUL01NAKSTR,ATP,1782997440,1782997500,5.0,5.0,125,1.0,target,0.0,0.84,-0.84
KXATPMATCH-26JUL01NAKSTR-STR,KXATPMATCH-26JUL01NAKSTR,ATP,1782997560,1782997980,4.0,15.0,156,1.0,target,17.16,1.8199999999999998,15.34
KXATPCHALLENGERMATCH-26JUL02DIARAP-RAP,KXATPCHALLENGERMATCH-26JUL02DIARAP,Challenger,1782997620,1782997680,6.0,1.0,104,2.0,stop,-5.2,0.5,-5.7
KXATPCHALLENGERMATCH-26JUL02DIARAP-RAP,KXATPCHALLENGERMATCH-26JUL02DIARAP,Challenger,1782997740,1782998340,6.0,1.0,104,2.0,stop,-5.2,0.5,-5.7
KXATPCHALLENGERMATCH-26JUL02SHISUR-SUR,KXATPCHALLENGERMATCH-26JUL02SHISUR,Challenger,1782998040,1783001460,66.0,1.0,9,1.0,stop,-5.8500000000000005,0.16,-6.010000000000001
KXATPCHALLENGERMATCH-26JUL02DIARAP-RAP,KXATPCHALLENGERMATCH-26JUL02DIARAP,Challenger,1782998400,1782998460,3.0,1.0,208,2.0,stop,-4.16,0.58,-4.74
KXATPCHALLENGERMATCH-26JUL02DIARAP-RAP,KXATPCHALLENGERMATCH-26JUL02DIARAP,Challenger,1782998520,1782998580,3.0,1.0,208,1.0,stop,-4.16,0.58,-4.74
KXATPCHALLENGERMATCH-26JUL02DIARAP-RAP,KXATPCHALLENGERMATCH-26JUL02DIARAP,Challenger,1782998760,1782998760,3.0,0.0,208,1.0,settlement,-6.24,0.43,-6.67
KXATPMATCH-26JUL01NAKSTR-STR,KXATPMATCH-26JUL01NAKSTR,ATP,1782998700,1782999720,53.0,80.0,11,1.0,target,2.97,0.33,2.64
KXATPMATCH-26JUL02HALGIR-HAL,KXATPMATCH-26JUL02HALGIR,ATP,1782998820,1783004940,48.0,1.0,13,2.0,stop,-6.109999999999999,0.24000000000000002,-6.35
KXATPCHALLENGERMATCH-26JUL02ABOMEL-MEL,KXATPCHALLENGERMATCH-26JUL02ABOMEL,Challenger,1783000080,1783008840,70.0,98.0,8,1.0,target,2.24,0.13999999999999999,2.1
KXATPMATCH-26JUL02JACBUB-JAC,KXATPMATCH-26JUL02JACBUB,ATP,1783001520,1783018320,24.0,1.0,26,1.0,stop,-5.98,0.36000000000000004,-6.340000000000001
KXATPCHALLENGERMATCH-26JUL02COUVAS-VAS,KXATPCHALLENGERMATCH-26JUL02COUVAS,Challenger,1783001820,1783001880,3.0,1.0,208,1.0,stop,-4.16,0.58,-4.74
KXATPCHALLENGERMATCH-26JUL02COUVAS-VAS,KXATPCHALLENGERMATCH-26JUL02COUVAS,Challenger,1783001940,1783002000,3.0,1.0,208,1.0,stop,-4.16,0.58,-4.74
KXATPCHALLENGERMATCH-26JUL02COUVAS-VAS,KXATPCHALLENGERMATCH-26JUL02COUVAS,Challenger,1783002060,1783002240,4.0,0.0,156,1.0,settlement,-6.24,0.42,-6.66
KXATPMATCH-26JUL02KHAHAN-KHA,KXATPMATCH-26JUL02KHAHAN,ATP,1783002300,1783011000,64.0,97.0,9,1.0,target,2.97,0.16999999999999998,2.8000000000000003
KXATPCHALLENGERMATCH-26JUL01ELLBAR-ELL,KXATPCHALLENGERMATCH-26JUL01ELLBAR,Challenger,1783002540,1783002540,3.0,0.0,208,1.0,settlement,-6.24,0.43,-6.67
KXATPMATCH-26JUL03AUGZHE-ZHE,KXATPMATCH-26JUL03AUGZHE,ATP,1783002660,1783108560,20.0,1.0,31,1.0,stop,-5.89,0.38,-6.27
KXATPCHALLENGERMATCH-26JUL02SAKLEG-SAK,KXATPCHALLENGERMATCH-26JUL02SAKLEG,Challenger,1783002840,1783002960,9.0,0.0,69,1.0,settlement,-6.21,0.4,-6.61
KXWTAMATCH-26JUL02ANIKEN-KEN,KXWTAMATCH-26JUL02ANIKEN,WTA,1783003020,1783004220,6.0,10.0,104,1.0,target,4.16,1.08,3.08
KXWTAMATCH-26JUL02BLIKOS-KOS,KXWTAMATCH-26JUL02BLIKOS,WTA,1783003020,1783006860,69.0,98.0,9,1.0,target,2.61,0.16,2.4499999999999997
KXATPMATCH-26JUL02MENDIM-MEN,KXATPMATCH-26JUL02MENDIM,ATP,1783004280,1783022580,63.0,1.0,9,1.0,stop,-5.58,0.16,-5.74
KXATPMATCH-26JUL02HALGIR-HAL,KXATPMATCH-26JUL02HALGIR,ATP,1783005000,1783005240,5.0,6.0,125,2.0,target,1.25,0.9199999999999999,0.33000000000000007
KXATPMATCH-26JUL02HALGIR-HAL,KXATPMATCH-26JUL02HALGIR,ATP,1783005300,1783005420,5.0,1.0,125,1.0,stop,-5.0,0.51,-5.51
KXATPCHALLENGERMATCH-26JUL02CANHEM-HEM,KXATPCHALLENGERMATCH-26JUL02CANHEM,Challenger,1783005480,1783009740,51.0,78.0,12,2.0,target,3.24,0.36,2.8800000000000003
KXATPCHALLENGERMATCH-26JUL02HERRIB-RIB,KXATPCHALLENGERMATCH-26JUL02HERRIB,Challenger,1783006920,1783009740,57.00000000000001,1.0,10,1.000000000000007,stop,-5.6000000000000005,0.19,-5.790000000000001
KXATPMATCH-26JUL02DUCCOB-DUC,KXATPMATCH-26JUL02DUCCOB,ATP,1783008060,1783012740,45.0,1.0,13,1.0,stop,-5.72,0.24000000000000002,-5.96
KXATPMATCH-26JUL02LEHMOL-MOL,KXATPMATCH-26JUL02LEHMOL,ATP,1783008900,1783014840,16.0,1.0,39,0.9999999999999982,stop,-5.85,0.4,-6.25
KXATPMATCH-26JUL03DAVFUC-FUC,KXATPMATCH-26JUL03DAVFUC,ATP,1783009080,1783096680,27.0,1.0,23,1.0,stop,-5.98,0.34,-6.32
KXATPMATCH-26JUL03HURPAU-PAU,KXATPMATCH-26JUL03HURPAU,ATP,1783009860,1783098240,67.0,1.0,9,1.0,stop,-5.94,0.15000000000000002,-6.090000000000001
KXATPMATCH-26JUL03JODMOC-MOC,KXATPMATCH-26JUL03JODMOC,ATP,1783009920,1783088040,24.0,38.0,26,1.0,target,3.6400000000000006,0.77,2.8700000000000006
KXWTAMATCH-26JUL02CIRBIR-CIR,KXWTAMATCH-26JUL02CIRBIR,WTA,1783011060,1783016580,69.0,98.0,9,1.0,target,2.61,0.16,2.4499999999999997
KXATPMATCH-26JUL03SAFFON-SAF,KXATPMATCH-26JUL03SAFFON,ATP,1783012200,1783075260,29.999999999999996,47.0,20,0.9999999999999929,target,3.400000000000001,0.6499999999999999,2.750000000000001
KXATPMATCH-26JUL02DUCCOB-DUC,KXATPMATCH-26JUL02DUCCOB,ATP,1783012800,1783012920,4.0,1.0,156,1.0,stop,-4.68,0.53,-5.21
KXATPMATCH-26JUL02DUCCOB-DUC,KXATPMATCH-26JUL02DUCCOB,ATP,1783012980,1783013040,4.0,1.0,156,1.0,stop,-4.68,0.53,-5.21
KXATPMATCH-26JUL04DESVA-SVA,KXATPMATCH-26JUL04DESVA,ATP,1783013100,1783168740,18.0,1.0,34,1.0,stop,-5.78,0.39,-6.17
KXATPMATCH-26JUL02LEHMOL-MOL,KXATPMATCH-26JUL02LEHMOL,ATP,1783014900,1783014960,3.0,1.0,208,1.0,stop,-4.16,0.58,-4.74
KXATPMATCH-26JUL02LEHMOL-MOL,KXATPMATCH-26JUL02LEHMOL,ATP,1783015020,1783015080,3.0,1.0,208,1.0,stop,-4.16,0.58,-4.74
KXATPMATCH-26JUL02LEHMOL-MOL,KXATPMATCH-26JUL02LEHMOL,ATP,1783015140,1783015200,3.0,1.0,208,1.0,stop,-4.16,0.58,-4.74
KXATPMATCH-26JUL02LEHMOL-MOL,KXATPMATCH-26JUL02LEHMOL,ATP,1783015260,1783015320,3.0,1.0,208,1.0,stop,-4.16,0.58,-4.74
KXATPMATCH-26JUL02LEHMOL-MOL,KXATPMATCH-26JUL02LEHMOL,ATP,1783015380,1783015440,3.0,1.0,208,1.0,stop,-4.16,0.58,-4.74
KXATPMATCH-26JUL02LEHMOL-MOL,KXATPMATCH-26JUL02LEHMOL,ATP,1783015500,1783015560,3.0,1.0,208,1.0,stop,-4.16,0.58,-4.74
KXATPMATCH-26JUL02LEHMOL-MOL,KXATPMATCH-26JUL02LEHMOL,ATP,1783015620,1783015740,5.0,1.0,125,2.0,stop,-5.0,0.51,-5.51
KXATPMATCH-26JUL02LEHMOL-MOL,KXATPMATCH-26JUL02LEHMOL,ATP,1783015800,1783015860,3.0,1.0,208,1.0,stop,-4.16,0.58,-4.74
KXATPMATCH-26JUL03RINDJO-RIN,KXATPMATCH-26JUL03RINDJO,ATP,1783015980,1783084620,15.000000000000002,23.0,41,1.0000000000000018,target,3.2799999999999994,0.88,2.3999999999999995
KXATPMATCH-26JUL04FRISON-SON,KXATPMATCH-26JUL04FRISON,ATP,1783016760,1783184580,16.0,25.0,39,0.9999999999999982,target,3.51,0.89,2.6199999999999997
KXATPMATCH-26JUL02JACBUB-JAC,KXATPMATCH-26JUL02JACBUB,ATP,1783018380,1783018440,4.0,1.0,156,1.0,stop,-4.68,0.53,-5.21
KXATPMATCH-26JUL02JACBUB-JAC,KXATPMATCH-26JUL02JACBUB,ATP,1783018500,1783018620,6.0,0.0,104,1.0,settlement,-6.24,0.42,-6.66
KXWTAMATCH-26JUL02OSONOS-OSO,KXWTAMATCH-26JUL02OSONOS,WTA,1783018680,1783019400,13.0,20.0,48,3.0,target,3.3600000000000003,0.93,2.43
KXWTAMATCH-26JUL03BARKRE-KRE,KXWTAMATCH-26JUL03BARKRE,WTA,1783019520,1783099800,66.0,98.0,9,1.0,target,2.88,0.16999999999999998,2.71
KXATPMATCH-26JUL02MENDIM-MEN,KXATPMATCH-26JUL02MENDIM,ATP,1783022640,1783022700,11.0,16.0,56,1.0,target,2.8000000000000003,0.92,1.8800000000000003
KXATPMATCH-26JUL02MENDIM-MEN,KXATPMATCH-26JUL02MENDIM,ATP,1783022760,1783022760,14.0,0.0,44,1.0,settlement,-6.16,0.38,-6.54
KXWTAMATCH-26JUL03MUCSAW-SAW,KXWTAMATCH-26JUL03MUCSAW,WTA,1783022820,1783100280,12.0,18.0,52,1.0,target,3.12,0.93,2.19
KXATPCHALLENGERMATCH-26JUL03BASCEC-CEC,KXATPCHALLENGERMATCH-26JUL03BASCEC,Challenger,1783075320,1783080480,69.0,98.0,9,1.0,target,2.61,0.16,2.4499999999999997
KXATPCHALLENGERMATCH-26JUL03FELMON-MON,KXATPCHALLENGERMATCH-26JUL03FELMON,Challenger,1783080540,1783082460,15.000000000000002,1.0,41,2.0,stop,-5.74,0.4,-6.140000000000001
KXATPCHALLENGERMATCH-26JUL03FELMON-MON,KXATPCHALLENGERMATCH-26JUL03FELMON,Challenger,1783082520,1783082760,4.0,3.0,156,1.0,target,-1.56,0.74,-2.3
KXATPCHALLENGERMATCH-26JUL03FELMON-MON,KXATPCHALLENGERMATCH-26JUL03FELMON,Challenger,1783082820,1783082880,6.0,1.0,104,1.0,stop,-5.2,0.5,-5.7
KXATPCHALLENGERMATCH-26JUL03FELMON-MON,KXATPCHALLENGERMATCH-26JUL03FELMON,Challenger,1783082940,1783082940,4.0,0.0,156,1.0,settlement,-6.24,0.42,-6.66
KXATPCHALLENGERMATCH-26JUL03HARSHI-SHI,KXATPCHALLENGERMATCH-26JUL03HARSHI,Challenger,1783083000,1783088220,34.0,53.0,18,1.0,target,3.42,0.61,2.81
KXATPCHALLENGERMATCH-26JUL03COMRIN-RIN,KXATPCHALLENGERMATCH-26JUL03COMRIN,Challenger,1783084680,1783085640,43.0,58.0,14,1.0,target,2.1,0.49,1.61
KXATPCHALLENGERMATCH-26JUL03COMRIN-RIN,KXATPCHALLENGERMATCH-26JUL03COMRIN,Challenger,1783085700,1783095600,64.0,94.0,9,1.0,target,2.6999999999999997,0.19,2.51
KXATPCHALLENGERMATCH-26JUL03LEGBAR-LEG,KXATPCHALLENGERMATCH-26JUL03LEGBAR,Challenger,1783088100,1783128900,42.0,65.0,14,1.0,target,3.22,0.47,2.75
KXATPCHALLENGERMATCH-26JUL03HARSHI-SHI,KXATPCHALLENGERMATCH-26JUL03HARSHI,Challenger,1783088280,1783089780,40.0,88.0,15,1.9999999999999858,target,7.199999999999999,0.38,6.819999999999999
KXATPMATCH-26JUL03JODMOC-MOC,KXATPMATCH-26JUL03JODMOC,ATP,1783089840,1783091640,43.0,75.0,14,1.0,target,4.48,0.44,4.04
KXATPCHALLENGERMATCH-26JUL03CASOSO-OSO,KXATPCHALLENGERMATCH-26JUL03CASOSO,Challenger,1783091700,1783094100,12.0,18.0,52,1.0,target,3.12,0.93,2.19
KXATPCHALLENGERMATCH-26JUL03CASOSO-OSO,KXATPCHALLENGERMATCH-26JUL03CASOSO,Challenger,1783094160,1783097040,26.0,0.0,24,1.0,settlement,-6.24,0.33,-6.57
KXATPCHALLENGERMATCH-26JUL03MONHER-MON,KXATPCHALLENGERMATCH-26JUL03MONHER,Challenger,1783095660,1783107060,46.0,1.0,13,2.0,stop,-5.8500000000000005,0.24000000000000002,-6.090000000000001
KXATPMATCH-26JUL03DAVFUC-FUC,KXATPMATCH-26JUL03DAVFUC,ATP,1783096740,1783096860,4.0,1.0,156,1.0,stop,-4.68,0.53,-5.21
KXATPMATCH-26JUL03DAVFUC-FUC,KXATPMATCH-26JUL03DAVFUC,ATP,1783096920,1783097040,4.0,1.0,156,1.0,stop,-4.68,0.53,-5.21
KXATPMATCH-26JUL03DAVFUC-FUC,KXATPMATCH-26JUL03DAVFUC,ATP,1783097100,1783097160,3.0,1.0,208,1.0,stop,-4.16,0.58,-4.74
KXATPMATCH-26JUL04BERFER-FER,KXATPMATCH-26JUL04BERFER,ATP,1783097100,1783180620,46.0,1.0,13,1.0,stop,-5.8500000000000005,0.24000000000000002,-6.090000000000001
KXATPCHALLENGERMATCH-26JUL03MELPAC-PAC,KXATPCHALLENGERMATCH-26JUL03MELPAC,Challenger,1783097220,1783100220,54.0,0.0,11,1.0,settlement,-5.94,0.2,-6.140000000000001
KXATPMATCH-26JUL03DAVFUC-FUC,KXATPMATCH-26JUL03DAVFUC,ATP,1783098300,1783098360,5.0,1.0,125,1.0,stop,-5.0,0.51,-5.51
KXATPMATCH-26JUL03DAVFUC-FUC,KXATPMATCH-26JUL03DAVFUC,ATP,1783098420,1783098600,4.0,1.0,156,1.0,stop,-4.68,0.53,-5.21
KXATPMATCH-26JUL03DAVFUC-FUC,KXATPMATCH-26JUL03DAVFUC,ATP,1783098660,1783099140,4.0,1.0,156,1.0,stop,-4.68,0.53,-5.21
KXATPMATCH-26JUL04DIMBER-DIM,KXATPMATCH-26JUL04DIMBER,ATP,1783099260,1783190040,47.0,73.0,13,1.0,target,3.38,0.41000000000000003,2.9699999999999998
KXATPMATCH-26JUL04KHACOB-KHA,KXATPMATCH-26JUL04KHACOB,ATP,1783099860,1783181640,60.0,1.0,10,2.000000000000007,stop,-5.8999999999999995,0.18000000000000002,-6.079999999999999
KXATPMATCH-26JUL04LEHMUN-MUN,KXATPMATCH-26JUL04LEHMUN,ATP,1783100280,1783180320,27.0,1.0,23,1.0,stop,-5.98,0.34,-6.32
KXWTAMATCH-26JUL03MUCSAW-SAW,KXWTAMATCH-26JUL03MUCSAW,WTA,1783100340,1783101300,17.0,0.0,36,3.0,settlement,-6.12,0.36,-6.48
KXATPMATCH-26JUL05SAFDJO-SAF,KXATPMATCH-26JUL05SAFDJO,ATP,1783101480,1783256700,18.0,28.0,34,1.0,target,3.4000000000000004,0.84,2.5600000000000005
KXATPCHALLENGERMATCH-26JUL03MONHER-MON,KXATPCHALLENGERMATCH-26JUL03MONHER,Challenger,1783107120,1783107120,3.0,0.0,208,1.0,settlement,-6.24,0.43,-6.67
KXWTAMATCH-26JUL04ANIKEY-KEY,KXWTAMATCH-26JUL04ANIKEY,WTA,1783107180,1783184100,63.0,95.0,9,1.0,target,2.88,0.18,2.6999999999999997
KXATPCHALLENGERMATCH-26JUL03WINMAN-WIN,KXATPCHALLENGERMATCH-26JUL03WINMAN,Challenger,1783108620,1783132500,66.0,98.0,9,1.0,target,2.88,0.16999999999999998,2.71
KXATPCHALLENGERMATCH-26JUL03LEGBAR-LEG,KXATPCHALLENGERMATCH-26JUL03LEGBAR,Challenger,1783128960,1783131840,70.0,98.0,8,2.0,target,2.24,0.13999999999999999,2.1
KXATPCHALLENGERMATCH-26JUL04GIUFEL-GIU,KXATPCHALLENGERMATCH-26JUL04GIUFEL,Challenger,1783132260,1783172820,25.0,1.0,25,1.0,stop,-6.0,0.35000000000000003,-6.35
KXWTAMATCH-26JUL04NAVKOS-NAV,KXWTAMATCH-26JUL04NAVKOS,WTA,1783132620,1783165620,45.0,1.0,13,1.0,stop,-5.72,0.24000000000000002,-5.96
KXATPCHALLENGERMATCH-26JUL04KASPIR-PIR,KXATPCHALLENGERMATCH-26JUL04KASPIR,Challenger,1783165680,1783170780,51.0,83.0,12,1.0,target,3.84,0.32999999999999996,3.51
KXATPCHALLENGERMATCH-26JUL04RINDIA-RIN,KXATPCHALLENGERMATCH-26JUL04RINDIA,Challenger,1783168800,1783175640,50.0,1.0,12,1.0,stop,-5.88,0.22,-6.1
KXATPMATCH-26JUL05AUGDAV-DAV,KXATPMATCH-26JUL05AUGDAV,ATP,1783170900,1783266360,36.0,56.0,17,1.0,target,3.4000000000000004,0.5800000000000001,2.8200000000000003
KXATPCHALLENGERMATCH-26JUL04GIUFEL-GIU,KXATPCHALLENGERMATCH-26JUL04GIUFEL,Challenger,1783172880,1783172940,3.0,1.0,208,1.0,stop,-4.16,0.58,-4.74
KXATPCHALLENGERMATCH-26JUL04GIUFEL-GIU,KXATPCHALLENGERMATCH-26JUL04GIUFEL,Challenger,1783173000,1783173000,3.0,0.0,208,1.0,settlement,-6.24,0.43,-6.67
KXWTAMATCH-26JUL04EALSWI-SWI,KXWTAMATCH-26JUL04EALSWI,WTA,1783173060,1783176360,65.0,1.0,9,1.0,stop,-5.76,0.16,-5.92
KXWTAMATCH-26JUL04CIRNOS-NOS,KXWTAMATCH-26JUL04CIRNOS,WTA,1783175700,1783180380,52.0,83.0,12,1.0,target,3.7199999999999998,0.32999999999999996,3.3899999999999997
KXWTAMATCH-26JUL04EALSWI-SWI,KXWTAMATCH-26JUL04EALSWI,WTA,1783176420,1783176720,7.0,1.0,89,3.0,stop,-5.34,0.48,-5.82
KXWTAMATCH-26JUL05SABOSA-SAB,KXWTAMATCH-26JUL05SABOSA,WTA,1783176780,1783274340,69.0,1.0,9,2.0,stop,-6.12,0.15000000000000002,-6.2700000000000005
KXATPMATCH-26JUL04LEHMUN-MUN,KXATPMATCH-26JUL04LEHMUN,ATP,1783180380,1783180440,3.0,1.0,208,1.0,stop,-4.16,0.58,-4.74
KXWTAMATCH-26JUL05PEGJOV-PEG,KXWTAMATCH-26JUL05PEGJOV,WTA,1783180800,1783261080,68.0,98.0,9,2.0,target,2.6999999999999997,0.16,2.5399999999999996
KXATPMATCH-26JUL04LEHMUN-MUN,KXATPMATCH-26JUL04LEHMUN,ATP,1783180500,1783180560,3.0,1.0,208,2.0,stop,-4.16,0.58,-4.74
KXATPMATCH-26JUL04LEHMUN-MUN,KXATPMATCH-26JUL04LEHMUN,ATP,1783180620,1783180680,7.0,5.0,89,1.0,target,-1.78,0.71,-2.49
KXATPMATCH-26JUL04BERFER-FER,KXATPMATCH-26JUL04BERFER,ATP,1783180680,1783180740,3.0,1.0,208,1.0,stop,-4.16,0.58,-4.74
KXATPMATCH-26JUL04LEHMUN-MUN,KXATPMATCH-26JUL04LEHMUN,ATP,1783180740,1783181340,10.0,16.0,62,1.0,target,3.7199999999999998,0.99,2.7299999999999995
KXATPMATCH-26JUL04BERFER-FER,KXATPMATCH-26JUL04BERFER,ATP,1783180800,1783181160,6.0,6.0,104,1.0,target,0.0,0.84,-0.84
KXATPMATCH-26JUL04BERFER-FER,KXATPMATCH-26JUL04BERFER,ATP,1783181220,1783181400,9.0,13.0,69,0.9999999999999991,target,2.7600000000000002,0.9500000000000001,1.81
KXATPMATCH-26JUL04LEHMUN-MUN,KXATPMATCH-26JUL04LEHMUN,ATP,1783181400,1783183980,21.0,1.0,29,2.0,stop,-5.800000000000001,0.37,-6.170000000000001
KXATPMATCH-26JUL04BERFER-FER,KXATPMATCH-26JUL04BERFER,ATP,1783181460,1783182180,20.0,28.0,31,2.9999999999999982,target,2.48,0.79,1.69
KXATPMATCH-26JUL04KHACOB-KHA,KXATPMATCH-26JUL04KHACOB,ATP,1783181700,1783181700,4.0,0.0,156,1.0,settlement,-6.24,0.42,-6.66
KXWTAMATCH-26JUL04CIRNOS-NOS,KXWTAMATCH-26JUL04CIRNOS,WTA,1783181760,1783182180,49.0,61.0,12,1.0,target,1.44,0.41000000000000003,1.0299999999999998
KXATPCHALLENGERMATCH-26JUL04LEGWIN-WIN,KXATPCHALLENGERMATCH-26JUL04LEGWIN,Challenger,1783184160,1783220160,48.0,1.0,13,1.0,stop,-6.109999999999999,0.24000000000000002,-6.35
KXATPMATCH-26JUL04BERFER-FER,KXATPMATCH-26JUL04BERFER,ATP,1783182240,1783182600,40.0,44.0,15,1.0,target,0.6,0.52,0.07999999999999996
KXATPMATCH-26JUL04TIABUB-TIA,KXATPMATCH-26JUL04TIABUB,ATP,1783182660,1783200420,53.0,1.0,11,1.0,stop,-5.720000000000001,0.21000000000000002,-5.930000000000001
KXATPMATCH-26JUL04BERFER-FER,KXATPMATCH-26JUL04BERFER,ATP,1783184040,1783187160,42.0,80.0,14,2.0,target,5.32,0.4,4.92
KXWTAMATCH-26JUL05BENGAU-GAU,KXWTAMATCH-26JUL05BENGAU,WTA,1783184520,1783286400,56.00000000000001,86.0,11,2.000000000000007,target,3.2999999999999994,0.29000000000000004,3.0099999999999993
KXATPMATCH-26JUL04FRISON-SON,KXATPMATCH-26JUL04FRISON,ATP,1783184640,1783192440,29.000000000000004,0.0,21,1.0000000000000036,settlement,-6.090000000000001,0.31,-6.4
KXWTAMATCH-26JUL06KRUKOS-KRU,KXWTAMATCH-26JUL06KRUKOS,WTA,1783188360,1783337400,35.0,1.0,17,2.0,stop,-5.78,0.30000000000000004,-6.08
KXATPCHALLENGERMATCH-26JUL04HERPDA-PDA,KXATPCHALLENGERMATCH-26JUL04HERPDA,Challenger,1783191420,1783194780,69.0,98.0,9,1.0,target,2.61,0.16,2.4499999999999997
KXWTAMATCH-26JUL05MUCKRE-MUC,KXWTAMATCH-26JUL05MUCKRE,WTA,1783192500,1783261020,61.0,93.0,10,1.0,target,3.2,0.22000000000000003,2.98
KXATPMATCH-26JUL04DIMBER-DIM,KXATPMATCH-26JUL04DIMBER,ATP,1783194840,1783197540,52.0,80.0,12,1.0,target,3.3600000000000003,0.35,3.0100000000000002
KXATPCHALLENGERMATCH-26JUL05DIACEC-DIA,KXATPCHALLENGERMATCH-26JUL05DIACEC,Challenger,1783200060,1783255020,68.0,94.0,9,3.0,target,2.34,0.18000000000000002,2.1599999999999997
KXATPCHALLENGERMATCH-26JUL04WATSHI-WAT,KXATPCHALLENGERMATCH-26JUL04WATSHI,Challenger,1783200480,1783215120,67.0,63.0,9,2.0,settlement,-0.36,0.14,-0.5
KXATPMATCH-26JUL06FRIBUB-FRI,KXATPMATCH-26JUL06FRIBUB,ATP,1783215540,1783362480,63.0,95.0,9,1.0,target,2.88,0.18,2.6999999999999997
KXATPCHALLENGERMATCH-26JUL04LEGWIN-WIN,KXATPCHALLENGERMATCH-26JUL04LEGWIN,Challenger,1783220220,1783220220,6.0,0.0,104,1.0,settlement,-6.24,0.42,-6.66
KXATPCHALLENGERMATCH-26JUL05SMIPIR-SMI,KXATPCHALLENGERMATCH-26JUL05SMIPIR,Challenger,1783220340,1783243560,28.0,44.0,22,1.0,target,3.52,0.7,2.8200000000000003
KXATPCHALLENGERMATCH-26JUL05SMIPIR-SMI,KXATPCHALLENGERMATCH-26JUL05SMIPIR,Challenger,1783243680,1783246860,41.0,1.0,15,1.0,stop,-6.0,0.28,-6.28
KXATPCHALLENGERMATCH-26JUL05SMIPIR-SMI,KXATPCHALLENGERMATCH-26JUL05SMIPIR,Challenger,1783246920,1783246980,3.0,1.0,208,1.0,stop,-4.16,0.58,-4.74
KXATPCHALLENGERMATCH-26JUL05SMIPIR-SMI,KXATPCHALLENGERMATCH-26JUL05SMIPIR,Challenger,1783247040,1783247100,3.0,1.0,208,1.0,stop,-4.16,0.58,-4.74
KXATPCHALLENGERMATCH-26JUL05PDACAS-PDA,KXATPCHALLENGERMATCH-26JUL05PDACAS,Challenger,1783248720,1783277160,63.0,95.0,9,1.0,target,2.88,0.18,2.6999999999999997
KXATPMATCH-26JUL05SAFDJO-SAF,KXATPMATCH-26JUL05SAFDJO,ATP,1783256760,1783267200,41.0,1.0,15,1.0,stop,-6.0,0.28,-6.28
KXATPCHALLENGERMATCH-26JUL05SZYSTR-STR,KXATPCHALLENGERMATCH-26JUL05SZYSTR,Challenger,1783258860,1783259640,63.0,84.0,9,1.0,target,1.89,0.24,1.65
KXATPCHALLENGERMATCH-26JUL05DESYEV-DES,KXATPCHALLENGERMATCH-26JUL05DESYEV,Challenger,1783259700,1783260060,50.0,64.0,12,1.0,target,1.6800000000000002,0.41000000000000003,1.27
KXATPCHALLENGERMATCH-26JUL05DESYEV-DES,KXATPCHALLENGERMATCH-26JUL05DESYEV,Challenger,1783260420,1783265220,65.0,0.0,9,1.0,settlement,-5.8500000000000005,0.15,-6.000000000000001
KXATPCHALLENGERMATCH-26JUL05RAMNEU-NEU,KXATPCHALLENGERMATCH-26JUL05RAMNEU,Challenger,1783261080,1783262820,64.0,98.0,9,3.0,target,3.06,0.16999999999999998,2.89
KXWTAMATCH-26JUL05MUCKRE-MUC,KXWTAMATCH-26JUL05MUCKRE,WTA,1783262400,1783265280,67.0,98.0,9,1.0,target,2.79,0.16,2.63
KXATPCHALLENGERMATCH-26JUL05INGFEL-FEL,KXATPCHALLENGERMATCH-26JUL05INGFEL,Challenger,1783263540,1783265100,69.0,98.0,9,1.0,target,2.61,0.16,2.4499999999999997
KXATPCHALLENGERMATCH-26JUL05PRICOU-COU,KXATPCHALLENGERMATCH-26JUL05PRICOU,Challenger,1783265520,1783266000,50.0,74.0,12,1.0,target,2.88,0.38,2.5
KXATPMATCH-26JUL05AUGDAV-DAV,KXATPMATCH-26JUL05AUGDAV,ATP,1783266420,1783275480,61.0,1.0,10,1.000000000000007,stop,-6.0,0.18000000000000002,-6.18
KXATPMATCH-26JUL05SAFDJO-SAF,KXATPMATCH-26JUL05SAFDJO,ATP,1783267260,1783267320,3.0,1.0,208,1.0,stop,-4.16,0.58,-4.74
KXATPMATCH-26JUL05SAFDJO-SAF,KXATPMATCH-26JUL05SAFDJO,ATP,1783267440,1783267500,3.0,1.0,208,1.0,stop,-4.16,0.58,-4.74
KXATPMATCH-26JUL05SAFDJO-SAF,KXATPMATCH-26JUL05SAFDJO,ATP,1783267560,1783267560,3.0,0.0,208,1.0,settlement,-6.24,0.43,-6.67
KXATPCHALLENGERMATCH-26JUL05PEROPI-OPI,KXATPCHALLENGERMATCH-26JUL05PEROPI,Challenger,1783267800,1783268220,39.0,53.0,16,1.0,target,2.24,0.55,1.6900000000000002
KXATPCHALLENGERMATCH-26JUL05CIZCAZ-CIZ,KXATPCHALLENGERMATCH-26JUL05CIZCAZ,Challenger,1783267980,1783268760,21.0,31.0,29,1.0,target,2.9000000000000004,0.78,2.12
KXATPCHALLENGERMATCH-26JUL05PEROPI-OPI,KXATPCHALLENGERMATCH-26JUL05PEROPI,Challenger,1783268280,1783269780,58.99999999999999,90.0,10,1.0,target,3.1000000000000005,0.24000000000000002,2.8600000000000003
KXATPCHALLENGERMATCH-26JUL05CIZCAZ-CIZ,KXATPCHALLENGERMATCH-26JUL05CIZCAZ,Challenger,1783268820,1783269780,33.0,53.0,18,1.0,target,3.6,0.6000000000000001,3.0
KXATPCHALLENGERMATCH-26JUL05CIZCAZ-CIZ,KXATPCHALLENGERMATCH-26JUL05CIZCAZ,Challenger,1783269840,1783271640,61.0,87.0,10,1.0,target,2.6,0.25,2.35
KXATPCHALLENGERMATCH-26JUL05BINPOL-BIN,KXATPCHALLENGERMATCH-26JUL05BINPOL,Challenger,1783269900,1783276740,81.0,0.0,7,1.0,settlement,-5.67,0.08,-5.75
KXATPCHALLENGERMATCH-26JUL05ELLJOH-JOH,KXATPCHALLENGERMATCH-26JUL05ELLJOH,Challenger,1783272600,1783275180,61.0,91.0,10,1.000000000000007,target,3.0,0.23,2.77
KXATPCHALLENGERMATCH-26JUL05GANZIN-ZIN,KXATPCHALLENGERMATCH-26JUL05GANZIN,Challenger,1783272840,1783274100,73.0,94.0,8,1.0,target,1.68,0.16,1.52
KXATPMATCH-26JUL05AUGDAV-DAV,KXATPMATCH-26JUL05AUGDAV,ATP,1783275540,1783275600,3.0,1.0,208,1.0,stop,-4.16,0.58,-4.74
KXATPMATCH-26JUL05AUGDAV-DAV,KXATPMATCH-26JUL05AUGDAV,ATP,1783275660,1783275840,4.0,5.0,156,1.0,target,1.56,0.94,0.6200000000000001
KXATPCHALLENGERMATCH-26JUL05MORMAR-MOR,KXATPCHALLENGERMATCH-26JUL05MORMAR,Challenger,1783275840,1783279200,66.0,100.0,9,1.0,settlement,3.06,0.15,2.91
KXATPMATCH-26JUL05AUGDAV-DAV,KXATPMATCH-26JUL05AUGDAV,ATP,1783275900,1783275960,10.0,6.0,62,1.0,target,-2.48,0.65,-3.13
KXATPMATCH-26JUL05AUGDAV-DAV,KXATPMATCH-26JUL05AUGDAV,ATP,1783276080,1783276140,12.0,15.0,52,1.0,target,1.56,0.86,0.7000000000000001
KXATPMATCH-26JUL05AUGDAV-DAV,KXATPMATCH-26JUL05AUGDAV,ATP,1783276200,1783276680,16.0,28.0,39,1.0,target,4.68,0.93,3.7499999999999996
KXATPMATCH-26JUL05AUGDAV-DAV,KXATPMATCH-26JUL05AUGDAV,ATP,1783276740,1783277820,39.0,1.0,16,1.0,stop,-6.08,0.29000000000000004,-6.37
KXATPCHALLENGERMATCH-26JUL05NUNCLA-CLA,KXATPCHALLENGERMATCH-26JUL05NUNCLA,Challenger,1783277340,1783281420,66.0,97.0,9,1.0,target,2.79,0.16999999999999998,2.62
KXATPMATCH-26JUL05AUGDAV-DAV,KXATPMATCH-26JUL05AUGDAV,ATP,1783278720,1783278780,3.0,1.0,208,1.0,stop,-4.16,0.58,-4.74
KXATPCHALLENGERMATCH-26JUL05IMAMIL-MIL,KXATPCHALLENGERMATCH-26JUL05IMAMIL,Challenger,1783278480,1783282620,71.0,98.0,8,1.0,target,2.16,0.13999999999999999,2.02
KXWTAMATCH-26JUL07OSAMUC-OSA,KXWTAMATCH-26JUL07OSAMUC,WTA,1783281300,1783443060,57.00000000000001,0.0,10,3.000000000000007,settlement,-5.700000000000001,0.18,-5.880000000000001
KXATPCHALLENGERMATCH-26JUL05VILPER-PER,KXATPCHALLENGERMATCH-26JUL05VILPER,Challenger,1783283340,1783283640,14.0,20.0,44,1.0,target,2.6399999999999997,0.88,1.7599999999999998
KXATPCHALLENGERMATCH-26JUL05VILPER-PER,KXATPCHALLENGERMATCH-26JUL05VILPER,Challenger,1783283700,1783284180,26.0,42.0,24,1.0,target,3.84,0.74,3.0999999999999996
KXATPCHALLENGERMATCH-26JUL05VILPER-PER,KXATPCHALLENGERMATCH-26JUL05VILPER,Challenger,1783284240,1783285080,50.0,71.0,12,3.0,target,2.52,0.39,2.13
KXWTAMATCH-26JUL05BENGAU-GAU,KXWTAMATCH-26JUL05BENGAU,WTA,1783286760,1783288740,76.0,98.0,8,1.0,target,1.76,0.13,1.63
KXATPCHALLENGERMATCH-26JUL05SEKMAL-MAL,KXATPCHALLENGERMATCH-26JUL05SEKMAL,Challenger,1783287240,1783289880,66.0,97.0,9,1.0,target,2.79,0.16999999999999998,2.62
KXATPMATCH-26JUL07SINSTR-STR,KXATPMATCH-26JUL07SINSTR,ATP,1783288260,1783429860,7.0,1.0,89,1.0,stop,-5.34,0.48,-5.82
KXATPCHALLENGERMATCH-26JUL06NIJRAH-RAH,KXATPCHALLENGERMATCH-26JUL06NIJRAH,Challenger,1783289880,1783334580,44.0,1.0,14,3.0,stop,-6.02,0.26,-6.279999999999999
KXWTAMATCH-26JUL07PEGGAU-PEG,KXWTAMATCH-26JUL07PEGGAU,WTA,1783291560,1783344660,43.0,56.0,14,2.0,target,1.82,0.5,1.32
KXATPCHALLENGERMATCH-26JUL06ZORDEV-ZOR,KXATPCHALLENGERMATCH-26JUL06ZORDEV,Challenger,1783292700,1783338120,55.0,1.0,11,3.0,stop,-5.94,0.21000000000000002,-6.15
KXATPCHALLENGERMATCH-26JUL06PRIORA-PRI,KXATPCHALLENGERMATCH-26JUL06PRIORA,Challenger,1783294620,1783335660,60.0,91.0,10,1.000000000000007,target,3.1,0.23,2.87
KXATPCHALLENGERMATCH-26JUL06ERHSIN-SIN,KXATPCHALLENGERMATCH-26JUL06ERHSIN,Challenger,1783293240,1783334520,6.0,1.0,104,2.0,stop,-5.2,0.5,-5.7
KXATPCHALLENGERMATCH-26JUL06WEHVAN-WEH,KXATPCHALLENGERMATCH-26JUL06WEHVAN,Challenger,1783293540,1783343040,62.0,97.0,10,1.0,target,3.5,0.2,3.3
KXATPCHALLENGERMATCH-26JUL06CAMDE-DE,KXATPCHALLENGERMATCH-26JUL06CAMDE,Challenger,1783334580,1783337460,42.0,68.0,14,2.0,target,3.64,0.45999999999999996,3.18
KXATPCHALLENGERMATCH-26JUL06ERHSIN-SIN,KXATPCHALLENGERMATCH-26JUL06ERHSIN,Challenger,1783334640,1783334700,3.0,1.0,208,1.0,stop,-4.16,0.58,-4.74
KXATPCHALLENGERMATCH-26JUL06DELWAL-WAL,KXATPCHALLENGERMATCH-26JUL06DELWAL,Challenger,1783334760,1783339200,72.0,95.0,8,1.0,target,1.84,0.15,1.6900000000000002
KXATPCHALLENGERMATCH-26JUL06POTFEL-POT,KXATPCHALLENGERMATCH-26JUL06POTFEL,Challenger,1783335720,1783339140,34.0,53.0,18,1.0,target,3.42,0.61,2.81
KXATPCHALLENGERMATCH-26JUL06BASHOE-HOE,KXATPCHALLENGERMATCH-26JUL06BASHOE,Challenger,1783337460,1783339860,52.0,80.0,12,2.0,target,3.3600000000000003,0.35,3.0100000000000002
KXATPCHALLENGERMATCH-26JUL06PIEMOL-PIE,KXATPCHALLENGERMATCH-26JUL06PIEMOL,Challenger,1783337520,1783337700,48.0,0.0,13,1.0,settlement,-6.24,0.23,-6.470000000000001
KXATPCHALLENGERMATCH-26JUL06CAMDE-DE,KXATPCHALLENGERMATCH-26JUL06CAMDE,Challenger,1783337760,1783339020,38.0,1.0,16,1.0,stop,-5.92,0.29000000000000004,-6.21
KXATPCHALLENGERMATCH-26JUL06JUNMOR-MOR,KXATPCHALLENGERMATCH-26JUL06JUNMOR,Challenger,1783339860,1783461000,48.0,1.0,13,1.0,stop,-6.109999999999999,0.24000000000000002,-6.35
KXATPCHALLENGERMATCH-26JUL06RAQRIB-RIB,KXATPCHALLENGERMATCH-26JUL06RAQRIB,Challenger,1783339080,1783343580,63.0,0.0,9,2.0,settlement,-5.67,0.15,-5.82
KXATPCHALLENGERMATCH-26JUL06POLHAI-POL,KXATPCHALLENGERMATCH-26JUL06POLHAI,Challenger,1783339200,1783342860,33.0,1.0,18,1.0000000000000036,stop,-5.76,0.30000000000000004,-6.06
KXATPCHALLENGERMATCH-26JUL06POTFEL-POT,KXATPCHALLENGERMATCH-26JUL06POTFEL,Challenger,1783339380,1783342200,69.0,0.0,9,1.0,settlement,-6.209999999999999,0.14,-6.349999999999999
KXATPCHALLENGERMATCH-26JUL06HUAPUR-PUR,KXATPCHALLENGERMATCH-26JUL06HUAPUR,Challenger,1783340040,1783346040,50.0,0.0,12,2.000000000000007,settlement,-6.0,0.21,-6.21
KXATPCHALLENGERMATCH-26JUL06WALNEU-WAL,KXATPCHALLENGERMATCH-26JUL06WALNEU,Challenger,1783342260,1783344480,68.0,98.0,9,1.0,target,2.6999999999999997,0.16,2.5399999999999996
KXATPCHALLENGERMATCH-26JUL06MALMAT-MAT,KXATPCHALLENGERMATCH-26JUL06MALMAT,Challenger,1783342920,1783466700,57.00000000000001,1.0,10,3.000000000000007,stop,-5.6000000000000005,0.19,-5.790000000000001
KXATPMATCH-26JUL06DECOB-DE,KXATPMATCH-26JUL06DECOB,ATP,1783343100,1783348980,57.99999999999999,0.0,10,1.000000000000007,settlement,-5.8,0.18,-5.9799999999999995
KXATPCHALLENGERMATCH-26JUL06DONCIZ-DON,KXATPCHALLENGERMATCH-26JUL06DONCIZ,Challenger,1783343700,1783347060,67.0,98.0,9,1.0,target,2.79,0.16,2.63
KXATPCHALLENGERMATCH-26JUL06KOZJOH-KOZ,KXATPCHALLENGERMATCH-26JUL06KOZJOH,Challenger,1783344660,1783463040,69.0,98.0,9,2.0,target,2.61,0.16,2.4499999999999997
KXWTAMATCH-26JUL07PEGGAU-PEG,KXWTAMATCH-26JUL07PEGGAU,WTA,1783344960,1783434360,60.0,0.0,10,1.000000000000007,settlement,-6.0,0.17,-6.17
KXATPCHALLENGERMATCH-26JUL06MONCOU-MON,KXATPCHALLENGERMATCH-26JUL06MONCOU,Challenger,1783346580,1783371300,69.0,98.0,9,2.0,target,2.61,0.16,2.4499999999999997
KXATPCHALLENGERMATCH-26JUL06CHIJAN-JAN,KXATPCHALLENGERMATCH-26JUL06CHIJAN,Challenger,1783347120,1783352220,55.0,0.0,11,2.999999999999993,settlement,-6.050000000000001,0.2,-6.250000000000001
KXATPMATCH-26JUL06DIMFER-FER,KXATPMATCH-26JUL06DIMFER,ATP,1783349280,1783363080,33.0,52.0,18,1.0,target,3.42,0.6000000000000001,2.82
KXATPCHALLENGERMATCH-26JUL06BARZIN-ZIN,KXATPCHALLENGERMATCH-26JUL06BARZIN,Challenger,1783352640,1783454820,49.0,75.0,12,2.0,target,3.12,0.37,2.75
KXWTAMATCH-26JUL08KOSPAO-PAO,KXWTAMATCH-26JUL08KOSPAO,WTA,1783362540,1783518060,33.0,1.0,18,3.0,stop,-5.76,0.30000000000000004,-6.06
KXATPCHALLENGERMATCH-26JUL06ILARYB-RYB,KXATPCHALLENGERMATCH-26JUL06ILARYB,Challenger,1783363140,1783447800,45.0,70.0,13,3.0,target,3.25,0.43000000000000005,2.82
KXATPMATCH-26JUL08COBFER-FER,KXATPMATCH-26JUL08COBFER,ATP,1783372200,1783524180,32.0,52.0,19,1.0,target,3.8000000000000003,0.63,3.1700000000000004
KXATPCHALLENGERMATCH-26JUL07BRAHOE-HOE,KXATPCHALLENGERMATCH-26JUL07BRAHOE,Challenger,1783429920,1783431120,18.0,1.0,34,1.0000000000000018,stop,-5.78,0.39,-6.17
KXATPCHALLENGERMATCH-26JUL07BRAHOE-HOE,KXATPCHALLENGERMATCH-26JUL07BRAHOE,Challenger,1783431180,1783431180,3.0,0.0,208,1.0,settlement,-6.24,0.43,-6.67
KXATPCHALLENGERMATCH-26JUL07MOLDIA-MOL,KXATPCHALLENGERMATCH-26JUL07MOLDIA,Challenger,1783431240,1783431540,31.0,0.0,20,2.0,settlement,-6.2,0.3,-6.5
KXATPCHALLENGERMATCH-26JUL07HUADEN-HUA,KXATPCHALLENGERMATCH-26JUL07HUADEN,Challenger,1783431660,1783433280,7.0,10.0,89,2.0,target,2.67,0.98,1.69
KXATPCHALLENGERMATCH-26JUL07DROERH-ERH,KXATPCHALLENGERMATCH-26JUL07DROERH,Challenger,1783433340,1783447740,27.0,1.0,23,2.0,stop,-5.98,0.34,-6.32
KXATPCHALLENGERMATCH-26JUL07BROWEH-WEH,KXATPCHALLENGERMATCH-26JUL07BROWEH,Challenger,1783434420,1783441560,38.0,1.0,16,2.0,stop,-5.92,0.29000000000000004,-6.21
KXATPCHALLENGERMATCH-26JUL07BROWEH-WEH,KXATPCHALLENGERMATCH-26JUL07BROWEH,Challenger,1783441620,1783441680,3.0,1.0,208,1.0,stop,-4.16,0.58,-4.74
KXATPCHALLENGERMATCH-26JUL07CASMON-MON,KXATPCHALLENGERMATCH-26JUL07CASMON,Challenger,1783441860,1783457160,15.000000000000002,23.0,41,2.0000000000000018,target,3.2799999999999994,0.88,2.3999999999999995
KXATPCHALLENGERMATCH-26JUL07MEJTEN-TEN,KXATPCHALLENGERMATCH-26JUL07MEJTEN,Challenger,1783443120,1783448100,9.0,13.0,69,2.0,target,2.7600000000000002,0.9500000000000001,1.81
KXATPCHALLENGERMATCH-26JUL07DROERH-ERH,KXATPCHALLENGERMATCH-26JUL07DROERH,Challenger,1783447800,1783447860,5.0,1.0,125,1.0,stop,-5.0,0.51,-5.51
KXATPCHALLENGERMATCH-26JUL07JANGIL-JAN,KXATPCHALLENGERMATCH-26JUL07JANGIL,Challenger,1783447860,1783449480,25.0,33.0,25,1.0,target,2.0,0.72,1.28
KXATPCHALLENGERMATCH-26JUL07DROERH-ERH,KXATPCHALLENGERMATCH-26JUL07DROERH,Challenger,1783447920,1783447920,3.0,0.0,208,1.0,settlement,-6.24,0.43,-6.67
KXATPMATCH-26JUL08FRIZVE-ZVE,KXATPMATCH-26JUL08FRIZVE,ATP,1783447980,1783524600,50.0,77.0,12,1.0,target,3.24,0.36,2.8800000000000003
KXATPCHALLENGERMATCH-26JUL07MEJTEN-TEN,KXATPCHALLENGERMATCH-26JUL07MEJTEN,Challenger,1783448160,1783450800,20.0,1.0,31,1.9999999999999982,stop,-5.89,0.38,-6.27
KXATPCHALLENGERMATCH-26JUL07JANGIL-JAN,KXATPCHALLENGERMATCH-26JUL07JANGIL,Challenger,1783449540,1783451700,44.0,0.0,14,1.0,settlement,-6.16,0.25,-6.41
KXATPCHALLENGERMATCH-26JUL07MEJTEN-TEN,KXATPCHALLENGERMATCH-26JUL07MEJTEN,Challenger,1783450860,1783450920,3.0,1.0,208,1.0,stop,-4.16,0.58,-4.74
KXATPCHALLENGERMATCH-26JUL07MEJTEN-TEN,KXATPCHALLENGERMATCH-26JUL07MEJTEN,Challenger,1783450980,1783451040,3.0,1.0,208,1.0,stop,-4.16,0.58,-4.74
KXATPCHALLENGERMATCH-26JUL07FERPAV-FER,KXATPCHALLENGERMATCH-26JUL07FERPAV,Challenger,1783451100,1783457160,72.0,1.0,8,2.0,stop,-5.68,0.13,-5.81
KXATPCHALLENGERMATCH-26JUL06ILARYB-RYB,KXATPCHALLENGERMATCH-26JUL06ILARYB,Challenger,1783451760,1783453620,48.0,0.0,13,1.0,settlement,-6.24,0.23,-6.470000000000001
KXATPCHALLENGERMATCH-26JUL07POPPDA-POP,KXATPCHALLENGERMATCH-26JUL07POPPDA,Challenger,1783453680,1783455240,57.00000000000001,0.0,10,2.000000000000007,settlement,-5.700000000000001,0.18,-5.880000000000001
KXWTAMATCH-26JUL09MUCGAU-MUC,KXWTAMATCH-26JUL09MUCGAU,WTA,1783455300,1783609320,52.0,81.0,12,2.0,target,3.4799999999999995,0.33999999999999997,3.1399999999999997
KXATPCHALLENGERMATCH-26JUL07CASMON-MON,KXATPCHALLENGERMATCH-26JUL07CASMON,Challenger,1783457220,1783458420,26.0,44.0,24,1.0,target,4.32,0.75,3.5700000000000003
KXATPCHALLENGERMATCH-26JUL07CASMON-MON,KXATPCHALLENGERMATCH-26JUL07CASMON,Challenger,1783458480,1783464300,43.0,1.0,14,1.0,stop,-5.88,0.26,-6.14
KXATPCHALLENGERMATCH-26JUL07MENAVE-AVE,KXATPCHALLENGERMATCH-26JUL07MENAVE,Challenger,1783461960,1783462860,34.0,59.0,18,1.0,target,4.5,0.6,3.9
KXATPCHALLENGERMATCH-26JUL07MENAVE-AVE,KXATPCHALLENGERMATCH-26JUL07MENAVE,Challenger,1783462920,1783468620,70.0,1.0,8,2.0,stop,-5.52,0.13,-5.6499999999999995
KXATPCHALLENGERMATCH-26JUL08DEDSVR-SVR,KXATPCHALLENGERMATCH-26JUL08DEDSVR,Challenger,1783463760,1783507440,65.0,0.0,9,2.0,settlement,-5.8500000000000005,0.15,-6.000000000000001
KXATPCHALLENGERMATCH-26JUL08SCHDJE-SCH,KXATPCHALLENGERMATCH-26JUL08SCHDJE,Challenger,1783463940,1783509480,36.0,56.0,17,2.0,target,3.4000000000000004,0.5800000000000001,2.8200000000000003
KXATPCHALLENGERMATCH-26JUL07CASMON-MON,KXATPCHALLENGERMATCH-26JUL07CASMON,Challenger,1783464360,1783464420,5.0,3.0,125,1.0,target,-2.5,0.6799999999999999,-3.1799999999999997
KXATPCHALLENGERMATCH-26JUL07CASMON-MON,KXATPCHALLENGERMATCH-26JUL07CASMON,Challenger,1783464480,1783464600,10.0,1.0,62,2.0,stop,-5.58,0.45,-6.03
KXATPCHALLENGERMATCH-26JUL07CASMON-MON,KXATPCHALLENGERMATCH-26JUL07CASMON,Challenger,1783464660,1783464660,6.0,0.0,104,1.0,settlement,-6.24,0.42,-6.66
KXATPCHALLENGERMATCH-26JUL08SIMMID-SIM,KXATPCHALLENGERMATCH-26JUL08SIMMID,Challenger,1783464720,1783512240,34.0,1.0,18,3.0,stop,-5.94,0.31,-6.25
KXATPMATCH-26JUL10SINDJO-SIN,KXATPMATCH-26JUL10SINDJO,ATP,1783464720,1783701780,80.0,94.0,7,3.0,target,0.9800000000000001,0.11,0.8700000000000001
KXATPCHALLENGERMATCH-26JUL06MALMAT-MAT,KXATPCHALLENGERMATCH-26JUL06MALMAT,Challenger,1783466760,1783466940,11.0,0.0,56,2.0,settlement,-6.16,0.39,-6.55
KXATPCHALLENGERMATCH-26JUL08KOPDHA-KOP,KXATPCHALLENGERMATCH-26JUL08KOPDHA,Challenger,1783468080,1783518720,69.0,0.0,9,3.0,settlement,-6.209999999999999,0.14,-6.349999999999999
KXATPCHALLENGERMATCH-26JUL08RINOFN-RIN,KXATPCHALLENGERMATCH-26JUL08RINOFN,Challenger,1783468860,1783518300,27.0,1.0,23,3.0,stop,-5.98,0.34,-6.32
KXATPCHALLENGERMATCH-26JUL08MAGSOT-SOT,KXATPCHALLENGERMATCH-26JUL08MAGSOT,Challenger,1783507860,1783529520,64.0,97.0,9,2.0,target,2.97,0.16999999999999998,2.8000000000000003
KXATPCHALLENGERMATCH-26JUL08GEAZIN-ZIN,KXATPCHALLENGERMATCH-26JUL08GEAZIN,Challenger,1783509780,1783534380,29.000000000000004,1.0,21,1.0000000000000036,stop,-5.880000000000001,0.33,-6.210000000000001
KXATPCHALLENGERMATCH-26JUL08IVAMAX-MAX,KXATPCHALLENGERMATCH-26JUL08IVAMAX,Challenger,1783512300,1783513440,25.0,1.0,25,1.0,stop,-6.0,0.35000000000000003,-6.35
KXATPCHALLENGERMATCH-26JUL08MELAND-MEL,KXATPCHALLENGERMATCH-26JUL08MELAND,Challenger,1783513500,1783540080,68.0,0.0,9,2.0,settlement,-6.12,0.14,-6.26
KXATPCHALLENGERMATCH-26JUL08MARKAS-MAR,KXATPCHALLENGERMATCH-26JUL08MARKAS,Challenger,1783518120,1783533780,66.0,0.0,9,3.0,settlement,-5.94,0.15,-6.090000000000001
KXATPCHALLENGERMATCH-26JUL08PIRDZU-PIR,KXATPCHALLENGERMATCH-26JUL08PIRDZU,Challenger,1783518540,1783542720,57.99999999999999,88.0,10,0.9999999999999858,target,3.0000000000000004,0.26,2.74
KXATPCHALLENGERMATCH-26JUL08BROMAL-MAL,KXATPCHALLENGERMATCH-26JUL08BROMAL,Challenger,1783518780,1783529160,11.0,11.0,56,1.0,settlement,0.0,0.39,-0.39
KXATPCHALLENGERMATCH-26JUL08NEUJUS-NEU,KXATPCHALLENGERMATCH-26JUL08NEUJUS,Challenger,1783524240,1783525920,26.0,74.0,24,2.0,target,11.52,0.66,10.86
KXATPCHALLENGERMATCH-26JUL08PDARIB-RIB,KXATPCHALLENGERMATCH-26JUL08PDARIB,Challenger,1783524660,1783526760,23.0,36.0,27,1.0,target,3.5100000000000002,0.78,2.7300000000000004
KXATPCHALLENGERMATCH-26JUL08NEUJUS-NEU,KXATPCHALLENGERMATCH-26JUL08NEUJUS,Challenger,1783525980,1783527240,57.99999999999999,98.0,10,1.0,target,4.000000000000001,0.19999999999999998,3.8000000000000007
KXATPCHALLENGERMATCH-26JUL08CHOREH-REH,KXATPCHALLENGERMATCH-26JUL08CHOREH,Challenger,1783526820,1783534080,60.0,0.0,10,1.000000000000007,settlement,-6.0,0.17,-6.17
KXATPCHALLENGERMATCH-26JUL08PDARIB-RIB,KXATPCHALLENGERMATCH-26JUL08PDARIB,Challenger,1783527360,1783527840,10.0,0.0,62,1.0000000000000009,settlement,-6.2,0.4,-6.6000000000000005
KXATPCHALLENGERMATCH-26JUL08DAMARN-DAM,KXATPCHALLENGERMATCH-26JUL08DAMARN,Challenger,1783527900,1783528260,43.0,55.0,14,2.0,target,1.68,0.5,1.18
KXATPCHALLENGERMATCH-26JUL08DAMARN-DAM,KXATPCHALLENGERMATCH-26JUL08DAMARN,Challenger,1783528380,1783534260,70.0,98.0,8,1.0,target,2.24,0.13999999999999999,2.1
KXATPCHALLENGERMATCH-26JUL08VARALVA-VAR,KXATPCHALLENGERMATCH-26JUL08VARALVA,Challenger,1783529280,1783539600,70.0,98.0,8,1.0,target,2.24,0.13999999999999999,2.1
KXATPCHALLENGERMATCH-26JUL08JOHMAL-MAL,KXATPCHALLENGERMATCH-26JUL08JOHMAL,Challenger,1783532220,1783616100,64.0,0.0,9,3.0,settlement,-5.76,0.15,-5.91
KXATPCHALLENGERMATCH-26JUL08ILANOG-ILA,KXATPCHALLENGERMATCH-26JUL08ILANOG,Challenger,1783533840,1783534440,42.0,67.0,14,1.0,target,3.5,0.45999999999999996,3.04
KXATPCHALLENGERMATCH-26JUL08GEAZIN-ZIN,KXATPCHALLENGERMATCH-26JUL08GEAZIN,Challenger,1783534440,1783534440,3.0,0.0,208,1.0,settlement,-6.24,0.43,-6.67
KXATPCHALLENGERMATCH-26JUL08ILANOG-ILA,KXATPCHALLENGERMATCH-26JUL08ILANOG,Challenger,1783534500,1783539120,71.0,98.0,8,1.0,target,2.16,0.13999999999999999,2.02
KXATPCHALLENGERMATCH-26JUL08GALFIC-FIC,KXATPCHALLENGERMATCH-26JUL08GALFIC,Challenger,1783544280,1783544400,26.0,31.0,24,1.0,target,1.2000000000000002,0.69,0.5100000000000002
KXATPCHALLENGERMATCH-26JUL08GALFIC-FIC,KXATPCHALLENGERMATCH-26JUL08GALFIC,Challenger,1783544460,1783544880,34.0,53.0,18,1.0,target,3.42,0.61,2.81
KXATPCHALLENGERMATCH-26JUL08GALFIC-FIC,KXATPCHALLENGERMATCH-26JUL08GALFIC,Challenger,1783544940,1783550640,47.0,0.0,13,1.0,settlement,-6.109999999999999,0.23,-6.34
KXATPCHALLENGERMATCH-26JUL08MILUCH-MIL,KXATPCHALLENGERMATCH-26JUL08MILUCH,Challenger,1783547100,1783549680,68.0,97.0,9,1.0,target,2.61,0.16,2.4499999999999997
KXATPCHALLENGERMATCH-26JUL08CASBLA-BLA,KXATPCHALLENGERMATCH-26JUL08CASBLA,Challenger,1783549980,1783552740,63.0,98.0,9,1.0,target,3.15,0.16999999999999998,2.98
KXATPCHALLENGERMATCH-26JUL09GAUDIA-GAU,KXATPCHALLENGERMATCH-26JUL09GAUDIA,Challenger,1783554420,1783592400,40.0,1.0,15,1.0,stop,-5.8500000000000005,0.28,-6.130000000000001
KXATPCHALLENGERMATCH-26JUL09MCDKRU-MCD,KXATPCHALLENGERMATCH-26JUL09MCDKRU,Challenger,1783554840,1783599180,53.0,81.0,11,2.0,target,3.08,0.32,2.7600000000000002
KXATPCHALLENGERMATCH-26JUL09ROYWAL-WAL,KXATPCHALLENGERMATCH-26JUL09ROYWAL,Challenger,1783555800,1783601520,23.0,36.0,27,2.0,target,3.5100000000000002,0.78,2.7300000000000004
KXATPCHALLENGERMATCH-26JUL09GASPET-PET,KXATPCHALLENGERMATCH-26JUL09GASPET,Challenger,1783556460,1783604340,28.0,44.0,22,1.0,target,3.52,0.7,2.8200000000000003
KXATPCHALLENGERMATCH-26JUL09VALSEA-VAL,KXATPCHALLENGERMATCH-26JUL09VALSEA,Challenger,1783557360,1783598580,14.0,1.0,44,1.0,stop,-5.720000000000001,0.42,-6.140000000000001
KXATPCHALLENGERMATCH-26JUL09COPMIC-MIC,KXATPCHALLENGERMATCH-26JUL09COPMIC,Challenger,1783557960,1783605840,36.0,56.0,17,3.0,target,3.4000000000000004,0.5800000000000001,2.8200000000000003
KXATPCHALLENGERMATCH-26JUL09PLAGIL-PLA,KXATPCHALLENGERMATCH-26JUL09PLAGIL,Challenger,1783567380,1783595340,24.0,1.0,26,1.0,stop,-5.98,0.36000000000000004,-6.340000000000001
KXATPCHALLENGERMATCH-26JUL09BROILA-ILA,KXATPCHALLENGERMATCH-26JUL09BROILA,Challenger,1783592460,1783625820,33.0,0.0,18,3.0000000000000036,settlement,-5.94,0.28,-6.220000000000001
KXATPCHALLENGERMATCH-26JUL09PLAGIL-PLA,KXATPCHALLENGERMATCH-26JUL09PLAGIL,Challenger,1783595400,1783595460,4.0,1.0,156,2.0,stop,-4.68,0.53,-5.21
KXATPCHALLENGERMATCH-26JUL09DROPAV-PAV,KXATPCHALLENGERMATCH-26JUL09DROPAV,Challenger,1783595520,1783624620,29.000000000000004,1.0,21,1.0000000000000036,stop,-5.880000000000001,0.33,-6.210000000000001
KXATPCHALLENGERMATCH-26JUL09CORDEN-DEN,KXATPCHALLENGERMATCH-26JUL09CORDEN,Challenger,1783598640,1783601220,43.0,65.0,14,2.0,target,3.08,0.48,2.6
KXATPCHALLENGERMATCH-26JUL09CASAMB-CAS,KXATPCHALLENGERMATCH-26JUL09CASAMB,Challenger,1783599360,1783633080,50.0,77.0,12,2.0,target,3.24,0.36,2.8800000000000003
KXATPCHALLENGERMATCH-26JUL09ROYWAL-WAL,KXATPCHALLENGERMATCH-26JUL09ROYWAL,Challenger,1783601580,1783603020,42.0,65.0,14,2.0,target,3.22,0.47,2.75
KXATPCHALLENGERMATCH-26JUL09CORDEN-DEN,KXATPCHALLENGERMATCH-26JUL09CORDEN,Challenger,1783602000,1783603320,55.0,94.0,11,2.0,target,4.29,0.25,4.04
KXATPCHALLENGERMATCH-26JUL09ROYWAL-WAL,KXATPCHALLENGERMATCH-26JUL09ROYWAL,Challenger,1783603140,1783608180,60.0,0.0,10,1.0,settlement,-6.0,0.17,-6.17
KXATPCHALLENGERMATCH-26JUL09GASPET-PET,KXATPCHALLENGERMATCH-26JUL09GASPET,Challenger,1783604400,1783607160,36.0,70.0,17,2.0,target,5.78,0.53,5.25
KXATPCHALLENGERMATCH-26JUL09COPMIC-MIC,KXATPCHALLENGERMATCH-26JUL09COPMIC,Challenger,1783605900,1783612800,64.0,1.0,9,1.0,stop,-5.67,0.16,-5.83
KXATPCHALLENGERMATCH-26JUL09GASPET-PET,KXATPCHALLENGERMATCH-26JUL09GASPET,Challenger,1783607520,1783610880,56.00000000000001,1.0,11,1.0,stop,-6.050000000000001,0.2,-6.250000000000001
KXWTAMATCH-26JUL09MUCGAU-MUC,KXWTAMATCH-26JUL09MUCGAU,WTA,1783609380,1783609980,58.99999999999999,98.0,10,1.0,target,3.900000000000001,0.19,3.710000000000001
KXATPCHALLENGERMATCH-26JUL09CLAHAR-HAR,KXATPCHALLENGERMATCH-26JUL09CLAHAR,Challenger,1783610100,1783617180,66.0,0.0,9,1.0,settlement,-5.94,0.15,-6.090000000000001
KXATPCHALLENGERMATCH-26JUL09GASPET-PET,KXATPCHALLENGERMATCH-26JUL09GASPET,Challenger,1783610940,1783611000,3.0,1.0,208,1.0,stop,-4.16,0.58,-4.74
KXATPCHALLENGERMATCH-26JUL09MENMCC-MEN,KXATPCHALLENGERMATCH-26JUL09MENMCC,Challenger,1783611000,1783618980,68.0,98.0,9,2.0,target,2.6999999999999997,0.16,2.5399999999999996
KXATPCHALLENGERMATCH-26JUL09MRVBON-BON,KXATPCHALLENGERMATCH-26JUL09MRVBON,Challenger,1783611600,1783612020,41.0,62.0,15,1.0,target,3.15,0.51,2.6399999999999997
KXATPCHALLENGERMATCH-26JUL09MRVBON-BON,KXATPCHALLENGERMATCH-26JUL09MRVBON,Challenger,1783612080,1783613400,71.0,98.0,8,1.0,target,2.16,0.13999999999999999,2.02
KXATPCHALLENGERMATCH-26JUL08FEALAJ-FEA,KXATPCHALLENGERMATCH-26JUL08FEALAJ,Challenger,1783612740,1783617720,73.0,94.0,8,1.0,target,1.68,0.16,1.52
KXATPCHALLENGERMATCH-26JUL09ONCBRO-ONC,KXATPCHALLENGERMATCH-26JUL09ONCBRO,Challenger,1783614180,1783621800,70.0,1.0,8,1.0,stop,-5.52,0.13,-5.6499999999999995
KXATPCHALLENGERMATCH-26JUL09SAIBAR-SAI,KXATPCHALLENGERMATCH-26JUL09SAIBAR,Challenger,1783616220,1783620240,63.0,100.0,9,1.0,settlement,3.33,0.15,3.18
KXATPCHALLENGERMATCH-26JUL09FEAKOZ-KOZ,KXATPCHALLENGERMATCH-26JUL09FEAKOZ,Challenger,1783621500,1783637040,26.0,42.0,24,3.0,target,3.84,0.74,3.0999999999999996
KXATPCHALLENGERMATCH-26JUL09JOHBLA-JOH,KXATPCHALLENGERMATCH-26JUL09JOHBLA,Challenger,1783621500,1783635000,25.0,38.0,25,3.0,target,3.25,0.75,2.5
KXATPCHALLENGERMATCH-26JUL09ONCBRO-ONC,KXATPCHALLENGERMATCH-26JUL09ONCBRO,Challenger,1783621860,1783621980,4.0,5.0,156,1.0,target,1.56,0.94,0.6200000000000001
KXATPCHALLENGERMATCH-26JUL09ONCBRO-ONC,KXATPCHALLENGERMATCH-26JUL09ONCBRO,Challenger,1783622040,1783622040,6.0,0.0,104,1.9999999999999991,settlement,-6.24,0.42,-6.66
KXATPCHALLENGERMATCH-26JUL09DROPAV-PAV,KXATPCHALLENGERMATCH-26JUL09DROPAV,Challenger,1783624680,1783624740,14.0,10.0,44,1.0,target,-1.76,0.66,-2.42
KXATPCHALLENGERMATCH-26JUL09DROPAV-PAV,KXATPCHALLENGERMATCH-26JUL09DROPAV,Challenger,1783624860,1783625100,19.0,1.0,32,1.0,stop,-5.76,0.38,-6.14
KXATPCHALLENGERMATCH-26JUL09MANGAL-MAN,KXATPCHALLENGERMATCH-26JUL09MANGAL,Challenger,1783624980,1783630620,56.00000000000001,90.0,11,1.9999999999999858,target,3.739999999999999,0.26,3.4799999999999986
KXATPCHALLENGERMATCH-26JUL09DROPAV-PAV,KXATPCHALLENGERMATCH-26JUL09DROPAV,Challenger,1783625160,1783625160,3.0,0.0,208,3.000000000000001,settlement,-6.24,0.43,-6.67
KXATPCHALLENGERMATCH-26JUL09TOMWAL-WAL,KXATPCHALLENGERMATCH-26JUL09TOMWAL,Challenger,1783627020,1783633140,71.0,98.0,8,1.0,target,2.16,0.13999999999999999,2.02
KXATPCHALLENGERMATCH-26JUL09MANGAL-MAN,KXATPCHALLENGERMATCH-26JUL09MANGAL,Challenger,1783630920,1783631520,77.0,0.0,8,2.0,settlement,-6.16,0.1,-6.26
KXATPCHALLENGERMATCH-26JUL09CASAMB-CAS,KXATPCHALLENGERMATCH-26JUL09CASAMB,Challenger,1783633920,1783634640,69.0,100.0,9,1.0,settlement,2.79,0.14,2.65
KXATPCHALLENGERMATCH-26JUL09JOHBLA-JOH,KXATPCHALLENGERMATCH-26JUL09JOHBLA,Challenger,1783635060,1783635960,37.0,64.0,16,2.0,target,4.32,0.53,3.79
KXATPCHALLENGERMATCH-26JUL10CHIIVA-IVA,KXATPCHALLENGERMATCH-26JUL10CHIIVA,Challenger,1783636140,1783681920,44.0,1.0,14,3.0,stop,-6.02,0.26,-6.279999999999999
KXATPCHALLENGERMATCH-26JUL09JOHBLA-JOH,KXATPCHALLENGERMATCH-26JUL09JOHBLA,Challenger,1783636020,1783639620,56.00000000000001,0.0,11,2.0,settlement,-6.16,0.19,-6.3500000000000005
KXATPCHALLENGERMATCH-26JUL09FEAKOZ-KOZ,KXATPCHALLENGERMATCH-26JUL09FEAKOZ,Challenger,1783637100,1783638540,57.00000000000001,81.0,10,1.0,target,2.3999999999999995,0.29,2.1099999999999994
KXATPCHALLENGERMATCH-26JUL09FEAKOZ-KOZ,KXATPCHALLENGERMATCH-26JUL09FEAKOZ,Challenger,1783639080,1783702680,65.0,1.0,9,1.0,stop,-5.76,0.16,-5.92
KXATPCHALLENGERMATCH-26JUL10KASKYM-KYM,KXATPCHALLENGERMATCH-26JUL10KASKYM,Challenger,1783641600,1783684680,54.0,83.0,11,1.0,target,3.19,0.31,2.88
KXATPCHALLENGERMATCH-26JUL10DJERIN-RIN,KXATPCHALLENGERMATCH-26JUL10DJERIN,Challenger,1783641960,1783686540,29.999999999999996,47.0,20,0.9999999999999929,target,3.400000000000001,0.6499999999999999,2.750000000000001
KXATPCHALLENGERMATCH-26JUL10MIDPIR-PIR,KXATPCHALLENGERMATCH-26JUL10MIDPIR,Challenger,1783648500,1783693740,68.0,98.0,9,3.0,target,2.6999999999999997,0.16,2.5399999999999996
KXATPCHALLENGERMATCH-26JUL10NEUSQU-SQU,KXATPCHALLENGERMATCH-26JUL10NEUSQU,Challenger,1783648800,1783686900,34.0,53.0,18,2.0,target,3.42,0.61,2.81
KXATPCHALLENGERMATCH-26JUL10MONSEA-SEA,KXATPCHALLENGERMATCH-26JUL10MONSEA,Challenger,1783648800,1783689360,70.0,98.0,8,1.0,target,2.24,0.13999999999999999,2.1
KXATPCHALLENGERMATCH-26JUL10BASGIL-GIL,KXATPCHALLENGERMATCH-26JUL10BASGIL,Challenger,1783650360,1783690500,60.0,91.0,10,2.999999999999993,target,3.1,0.23,2.87
KXATPCHALLENGERMATCH-26JUL10GEAWAL-WAL,KXATPCHALLENGERMATCH-26JUL10GEAWAL,Challenger,1783655100,1783702080,65.0,98.0,9,3.0,target,2.97,0.16999999999999998,2.8000000000000003
KXATPCHALLENGERMATCH-26JUL10BERBON-BON,KXATPCHALLENGERMATCH-26JUL10BERBON,Challenger,1783681980,1783709280,54.0,83.0,11,1.0,target,3.19,0.31,2.88
KXATPCHALLENGERMATCH-26JUL10BROMIC-MIC,KXATPCHALLENGERMATCH-26JUL10BROMIC,Challenger,1783684800,1783708740,85.0,94.0,7,1.0,target,0.63,0.1,0.53
KXATPCHALLENGERMATCH-26JUL10COPDEN-DEN,KXATPCHALLENGERMATCH-26JUL10COPDEN,Challenger,1783686600,1783697040,49.0,1.0,12,1.0,stop,-5.76,0.22,-5.9799999999999995
KXATPCHALLENGERMATCH-26JUL10DJERIN-RIN,KXATPCHALLENGERMATCH-26JUL10DJERIN,Challenger,1783686960,1783687320,56.00000000000001,71.0,11,1.0,target,1.6499999999999992,0.35,1.2999999999999994
KXATPCHALLENGERMATCH-26JUL10NEUSQU-SQU,KXATPCHALLENGERMATCH-26JUL10NEUSQU,Challenger,1783687380,1783690140,64.0,97.0,9,1.0,target,2.97,0.16999999999999998,2.8000000000000003
KXATPCHALLENGERMATCH-26JUL10VARPDA-VAR,KXATPCHALLENGERMATCH-26JUL10VARPDA,Challenger,1783689420,1783707900,39.0,61.0,16,1.0,target,3.52,0.54,2.98
KXATPCHALLENGERMATCH-26JUL10BROBAL-BRO,KXATPCHALLENGERMATCH-26JUL10BROBAL,Challenger,1783690200,1783702680,26.0,41.0,24,1.0,target,3.5999999999999996,0.74,2.8599999999999994
KXATPCHALLENGERMATCH-26JUL10DROHEI-HEI,KXATPCHALLENGERMATCH-26JUL10DROHEI,Challenger,1783690620,1783699500,46.0,1.0,13,1.0,stop,-5.8500000000000005,0.24000000000000002,-6.090000000000001
KXATPCHALLENGERMATCH-26JUL10GALMIL-MIL,KXATPCHALLENGERMATCH-26JUL10GALMIL,Challenger,1783693800,1783717440,39.0,1.0,16,1.0,stop,-6.08,0.29000000000000004,-6.37
KXATPCHALLENGERMATCH-26JUL10COPDEN-DEN,KXATPCHALLENGERMATCH-26JUL10COPDEN,Challenger,1783697160,1783697220,4.0,1.0,156,1.0,stop,-4.68,0.53,-5.21
KXATPCHALLENGERMATCH-26JUL10COPDEN-DEN,KXATPCHALLENGERMATCH-26JUL10COPDEN,Challenger,1783697280,1783697280,4.0,0.0,156,1.0,settlement,-6.24,0.42,-6.66
KXATPCHALLENGERMATCH-26JUL10ROYDAN-ROY,KXATPCHALLENGERMATCH-26JUL10ROYDAN,Challenger,1783697340,1783709520,58.99999999999999,90.0,10,1.0,target,3.1000000000000005,0.24000000000000002,2.8600000000000003
KXATPCHALLENGERMATCH-26JUL10DROHEI-HEI,KXATPCHALLENGERMATCH-26JUL10DROHEI,Challenger,1783699560,1783700160,5.0,5.0,125,1.0,target,0.0,0.84,-0.84
KXATPCHALLENGERMATCH-26JUL10DROHEI-HEI,KXATPCHALLENGERMATCH-26JUL10DROHEI,Challenger,1783700220,1783700280,13.0,11.0,48,1.0000000000000009,target,-0.96,0.72,-1.68
KXATPCHALLENGERMATCH-26JUL10DROHEI-HEI,KXATPCHALLENGERMATCH-26JUL10DROHEI,Challenger,1783700340,1783700460,5.0,1.0,125,2.0,stop,-5.0,0.51,-5.51
KXATPCHALLENGERMATCH-26JUL10DROHEI-HEI,KXATPCHALLENGERMATCH-26JUL10DROHEI,Challenger,1783700520,1783700580,3.0,1.0,208,1.0,stop,-4.16,0.58,-4.74
KXATPCHALLENGERMATCH-26JUL10DROHEI-HEI,KXATPCHALLENGERMATCH-26JUL10DROHEI,Challenger,1783700640,1783700700,4.0,1.0,156,1.0,stop,-4.68,0.53,-5.21
KXATPCHALLENGERMATCH-26JUL10DROHEI-HEI,KXATPCHALLENGERMATCH-26JUL10DROHEI,Challenger,1783700760,1783700760,3.0,0.0,208,1.0,settlement,-6.24,0.43,-6.67
KXATPCHALLENGERMATCH-26JUL10SAIDEL-SAI,KXATPCHALLENGERMATCH-26JUL10SAIDEL,Challenger,1783701420,1783706400,67.0,0.0,9,1.0,settlement,-6.03,0.14,-6.17
KXATPCHALLENGERMATCH-26JUL09FEAKOZ-KOZ,KXATPCHALLENGERMATCH-26JUL09FEAKOZ,Challenger,1783702740,1783702800,6.0,3.0,104,1.0,target,-3.12,0.64,-3.7600000000000002
KXATPCHALLENGERMATCH-26JUL10BROBAL-BRO,KXATPCHALLENGERMATCH-26JUL10BROBAL,Challenger,1783702740,1783704000,49.0,71.0,12,1.0,target,2.64,0.39,2.25
KXATPCHALLENGERMATCH-26JUL09FEAKOZ-KOZ,KXATPCHALLENGERMATCH-26JUL09FEAKOZ,Challenger,1783702860,1783703160,5.0,6.0,125,1.0,target,1.25,0.9199999999999999,0.33000000000000007
KXATPCHALLENGERMATCH-26JUL09FEAKOZ-KOZ,KXATPCHALLENGERMATCH-26JUL09FEAKOZ,Challenger,1783703220,1783703340,11.0,13.0,56,0.9999999999999991,target,1.12,0.8400000000000001,0.28
KXATPCHALLENGERMATCH-26JUL09FEAKOZ-KOZ,KXATPCHALLENGERMATCH-26JUL09FEAKOZ,Challenger,1783703400,1783703940,15.000000000000002,1.0,41,1.0,stop,-5.74,0.4,-6.140000000000001
KXATPCHALLENGERMATCH-26JUL09FEAKOZ-KOZ,KXATPCHALLENGERMATCH-26JUL09FEAKOZ,Challenger,1783704000,1783704060,3.0,1.0,208,1.0,stop,-4.16,0.58,-4.74
KXATPCHALLENGERMATCH-26JUL10BROBAL-BRO,KXATPCHALLENGERMATCH-26JUL10BROBAL,Challenger,1783704180,1783704960,62.0,98.0,10,2.0,target,3.5999999999999996,0.19,3.4099999999999997
KXATPCHALLENGERMATCH-26JUL10BLAFEA-FEA,KXATPCHALLENGERMATCH-26JUL10BLAFEA,Challenger,1783707840,1783723500,64.0,97.0,9,1.0,target,2.97,0.16999999999999998,2.8000000000000003
KXATPCHALLENGERMATCH-26JUL10VARPDA-VAR,KXATPCHALLENGERMATCH-26JUL10VARPDA,Challenger,1783707960,1783712220,72.0,98.0,8,2.0,target,2.08,0.13999999999999999,1.9400000000000002
KXATPCHALLENGERMATCH-26JUL10BERBON-BON,KXATPCHALLENGERMATCH-26JUL10BERBON,Challenger,1783714260,1783716540,58.99999999999999,0.0,10,1.0,settlement,-5.8999999999999995,0.17,-6.069999999999999
KXATPCHALLENGERMATCH-26JUL10GALMIL-MIL,KXATPCHALLENGERMATCH-26JUL10GALMIL,Challenger,1783717500,1783717560,3.0,1.0,208,1.0,stop,-4.16,0.58,-4.74
KXATPCHALLENGERMATCH-26JUL10GALMIL-MIL,KXATPCHALLENGERMATCH-26JUL10GALMIL,Challenger,1783717620,1783717680,3.0,1.0,208,1.0,stop,-4.16,0.58,-4.74
KXATPCHALLENGERMATCH-26JUL11GIUDAM-GIU,KXATPCHALLENGERMATCH-26JUL11GIUDAM,Challenger,1783726920,1783781880,60.0,91.0,10,1.000000000000007,target,3.1,0.23,2.87
KXATPCHALLENGERMATCH-26JUL11CHIGRA-GRA,KXATPCHALLENGERMATCH-26JUL11CHIGRA,Challenger,1783727640,1783778220,61.0,1.0,10,2.000000000000007,stop,-6.0,0.18000000000000002,-6.18
KXATPCHALLENGERMATCH-26JUL11RINCHO-RIN,KXATPCHALLENGERMATCH-26JUL11RINCHO,Challenger,1783729920,1783776660,37.0,1.0,16,1.0,stop,-5.76,0.29000000000000004,-6.05
KXATPCHALLENGERMATCH-26JUL11DIAGAS-GAS,KXATPCHALLENGERMATCH-26JUL11DIAGAS,Challenger,1783732320,1783783500,39.0,1.0,16,2.0,stop,-6.08,0.29000000000000004,-6.37
KXATPCHALLENGERMATCH-26JUL11PIRKYM-PIR,KXATPCHALLENGERMATCH-26JUL11PIRKYM,Challenger,1783733220,1783789620,57.99999999999999,87.0,10,2.000000000000007,target,2.900000000000001,0.26,2.6400000000000006
KXATPCHALLENGERMATCH-26JUL11DODSQU-SQU,KXATPCHALLENGERMATCH-26JUL11DODSQU,Challenger,1783736700,1783779300,49.0,1.0,12,2.0,stop,-5.76,0.22,-5.9799999999999995
KXATPCHALLENGERMATCH-26JUL11BROCOP-COP,KXATPCHALLENGERMATCH-26JUL11BROCOP,Challenger,1783737480,1783788540,70.0,1.0,8,1.0,stop,-5.52,0.13,-5.6499999999999995
KXATPMATCH-26JUL11GOMSAI-SAI,KXATPMATCH-26JUL11GOMSAI,ATP,1783739400,1783795620,70.0,98.0,8,2.0,target,2.24,0.13999999999999999,2.1
KXATPCHALLENGERMATCH-26JUL11BERDEL-DEL,KXATPCHALLENGERMATCH-26JUL11BERDEL,Challenger,1783740660,1783789200,69.0,100.0,9,1.0,settlement,2.79,0.14,2.65
KXATPCHALLENGERMATCH-26JUL11ROYDRO-ROY,KXATPCHALLENGERMATCH-26JUL11ROYDRO,Challenger,1783740240,1783797300,43.0,0.0,14,2.0,settlement,-6.02,0.25,-6.27
KXATPCHALLENGERMATCH-26JUL11MEJVAR-VAR,KXATPCHALLENGERMATCH-26JUL11MEJVAR,Challenger,1783776720,1783800060,36.0,1.0,17,1.0,stop,-5.949999999999999,0.30000000000000004,-6.249999999999999
KXATPCHALLENGERMATCH-26JUL11WALMIC-WAL,KXATPCHALLENGERMATCH-26JUL11WALMIC,Challenger,1783778520,1783796640,35.0,55.0,17,1.0,target,3.4000000000000004,0.5800000000000001,2.8200000000000003
KXATPCHALLENGERMATCH-26JUL11DODSQU-SQU,KXATPCHALLENGERMATCH-26JUL11DODSQU,Challenger,1783779360,1783779360,3.0,0.0,208,1.0,settlement,-6.24,0.43,-6.67
KXATPMATCH-26JUL11VIRDIE-DIE,KXATPMATCH-26JUL11VIRDIE,ATP,1783779480,1783780800,66.0,98.0,9,1.0,target,2.88,0.16999999999999998,2.71
KXATPMATCH-26JUL12TABHUE-TAB,KXATPMATCH-26JUL12TABHUE,ATP,1783780980,1783849920,52.0,81.0,12,3.0,target,3.4799999999999995,0.33999999999999997,3.1399999999999997
KXATPCHALLENGERMATCH-26JUL11GALFEA-GAL,KXATPCHALLENGERMATCH-26JUL11GALFEA,Challenger,1783783140,1783803840,32.0,50.0,19,1.0,target,3.42,0.63,2.79
KXATPCHALLENGERMATCH-26JUL11DIAGAS-GAS,KXATPCHALLENGERMATCH-26JUL11DIAGAS,Challenger,1783783560,1783783620,3.0,1.0,208,1.0,stop,-4.16,0.58,-4.74
KXATPCHALLENGERMATCH-26JUL11DIAGAS-GAS,KXATPCHALLENGERMATCH-26JUL11DIAGAS,Challenger,1783783680,1783783800,4.0,1.0,156,1.0,stop,-4.68,0.53,-5.21
KXATPCHALLENGERMATCH-26JUL11DIAGAS-GAS,KXATPCHALLENGERMATCH-26JUL11DIAGAS,Challenger,1783783860,1783783920,3.0,1.0,208,1.0,stop,-4.16,0.58,-4.74
KXATPCHALLENGERMATCH-26JUL11DIAGAS-GAS,KXATPCHALLENGERMATCH-26JUL11DIAGAS,Challenger,1783783980,1783784040,3.0,1.0,208,1.0,stop,-4.16,0.58,-4.74
KXATPCHALLENGERMATCH-26JUL11DIAGAS-GAS,KXATPCHALLENGERMATCH-26JUL11DIAGAS,Challenger,1783784100,1783784220,6.0,1.0,104,1.0,stop,-5.2,0.5,-5.7
KXATPCHALLENGERMATCH-26JUL11DIAGAS-GAS,KXATPCHALLENGERMATCH-26JUL11DIAGAS,Challenger,1783784280,1783784340,3.0,1.0,208,1.0,stop,-4.16,0.58,-4.74
KXATPCHALLENGERMATCH-26JUL11DIAGAS-GAS,KXATPCHALLENGERMATCH-26JUL11DIAGAS,Challenger,1783784460,1783784520,3.0,1.0,208,1.0,stop,-4.16,0.58,-4.74
KXATPCHALLENGERMATCH-26JUL11DIAGAS-GAS,KXATPCHALLENGERMATCH-26JUL11DIAGAS,Challenger,1783784580,1783784640,5.0,1.0,125,1.0,stop,-5.0,0.51,-5.51
KXATPCHALLENGERMATCH-26JUL11DIAGAS-GAS,KXATPCHALLENGERMATCH-26JUL11DIAGAS,Challenger,1783784700,1783784760,6.0,5.0,104,1.0,target,-1.04,0.77,-1.81
KXATPCHALLENGERMATCH-26JUL11DIAGAS-GAS,KXATPCHALLENGERMATCH-26JUL11DIAGAS,Challenger,1783784820,1783784880,4.0,1.0,156,1.0,stop,-4.68,0.53,-5.21
KXATPCHALLENGERMATCH-26JUL11DIAGAS-GAS,KXATPCHALLENGERMATCH-26JUL11DIAGAS,Challenger,1783784940,1783785120,10.0,10.0,62,1.0,target,0.0,0.8,-0.8
KXATPCHALLENGERMATCH-26JUL11DIAGAS-GAS,KXATPCHALLENGERMATCH-26JUL11DIAGAS,Challenger,1783785180,1783785960,14.0,20.0,44,1.0,target,2.6399999999999997,0.88,1.7599999999999998
KXATPCHALLENGERMATCH-26JUL11DIAGAS-GAS,KXATPCHALLENGERMATCH-26JUL11DIAGAS,Challenger,1783786020,1783787100,28.0,38.0,22,1.0,target,2.2,0.69,1.5100000000000002
KXATPCHALLENGERMATCH-26JUL11DIAGAS-GAS,KXATPCHALLENGERMATCH-26JUL11DIAGAS,Challenger,1783787160,1783788780,38.0,1.0,16,1.0,stop,-5.92,0.29000000000000004,-6.21
KXATPCHALLENGERMATCH-26JUL11DIAGAS-GAS,KXATPCHALLENGERMATCH-26JUL11DIAGAS,Challenger,1783788840,1783788960,14.0,15.0,44,1.0,target,0.44,0.78,-0.34
KXATPCHALLENGERMATCH-26JUL11DIAGAS-GAS,KXATPCHALLENGERMATCH-26JUL11DIAGAS,Challenger,1783789020,1783789440,12.0,31.0,52,1.0,target,9.88,1.17,8.71
KXATPCHALLENGERMATCH-26JUL11DIAGAS-GAS,KXATPCHALLENGERMATCH-26JUL11DIAGAS,Challenger,1783789500,1783790340,42.0,62.0,14,3.0,target,2.8000000000000003,0.48,2.3200000000000003
KXATPCHALLENGERMATCH-26JUL11DIAGAS-GAS,KXATPCHALLENGERMATCH-26JUL11DIAGAS,Challenger,1783790400,1783790520,80.0,98.0,7,1.0,target,1.26,0.09,1.17
KXATPMATCH-26JUL12CINHEM-HEM,KXATPMATCH-26JUL12CINHEM,ATP,1783792020,1783852320,31.0,1.0,20,1.0000000000000036,stop,-6.0,0.32,-6.32
KXATPCHALLENGERMATCH-26JUL11WALMIC-WAL,KXATPCHALLENGERMATCH-26JUL11WALMIC,Challenger,1783796700,1783797780,56.00000000000001,87.0,11,1.0,target,3.4099999999999993,0.28,3.129999999999999
KXATPMATCH-26JUL12ALTGAS-GAS,KXATPMATCH-26JUL12ALTGAS,ATP,1783799340,1784039280,45.0,1.0,13,3.0,stop,-5.72,0.24000000000000002,-5.96
KXATPCHALLENGERMATCH-26JUL11MEJVAR-VAR,KXATPCHALLENGERMATCH-26JUL11MEJVAR,Challenger,1783800120,1783800180,10.0,10.0,62,1.0,target,0.0,0.8,-0.8
KXATPCHALLENGERMATCH-26JUL11MEJVAR-VAR,KXATPCHALLENGERMATCH-26JUL11MEJVAR,Challenger,1783800240,1783800360,14.0,20.0,44,1.0,target,2.6399999999999997,0.88,1.7599999999999998
KXATPCHALLENGERMATCH-26JUL11MEJVAR-VAR,KXATPCHALLENGERMATCH-26JUL11MEJVAR,Challenger,1783800420,1783801380,25.0,41.0,25,1.0,target,4.0,0.76,3.24
KXATPMATCH-26JUL12CHOBAS-CHO,KXATPMATCH-26JUL12CHOBAS,ATP,1783801860,1784036700,63.0,0.0,9,3.0,settlement,-5.67,0.15,-5.82
KXATPMATCH-26JUL12SKASAC-SKA,KXATPMATCH-26JUL12SKASAC,ATP,1783800840,1783855980,46.0,70.0,13,2.0,target,3.12,0.43000000000000005,2.69
KXATPCHALLENGERMATCH-26JUL11MEJVAR-VAR,KXATPCHALLENGERMATCH-26JUL11MEJVAR,Challenger,1783801440,1783802880,40.0,0.0,15,1.0,settlement,-6.0,0.26,-6.26
KXWTAMATCH-26JUL12HIBTON-TON,KXWTAMATCH-26JUL12HIBTON,WTA,1783802280,1783865940,17.0,26.0,36,3.0,target,3.2399999999999998,0.85,2.3899999999999997
KXATPCHALLENGERMATCH-26JUL11GALFEA-GAL,KXATPCHALLENGERMATCH-26JUL11GALFEA,Challenger,1783803900,1783807920,55.0,75.0,11,1.0,target,2.2,0.35,1.85
KXATPMATCH-26JUL12CECOLI-OLI,KXATPMATCH-26JUL12CECOLI,ATP,1783805220,1783873440,29.999999999999996,0.0,20,2.9999999999999964,settlement,-6.0,0.3,-6.3
KXATPCHALLENGERMATCH-26JUL11GALFEA-GAL,KXATPCHALLENGERMATCH-26JUL11GALFEA,Challenger,1783808040,1783809060,82.0,0.0,7,1.0,settlement,-5.739999999999999,0.08,-5.819999999999999
KXWTAMATCH-26JUL12MICKUL-MIC,KXWTAMATCH-26JUL12MICKUL,WTA,1783810500,1783872960,47.0,73.0,13,3.0,target,3.38,0.41000000000000003,2.9699999999999998
KXATPCHALLENGERMATCH-26JUL12DODDEL-DOD,KXATPCHALLENGERMATCH-26JUL12DODDEL,Challenger,1783811280,1783855200,41.0,65.0,15,2.0,target,3.5999999999999996,0.5,3.0999999999999996
KXWTAMATCH-26JUL12ITOMAN-MAN,KXWTAMATCH-26JUL12ITOMAN,WTA,1783812960,1783868220,27.0,1.0,23,3.0,stop,-5.98,0.34,-6.32
KXATPCHALLENGERMATCH-26JUL12FEAWAL-WAL,KXATPCHALLENGERMATCH-26JUL12FEAWAL,Challenger,1783851300,1783886820,52.0,80.0,12,1.0,target,3.3600000000000003,0.35,3.0100000000000002
KXATPCHALLENGERMATCH-26JUL12CHISEA-SEA,KXATPCHALLENGERMATCH-26JUL12CHISEA,Challenger,1783852800,1783859940,69.0,98.0,9,1.0,target,2.61,0.16,2.4499999999999997
KXATPCHALLENGERMATCH-26JUL12BROHUA-HUA,KXATPCHALLENGERMATCH-26JUL12BROHUA,Challenger,1783855260,1783856640,73.0,98.0,8,3.0,target,2.0,0.13999999999999999,1.86
KXATPCHALLENGERMATCH-26JUL12DODDEL-DOD,KXATPCHALLENGERMATCH-26JUL12DODDEL,Challenger,1783856100,1783859100,64.0,1.0,9,1.0,stop,-5.67,0.16,-5.83
KXATPCHALLENGERMATCH-26JUL12BROGIU-GIU,KXATPCHALLENGERMATCH-26JUL12BROGIU,Challenger,1783856760,1783868460,54.0,1.0,11,2.0,stop,-5.83,0.21000000000000002,-6.04
KXATPCHALLENGERMATCH-26JUL12CHOGAS-GAS,KXATPCHALLENGERMATCH-26JUL12CHOGAS,Challenger,1783859160,1783860480,27.0,41.0,23,1.0,target,3.22,0.71,2.5100000000000002
KXATPCHALLENGERMATCH-26JUL12DODDEL-DOD,KXATPCHALLENGERMATCH-26JUL12DODDEL,Challenger,1783860000,1783860180,6.0,1.0,104,1.0,stop,-5.2,0.5,-5.7
KXATPCHALLENGERMATCH-26JUL12DODDEL-DOD,KXATPCHALLENGERMATCH-26JUL12DODDEL,Challenger,1783860240,1783860240,4.0,0.0,156,1.0,settlement,-6.24,0.42,-6.66
KXATPCHALLENGERMATCH-26JUL12PIETAB-TAB,KXATPCHALLENGERMATCH-26JUL12PIETAB,Challenger,1783860300,1783863360,70.0,98.0,8,1.0,target,2.24,0.13999999999999999,2.1
KXATPCHALLENGERMATCH-26JUL12CHOGAS-GAS,KXATPCHALLENGERMATCH-26JUL12CHOGAS,Challenger,1783860540,1783865760,36.0,0.0,17,1.0,settlement,-6.12,0.28,-6.4
KXATPCHALLENGERMATCH-26JUL12KUZDE-DE,KXATPCHALLENGERMATCH-26JUL12KUZDE,Challenger,1783863420,1783868460,52.0,1.0,12,1.0,stop,-6.12,0.22,-6.34
KXATPMATCH-26JUL12MOLFAU-FAU,KXATPMATCH-26JUL12MOLFAU,ATP,1783865820,1783866540,64.0,98.0,9,1.0,target,3.06,0.16999999999999998,2.89
KXWTAMATCH-26JUL12HIBTON-TON,KXWTAMATCH-26JUL12HIBTON,WTA,1783866000,1783868580,32.0,1.0,19,1.0000000000000036,stop,-5.89,0.31,-6.199999999999999
KXATPMATCH-26JUL12CARSAN-SAN,KXATPMATCH-26JUL12CARSAN,ATP,1783866660,1783867620,54.0,83.0,11,1.0,target,3.19,0.31,2.88
KXATPCHALLENGERMATCH-26JUL12FUEROS-FUE,KXATPCHALLENGERMATCH-26JUL12FUEROS,Challenger,1783867680,1783868820,70.0,98.0,8,1.0,target,2.24,0.13999999999999999,2.1
KXATPMATCH-26JUL12GUEGOM-GUE,KXATPMATCH-26JUL12GUEGOM,ATP,1783868340,1783875120,61.0,1.0,10,1.0,stop,-6.0,0.18000000000000002,-6.18
KXATPMATCH-26JUL12DODCAR-DOD,KXATPMATCH-26JUL12DODCAR,ATP,1783869000,1784041980,29.000000000000004,1.0,21,3.0000000000000036,stop,-5.880000000000001,0.33,-6.210000000000001
KXATPMATCH-26JUL12MOLROY-ROY,KXATPMATCH-26JUL12MOLROY,ATP,1783869300,1784044200,44.0,1.0,14,1.0,stop,-6.02,0.26,-6.279999999999999
KXWTAMATCH-26JUL12HIBTON-TON,KXWTAMATCH-26JUL12HIBTON,WTA,1783868640,1783868700,3.0,1.0,208,1.0,stop,-4.16,0.58,-4.74
KXWTAMATCH-26JUL12HIBTON-TON,KXWTAMATCH-26JUL12HIBTON,WTA,1783868760,1783868820,3.0,1.0,208,1.0,stop,-4.16,0.58,-4.74
KXWTAMATCH-26JUL12HIBTON-TON,KXWTAMATCH-26JUL12HIBTON,WTA,1783868880,1783868940,3.0,1.0,208,1.0,stop,-4.16,0.58,-4.74
KXWTAMATCH-26JUL12HODYAS-YAS,KXWTAMATCH-26JUL12HODYAS,WTA,1783868880,1783872960,15.000000000000002,23.0,41,1.0000000000000018,target,3.2799999999999994,0.88,2.3999999999999995
KXWTAMATCH-26JUL12HIBTON-TON,KXWTAMATCH-26JUL12HIBTON,WTA,1783869000,1783869000,3.0,0.0,208,1.0,settlement,-6.24,0.43,-6.67
KXWTAMATCH-26JUL12MORNEP-NEP,KXWTAMATCH-26JUL12MORNEP,WTA,1783869060,1783874160,26.0,1.0,24,1.0,stop,-6.0,0.35000000000000003,-6.35
KXATPCHALLENGERMATCH-26JUL12FANBIG-FAN,KXATPCHALLENGERMATCH-26JUL12FANBIG,Challenger,1783873020,1783878780,61.0,94.0,10,1.0,target,3.3000000000000003,0.21000000000000002,3.0900000000000003
KXWTAMATCH-26JUL12HODYAS-YAS,KXWTAMATCH-26JUL12HODYAS,WTA,1783873020,1783875420,23.0,1.0,27,1.0,stop,-5.94,0.36000000000000004,-6.300000000000001
KXWTAMATCH-26JUL12LEPBUR-BUR,KXWTAMATCH-26JUL12LEPBUR,WTA,1783873620,1783879680,53.0,1.0,11,1.0,stop,-5.720000000000001,0.21000000000000002,-5.930000000000001
KXWTAMATCH-26JUL12MORNEP-NEP,KXWTAMATCH-26JUL12MORNEP,WTA,1783874220,1783874280,3.0,1.0,208,1.0,stop,-4.16,0.58,-4.74
KXWTAMATCH-26JUL12MORNEP-NEP,KXWTAMATCH-26JUL12MORNEP,WTA,1783874340,1783874400,3.0,1.0,208,1.0,stop,-4.16,0.58,-4.74
KXWTAMATCH-26JUL12MICKUL-MIC,KXWTAMATCH-26JUL12MICKUL,WTA,1783874460,1783876500,64.0,86.0,9,1.000000000000007,target,1.98,0.22999999999999998,1.75
KXATPMATCH-26JUL13MARMID-MID,KXATPMATCH-26JUL13MARMID,ATP,1783875420,1783940460,61.0,93.0,10,3.000000000000007,target,3.2,0.22000000000000003,2.98
KXWTAMATCH-26JUL12HODYAS-YAS,KXWTAMATCH-26JUL12HODYAS,WTA,1783875480,1783875600,3.0,1.0,208,1.0,stop,-4.16,0.58,-4.74
KXATPCHALLENGERMATCH-26JUL12HECISO-HEC,KXATPCHALLENGERMATCH-26JUL12HECISO,Challenger,1783875660,1783878480,68.0,1.0,9,1.0,stop,-6.03,0.15000000000000002,-6.180000000000001
KXWTAMATCH-26JUL12HODYAS-YAS,KXWTAMATCH-26JUL12HODYAS,WTA,1783876680,1783876740,3.0,1.0,208,1.0,stop,-4.16,0.58,-4.74
KXWTAMATCH-26JUL12HODYAS-YAS,KXWTAMATCH-26JUL12HODYAS,WTA,1783876800,1783876860,3.0,1.0,208,1.0,stop,-4.16,0.58,-4.74
KXWTAMATCH-26JUL12MICKUL-MIC,KXWTAMATCH-26JUL12MICKUL,WTA,1783877040,1783877280,70.0,98.0,8,1.0,target,2.24,0.13999999999999999,2.1
KXATPMATCH-26JUL13PASKRU-PAS,KXATPMATCH-26JUL13PASKRU,ATP,1783880640,1783939200,68.0,1.0,9,2.0,stop,-6.03,0.15000000000000002,-6.180000000000001
KXATPMATCH-26JUL13SANDAN-SAN,KXATPMATCH-26JUL13SANDAN,ATP,1783883820,1783946040,32.0,1.0,19,2.0,stop,-5.89,0.31,-6.199999999999999
KXATPMATCH-26JUL12DROBLO-DRO,KXATPMATCH-26JUL12DROBLO,ATP,1783882680,1784061960,37.0,58.0,16,3.0,target,3.36,0.55,2.8099999999999996
KXATPCHALLENGERMATCH-26JUL12GEOMAG-GEO,KXATPCHALLENGERMATCH-26JUL12GEOMAG,Challenger,1783883100,1783887600,36.0,64.0,17,1.0,target,4.760000000000001,0.56,4.200000000000001
KXATPMATCH-26JUL13COLSKA-SKA,KXATPMATCH-26JUL13COLSKA,ATP,1783887060,1783948860,16.0,25.0,39,0.9999999999999982,target,3.51,0.89,2.6199999999999997
KXWTAMATCH-26JUL13AVAFET-FET,KXWTAMATCH-26JUL13AVAFET,WTA,1783888620,1783937340,15.000000000000002,1.0,41,3.0000000000000018,stop,-5.74,0.4,-6.140000000000001
KXATPCHALLENGERMATCH-26JUL13FORHUA-HUA,KXATPCHALLENGERMATCH-26JUL13FORHUA,Challenger,1783937400,1783942080,25.0,1.0,25,2.0,stop,-6.0,0.35000000000000003,-6.35
KXATPCHALLENGERMATCH-26JUL13BOUGAN-GAN,KXATPCHALLENGERMATCH-26JUL13BOUGAN,Challenger,1783939260,1783958640,40.0,62.0,15,1.0,target,3.3,0.51,2.79
KXATPCHALLENGERMATCH-26JUL13KUZNIJ-NIJ,KXATPCHALLENGERMATCH-26JUL13KUZNIJ,Challenger,1783940520,1783945320,32.0,53.0,19,1.0,target,3.9899999999999998,0.63,3.36
KXATPCHALLENGERMATCH-26JUL13ARSDAL-DAL,KXATPCHALLENGERMATCH-26JUL13ARSDAL,Challenger,1783942140,1783958400,53.0,81.0,11,2.0,target,3.08,0.32,2.7600000000000002
KXATPCHALLENGERMATCH-26JUL13KUMLAG-LAG,KXATPCHALLENGERMATCH-26JUL13KUMLAG,Challenger,1783945380,1783963860,60.0,91.0,10,1.000000000000007,target,3.1,0.23,2.87
KXATPCHALLENGERMATCH-26JUL13KUZNIJ-NIJ,KXATPCHALLENGERMATCH-26JUL13KUZNIJ,Challenger,1783946100,1783947300,67.0,98.0,9,1.0,target,2.79,0.16,2.63
KXATPMATCH-26JUL13SANDAN-SAN,KXATPMATCH-26JUL13SANDAN,ATP,1783947360,1783949280,35.0,1.0,17,1.0,stop,-5.78,0.30000000000000004,-6.08
KXATPMATCH-26JUL13COLSKA-SKA,KXATPMATCH-26JUL13COLSKA,ATP,1783948920,1783949700,28.0,44.0,22,1.0,target,3.52,0.7,2.8200000000000003
KXATPMATCH-26JUL13SANDAN-SAN,KXATPMATCH-26JUL13SANDAN,ATP,1783949520,1783949580,3.0,1.0,208,1.0,stop,-4.16,0.58,-4.74
KXATPCHALLENGERMATCH-26JUL13POLMIY-POL,KXATPCHALLENGERMATCH-26JUL13POLMIY,Challenger,1783949700,1783963860,26.0,41.0,24,2.0,target,3.5999999999999996,0.74,2.8599999999999994
KXATPMATCH-26JUL13COLSKA-SKA,KXATPMATCH-26JUL13COLSKA,ATP,1783949760,1783951920,48.0,77.0,13,1.0,target,3.7699999999999996,0.4,3.3699999999999997
KXATPCHALLENGERMATCH-26JUL13GIUALM-GIU,KXATPCHALLENGERMATCH-26JUL13GIUALM,Challenger,1783951980,1783966260,66.0,0.0,9,2.0,settlement,-5.94,0.15,-6.090000000000001
KXATPCHALLENGERMATCH-26JUL13MORFAN-MOR,KXATPCHALLENGERMATCH-26JUL13MORFAN,Challenger,1783958460,1783964220,60.0,1.0,10,3.0,stop,-5.8999999999999995,0.18000000000000002,-6.079999999999999
KXATPCHALLENGERMATCH-26JUL13RADIVA-RAD,KXATPCHALLENGERMATCH-26JUL13RADIVA,Challenger,1783958700,1783968180,35.0,55.0,17,2.0,target,3.4000000000000004,0.5800000000000001,2.8200000000000003
KXATPCHALLENGERMATCH-26JUL13LANSHE-SHE,KXATPCHALLENGERMATCH-26JUL13LANSHE,Challenger,1783963920,1783975440,37.0,58.0,16,3.0,target,3.36,0.55,2.8099999999999996
KXATPCHALLENGERMATCH-26JUL13NAPBAL-NAP,KXATPCHALLENGERMATCH-26JUL13NAPBAL,Challenger,1783963920,1783968540,68.0,98.0,9,1.0,target,2.6999999999999997,0.16,2.5399999999999996
KXATPCHALLENGERMATCH-26JUL13MORFAN-MOR,KXATPCHALLENGERMATCH-26JUL13MORFAN,Challenger,1783964280,1783964340,3.0,1.0,208,1.0,stop,-4.16,0.58,-4.74
KXATPCHALLENGERMATCH-26JUL13MORFAN-MOR,KXATPCHALLENGERMATCH-26JUL13MORFAN,Challenger,1783964400,1783964460,3.0,1.0,208,1.0,stop,-4.16,0.58,-4.74
KXATPCHALLENGERMATCH-26JUL13MORFAN-MOR,KXATPCHALLENGERMATCH-26JUL13MORFAN,Challenger,1783964520,1783964520,4.0,0.0,156,1.0,settlement,-6.24,0.42,-6.66
KXATPCHALLENGERMATCH-26JUL13POLMIY-POL,KXATPCHALLENGERMATCH-26JUL13POLMIY,Challenger,1783964580,1783968660,37.0,1.0,16,1.0,stop,-5.76,0.29000000000000004,-6.05
KXATPCHALLENGERMATCH-26JUL13PALGON-PAL,KXATPCHALLENGERMATCH-26JUL13PALGON,Challenger,1783966320,1783966920,70.0,98.0,8,2.0,target,2.24,0.13999999999999999,2.1
KXWTAMATCH-26JUL13BURLEP-LEP,KXWTAMATCH-26JUL13BURLEP,WTA,1783966980,1783967280,50.0,70.0,12,2.0,target,2.4000000000000004,0.39,2.0100000000000002
KXATPMATCH-26JUL14MARPRA-PRA,KXATPMATCH-26JUL14MARPRA,ATP,1783967340,1784043120,29.000000000000004,26.0,21,1.0,settlement,-0.6300000000000008,0.31,-0.9400000000000008
KXATPCHALLENGERMATCH-26JUL13RADIVA-RAD,KXATPCHALLENGERMATCH-26JUL13RADIVA,Challenger,1783968240,1783971900,61.0,1.0,10,0.9999999999999858,stop,-6.0,0.18000000000000002,-6.18
KXWTAMATCH-26JUL13BURLEP-LEP,KXWTAMATCH-26JUL13BURLEP,WTA,1783968600,1783970820,46.0,1.0,13,1.0,stop,-5.8500000000000005,0.24000000000000002,-6.090000000000001
KXATPCHALLENGERMATCH-26JUL13POLMIY-POL,KXATPCHALLENGERMATCH-26JUL13POLMIY,Challenger,1783968720,1783968780,4.0,1.0,156,1.0,stop,-4.68,0.53,-5.21
KXATPCHALLENGERMATCH-26JUL13POLMIY-POL,KXATPCHALLENGERMATCH-26JUL13POLMIY,Challenger,1783968840,1783968900,7.0,8.0,89,1.0,target,0.89,0.87,0.020000000000000018
KXATPCHALLENGERMATCH-26JUL13POLMIY-POL,KXATPCHALLENGERMATCH-26JUL13POLMIY,Challenger,1783968960,1783969380,16.0,18.0,39,1.0,target,0.78,0.78,0.0
KXATPCHALLENGERMATCH-26JUL13POLMIY-POL,KXATPCHALLENGERMATCH-26JUL13POLMIY,Challenger,1783969440,1783969680,20.0,31.0,31,2.0,target,3.41,0.82,2.5900000000000003
KXATPCHALLENGERMATCH-26JUL13POLMIY-POL,KXATPCHALLENGERMATCH-26JUL13POLMIY,Challenger,1783969740,1783971480,36.0,55.0,17,1.0,target,3.23,0.5800000000000001,2.65
KXATPMATCH-26JUL14DIAMID-MID,KXATPMATCH-26JUL14DIAMID,ATP,1783970880,1784029920,24.0,39.0,26,3.0,target,3.9,0.78,3.12
KXATPCHALLENGERMATCH-26JUL13POLMIY-POL,KXATPCHALLENGERMATCH-26JUL13POLMIY,Challenger,1783971540,1783971960,74.0,90.0,8,1.0,target,1.28,0.16999999999999998,1.11
KXATPCHALLENGERMATCH-26JUL13RADIVA-RAD,KXATPCHALLENGERMATCH-26JUL13RADIVA,Challenger,1783971960,1783972020,8.0,6.0,78,2.0,target,-1.56,0.72,-2.2800000000000002
KXWTAMATCH-26JUL13SAKTON-TON,KXWTAMATCH-26JUL13SAKTON,WTA,1783972320,1784048160,41.0,64.0,15,1.0,target,3.45,0.51,2.9400000000000004
KXATPCHALLENGERMATCH-26JUL13RADIVA-RAD,KXATPCHALLENGERMATCH-26JUL13RADIVA,Challenger,1783972080,1783972260,16.0,16.0,39,2.999999999999999,target,0.0,0.74,-0.74
KXATPCHALLENGERMATCH-26JUL13RADIVA-RAD,KXATPCHALLENGERMATCH-26JUL13RADIVA,Challenger,1783972320,1783972380,15.000000000000002,0.0,41,1.0,settlement,-6.150000000000001,0.37,-6.520000000000001
KXATPCHALLENGERMATCH-26JUL13NOGBRO-NOG,KXATPCHALLENGERMATCH-26JUL13NOGBRO,Challenger,1783972440,1783977780,68.0,98.0,9,1.0,target,2.6999999999999997,0.16,2.5399999999999996
KXATPCHALLENGERMATCH-26JUL13LANSHE-SHE,KXATPCHALLENGERMATCH-26JUL13LANSHE,Challenger,1783975500,1783976100,45.0,0.0,13,2.0,settlement,-5.8500000000000005,0.23,-6.080000000000001
KXATPCHALLENGERMATCH-26JUL13POLMIY-POL,KXATPCHALLENGERMATCH-26JUL13POLMIY,Challenger,1783976160,1783985940,27.0,0.0,23,2.0,settlement,-6.210000000000001,0.32,-6.530000000000001
KXATPCHALLENGERMATCH-26JUL13SANLOP-LOP,KXATPCHALLENGERMATCH-26JUL13SANLOP,Challenger,1783977840,1783980240,29.000000000000004,1.0,21,1.0,stop,-5.880000000000001,0.33,-6.210000000000001
KXATPMATCH-26JUL14CECBUR-CEC,KXATPMATCH-26JUL14CECBUR,ATP,1783980660,1784048100,44.0,1.0,14,1.0,stop,-6.02,0.26,-6.279999999999999
KXATPCHALLENGERMATCH-26JUL13KENSHE-SHE,KXATPCHALLENGERMATCH-26JUL13KENSHE,Challenger,1783986000,1783987920,51.0,74.0,12,1.0,target,2.7600000000000002,0.38,2.3800000000000003
KXATPMATCH-26JUL14RINTAB-TAB,KXATPMATCH-26JUL14RINTAB,ATP,1783987980,1784125500,35.0,55.0,17,2.0,target,3.4000000000000004,0.5800000000000001,2.8200000000000003
KXATPCHALLENGERMATCH-26JUL14BRUNIJ-NIJ,KXATPCHALLENGERMATCH-26JUL14BRUNIJ,Challenger,1784029980,1784030700,22.0,28.0,28,2.0,target,1.68,0.74,0.94
KXATPCHALLENGERMATCH-26JUL14BRUNIJ-NIJ,KXATPCHALLENGERMATCH-26JUL14BRUNIJ,Challenger,1784030760,1784034300,44.0,65.0,14,1.0,target,2.94,0.48,2.46
KXATPMATCH-26JUL15COLSON-SON,KXATPMATCH-26JUL15COLSON,ATP,1784034660,1784112360,36.0,1.0,17,2.0,stop,-5.949999999999999,0.30000000000000004,-6.249999999999999
KXATPMATCH-26JUL14TRAKRU-TRA,KXATPMATCH-26JUL14TRAKRU,ATP,1784036760,1784038860,65.0,98.0,9,2.0,target,2.97,0.16999999999999998,2.8000000000000003
KXATPCHALLENGERMATCH-26JUL14FUEPRI-PRI,KXATPCHALLENGERMATCH-26JUL14FUEPRI,Challenger,1784038920,1784045520,71.0,0.0,8,2.0,settlement,-5.68,0.12,-5.8
KXATPCHALLENGERMATCH-26JUL14ADDLEO-LEO,KXATPCHALLENGERMATCH-26JUL14ADDLEO,Challenger,1784039400,1784057700,34.0,1.0,18,1.0,stop,-5.94,0.31,-6.25
KXATPCHALLENGERMATCH-26JUL14OUAFIC-OUA,KXATPCHALLENGERMATCH-26JUL14OUAFIC,Challenger,1784042040,1784050500,32.0,50.0,19,1.0,target,3.42,0.63,2.79
KXATPCHALLENGERMATCH-26JUL14CUIFAN-FAN,KXATPCHALLENGERMATCH-26JUL14CUIFAN,Challenger,1784043180,1784043540,9.0,13.0,69,0.9999999999999991,target,2.7600000000000002,0.9500000000000001,1.81
KXATPCHALLENGERMATCH-26JUL14CUIFAN-FAN,KXATPCHALLENGERMATCH-26JUL14CUIFAN,Challenger,1784043600,1784046360,16.0,25.0,39,0.9999999999999982,target,3.51,0.89,2.6199999999999997
KXATPCHALLENGERMATCH-26JUL14FORGOR-FOR,KXATPCHALLENGERMATCH-26JUL14FORGOR,Challenger,1784044260,1784050740,70.0,98.0,8,1.0,target,2.24,0.13999999999999999,2.1
KXATPCHALLENGERMATCH-26JUL14ROZRIC-ROZ,KXATPCHALLENGERMATCH-26JUL14ROZRIC,Challenger,1784045580,1784071920,45.0,1.0,13,1.0,stop,-5.72,0.24000000000000002,-5.96
KXATPCHALLENGERMATCH-26JUL14CUIFAN-FAN,KXATPCHALLENGERMATCH-26JUL14CUIFAN,Challenger,1784046420,1784047860,34.0,1.0,18,1.0000000000000036,stop,-5.94,0.31,-6.25
KXATPCHALLENGERMATCH-26JUL14SURECH-SUR,KXATPCHALLENGERMATCH-26JUL14SURECH,Challenger,1784048040,1784077980,63.0,95.0,9,1.0,target,2.88,0.18,2.6999999999999997
KXATPCHALLENGERMATCH-26JUL14MRVCAN-CAN,KXATPCHALLENGERMATCH-26JUL14MRVCAN,Challenger,1784048160,1784054700,72.0,1.0,8,1.0,stop,-5.68,0.13,-5.81
KXATPCHALLENGERMATCH-26JUL14URSPAL-PAL,KXATPCHALLENGERMATCH-26JUL14URSPAL,Challenger,1784048220,1784049120,66.0,93.0,9,1.0,target,2.43,0.2,2.23
KXATPCHALLENGERMATCH-26JUL14DRATRO-TRO,KXATPCHALLENGERMATCH-26JUL14DRATRO,Challenger,1784049240,1784131980,26.0,41.0,24,1.0,target,3.5999999999999996,0.74,2.8599999999999994
KXATPCHALLENGERMATCH-26JUL14OUAFIC-OUA,KXATPCHALLENGERMATCH-26JUL14OUAFIC,Challenger,1784050560,1784051400,45.0,81.0,13,1.0,target,4.68,0.38,4.3
KXATPMATCH-26JUL15TRUDAV-TRU,KXATPMATCH-26JUL15TRUDAV,ATP,1784050920,1784134140,28.0,44.0,22,1.0,target,3.52,0.7,2.8200000000000003
KXATPMATCH-26JUL15VANVAL-VAN,KXATPMATCH-26JUL15VANVAL,ATP,1784051460,1784109420,48.0,74.0,13,3.0,target,3.38,0.41000000000000003,2.9699999999999998
KXATPCHALLENGERMATCH-26JUL14OUAFIC-OUA,KXATPCHALLENGERMATCH-26JUL14OUAFIC,Challenger,1784054760,1784056020,31.0,61.0,20,1.0,target,6.0,0.64,5.36
KXWTAMATCH-26JUL15AVAMAR-MAR,KXWTAMATCH-26JUL15AVAMAR,WTA,1784056140,1784146080,61.0,93.0,10,1.0,target,3.2,0.22000000000000003,2.98
KXATPCHALLENGERMATCH-26JUL14ADDLEO-LEO,KXATPCHALLENGERMATCH-26JUL14ADDLEO,Challenger,1784057760,1784057820,3.0,1.0,208,1.0,stop,-4.16,0.58,-4.74
KXATPCHALLENGERMATCH-26JUL14ADDLEO-LEO,KXATPCHALLENGERMATCH-26JUL14ADDLEO,Challenger,1784057880,1784057940,4.0,1.0,156,1.0,stop,-4.68,0.53,-5.21
KXATPCHALLENGERMATCH-26JUL14CASSCH-CAS,KXATPCHALLENGERMATCH-26JUL14CASSCH,Challenger,1784058000,1784059500,49.0,80.0,12,1.0,target,3.7199999999999998,0.35,3.3699999999999997
KXATPMATCH-26JUL15TRANAV-TRA,KXATPMATCH-26JUL15TRANAV,ATP,1784059740,1784125440,20.0,31.0,31,1.0,target,3.41,0.82,2.5900000000000003
KXATPMATCH-26JUL15BORDIM-DIM,KXATPMATCH-26JUL15BORDIM,ATP,1784062020,1784121240,38.0,1.0,16,1.0,stop,-5.92,0.29000000000000004,-6.21
KXATPCHALLENGERMATCH-26JUL15WESCOP-WES,KXATPCHALLENGERMATCH-26JUL15WESCOP,Challenger,1784072040,1784110500,20.0,1.0,31,1.0,stop,-5.89,0.38,-6.27
KXATPCHALLENGERMATCH-26JUL14IMAMCC-MCC,KXATPCHALLENGERMATCH-26JUL14IMAMCC,Challenger,1784078040,1784082120,67.0,94.0,9,1.0,target,2.43,0.18000000000000002,2.25
KXATPCHALLENGERMATCH-26JUL15BONJUS-JUS,KXATPCHALLENGERMATCH-26JUL15BONJUS,Challenger,1784082360,1784114520,62.0,0.0,10,2.0,settlement,-6.2,0.17,-6.37
KXATPCHALLENGERMATCH-26JUL15IVACRA-IVA,KXATPCHALLENGERMATCH-26JUL15IVACRA,Challenger,1784109480,1784152500,41.0,0.0,15,1.0,settlement,-6.1499999999999995,0.26,-6.409999999999999
KXATPCHALLENGERMATCH-26JUL15ROMGAL-ROM,KXATPCHALLENGERMATCH-26JUL15ROMGAL,Challenger,1784110560,1784111160,6.0,1.0,104,1.0,stop,-5.2,0.5,-5.7
KXATPCHALLENGERMATCH-26JUL15HOLMAY-MAY,KXATPCHALLENGERMATCH-26JUL15HOLMAY,Challenger,1784111220,1784140920,35.0,55.0,17,2.0,target,3.4000000000000004,0.5800000000000001,2.8200000000000003
KXATPCHALLENGERMATCH-26JUL15NAGTOR-TOR,KXATPCHALLENGERMATCH-26JUL15NAGTOR,Challenger,1784115240,1784208180,42.0,65.0,14,1.0,target,3.22,0.47,2.75
KXATPCHALLENGERMATCH-26JUL15SHIBOU-SHI,KXATPCHALLENGERMATCH-26JUL15SHIBOU,Challenger,1784115180,1784136780,56.00000000000001,1.0,11,1.000000000000007,stop,-6.050000000000001,0.2,-6.250000000000001
KXATPCHALLENGERMATCH-26JUL15LAJKRU-LAJ,KXATPCHALLENGERMATCH-26JUL15LAJKRU,Challenger,1784121540,1784157660,70.0,98.0,8,2.0,target,2.24,0.13999999999999999,2.1
KXATPCHALLENGERMATCH-26JUL15NAPBAR-NAP,KXATPCHALLENGERMATCH-26JUL15NAPBAR,Challenger,1784125500,1784197080,63.0,91.0,9,1.000000000000007,target,2.5200000000000005,0.21,2.3100000000000005
KXATPCHALLENGERMATCH-26JUL15SANERE-SAN,KXATPCHALLENGERMATCH-26JUL15SANERE,Challenger,1784125560,1784136120,46.0,71.0,13,1.0,target,3.25,0.42000000000000004,2.83
KXATPCHALLENGERMATCH-26JUL14DRATRO-TRO,KXATPCHALLENGERMATCH-26JUL14DRATRO,Challenger,1784132040,1784137380,53.0,1.0,11,1.0,stop,-5.720000000000001,0.21000000000000002,-5.930000000000001
KXATPCHALLENGERMATCH-26JUL15SCHHOU-HOU,KXATPCHALLENGERMATCH-26JUL15SCHHOU,Challenger,1784134200,1784134560,36.0,59.0,17,1.0,target,3.91,0.5700000000000001,3.34
KXATPCHALLENGERMATCH-26JUL15ZHOPER-ZHO,KXATPCHALLENGERMATCH-26JUL15ZHOPER,Challenger,1784134620,1784136000,47.0,74.0,13,1.0,target,3.5100000000000002,0.41000000000000003,3.1
KXATPMATCH-26JUL15CARUGO-UGO,KXATPMATCH-26JUL15CARUGO,ATP,1784136060,1784136420,26.0,39.0,24,2.0,target,3.12,0.73,2.39
KXATPMATCH-26JUL15CERKEC-KEC,KXATPMATCH-26JUL15CERKEC,ATP,1784136180,1784194560,49.0,75.0,12,1.0,target,3.12,0.37,2.75
KXATPCHALLENGERMATCH-26JUL15SANERE-SAN,KXATPCHALLENGERMATCH-26JUL15SANERE,Challenger,1784136480,1784138280,57.99999999999999,91.0,10,1.000000000000007,target,3.3000000000000007,0.24,3.0600000000000005
KXATPMATCH-26JUL15BASTIR-TIR,KXATPMATCH-26JUL15BASTIR,ATP,1784136960,1784202780,70.0,98.0,8,1.0,target,2.24,0.13999999999999999,2.1
KXATPCHALLENGERMATCH-26JUL14DRATRO-TRO,KXATPCHALLENGERMATCH-26JUL14DRATRO,Challenger,1784137440,1784137440,3.0,0.0,208,1.0,settlement,-6.24,0.43,-6.67
KXATPMATCH-26JUL15CARUGO-UGO,KXATPMATCH-26JUL15CARUGO,ATP,1784137500,1784142000,48.0,80.0,13,1.0,target,4.16,0.38,3.7800000000000002
KXATPMATCH-26JUL15COBBUR-BUR,KXATPMATCH-26JUL15COBBUR,ATP,1784138340,1784140920,61.0,93.0,10,1.0,target,3.2,0.22000000000000003,2.98
KXATPCHALLENGERMATCH-26JUL15HOLMAY-MAY,KXATPCHALLENGERMATCH-26JUL15HOLMAY,Challenger,1784140980,1784143260,46.0,1.0,13,1.0,stop,-5.8500000000000005,0.24000000000000002,-6.090000000000001
KXATPCHALLENGERMATCH-26JUL15ZHOPER-ZHO,KXATPCHALLENGERMATCH-26JUL15ZHOPER,Challenger,1784140980,1784143080,49.0,1.0,12,1.000000000000007,stop,-5.76,0.22,-5.9799999999999995
KXATPMATCH-26JUL15KYMTSI-TSI,KXATPMATCH-26JUL15KYMTSI,ATP,1784142060,1784211300,64.0,97.0,9,1.0,target,2.97,0.16999999999999998,2.8000000000000003
KXATPCHALLENGERMATCH-26JUL15ZHOPER-ZHO,KXATPCHALLENGERMATCH-26JUL15ZHOPER,Challenger,1784143140,1784143500,9.0,1.0,69,1.0000000000000009,stop,-5.5200000000000005,0.45,-5.970000000000001
KXATPCHALLENGERMATCH-26JUL15HOLMAY-MAY,KXATPCHALLENGERMATCH-26JUL15HOLMAY,Challenger,1784143320,1784143380,4.0,1.0,156,2.0,stop,-4.68,0.53,-5.21
KXATPCHALLENGERMATCH-26JUL15HOLMAY-MAY,KXATPCHALLENGERMATCH-26JUL15HOLMAY,Challenger,1784143440,1784143500,4.0,1.0,156,1.0,stop,-4.68,0.53,-5.21
KXATPCHALLENGERMATCH-26JUL15HOLMAY-MAY,KXATPCHALLENGERMATCH-26JUL15HOLMAY,Challenger,1784143560,1784143620,4.0,1.0,156,2.0,stop,-4.68,0.53,-5.21
KXATPCHALLENGERMATCH-26JUL15ZHOPER-ZHO,KXATPCHALLENGERMATCH-26JUL15ZHOPER,Challenger,1784143560,1784143560,7.0,0.0,89,1.0,settlement,-6.23,0.41,-6.640000000000001
KXATPMATCH-26JUL15VANDRO-VAN,KXATPMATCH-26JUL15VANDRO,ATP,1784143620,1784144520,48.0,74.0,13,1.0,target,3.38,0.41000000000000003,2.9699999999999998
KXWTAMATCH-26JUL16UDVKAW-UDV,KXWTAMATCH-26JUL16UDVKAW,WTA,1784144100,1784229240,54.0,80.0,11,1.0,target,2.8600000000000003,0.33,2.5300000000000002
KXWTAMATCH-26JUL15IBRBAD-IBR,KXWTAMATCH-26JUL15IBRBAD,WTA,1784144760,1784214480,17.0,26.0,36,1.0,target,3.2399999999999998,0.85,2.3899999999999997
KXWTAMATCH-26JUL16VALSAS-VAL,KXWTAMATCH-26JUL16VALSAS,WTA,1784147100,1784216880,69.0,98.0,9,1.0,target,2.61,0.16,2.4499999999999997
KXWTAMATCH-26JUL15OLIPRI-PRI,KXWTAMATCH-26JUL15OLIPRI,WTA,1784152860,1784208480,49.0,1.0,12,1.0,stop,-5.76,0.22,-5.9799999999999995
KXATPCHALLENGERMATCH-26JUL16DENBAR-DEN,KXATPCHALLENGERMATCH-26JUL16DENBAR,Challenger,1784157900,1784205900,58.99999999999999,88.0,10,0.9999999999999858,target,2.900000000000001,0.25,2.650000000000001
KXATPCHALLENGERMATCH-26JUL16BICCAS-CAS,KXATPCHALLENGERMATCH-26JUL16BICCAS,Challenger,1784194620,1784228640,70.0,98.0,8,2.0,target,2.24,0.13999999999999999,2.1
KXATPMATCH-26JUL15CERKEC-KEC,KXATPMATCH-26JUL15CERKEC,ATP,1784197140,1784197620,38.0,68.0,16,1.0,target,4.8,0.52,4.279999999999999
KXATPMATCH-26JUL15CERKEC-KEC,KXATPMATCH-26JUL15CERKEC,ATP,1784197680,1784198820,50.0,1.0,12,1.0,stop,-5.88,0.22,-6.1
KXATPCHALLENGERMATCH-26JUL15NAPBAR-NAP,KXATPCHALLENGERMATCH-26JUL15NAPBAR,Challenger,1784198880,1784199660,75.0,98.0,8,1.0,target,1.84,0.13,1.71
KXATPCHALLENGERMATCH-26JUL16DELDAL-DEL,KXATPCHALLENGERMATCH-26JUL16DELDAL,Challenger,1784199720,1784220180,63.0,95.0,9,1.0,target,2.88,0.18,2.6999999999999997
KXATPCHALLENGERMATCH-26JUL16KUMBRO-KUM,KXATPCHALLENGERMATCH-26JUL16KUMBRO,Challenger,1784202840,1784203560,49.0,75.0,12,1.0,target,3.12,0.37,2.75
KXATPCHALLENGERMATCH-26JUL16IVAOUA-OUA,KXATPCHALLENGERMATCH-26JUL16IVAOUA,Challenger,1784203800,1784221980,19.0,1.0,32,1.0,stop,-5.76,0.38,-6.14
KXATPMATCH-26JUL17COLVAC-VAC,KXATPMATCH-26JUL17COLVAC,ATP,1784205960,1784285460,42.0,0.0,14,2.0,settlement,-5.88,0.24,-6.12
KXATPCHALLENGERMATCH-26JUL15NAGTOR-TOR,KXATPCHALLENGERMATCH-26JUL15NAGTOR,Challenger,1784208240,1784212200,64.0,1.0,9,2.0,stop,-5.67,0.16,-5.83
KXATPCHALLENGERMATCH-26JUL16MCCTOM-TOM,KXATPCHALLENGERMATCH-26JUL16MCCTOM,Challenger,1784208600,1784221800,50.0,77.0,12,1.0,target,3.24,0.36,2.8800000000000003
KXWTAMATCH-26JUL16KORANN-KOR,KXWTAMATCH-26JUL16KORANN,WTA,1784211480,1784214120,49.0,75.0,12,2.0,target,3.12,0.37,2.75
KXATPCHALLENGERMATCH-26JUL15NAGTOR-TOR,KXATPCHALLENGERMATCH-26JUL15NAGTOR,Challenger,1784212260,1784212320,4.0,0.0,156,2.0,settlement,-6.24,0.42,-6.66
KXATPMATCH-26JUL16MOLDAV-MOL,KXATPMATCH-26JUL16MOLDAV,ATP,1784212380,1784236800,43.0,67.0,14,1.0,target,3.36,0.47,2.8899999999999997
KXWTAMATCH-26JUL17ZIDMAR-ZID,KXWTAMATCH-26JUL17ZIDMAR,WTA,1784214480,1784312700,33.0,52.0,18,1.0,target,3.42,0.6000000000000001,2.82
KXWTAMATCH-26JUL15IBRBAD-IBR,KXWTAMATCH-26JUL15IBRBAD,WTA,1784214600,1784219460,24.0,42.0,26,1.0,target,4.68,0.79,3.8899999999999997
KXATPCHALLENGERMATCH-26JUL16DRAMIL-MIL,KXATPCHALLENGERMATCH-26JUL16DRAMIL,Challenger,1784216940,1784240640,34.0,1.0,18,1.0,stop,-5.94,0.31,-6.25
KXWTAMATCH-26JUL15IBRBAD-IBR,KXWTAMATCH-26JUL15IBRBAD,WTA,1784219520,1784220840,54.0,75.0,11,1.0,target,2.31,0.35,1.96
KXATPMATCH-26JUL17RINTSI-TSI,KXATPMATCH-26JUL17RINTSI,ATP,1784220600,1784310300,63.0,94.0,9,2.0,target,2.79,0.19,2.6
KXWTAMATCH-26JUL15IBRBAD-IBR,KXWTAMATCH-26JUL15IBRBAD,WTA,1784221440,1784222400,72.0,1.0,8,3.0,stop,-5.68,0.13,-5.81
KXATPCHALLENGERMATCH-26JUL16IVAOUA-OUA,KXATPCHALLENGERMATCH-26JUL16IVAOUA,Challenger,1784222040,1784222100,4.0,1.0,156,1.0,stop,-4.68,0.53,-5.21
KXATPCHALLENGERMATCH-26JUL16IVAOUA-OUA,KXATPCHALLENGERMATCH-26JUL16IVAOUA,Challenger,1784222160,1784222220,3.0,1.0,208,1.0,stop,-4.16,0.58,-4.74
KXWTAMATCH-26JUL17OLIBUR-OLI,KXWTAMATCH-26JUL17OLIBUR,WTA,1784222760,1784302140,64.0,97.0,9,1.0,target,2.97,0.16999999999999998,2.8000000000000003
KXWTAMATCH-26JUL15IBRBAD-IBR,KXWTAMATCH-26JUL15IBRBAD,WTA,1784222460,1784222520,10.0,3.0,62,1.0,target,-4.340000000000001,0.53,-4.870000000000001
KXWTAMATCH-26JUL15IBRBAD-IBR,KXWTAMATCH-26JUL15IBRBAD,WTA,1784222580,1784222700,27.0,0.0,23,1.0,settlement,-6.210000000000001,0.32,-6.530000000000001
KXATPCHALLENGERMATCH-26JUL16MCCTOM-TOM,KXATPCHALLENGERMATCH-26JUL16MCCTOM,Challenger,1784223480,1784224980,66.0,98.0,9,2.0,target,2.88,0.16999999999999998,2.71
KXWTAMATCH-26JUL17VALKOR-VAL,KXWTAMATCH-26JUL17VALKOR,WTA,1784224740,1784305080,62.0,0.0,10,3.000000000000007,settlement,-6.2,0.17,-6.37
KXWTAMATCH-26JUL16TAUTON-TON,KXWTAMATCH-26JUL16TAUTON,WTA,1784225760,1784227200,6.0,8.0,104,1.0,target,2.08,0.96,1.12
KXWTAMATCH-26JUL16TAUTON-TON,KXWTAMATCH-26JUL16TAUTON,WTA,1784227260,1784228520,7.0,1.0,89,1.0000000000000009,stop,-5.34,0.48,-5.82
KXATPMATCH-26JUL17BORDAR-DAR,KXATPMATCH-26JUL17BORDAR,ATP,1784228640,1784293320,56.00000000000001,94.0,11,1.000000000000007,target,4.18,0.24,3.9399999999999995
KXATPCHALLENGERMATCH-26JUL16FUESEY-SEY,KXATPCHALLENGERMATCH-26JUL16FUESEY,Challenger,1784228700,1784230620,61.0,0.0,10,1.0,settlement,-6.1,0.17,-6.27
KXWTAMATCH-26JUL16UDVKAW-UDV,KXWTAMATCH-26JUL16UDVKAW,WTA,1784229780,1784230440,69.0,98.0,9,1.0,target,2.61,0.16,2.4499999999999997
KXATPCHALLENGERMATCH-26JUL16GLISEK-SEK,KXATPCHALLENGERMATCH-26JUL16GLISEK,Challenger,1784230800,1784235600,69.0,98.0,9,1.0,target,2.61,0.16,2.4499999999999997
KXATPMATCH-26JUL17RUBBAE-RUB,KXATPMATCH-26JUL17RUBBAE,ATP,1784235060,1784297520,62.0,94.0,10,2.0,target,3.2,0.21000000000000002,2.99
KXWTAMATCH-26JUL17TAUBEJ-TAU,KXWTAMATCH-26JUL17TAUBEJ,WTA,1784236860,1784315520,52.0,80.0,12,2.0,target,3.3600000000000003,0.35,3.0100000000000002
KXATPMATCH-26JUL16MOLDAV-MOL,KXATPMATCH-26JUL16MOLDAV,ATP,1784237340,1784237880,68.0,88.0,9,0.9999999999999858,target,1.8,0.21000000000000002,1.59
KXATPCHALLENGERMATCH-26JUL16SMIMAT-SMI,KXATPCHALLENGERMATCH-26JUL16SMIMAT,Challenger,1784238120,1784239440,70.0,98.0,8,2.0,target,2.24,0.13999999999999999,2.1
KXATPMATCH-26JUL17BURMER-MER,KXATPMATCH-26JUL17BURMER,ATP,1784239500,1784310060,58.99999999999999,90.0,10,1.0,target,3.1000000000000005,0.24000000000000002,2.8600000000000003
KXATPCHALLENGERMATCH-26JUL16DRAMIL-MIL,KXATPCHALLENGERMATCH-26JUL16DRAMIL,Challenger,1784240700,1784240760,3.0,1.0,208,1.0,stop,-4.16,0.58,-4.74
KXATPCHALLENGERMATCH-26JUL17NIJDEN-NIJ,KXATPCHALLENGERMATCH-26JUL17NIJDEN,Challenger,1784242380,1784291040,24.0,1.0,26,3.0,stop,-5.98,0.36000000000000004,-6.340000000000001
KXATPCHALLENGERMATCH-26JUL17KUMBOO-KUM,KXATPCHALLENGERMATCH-26JUL17KUMBOO,Challenger,1784285640,1784296080,57.00000000000001,87.0,10,1.0,target,2.999999999999999,0.26,2.7399999999999993
KXATPCHALLENGERMATCH-26JUL17ALCRON-RON,KXATPCHALLENGERMATCH-26JUL17ALCRON,Challenger,1784291100,1784291520,8.0,1.0,78,1.0000000000000009,stop,-5.460000000000001,0.47,-5.930000000000001
KXATPCHALLENGERMATCH-26JUL17ALCRON-RON,KXATPCHALLENGERMATCH-26JUL17ALCRON,Challenger,1784291580,1784291640,3.0,1.0,208,1.0,stop,-4.16,0.58,-4.74
KXATPCHALLENGERMATCH-26JUL17ALCRON-RON,KXATPCHALLENGERMATCH-26JUL17ALCRON,Challenger,1784291700,1784291760,3.0,1.0,208,1.0,stop,-4.16,0.58,-4.74
KXATPCHALLENGERMATCH-26JUL17ALCRON-RON,KXATPCHALLENGERMATCH-26JUL17ALCRON,Challenger,1784291820,1784292120,3.0,1.0,208,1.0,stop,-4.16,0.58,-4.74
KXATPCHALLENGERMATCH-26JUL17ALCRON-RON,KXATPCHALLENGERMATCH-26JUL17ALCRON,Challenger,1784292180,1784292180,3.0,0.0,208,1.0,settlement,-6.24,0.43,-6.67
KXATPCHALLENGERMATCH-26JUL17SANALM-SAN,KXATPCHALLENGERMATCH-26JUL17SANALM,Challenger,1784292780,1784321460,51.0,78.0,12,2.0,target,3.24,0.36,2.8800000000000003
KXATPCHALLENGERMATCH-26JUL17FORTOM-TOM,KXATPCHALLENGERMATCH-26JUL17FORTOM,Challenger,1784293440,1784345220,66.0,98.0,9,2.0,target,2.88,0.16999999999999998,2.71
KXATPCHALLENGERMATCH-26JUL17NAGBON-NAG,KXATPCHALLENGERMATCH-26JUL17NAGBON,Challenger,1784296140,1784297040,15.000000000000002,21.0,41,1.0,target,2.4599999999999995,0.85,1.6099999999999994
KXATPCHALLENGERMATCH-26JUL17NAGBON-NAG,KXATPCHALLENGERMATCH-26JUL17NAGBON,Challenger,1784297100,1784297520,31.0,1.0,20,1.0,stop,-6.0,0.32,-6.32
KXATPMATCH-26JUL17HALSHE-SHE,KXATPMATCH-26JUL17HALSHE,ATP,1784297580,1784302080,46.0,71.0,13,2.0,target,3.25,0.42000000000000004,2.83
KXATPMATCH-26JUL17DZUMOL-MOL,KXATPMATCH-26JUL17DZUMOL,ATP,1784297640,1784325060,69.0,0.0,9,1.0,settlement,-6.209999999999999,0.14,-6.349999999999999
KXATPCHALLENGERMATCH-26JUL17DRAGEA-GEA,KXATPCHALLENGERMATCH-26JUL17DRAGEA,Challenger,1784302140,1784319660,66.0,98.0,9,1.0,target,2.88,0.16999999999999998,2.71
KXATPCHALLENGERMATCH-26JUL17ADDIVA-IVA,KXATPCHALLENGERMATCH-26JUL17ADDIVA,Challenger,1784302200,1784316720,70.0,94.0,8,1.0,target,1.92,0.16,1.76
KXATPCHALLENGERMATCH-26JUL17SEKCAS-SEK,KXATPCHALLENGERMATCH-26JUL17SEKCAS,Challenger,1784305140,1784310480,39.0,0.0,16,2.0,settlement,-6.24,0.27,-6.51
KXATPCHALLENGERMATCH-26JUL17WONJOH-WON,KXATPCHALLENGERMATCH-26JUL17WONJOH,Challenger,1784310120,1784335020,65.0,1.0,9,2.0,stop,-5.76,0.16,-5.92
KXATPMATCH-26JUL18COLCER-COL,KXATPMATCH-26JUL18COLCER,ATP,1784310480,1784370060,58.99999999999999,1.0,10,1.0,stop,-5.8,0.18000000000000002,-5.9799999999999995
KXATPMATCH-26JUL18RUBTAB-TAB,KXATPMATCH-26JUL18RUBTAB,ATP,1784311020,1784392320,32.0,1.0,19,2.9999999999999964,stop,-5.89,0.31,-6.199999999999999
KXWTAMATCH-26JUL17ZIDMAR-ZID,KXWTAMATCH-26JUL17ZIDMAR,WTA,1784312760,1784317740,55.0,90.0,11,1.0,target,3.8499999999999996,0.27,3.5799999999999996
KXATPCHALLENGERMATCH-26JUL17RODCRA-CRA,KXATPCHALLENGERMATCH-26JUL17RODCRA,Challenger,1784317380,1784323860,70.0,0.0,8,1.0,settlement,-5.6,0.12,-5.72
KXWTAMATCH-26JUL18SAKKOR-SAK,KXWTAMATCH-26JUL18SAKKOR,WTA,1784319660,1784397660,68.0,98.0,9,2.0,target,2.6999999999999997,0.16,2.5399999999999996
KXATPCHALLENGERMATCH-26JUL17SANALM-SAN,KXATPCHALLENGERMATCH-26JUL17SANALM,Challenger,1784322180,1784326500,67.0,98.0,9,1.0,target,2.79,0.16,2.63
KXWTAMATCH-26JUL18BADZID-ZID,KXWTAMATCH-26JUL18BADZID,WTA,1784323680,1784392740,27.0,44.0,23,3.0,target,3.91,0.72,3.1900000000000004
KXWTAMATCH-26JUL18TAUKRE-TAU,KXWTAMATCH-26JUL18TAUKRE,WTA,1784326860,1784409000,43.0,0.0,14,3.0,settlement,-6.02,0.25,-6.27
KXATPMATCH-26JUL18MERDZU-MER,KXATPMATCH-26JUL18MERDZU,ATP,1784330940,1784401740,70.0,98.0,8,3.0,target,2.24,0.13999999999999999,2.1
KXATPCHALLENGERMATCH-26JUL18DENCOP-DEN,KXATPCHALLENGERMATCH-26JUL18DENCOP,Challenger,1784334420,1784379840,51.0,80.0,12,3.0,target,3.4799999999999995,0.35,3.1299999999999994
KXATPCHALLENGERMATCH-26JUL17WONJOH-WON,KXATPCHALLENGERMATCH-26JUL17WONJOH,Challenger,1784335080,1784335080,3.0,0.0,208,0.9999999999999991,settlement,-6.24,0.43,-6.67
KXATPCHALLENGERMATCH-26JUL18ALCVIL-VIL,KXATPCHALLENGERMATCH-26JUL18ALCVIL,Challenger,1784341920,1784387100,31.0,48.0,20,1.0000000000000036,target,3.4000000000000004,0.6499999999999999,2.7500000000000004
KXATPCHALLENGERMATCH-26JUL18CASGEA-GEA,KXATPCHALLENGERMATCH-26JUL18CASGEA,Challenger,1784346960,1784411100,66.0,98.0,9,3.0,target,2.88,0.16999999999999998,2.71
KXATPCHALLENGERMATCH-26JUL18TOMJOH-TOM,KXATPCHALLENGERMATCH-26JUL18TOMJOH,Challenger,1784348220,1784424000,47.0,73.0,13,3.0,target,3.38,0.41000000000000003,2.9699999999999998
KXATPMATCH-26JUL18COLCER-COL,KXATPMATCH-26JUL18COLCER,ATP,1784370120,1784370300,5.0,1.0,125,1.0,stop,-5.0,0.51,-5.51
KXATPMATCH-26JUL18COLCER-COL,KXATPMATCH-26JUL18COLCER,ATP,1784370360,1784370420,10.0,5.0,62,1.0,target,-3.1,0.61,-3.71
KXATPMATCH-26JUL18COLCER-COL,KXATPMATCH-26JUL18COLCER,ATP,1784370480,1784371500,22.0,39.0,28,1.0,target,4.760000000000001,0.81,3.9500000000000006
KXATPMATCH-26JUL18COLCER-COL,KXATPMATCH-26JUL18COLCER,ATP,1784371560,1784374380,53.0,70.0,11,2.0,target,1.87,0.37,1.5
KXATPMATCH-26JUL18BUTTAB-BUT,KXATPMATCH-26JUL18BUTTAB,ATP,1784374560,1784381460,69.0,1.0,9,2.0,stop,-6.12,0.15000000000000002,-6.2700000000000005
KXATPMATCH-26JUL18SHETSI-TSI,KXATPMATCH-26JUL18SHETSI,ATP,1784381040,1784382780,70.0,98.0,8,1.0,target,2.24,0.13999999999999999,2.1
KXATPMATCH-26JUL19TSICOL-TSI,KXATPMATCH-26JUL19TSICOL,ATP,1784385480,1784455320,53.0,74.0,11,2.0,target,2.31,0.35,1.96
KXATPMATCH-26JUL18HEIFEL-FEL,KXATPMATCH-26JUL18HEIFEL,ATP,1784385600,1784388540,66.0,98.0,9,1.0,target,2.88,0.16999999999999998,2.71
KXATPCHALLENGERMATCH-26JUL18ALCVIL-VIL,KXATPCHALLENGERMATCH-26JUL18ALCVIL,Challenger,1784387160,1784390340,57.00000000000001,84.0,10,3.0,target,2.6999999999999993,0.28,2.419999999999999
KXATPCHALLENGERMATCH-26JUL18RODSAN-SAN,KXATPCHALLENGERMATCH-26JUL18RODSAN,Challenger,1784388840,1784407620,24.0,1.0,26,1.0,stop,-5.98,0.36000000000000004,-6.340000000000001
KXATPMATCH-26JUL19JACDAN-JAC,KXATPMATCH-26JUL19JACDAN,ATP,1784390460,1784466240,52.0,0.0,12,3.0,settlement,-6.24,0.21,-6.45
KXATPCHALLENGERMATCH-26JUL18ALCVIL-VIL,KXATPCHALLENGERMATCH-26JUL18ALCVIL,Challenger,1784392380,1784394120,37.0,1.0,16,1.0,stop,-5.76,0.29000000000000004,-6.05
KXATPMATCH-26JUL18RUBTAB-TAB,KXATPMATCH-26JUL18RUBTAB,ATP,1784392800,1784392800,5.0,0.0,125,1.0,settlement,-6.25,0.42,-6.67
KXWTAMATCH-26JUL18BADZID-ZID,KXWTAMATCH-26JUL18BADZID,WTA,1784392860,1784395320,55.0,74.0,11,1.0,target,2.09,0.35,1.7399999999999998
KXATPCHALLENGERMATCH-26JUL18ALCVIL-VIL,KXATPCHALLENGERMATCH-26JUL18ALCVIL,Challenger,1784394180,1784394240,4.0,1.0,156,1.0,stop,-4.68,0.53,-5.21
KXATPCHALLENGERMATCH-26JUL18ALCVIL-VIL,KXATPCHALLENGERMATCH-26JUL18ALCVIL,Challenger,1784394360,1784394420,3.0,1.0,208,1.0,stop,-4.16,0.58,-4.74
KXATPCHALLENGERMATCH-26JUL18ALCVIL-VIL,KXATPCHALLENGERMATCH-26JUL18ALCVIL,Challenger,1784394480,1784394540,4.0,1.0,156,1.0,stop,-4.68,0.53,-5.21
KXATPCHALLENGERMATCH-26JUL18ALCVIL-VIL,KXATPCHALLENGERMATCH-26JUL18ALCVIL,Challenger,1784394660,1784394720,4.0,1.0,156,1.0,stop,-4.68,0.53,-5.21
KXATPCHALLENGERMATCH-26JUL18ALCVIL-VIL,KXATPCHALLENGERMATCH-26JUL18ALCVIL,Challenger,1784394780,1784394840,4.0,1.0,156,1.0,stop,-4.68,0.53,-5.21
KXATPCHALLENGERMATCH-26JUL18ALCVIL-VIL,KXATPCHALLENGERMATCH-26JUL18ALCVIL,Challenger,1784394900,1784394960,4.0,1.0,156,1.0,stop,-4.68,0.53,-5.21
KXATPMATCH-26JUL19CINGIU-GIU,KXATPMATCH-26JUL19CINGIU,ATP,1784395020,1784467860,33.0,1.0,18,2.0,stop,-5.76,0.30000000000000004,-6.06
KXATPMATCH-26JUL19RUBDAR-RUB,KXATPMATCH-26JUL19RUBDAR,ATP,1784395380,1784466060,57.00000000000001,87.0,10,3.000000000000007,target,2.999999999999999,0.26,2.7399999999999993
KXWTAMATCH-26JUL18BADZID-ZID,KXWTAMATCH-26JUL18BADZID,WTA,1784397720,1784399580,42.0,65.0,14,1.0,target,3.22,0.47,2.75
KXATPMATCH-26JUL19RODSAC-SAC,KXATPMATCH-26JUL19RODSAC,ATP,1784399820,1784474940,43.0,0.0,14,2.0,settlement,-6.02,0.25,-6.27
KXATPMATCH-26JUL19FELKOP-KOP,KXATPMATCH-26JUL19FELKOP,ATP,1784402100,1784474580,32.0,1.0,19,1.0,stop,-5.89,0.31,-6.199999999999999
KXATPCHALLENGERMATCH-26JUL18RODSAN-SAN,KXATPCHALLENGERMATCH-26JUL18RODSAN,Challenger,1784407680,1784407740,3.0,1.0,208,1.0,stop,-4.16,0.58,-4.74
KXATPCHALLENGERMATCH-26JUL18RODSAN-SAN,KXATPCHALLENGERMATCH-26JUL18RODSAN,Challenger,1784407800,1784407860,3.0,1.0,208,1.0,stop,-4.16,0.58,-4.74
KXATPCHALLENGERMATCH-26JUL18RODSAN-SAN,KXATPCHALLENGERMATCH-26JUL18RODSAN,Challenger,1784407920,1784407980,3.0,1.0,208,1.0,stop,-4.16,0.58,-4.74
KXATPCHALLENGERMATCH-26JUL18RODSAN-SAN,KXATPCHALLENGERMATCH-26JUL18RODSAN,Challenger,1784408040,1784408100,3.0,1.0,208,1.0,stop,-4.16,0.58,-4.74
KXATPCHALLENGERMATCH-26JUL18RODSAN-SAN,KXATPCHALLENGERMATCH-26JUL18RODSAN,Challenger,1784408160,1784408220,4.0,1.0,156,1.0,stop,-4.68,0.53,-5.21
KXATPCHALLENGERMATCH-26JUL18RODSAN-SAN,KXATPCHALLENGERMATCH-26JUL18RODSAN,Challenger,1784408280,1784408340,3.0,1.0,208,1.0,stop,-4.16,0.58,-4.74
KXATPCHALLENGERMATCH-26JUL18RODSAN-SAN,KXATPCHALLENGERMATCH-26JUL18RODSAN,Challenger,1784408400,1784408460,3.0,1.0,208,1.0,stop,-4.16,0.58,-4.74
KXATPCHALLENGERMATCH-26JUL18RODSAN-SAN,KXATPCHALLENGERMATCH-26JUL18RODSAN,Challenger,1784408520,1784408580,3.0,1.0,208,1.0,stop,-4.16,0.58,-4.74
KXATPCHALLENGERMATCH-26JUL18RODSAN-SAN,KXATPCHALLENGERMATCH-26JUL18RODSAN,Challenger,1784408640,1784408700,3.0,1.0,208,1.0,stop,-4.16,0.58,-4.74
KXATPCHALLENGERMATCH-26JUL18RODSAN-SAN,KXATPCHALLENGERMATCH-26JUL18RODSAN,Challenger,1784408760,1784408820,3.0,1.0,208,1.0,stop,-4.16,0.58,-4.74
KXATPMATCH-26JUL19PELBUE-PEL,KXATPMATCH-26JUL19PELBUE,ATP,1784409360,1784469540,69.0,0.0,9,1.0,settlement,-6.209999999999999,0.14,-6.349999999999999
KXWTAMATCH-26JUL19COSAKS-COS,KXWTAMATCH-26JUL19COSAKS,WTA,1784409300,1784471640,66.0,98.0,9,3.0,target,2.88,0.16999999999999998,2.71
KXATPMATCH-26JUL19MARSKA-SKA,KXATPMATCH-26JUL19MARSKA,ATP,1784411340,1784476020,43.0,1.0,14,1.0,stop,-5.88,0.26,-6.14
KXWTAMATCH-26JUL19KRESAK-SAK,KXWTAMATCH-26JUL19KRESAK,WTA,1784424360,1784487000,57.99999999999999,1.0,10,1.9999999999999858,stop,-5.699999999999999,0.19,-5.89
KXATPCHALLENGERMATCH-26JUL19HERECH-HER,KXATPCHALLENGERMATCH-26JUL19HERECH,Challenger,1784455380,1784455740,44.0,68.0,14,1.0,target,3.36,0.47,2.8899999999999997
KXATPMATCH-26JUL19DELDJE-DJE,KXATPMATCH-26JUL19DELDJE,ATP,1784455800,1784466780,67.0,98.0,9,1.0,target,2.79,0.16,2.63
KXATPCHALLENGERMATCH-26JUL19DENGEN-GEN,KXATPCHALLENGERMATCH-26JUL19DENGEN,Challenger,1784466120,1784467020,8.0,15.0,78,1.9999999999999991,target,5.460000000000001,1.1099999999999999,4.350000000000001
KXATPCHALLENGERMATCH-26JUL19RODIVA-ROD,KXATPCHALLENGERMATCH-26JUL19RODIVA,Challenger,1784466480,1784502300,65.0,97.0,9,1.0,target,2.88,0.16999999999999998,2.71
KXWTAMATCH-26JUL19SALKNU-SAL,KXWTAMATCH-26JUL19SALKNU,WTA,1784466960,1784472060,68.0,98.0,9,2.0,target,2.6999999999999997,0.16,2.5399999999999996
KXATPCHALLENGERMATCH-26JUL19DENGEN-GEN,KXATPCHALLENGERMATCH-26JUL19DENGEN,Challenger,1784467080,1784467380,18.0,34.0,34,2.0,target,5.44,0.9,4.54
KXATPCHALLENGERMATCH-26JUL19DENGEN-GEN,KXATPCHALLENGERMATCH-26JUL19DENGEN,Challenger,1784467500,1784469300,44.0,1.0,14,2.0,stop,-6.02,0.26,-6.279999999999999
KXWTAMATCH-26JUL19PODSAI-SAI,KXWTAMATCH-26JUL19PODSAI,WTA,1784467920,1784470140,15.000000000000002,1.0,41,1.0,stop,-5.74,0.4,-6.140000000000001
KXATPCHALLENGERMATCH-26JUL19DENGEN-GEN,KXATPCHALLENGERMATCH-26JUL19DENGEN,Challenger,1784469360,1784469360,3.0,0.0,208,1.0,settlement,-6.24,0.43,-6.67
KXWTAMATCH-26JUL19VEDGAR-GAR,KXWTAMATCH-26JUL19VEDGAR,WTA,1784469600,1784475600,46.0,0.0,13,1.0,settlement,-5.98,0.23,-6.210000000000001
KXWTAMATCH-26JUL19PODSAI-SAI,KXWTAMATCH-26JUL19PODSAI,WTA,1784470200,1784470260,3.0,1.0,208,1.0,stop,-4.16,0.58,-4.74
KXWTAMATCH-26JUL19YASBAR-YAS,KXWTAMATCH-26JUL19YASBAR,WTA,1784470200,1784471040,22.0,34.0,28,1.0,target,3.36,0.78,2.58
KXWTAMATCH-26JUL19PODSAI-SAI,KXWTAMATCH-26JUL19PODSAI,WTA,1784470320,1784470320,3.0,0.0,208,1.0,settlement,-6.24,0.43,-6.67
KXATPMATCH-26JUL19LUZTAB-TAB,KXATPMATCH-26JUL19LUZTAB,ATP,1784470440,1784473020,56.00000000000001,0.0,11,1.000000000000007,settlement,-6.16,0.19,-6.3500000000000005
KXATPCHALLENGERMATCH-26JUL19TOMLAJ-TOM,KXATPCHALLENGERMATCH-26JUL19TOMLAJ,Challenger,1784471100,1784509860,37.0,58.0,16,1.0,target,3.36,0.55,2.8099999999999996
KXWTAMATCH-26JUL19YASBAR-YAS,KXWTAMATCH-26JUL19YASBAR,WTA,1784471700,1784473260,20.0,1.0,31,1.0,stop,-5.89,0.38,-6.27
KXATPCHALLENGERMATCH-26JUL19MALMOR-MAL,KXATPCHALLENGERMATCH-26JUL19MALMOR,Challenger,1784472180,1784476860,70.0,94.0,8,1.0,target,1.92,0.16,1.76
KXATPCHALLENGERMATCH-26JUL19PIENES-NES,KXATPCHALLENGERMATCH-26JUL19PIENES,Challenger,1784473500,1784478900,68.0,98.0,9,1.0,target,2.6999999999999997,0.16,2.5399999999999996
KXATPCHALLENGERMATCH-26JUL19RITGOM-RIT,KXATPCHALLENGERMATCH-26JUL19RITGOM,Challenger,1784473980,1784480640,67.0,0.0,9,1.0,settlement,-6.03,0.14,-6.17
KXATPMATCH-26JUL19ALTCOL-COL,KXATPMATCH-26JUL19ALTCOL,ATP,1784475240,1784650380,63.0,1.0,9,3.0,stop,-5.58,0.16,-5.74
KXATPMATCH-26JUL19MARSKA-SKA,KXATPMATCH-26JUL19MARSKA,ATP,1784476080,1784476140,3.0,1.0,208,1.0,stop,-4.16,0.58,-4.74
KXATPCHALLENGERMATCH-26JUL19VALCAS-VAL,KXATPCHALLENGERMATCH-26JUL19VALCAS,Challenger,1784476500,1784481960,66.0,98.0,9,1.0,target,2.88,0.16999999999999998,2.71
KXATPCHALLENGERMATCH-26JUL19BARLEO-LEO,KXATPCHALLENGERMATCH-26JUL19BARLEO,Challenger,1784478540,1784479080,77.0,98.0,8,1.0,target,1.68,0.12000000000000001,1.5599999999999998
KXWTAMATCH-26JUL20PIECAR-PIE,KXWTAMATCH-26JUL20PIECAR,WTA,1784478900,1784535900,25.0,39.0,25,3.0,target,3.5000000000000004,0.75,2.7500000000000004
KXATPCHALLENGERMATCH-26JUL19LANMAY-LAN,KXATPCHALLENGERMATCH-26JUL19LANMAY,Challenger,1784479560,1784484360,70.0,1.0,8,1.0,stop,-5.52,0.13,-5.6499999999999995
KXWTAMATCH-26JUL20NIEMAL-NIE,KXWTAMATCH-26JUL20NIEMAL,WTA,1784479620,1784544120,58.99999999999999,90.0,10,2.999999999999986,target,3.1000000000000005,0.24000000000000002,2.8600000000000003
KXATPCHALLENGERMATCH-26JUL19ARSMAR-ARS,KXATPCHALLENGERMATCH-26JUL19ARSMAR,Challenger,1784480160,1784482620,70.0,98.0,8,1.0,target,2.24,0.13999999999999999,2.1
KXATPCHALLENGERMATCH-26JUL19WINSHE-SHE,KXATPCHALLENGERMATCH-26JUL19WINSHE,Challenger,1784480700,1784484600,61.0,1.0,10,1.0,stop,-6.0,0.18000000000000002,-6.18
KXATPCHALLENGERMATCH-26JUL19BANZHU-ZHU,KXATPCHALLENGERMATCH-26JUL19BANZHU,Challenger,1784482260,1784483580,69.0,98.0,9,1.0,target,2.61,0.16,2.4499999999999997
KXATPCHALLENGERMATCH-26JUL19KOZVIT-VIT,KXATPCHALLENGERMATCH-26JUL19KOZVIT,Challenger,1784482980,1784485980,36.0,1.0,17,2.0,stop,-5.949999999999999,0.30000000000000004,-6.249999999999999
KXATPCHALLENGERMATCH-26JUL19VUKGEA-VUK,KXATPCHALLENGERMATCH-26JUL19VUKGEA,Challenger,1784483880,1784493480,35.0,55.0,17,2.0,target,3.4000000000000004,0.5800000000000001,2.8200000000000003
KXATPCHALLENGERMATCH-26JUL19ROZSHE-SHE,KXATPCHALLENGERMATCH-26JUL19ROZSHE,Challenger,1784484960,1784488560,66.0,83.0,9,3.0,target,1.53,0.24,1.29
KXATPCHALLENGERMATCH-26JUL19CLAKUZ-CLA,KXATPCHALLENGERMATCH-26JUL19CLAKUZ,Challenger,1784486520,1784486700,48.0,70.0,13,1.0,target,2.86,0.43000000000000005,2.4299999999999997
KXWTAMATCH-26JUL19KRESAK-SAK,KXWTAMATCH-26JUL19KRESAK,WTA,1784487060,1784487120,5.0,1.0,125,1.0,stop,-5.0,0.51,-5.51
KXATPCHALLENGERMATCH-26JUL19CLAKUZ-CLA,KXATPCHALLENGERMATCH-26JUL19CLAKUZ,Challenger,1784487300,1784494620,72.0,0.0,8,1.0,settlement,-5.76,0.12,-5.88
KXATPCHALLENGERMATCH-26JUL19KIRAGU-KIR,KXATPCHALLENGERMATCH-26JUL19KIRAGU,Challenger,1784488680,1784496540,75.0,1.0,8,1.0,stop,-5.92,0.12,-6.04
KXATPCHALLENGERMATCH-26JUL19IMATRA-IMA,KXATPCHALLENGERMATCH-26JUL19IMATRA,Challenger,1784489160,1784491740,69.0,98.0,9,1.0,target,2.61,0.16,2.4499999999999997
KXATPCHALLENGERMATCH-26JUL19VUKGEA-VUK,KXATPCHALLENGERMATCH-26JUL19VUKGEA,Challenger,1784493540,1784497920,57.99999999999999,90.0,10,1.0,target,3.2000000000000006,0.25,2.9500000000000006
KXATPCHALLENGERMATCH-26JUL20PETTAB-TAB,KXATPCHALLENGERMATCH-26JUL20PETTAB,Challenger,1784496840,1784540820,33.0,52.0,18,3.0000000000000036,target,3.42,0.6000000000000001,2.82
KXATPCHALLENGERMATCH-26JUL20GIUHER-HER,KXATPCHALLENGERMATCH-26JUL20GIUHER,Challenger,1784499060,1784541840,21.0,1.0,29,2.0,stop,-5.800000000000001,0.37,-6.170000000000001
KXATPCHALLENGERMATCH-26JUL20CALKUM-KUM,KXATPCHALLENGERMATCH-26JUL20CALKUM,Challenger,1784499000,1784540280,28.0,45.0,22,3.0000000000000036,target,3.74,0.71,3.0300000000000002
KXATPCHALLENGERMATCH-26JUL20VALGOM-VAL,KXATPCHALLENGERMATCH-26JUL20VALGOM,Challenger,1784499960,1784546280,21.0,1.0,29,3.0,stop,-5.800000000000001,0.37,-6.170000000000001
KXWTAMATCH-26JUL20PODLEE-POD,KXWTAMATCH-26JUL20PODLEE,WTA,1784500980,1784554920,41.0,1.0,15,1.0,stop,-6.0,0.28,-6.28
KXATPCHALLENGERMATCH-26JUL20MONNES-NES,KXATPCHALLENGERMATCH-26JUL20MONNES,Challenger,1784502600,1784552820,34.0,53.0,18,2.0,target,3.42,0.61,2.81
KXATPCHALLENGERMATCH-26JUL19TOMLAJ-TOM,KXATPCHALLENGERMATCH-26JUL19TOMLAJ,Challenger,1784509920,1784511780,47.0,1.0,13,1.0,stop,-5.98,0.24000000000000002,-6.220000000000001
KXATPCHALLENGERMATCH-26JUL19TOMLAJ-TOM,KXATPCHALLENGERMATCH-26JUL19TOMLAJ,Challenger,1784511840,1784512020,39.0,58.0,16,1.0,target,3.04,0.55,2.49
KXATPCHALLENGERMATCH-26JUL20MARROS-ROS,KXATPCHALLENGERMATCH-26JUL20MARROS,Challenger,1784512980,1784550240,23.0,1.0,27,3.0,stop,-5.94,0.36000000000000004,-6.300000000000001
KXWTAMATCH-26JUL20PIECAR-PIE,KXWTAMATCH-26JUL20PIECAR,WTA,1784535960,1784536680,40.0,58.0,15,2.0,target,2.6999999999999997,0.52,2.1799999999999997
KXATPCHALLENGERMATCH-26JUL20MAYMAG-MAY,KXATPCHALLENGERMATCH-26JUL20MAYMAG,Challenger,1784536800,1784566500,68.0,0.0,9,1.0,settlement,-6.12,0.14,-6.26
KXATPCHALLENGERMATCH-26JUL20CALKUM-KUM,KXATPCHALLENGERMATCH-26JUL20CALKUM,Challenger,1784540340,1784544720,57.00000000000001,86.0,10,1.000000000000007,target,2.8999999999999995,0.27,2.6299999999999994
KXATPCHALLENGERMATCH-26JUL20MARBIT-MAR,KXATPCHALLENGERMATCH-26JUL20MARBIT,Challenger,1784540880,1784543760,29.999999999999996,47.0,20,0.9999999999999929,target,3.400000000000001,0.6499999999999999,2.750000000000001
KXATPCHALLENGERMATCH-26JUL20GIUHER-HER,KXATPCHALLENGERMATCH-26JUL20GIUHER,Challenger,1784541900,1784541960,3.0,1.0,208,1.0,stop,-4.16,0.58,-4.74
KXATPCHALLENGERMATCH-26JUL20JOHAGU-JOH,KXATPCHALLENGERMATCH-26JUL20JOHAGU,Challenger,1784542080,1784567400,56.00000000000001,86.0,11,1.000000000000007,target,3.2999999999999994,0.29000000000000004,3.0099999999999993
KXATPCHALLENGERMATCH-26JUL20PALLEO-PAL,KXATPCHALLENGERMATCH-26JUL20PALLEO,Challenger,1784543820,1784559420,46.0,71.0,13,1.0,target,3.25,0.42000000000000004,2.83
KXATPCHALLENGERMATCH-26JUL20MARBIT-MAR,KXATPCHALLENGERMATCH-26JUL20MARBIT,Challenger,1784544180,1784545080,28.0,56.0,22,1.0,target,6.16,0.7,5.46
KXATPCHALLENGERMATCH-26JUL20POLBRU-POL,KXATPCHALLENGERMATCH-26JUL20POLBRU,Challenger,1784544780,1784546880,51.0,1.0,12,1.0,stop,-6.0,0.22,-6.22
KXATPCHALLENGERMATCH-26JUL20MARBIT-MAR,KXATPCHALLENGERMATCH-26JUL20MARBIT,Challenger,1784545140,1784546580,65.0,98.0,9,1.0,target,2.97,0.16999999999999998,2.8000000000000003
KXATPCHALLENGERMATCH-26JUL20VALGOM-VAL,KXATPCHALLENGERMATCH-26JUL20VALGOM,Challenger,1784546340,1784546400,4.0,1.0,156,1.0,stop,-4.68,0.53,-5.21
KXATPCHALLENGERMATCH-26JUL20VALGOM-VAL,KXATPCHALLENGERMATCH-26JUL20VALGOM,Challenger,1784546460,1784546700,4.0,1.0,156,1.0,stop,-4.68,0.53,-5.21
KXATPCHALLENGERMATCH-26JUL20KOZPAS-PAS,KXATPCHALLENGERMATCH-26JUL20KOZPAS,Challenger,1784546700,1784567340,37.0,58.0,16,2.0,target,3.36,0.55,2.8099999999999996
KXATPCHALLENGERMATCH-26JUL20SURKUZ-SUR,KXATPCHALLENGERMATCH-26JUL20SURKUZ,Challenger,1784546820,1784575980,69.0,0.0,9,2.0,settlement,-6.209999999999999,0.14,-6.349999999999999
KXATPCHALLENGERMATCH-26JUL20POLBRU-POL,KXATPCHALLENGERMATCH-26JUL20POLBRU,Challenger,1784546940,1784546940,9.0,0.0,69,1.0,settlement,-6.21,0.4,-6.61
KXATPCHALLENGERMATCH-26JUL20VANOUA-VAN,KXATPCHALLENGERMATCH-26JUL20VANOUA,Challenger,1784547000,1784550180,64.0,95.0,9,1.0,target,2.79,0.18,2.61
KXATPCHALLENGERMATCH-26JUL20MILSHE-SHE,KXATPCHALLENGERMATCH-26JUL20MILSHE,Challenger,1784550300,1784567760,47.0,1.0,13,1.0,stop,-5.98,0.24000000000000002,-6.220000000000001
KXATPCHALLENGERMATCH-26JUL20MARROS-ROS,KXATPCHALLENGERMATCH-26JUL20MARROS,Challenger,1784550300,1784550360,3.0,1.0,208,1.0,stop,-4.16,0.58,-4.74
KXATPCHALLENGERMATCH-26JUL20MARROS-ROS,KXATPCHALLENGERMATCH-26JUL20MARROS,Challenger,1784550420,1784550420,3.0,0.0,208,1.0,settlement,-6.24,0.43,-6.67
KXATPCHALLENGERMATCH-26JUL20TORSTR-TOR,KXATPCHALLENGERMATCH-26JUL20TORSTR,Challenger,1784550480,1784552640,41.0,1.0,15,1.0,stop,-6.0,0.28,-6.28
KXATPCHALLENGERMATCH-26JUL20TORSTR-TOR,KXATPCHALLENGERMATCH-26JUL20TORSTR,Challenger,1784552700,1784552760,5.0,1.0,125,1.0,stop,-5.0,0.51,-5.51
KXATPCHALLENGERMATCH-26JUL20TOKHUR-TOK,KXATPCHALLENGERMATCH-26JUL20TOKHUR,Challenger,1784553360,1784573460,57.00000000000001,1.0,10,2.000000000000007,stop,-5.6000000000000005,0.19,-5.790000000000001
KXATPCHALLENGERMATCH-26JUL20MONNES-NES,KXATPCHALLENGERMATCH-26JUL20MONNES,Challenger,1784552880,1784553540,44.0,1.0,14,1.0,stop,-6.02,0.26,-6.279999999999999
KXATPCHALLENGERMATCH-26JUL20TORSTR-TOR,KXATPCHALLENGERMATCH-26JUL20TORSTR,Challenger,1784553600,1784553960,12.0,1.0,52,1.0,stop,-5.72,0.43,-6.1499999999999995
KXATPCHALLENGERMATCH-26JUL20ZHUMAL-ZHU,KXATPCHALLENGERMATCH-26JUL20ZHUMAL,Challenger,1784554020,1784562000,47.0,73.0,13,2.0,target,3.38,0.41000000000000003,2.9699999999999998
KXATPMATCH-26JUL20DIACIN-CIN,KXATPMATCH-26JUL20DIACIN,ATP,1784554980,1784560200,58.99999999999999,1.0,10,1.0,stop,-5.8,0.18000000000000002,-5.9799999999999995
KXWTAMATCH-26JUL20AKSCOS-COS,KXWTAMATCH-26JUL20AKSCOS,WTA,1784559480,1784563500,69.0,0.0,9,1.0,settlement,-6.209999999999999,0.14,-6.349999999999999
KXATPCHALLENGERMATCH-26JUL20WINARS-WIN,KXATPCHALLENGERMATCH-26JUL20WINARS,Challenger,1784564400,1784572440,73.0,1.0,8,2.0,stop,-5.76,0.13,-5.89
KXATPCHALLENGERMATCH-26JUL20CREMAT-MAT,KXATPCHALLENGERMATCH-26JUL20CREMAT,Challenger,1784564760,1784631660,49.0,73.0,12,3.0,target,2.88,0.38,2.5
KXATPCHALLENGERMATCH-26JUL20KOZPAS-PAS,KXATPCHALLENGERMATCH-26JUL20KOZPAS,Challenger,1784567400,1784570400,61.0,90.0,10,1.0,target,2.9,0.24000000000000002,2.6599999999999997
KXATPCHALLENGERMATCH-26JUL20MILSHE-SHE,KXATPCHALLENGERMATCH-26JUL20MILSHE,Challenger,1784567820,1784567940,3.0,1.0,208,1.0,stop,-4.16,0.58,-4.74
KXATPCHALLENGERMATCH-26JUL20MILSHE-SHE,KXATPCHALLENGERMATCH-26JUL20MILSHE,Challenger,1784568000,1784568000,3.0,0.0,208,1.0,settlement,-6.24,0.43,-6.67
KXATPCHALLENGERMATCH-26JUL20JOHAGU-JOH,KXATPCHALLENGERMATCH-26JUL20JOHAGU,Challenger,1784570520,1784574240,69.0,98.0,9,2.0,target,2.61,0.16,2.4499999999999997
KXWTAMATCH-26JUL21CARNIE-NIE,KXWTAMATCH-26JUL21CARNIE,WTA,1784570880,1784638920,33.0,52.0,18,1.0,target,3.42,0.6000000000000001,2.82
KXATPMATCH-26JUL21TABTOR-TOR,KXATPMATCH-26JUL21TABTOR,ATP,1784571000,1784738220,15.000000000000002,21.0,41,3.0,target,2.4599999999999995,0.85,1.6099999999999994
KXATPCHALLENGERMATCH-26JUL20KOZPAS-PAS,KXATPCHALLENGERMATCH-26JUL20KOZPAS,Challenger,1784571060,1784571720,74.0,98.0,8,2.0,target,1.92,0.13,1.79
KXATPCHALLENGERMATCH-26JUL20KYMCLA-CLA,KXATPCHALLENGERMATCH-26JUL20KYMCLA,Challenger,1784572440,1784574300,60.0,87.0,10,1.0,target,2.7,0.25,2.45
KXATPCHALLENGERMATCH-26JUL20TOKHUR-TOK,KXATPCHALLENGERMATCH-26JUL20TOKHUR,Challenger,1784573520,1784573580,3.0,1.0,208,1.0,stop,-4.16,0.58,-4.74
KXATPCHALLENGERMATCH-26JUL20ECHHAR-HAR,KXATPCHALLENGERMATCH-26JUL20ECHHAR,Challenger,1784574420,1784575560,85.0,94.0,7,1.0,target,0.63,0.1,0.53
KXATPCHALLENGERMATCH-26JUL20KYMCLA-CLA,KXATPCHALLENGERMATCH-26JUL20KYMCLA,Challenger,1784575200,1784577960,62.0,1.0,10,1.0,stop,-6.1,0.18000000000000002,-6.279999999999999
KXATPMATCH-26JUL20DJECIN-DJE,KXATPMATCH-26JUL20DJECIN,ATP,1784575740,1784585940,71.0,65.0,8,3.0,settlement,-0.48,0.12,-0.6
KXATPMATCH-26JUL20ROCMAR-MAR,KXATPMATCH-26JUL20ROCMAR,ATP,1784576700,1784579340,54.0,75.0,11,1.0,target,2.31,0.35,1.96
KXATPCHALLENGERMATCH-26JUL20BICWAL-BIC,KXATPCHALLENGERMATCH-26JUL20BICWAL,Challenger,1784579220,1784582760,36.0,0.0,17,1.0,settlement,-6.12,0.28,-6.4
KXATPCHALLENGERMATCH-26JUL21BARVIS-VIS,KXATPCHALLENGERMATCH-26JUL21BARVIS,Challenger,1784582820,1784621880,35.0,55.0,17,3.0,target,3.4000000000000004,0.5800000000000001,2.8200000000000003
KXATPCHALLENGERMATCH-26JUL21KASWES-WES,KXATPCHALLENGERMATCH-26JUL21KASWES,Challenger,1784584560,1784628060,21.0,1.0,29,2.0,stop,-5.800000000000001,0.37,-6.170000000000001
KXATPCHALLENGERMATCH-26JUL21INCVAN-VAN,KXATPCHALLENGERMATCH-26JUL21INCVAN,Challenger,1784588160,1784629980,27.0,1.0,23,1.0,stop,-5.98,0.34,-6.32
KXATPCHALLENGERMATCH-26JUL21PALBAS-PAL,KXATPCHALLENGERMATCH-26JUL21PALBAS,Challenger,1784590800,1784638620,26.0,41.0,24,2.0,target,3.5999999999999996,0.74,2.8599999999999994
KXATPCHALLENGERMATCH-26JUL21STRPAS-STR,KXATPCHALLENGERMATCH-26JUL21STRPAS,Challenger,1784605920,1784656260,57.99999999999999,100.0,10,2.000000000000007,settlement,4.200000000000001,0.18,4.020000000000001
KXATPCHALLENGERMATCH-26JUL21KOZMAG-MAG,KXATPCHALLENGERMATCH-26JUL21KOZMAG,Challenger,1784610000,1784655360,29.999999999999996,47.0,20,2.9999999999999964,target,3.400000000000001,0.6499999999999999,2.750000000000001
KXATPCHALLENGERMATCH-26JUL21BARVIS-VIS,KXATPCHALLENGERMATCH-26JUL21BARVIS,Challenger,1784621940,1784623800,56.00000000000001,90.0,11,1.0,target,3.739999999999999,0.26,3.4799999999999986
KXATPCHALLENGERMATCH-26JUL21KUMPAV-KUM,KXATPCHALLENGERMATCH-26JUL21KUMPAV,Challenger,1784623860,1784626740,46.0,1.0,13,3.0,stop,-5.8500000000000005,0.24000000000000002,-6.090000000000001
KXATPCHALLENGERMATCH-26JUL21OLIJUS-OLI,KXATPCHALLENGERMATCH-26JUL21OLIJUS,Challenger,1784626800,1784639520,40.0,1.0,15,1.0,stop,-5.8500000000000005,0.28,-6.130000000000001
KXATPCHALLENGERMATCH-26JUL21KASWES-WES,KXATPCHALLENGERMATCH-26JUL21KASWES,Challenger,1784628120,1784628180,4.0,1.0,156,1.0,stop,-4.68,0.53,-5.21
KXATPCHALLENGERMATCH-26JUL21KASWES-WES,KXATPCHALLENGERMATCH-26JUL21KASWES,Challenger,1784628240,1784628240,3.0,0.0,208,1.0,settlement,-6.24,0.43,-6.67
KXATPCHALLENGERMATCH-26JUL21PASIMA-PAS,KXATPCHALLENGERMATCH-26JUL21PASIMA,Challenger,1784629200,1784645220,57.99999999999999,88.0,10,2.999999999999993,target,3.0000000000000004,0.26,2.74
KXATPCHALLENGERMATCH-26JUL21INCVAN-VAN,KXATPCHALLENGERMATCH-26JUL21INCVAN,Challenger,1784630040,1784630760,10.0,1.0,62,0.9999999999999991,stop,-5.58,0.45,-6.03
KXATPCHALLENGERMATCH-26JUL21INCVAN-VAN,KXATPCHALLENGERMATCH-26JUL21INCVAN,Challenger,1784630820,1784630820,3.0,0.0,208,3.0,settlement,-6.24,0.43,-6.67
KXATPCHALLENGERMATCH-26JUL21SURHAR-SUR,KXATPCHALLENGERMATCH-26JUL21SURHAR,Challenger,1784631660,1784669460,45.0,70.0,13,2.0,target,3.25,0.43000000000000005,2.82
KXATPCHALLENGERMATCH-26JUL21NAGNED-NED,KXATPCHALLENGERMATCH-26JUL21NAGNED,Challenger,1784632200,1784636580,69.0,98.0,9,1.0,target,2.61,0.16,2.4499999999999997
KXATPCHALLENGERMATCH-26JUL21HENMON-MON,KXATPCHALLENGERMATCH-26JUL21HENMON,Challenger,1784636640,1784636940,40.0,56.0,15,1.0,target,2.4,0.52,1.88
KXATPCHALLENGERMATCH-26JUL21HENMON-MON,KXATPCHALLENGERMATCH-26JUL21HENMON,Challenger,1784637000,1784638200,61.0,0.0,10,1.0,settlement,-6.1,0.17,-6.27
KXATPMATCH-26JUL22BUBDIA-DIA,KXATPMATCH-26JUL22BUBDIA,ATP,1784638260,1784734560,42.0,1.0,14,1.0,stop,-5.739999999999999,0.25,-5.989999999999999
KXATPCHALLENGERMATCH-26JUL21PALBAS-PAL,KXATPCHALLENGERMATCH-26JUL21PALBAS,Challenger,1784638680,1784638920,66.0,73.0,9,1.0,target,0.6300000000000001,0.28,0.3500000000000001
KXWTAMATCH-26JUL21CARNIE-NIE,KXWTAMATCH-26JUL21CARNIE,WTA,1784638980,1784643240,57.00000000000001,1.0,10,1.0,stop,-5.6000000000000005,0.19,-5.790000000000001
KXATPCHALLENGERMATCH-26JUL21TROCHI-TRO,KXATPCHALLENGERMATCH-26JUL21TROCHI,Challenger,1784639040,1784652720,35.0,1.0,17,1.0,stop,-5.78,0.30000000000000004,-6.08
KXATPCHALLENGERMATCH-26JUL21OLIJUS-OLI,KXATPCHALLENGERMATCH-26JUL21OLIJUS,Challenger,1784639580,1784639640,3.0,1.0,208,1.0,stop,-4.16,0.58,-4.74
KXATPCHALLENGERMATCH-26JUL21OLIJUS-OLI,KXATPCHALLENGERMATCH-26JUL21OLIJUS,Challenger,1784639700,1784639820,3.0,1.0,208,1.0,stop,-4.16,0.58,-4.74
KXATPCHALLENGERMATCH-26JUL21GORGOJ-GOR,KXATPCHALLENGERMATCH-26JUL21GORGOJ,Challenger,1784639880,1784666340,32.0,1.0,19,2.0000000000000036,stop,-5.89,0.31,-6.199999999999999
KXATPCHALLENGERMATCH-26JUL21DIEBAR-DIE,KXATPCHALLENGERMATCH-26JUL21DIEBAR,Challenger,1784643300,1784645640,60.0,91.0,10,1.000000000000007,target,3.1,0.23,2.87
KXATPMATCH-26JUL22MARDAR-MAR,KXATPMATCH-26JUL22MARDAR,ATP,1784645400,1784831640,25.0,1.0,25,2.0,stop,-6.0,0.35000000000000003,-6.35
KXATPCHALLENGERMATCH-26JUL21MATMIL-MIL,KXATPCHALLENGERMATCH-26JUL21MATMIL,Challenger,1784645700,1784675340,58.99999999999999,1.0,10,0.9999999999999858,stop,-5.8,0.18000000000000002,-5.9799999999999995
KXATPCHALLENGERMATCH-26JUL21BOSVIR-BOS,KXATPCHALLENGERMATCH-26JUL21BOSVIR,Challenger,1784650440,1784654160,61.0,1.0,10,1.0,stop,-6.0,0.18000000000000002,-6.18
KXATPCHALLENGERMATCH-26JUL21TROCHI-TRO,KXATPCHALLENGERMATCH-26JUL21TROCHI,Challenger,1784652780,1784652960,5.0,1.0,125,1.0,stop,-5.0,0.51,-5.51
KXATPCHALLENGERMATCH-26JUL21MARSWE-SWE,KXATPCHALLENGERMATCH-26JUL21MARSWE,Challenger,1784653020,1784656500,57.99999999999999,1.0,10,2.0,stop,-5.699999999999999,0.19,-5.89
KXATPCHALLENGERMATCH-26JUL20ARSRIC-RIC,KXATPCHALLENGERMATCH-26JUL20ARSRIC,Challenger,1784654220,1784654640,68.0,94.0,9,3.0,target,2.34,0.18000000000000002,2.1599999999999997
KXATPCHALLENGERMATCH-26JUL21MARLAG-MAR,KXATPCHALLENGERMATCH-26JUL21MARLAG,Challenger,1784654700,1784660100,58.99999999999999,98.0,10,1.0,target,3.900000000000001,0.19,3.710000000000001
KXATPCHALLENGERMATCH-26JUL21KOZMAG-MAG,KXATPCHALLENGERMATCH-26JUL21KOZMAG,Challenger,1784655420,1784660880,55.0,84.0,11,1.0,target,3.19,0.31,2.88
KXATPCHALLENGERMATCH-26JUL21ZHUKOK-ZHU,KXATPCHALLENGERMATCH-26JUL21ZHUKOK,Challenger,1784656320,1784664900,12.0,1.0,52,1.0,stop,-5.72,0.43,-6.1499999999999995
KXATPMATCH-26JUL22TRUHAN-TRU,KXATPMATCH-26JUL22TRUHAN,ATP,1784656560,1784722020,36.0,1.0,17,2.0,stop,-5.949999999999999,0.30000000000000004,-6.249999999999999
KXATPMATCH-26JUL22VANCAR-VAN,KXATPMATCH-26JUL22VANCAR,ATP,1784660280,1784806440,37.0,58.0,16,2.0,target,3.36,0.55,2.8099999999999996
KXATPMATCH-26JUL22FELBUS-FEL,KXATPMATCH-26JUL22FELBUS,ATP,1784660940,1784723400,40.0,62.0,15,1.0,target,3.3,0.51,2.79
KXATPCHALLENGERMATCH-26JUL21HOLJOH-JOH,KXATPCHALLENGERMATCH-26JUL21HOLJOH,Challenger,1784665020,1784677380,27.0,42.0,23,1.0,target,3.4499999999999997,0.72,2.7299999999999995
KXATPCHALLENGERMATCH-26JUL21GORGOJ-GOR,KXATPCHALLENGERMATCH-26JUL21GORGOJ,Challenger,1784666400,1784666820,4.0,1.0,156,1.0,stop,-4.68,0.53,-5.21
KXATPCHALLENGERMATCH-26JUL21GORGOJ-GOR,KXATPCHALLENGERMATCH-26JUL21GORGOJ,Challenger,1784666880,1784666940,3.0,1.0,208,1.0,stop,-4.16,0.58,-4.74
KXATPCHALLENGERMATCH-26JUL21GORGOJ-GOR,KXATPCHALLENGERMATCH-26JUL21GORGOJ,Challenger,1784667000,1784667060,3.0,1.0,208,1.0,stop,-4.16,0.58,-4.74
KXATPCHALLENGERMATCH-26JUL21GORGOJ-GOR,KXATPCHALLENGERMATCH-26JUL21GORGOJ,Challenger,1784667120,1784667120,3.0,0.0,208,1.0,settlement,-6.24,0.43,-6.67
KXWTAMATCH-26JUL22CHAKRA-KRA,KXWTAMATCH-26JUL22CHAKRA,WTA,1784667600,1784736840,62.0,0.0,10,1.0,settlement,-6.2,0.17,-6.37
KXATPCHALLENGERMATCH-26JUL21BOUMON-BOU,KXATPCHALLENGERMATCH-26JUL21BOUMON,Challenger,1784669520,1784672700,60.0,90.0,10,1.9999999999999858,target,3.0,0.24000000000000002,2.76
KXATPMATCH-26JUL22BORBUR-BUR,KXATPMATCH-26JUL22BORBUR,ATP,1784672880,1784728140,33.0,52.0,18,1.0,target,3.42,0.6000000000000001,2.82
KXATPCHALLENGERMATCH-26JUL21MATMIL-MIL,KXATPCHALLENGERMATCH-26JUL21MATMIL,Challenger,1784675400,1784675460,4.0,1.0,156,2.0,stop,-4.68,0.53,-5.21
KXATPCHALLENGERMATCH-26JUL21MATMIL-MIL,KXATPCHALLENGERMATCH-26JUL21MATMIL,Challenger,1784675520,1784675580,4.0,1.0,156,1.0,stop,-4.68,0.53,-5.21
KXATPCHALLENGERMATCH-26JUL21MATMIL-MIL,KXATPCHALLENGERMATCH-26JUL21MATMIL,Challenger,1784675640,1784675700,3.0,1.0,208,1.0,stop,-4.16,0.58,-4.74
KXATPCHALLENGERMATCH-26JUL21MATMIL-MIL,KXATPCHALLENGERMATCH-26JUL21MATMIL,Challenger,1784675760,1784675940,5.0,0.0,125,1.0,settlement,-6.25,0.42,-6.67
KXATPMATCH-26JUL22RUBSKA-SKA,KXATPMATCH-26JUL22RUBSKA,ATP,1784676000,1784825280,12.0,1.0,52,2.0,stop,-5.72,0.43,-6.1499999999999995
KXATPCHALLENGERMATCH-26JUL21HOLJOH-JOH,KXATPCHALLENGERMATCH-26JUL21HOLJOH,Challenger,1784677440,1784685360,44.0,1.0,14,1.0,stop,-6.02,0.26,-6.279999999999999
KXATPCHALLENGERMATCH-26JUL21HOLJOH-JOH,KXATPCHALLENGERMATCH-26JUL21HOLJOH,Challenger,1784685420,1784685540,5.0,5.0,125,2.0,target,0.0,0.84,-0.84
KXATPCHALLENGERMATCH-26JUL21HOLJOH-JOH,KXATPCHALLENGERMATCH-26JUL21HOLJOH,Challenger,1784685600,1784685720,8.0,15.0,78,1.0,target,5.460000000000001,1.1099999999999999,4.350000000000001
KXATPCHALLENGERMATCH-26JUL21HOLJOH-JOH,KXATPCHALLENGERMATCH-26JUL21HOLJOH,Challenger,1784685780,1784685840,4.0,1.0,156,3.0,stop,-4.68,0.53,-5.21
KXWTAMATCH-26JUL22BONNOH-NOH,KXWTAMATCH-26JUL22BONNOH,WTA,1784686080,1784742480,24.0,1.0,26,1.0,stop,-5.98,0.36000000000000004,-6.340000000000001
KXATPCHALLENGERMATCH-26JUL22PIRREH-REH,KXATPCHALLENGERMATCH-26JUL22PIRREH,Challenger,1784722080,1784725680,62.0,91.0,10,1.000000000000007,target,2.9,0.23,2.67
KXATPCHALLENGERMATCH-26JUL22NEDGEN-NED,KXATPCHALLENGERMATCH-26JUL22NEDGEN,Challenger,1784723460,1784724000,36.0,1.0,17,1.0,stop,-5.949999999999999,0.30000000000000004,-6.249999999999999
KXATPCHALLENGERMATCH-26JUL22KOKWAL-WAL,KXATPCHALLENGERMATCH-26JUL22KOKWAL,Challenger,1784724480,1784755860,49.0,75.0,12,2.0,target,3.12,0.37,2.75
KXATPCHALLENGERMATCH-26JUL22NOGRIC-RIC,KXATPCHALLENGERMATCH-26JUL22NOGRIC,Challenger,1784725860,1784763000,43.0,67.0,14,2.0,target,3.36,0.47,2.8899999999999997
KXATPMATCH-26JUL22BORBUR-BUR,KXATPMATCH-26JUL22BORBUR,ATP,1784728200,1784735220,55.0,88.0,11,0.9999999999999858,target,3.6300000000000003,0.29000000000000004,3.3400000000000003
KXATPCHALLENGERMATCH-26JUL22BAXINC-INC,KXATPCHALLENGERMATCH-26JUL22BAXINC,Challenger,1784734620,1784738700,62.0,93.0,10,1.0,target,3.1,0.22000000000000003,2.88
KXATPMATCH-26JUL22MOLALT-MOL,KXATPMATCH-26JUL22MOLALT,ATP,1784735280,1784738040,61.0,93.0,10,1.0,target,3.2,0.22000000000000003,2.98
KXATPCHALLENGERMATCH-26JUL22HSUROT-ROT,KXATPCHALLENGERMATCH-26JUL22HSUROT,Challenger,1784736900,1784737740,29.000000000000004,52.0,21,1.0,target,4.829999999999999,0.6799999999999999,4.1499999999999995
KXATPCHALLENGERMATCH-26JUL22HSUROT-ROT,KXATPCHALLENGERMATCH-26JUL22HSUROT,Challenger,1784737800,1784741280,50.0,1.0,12,1.0,stop,-5.88,0.22,-6.1
KXATPMATCH-26JUL23HANBAE-HAN,KXATPMATCH-26JUL23HANBAE,ATP,1784738520,1784806620,54.0,83.0,11,1.0,target,3.19,0.31,2.88
KXATPMATCH-26JUL21TABTOR-TOR,KXATPMATCH-26JUL21TABTOR,ATP,1784738280,1784740500,25.0,42.0,25,3.0,target,4.25,0.76,3.49
KXATPCHALLENGERMATCH-26JUL22WATSAM-WAT,KXATPCHALLENGERMATCH-26JUL22WATSAM,Challenger,1784740140,1784763720,29.999999999999996,1.0,20,0.9999999999999929,stop,-5.8,0.32,-6.12
KXATPMATCH-26JUL21TABTOR-TOR,KXATPMATCH-26JUL21TABTOR,ATP,1784740560,1784741700,36.0,64.0,17,1.0,target,4.760000000000001,0.56,4.200000000000001
KXATPMATCH-26JUL23ETCBUS-ETC,KXATPMATCH-26JUL23ETCBUS,ATP,1784741340,1784810880,49.0,73.0,12,1.0,target,2.88,0.38,2.5
KXATPMATCH-26JUL21TABTOR-TOR,KXATPMATCH-26JUL21TABTOR,ATP,1784741760,1784743200,66.0,98.0,9,1.0,target,2.88,0.16999999999999998,2.71
KXATPMATCH-26JUL23NAVHAL-NAV,KXATPMATCH-26JUL23NAVHAL,ATP,1784742600,1784802900,69.0,1.0,9,2.0,stop,-6.12,0.15000000000000002,-6.2700000000000005
KXWTAMATCH-26JUL22BARTAR-TAR,KXWTAMATCH-26JUL22BARTAR,WTA,1784743320,1784802600,45.0,70.0,13,1.0,target,3.25,0.43000000000000005,2.82
KXATPCHALLENGERMATCH-26JUL23MARVIL-VIL,KXATPCHALLENGERMATCH-26JUL23MARVIL,Challenger,1784755920,1784803800,47.0,0.0,13,2.0,settlement,-6.109999999999999,0.23,-6.34
KXATPCHALLENGERMATCH-26JUL22NOGRIC-RIC,KXATPCHALLENGERMATCH-26JUL22NOGRIC,Challenger,1784763060,1784768340,73.0,1.0,8,1.0,stop,-5.76,0.13,-5.89
KXATPCHALLENGERMATCH-26JUL22WATSAM-WAT,KXATPCHALLENGERMATCH-26JUL22WATSAM,Challenger,1784763780,1784763840,3.0,1.0,208,1.0,stop,-4.16,0.58,-4.74
KXATPCHALLENGERMATCH-26JUL22WATSAM-WAT,KXATPCHALLENGERMATCH-26JUL22WATSAM,Challenger,1784763900,1784763960,3.0,1.0,208,1.0,stop,-4.16,0.58,-4.74
KXATPCHALLENGERMATCH-26JUL22WATSAM-WAT,KXATPCHALLENGERMATCH-26JUL22WATSAM,Challenger,1784764020,1784764080,3.0,1.0,208,1.0,stop,-4.16,0.58,-4.74
KXATPCHALLENGERMATCH-26JUL22WATSAM-WAT,KXATPCHALLENGERMATCH-26JUL22WATSAM,Challenger,1784764200,1784764260,3.0,1.0,208,1.0,stop,-4.16,0.58,-4.74
KXATPCHALLENGERMATCH-26JUL22WATSAM-WAT,KXATPCHALLENGERMATCH-26JUL22WATSAM,Challenger,1784764320,1784764380,3.0,1.0,208,1.0,stop,-4.16,0.58,-4.74
KXATPCHALLENGERMATCH-26JUL22WATSAM-WAT,KXATPCHALLENGERMATCH-26JUL22WATSAM,Challenger,1784764440,1784764500,4.0,1.0,156,1.0,stop,-4.68,0.53,-5.21
KXATPCHALLENGERMATCH-26JUL22WATSAM-WAT,KXATPCHALLENGERMATCH-26JUL22WATSAM,Challenger,1784764560,1784764680,3.0,1.0,208,1.0,stop,-4.16,0.58,-4.74
KXATPCHALLENGERMATCH-26JUL23ALCDIE-DIE,KXATPCHALLENGERMATCH-26JUL23ALCDIE,Challenger,1784764860,1784803620,57.99999999999999,94.0,10,1.0,target,3.600000000000001,0.22,3.380000000000001
KXATPCHALLENGERMATCH-26JUL22NOGRIC-RIC,KXATPCHALLENGERMATCH-26JUL22NOGRIC,Challenger,1784768400,1784768400,3.0,0.0,208,2.0,settlement,-6.24,0.43,-6.67
KXWTAMATCH-26JUL22TIMBEJ-TIM,KXWTAMATCH-26JUL22TIMBEJ,WTA,1784768520,1784820900,43.0,1.0,14,2.0,stop,-5.88,0.26,-6.14
KXATPCHALLENGERMATCH-26JUL23DEDJUS-JUS,KXATPCHALLENGERMATCH-26JUL23DEDJUS,Challenger,1784802660,1784803200,6.0,10.0,104,1.0,target,4.16,1.08,3.08
KXATPCHALLENGERMATCH-26JUL23EREPAL-PAL,KXATPCHALLENGERMATCH-26JUL23EREPAL,Challenger,1784802960,1784804460,49.0,80.0,12,1.0,target,3.7199999999999998,0.35,3.3699999999999997
KXATPCHALLENGERMATCH-26JUL23DEDJUS-JUS,KXATPCHALLENGERMATCH-26JUL23DEDJUS,Challenger,1784803260,1784803620,11.0,0.0,56,1.0,settlement,-6.16,0.39,-6.55
KXATPCHALLENGERMATCH-26JUL23WOLWON-WON,KXATPCHALLENGERMATCH-26JUL23WOLWON,Challenger,1784803680,1784839620,57.99999999999999,0.0,10,0.9999999999999858,settlement,-5.8,0.18,-5.9799999999999995
KXWTAMATCH-26JUL22BARTAR-TAR,KXWTAMATCH-26JUL22BARTAR,WTA,1784803680,1784806620,62.0,1.0,10,1.0,stop,-6.1,0.18000000000000002,-6.279999999999999
KXATPCHALLENGERMATCH-26JUL23SQURON-SQU,KXATPCHALLENGERMATCH-26JUL23SQURON,Challenger,1784803860,1784814960,68.0,98.0,9,1.0,target,2.6999999999999997,0.16,2.5399999999999996
KXATPCHALLENGERMATCH-26JUL23GOJSUR-SUR,KXATPCHALLENGERMATCH-26JUL23GOJSUR,Challenger,1784804520,1784831400,35.0,55.0,17,2.0,target,3.4000000000000004,0.5800000000000001,2.8200000000000003
KXATPMATCH-26JUL22VANCAR-VAN,KXATPMATCH-26JUL22VANCAR,ATP,1784806500,1784812380,58.99999999999999,94.0,10,2.0,target,3.500000000000001,0.21000000000000002,3.290000000000001
KXWTAMATCH-26JUL22BARTAR-TAR,KXWTAMATCH-26JUL22BARTAR,WTA,1784806680,1784806980,5.0,5.0,125,2.0,target,0.0,0.84,-0.84
KXWTAMATCH-26JUL23OLIROM-ROM,KXWTAMATCH-26JUL23OLIROM,WTA,1784806680,1784813940,35.0,1.0,17,1.0,stop,-5.78,0.30000000000000004,-6.08
KXATPCHALLENGERMATCH-26JUL23EREPAL-PAL,KXATPCHALLENGERMATCH-26JUL23EREPAL,Challenger,1784807040,1784807640,56.00000000000001,86.0,11,1.000000000000007,target,3.2999999999999994,0.29000000000000004,3.0099999999999993
KXATPMATCH-26JUL24BURBLO-BUR,KXATPMATCH-26JUL24BURBLO,ATP,1784807760,1784917560,46.0,0.0,13,2.0,settlement,-5.98,0.23,-6.210000000000001
KXATPMATCH-26JUL23BUBMOL-MOL,KXATPMATCH-26JUL23BUBMOL,ATP,1784810940,1784821140,42.0,1.0,14,1.0,stop,-5.739999999999999,0.25,-5.989999999999999
KXATPCHALLENGERMATCH-26JUL23KUZVIR-VIR,KXATPCHALLENGERMATCH-26JUL23KUZVIR,Challenger,1784812440,1784819700,67.0,98.0,9,1.0,target,2.79,0.16,2.63
KXWTAMATCH-26JUL23AVAPUT-PUT,KXWTAMATCH-26JUL23AVAPUT,WTA,1784814000,1784828220,65.0,1.0,9,1.0,stop,-5.76,0.16,-5.92
KXATPCHALLENGERMATCH-26JUL23HOLDRA-HOL,KXATPCHALLENGERMATCH-26JUL23HOLDRA,Challenger,1784815080,1784856660,49.0,1.0,12,3.0,stop,-5.76,0.22,-5.9799999999999995
KXATPMATCH-26JUL24HANHAL-HAN,KXATPMATCH-26JUL24HANHAL,ATP,1784819820,1784893560,65.0,1.0,9,3.0,stop,-5.76,0.16,-5.92
KXATPCHALLENGERMATCH-26JUL23MAYBRU-MAY,KXATPCHALLENGERMATCH-26JUL23MAYBRU,Challenger,1784820960,1784822880,79.0,94.0,7,1.0,target,1.05,0.12,0.93
KXWTAMATCH-26JUL22TIMBEJ-TIM,KXWTAMATCH-26JUL22TIMBEJ,WTA,1784821200,1784821260,4.0,1.0,156,3.0,stop,-4.68,0.53,-5.21
KXATPCHALLENGERMATCH-26JUL23FEABOY-FEA,KXATPCHALLENGERMATCH-26JUL23FEABOY,Challenger,1784821380,1784824020,76.0,98.0,8,1.0,target,1.76,0.13,1.63
KXATPMATCH-26JUL24TORGAS-TOR,KXATPMATCH-26JUL24TORGAS,ATP,1784823000,1784891820,28.0,44.0,22,2.0,target,3.52,0.7,2.8200000000000003
KXWTAMATCH-26JUL24BONCHA-CHA,KXWTAMATCH-26JUL24BONCHA,WTA,1784824080,1784890560,42.0,1.0,14,1.0,stop,-5.739999999999999,0.25,-5.989999999999999
KXATPMATCH-26JUL22RUBSKA-SKA,KXATPMATCH-26JUL22RUBSKA,ATP,1784825340,1784825400,3.0,1.0,208,1.0,stop,-4.16,0.58,-4.74
KXWTAMATCH-26JUL24KORKAL-KOR,KXWTAMATCH-26JUL24KORKAL,WTA,1784825460,1784906340,25.0,39.0,25,1.0,target,3.5000000000000004,0.75,2.7500000000000004
KXATPMATCH-26JUL24BUBETC-ETC,KXATPMATCH-26JUL24BUBETC,ATP,1784828280,1784901600,39.0,1.0,16,1.0,stop,-6.08,0.29000000000000004,-6.37
KXATPCHALLENGERMATCH-26JUL23GOJSUR-SUR,KXATPCHALLENGERMATCH-26JUL23GOJSUR,Challenger,1784831460,1784834400,62.0,90.0,10,1.0,target,2.8000000000000003,0.24000000000000002,2.56
KXATPMATCH-26JUL22MARDAR-MAR,KXATPMATCH-26JUL22MARDAR,ATP,1784831700,1784831760,3.0,1.0,208,1.0,stop,-4.16,0.58,-4.74
KXATPMATCH-26JUL22MARDAR-MAR,KXATPMATCH-26JUL22MARDAR,ATP,1784831820,1784831880,3.0,1.0,208,1.0,stop,-4.16,0.58,-4.74
KXATPMATCH-26JUL22MARDAR-MAR,KXATPMATCH-26JUL22MARDAR,ATP,1784831940,1784831940,3.0,0.0,208,1.0,settlement,-6.24,0.43,-6.67
KXWTAMATCH-26JUL24TAGBEJ-TAG,KXWTAMATCH-26JUL24TAGBEJ,WTA,1784832060,1784903580,40.0,62.0,15,1.0,target,3.3,0.51,2.79
KXATPCHALLENGERMATCH-26JUL23MOCCHA-MOC,KXATPCHALLENGERMATCH-26JUL23MOCCHA,Challenger,1784834460,1784837040,63.0,100.0,9,1.0,settlement,3.33,0.15,3.18
KXWTAMATCH-26JUL24SALKRE-SAL,KXWTAMATCH-26JUL24SALKRE,WTA,1784837100,1784911320,18.0,1.0,34,2.0,stop,-5.78,0.39,-6.17
KXATPMATCH-26JUL24RUBVAN-VAN,KXATPMATCH-26JUL24RUBVAN,ATP,1784839860,1784904660,22.0,36.0,28,2.0,target,3.9200000000000004,0.8,3.12
KXATPCHALLENGERMATCH-26JUL23HOLDRA-HOL,KXATPCHALLENGERMATCH-26JUL23HOLDRA,Challenger,1784856720,1784856720,23.0,0.0,27,1.0,settlement,-6.21,0.34,-6.55
KXATPCHALLENGERMATCH-26JUL24HENSEY-SEY,KXATPCHALLENGERMATCH-26JUL24HENSEY,Challenger,1784856840,1784896380,68.0,98.0,9,1.0,target,2.6999999999999997,0.16,2.5399999999999996
KXATPCHALLENGERMATCH-26JUL24HUESTR-STR,KXATPCHALLENGERMATCH-26JUL24HUESTR,Challenger,1784891280,1784917800,57.99999999999999,1.0,10,1.9999999999999858,stop,-5.699999999999999,0.19,-5.89
KXATPCHALLENGERMATCH-26JUL24INCSMI-SMI,KXATPCHALLENGERMATCH-26JUL24INCSMI,Challenger,1784891880,1784893380,34.0,52.0,18,1.0,target,3.2399999999999998,0.61,2.63
KXATPCHALLENGERMATCH-26JUL24FEAWOL-WOL,KXATPCHALLENGERMATCH-26JUL24FEAWOL,Challenger,1784893440,1784922660,37.0,58.0,16,2.0,target,3.36,0.55,2.8099999999999996
KXATPCHALLENGERMATCH-26JUL24INCSMI-SMI,KXATPCHALLENGERMATCH-26JUL24INCSMI,Challenger,1784893620,1784897040,61.0,100.0,10,1.0,settlement,3.9000000000000004,0.17,3.7300000000000004
KXATPCHALLENGERMATCH-26JUL24KASBAR-KAS,KXATPCHALLENGERMATCH-26JUL24KASBAR,Challenger,1784896440,1784906100,52.0,80.0,12,3.0,target,3.3600000000000003,0.35,3.0100000000000002
KXATPCHALLENGERMATCH-26JUL24MORCRA-MOR,KXATPCHALLENGERMATCH-26JUL24MORCRA,Challenger,1784897160,1784910420,56.00000000000001,1.0,11,1.000000000000007,stop,-6.050000000000001,0.2,-6.250000000000001
KXATPCHALLENGERMATCH-26JUL24MAYDIE-MAY,KXATPCHALLENGERMATCH-26JUL24MAYDIE,Challenger,1784901660,1784901720,3.0,1.0,208,2.0,stop,-4.16,0.58,-4.74
KXATPCHALLENGERMATCH-26JUL24SQUVIR-VIR,KXATPCHALLENGERMATCH-26JUL24SQUVIR,Challenger,1784901780,1784908980,68.0,98.0,9,1.0,target,2.6999999999999997,0.16,2.5399999999999996
KXATPCHALLENGERMATCH-26JUL24DRACHI-DRA,KXATPCHALLENGERMATCH-26JUL24DRACHI,Challenger,1784903640,1784940600,56.00000000000001,84.0,11,2.0,target,3.079999999999999,0.3,2.7799999999999994
KXATPMATCH-26JUL24RUBVAN-VAN,KXATPMATCH-26JUL24RUBVAN,ATP,1784904720,1784904900,41.0,59.0,15,1.0,target,2.6999999999999997,0.52,2.1799999999999997
KXATPMATCH-26JUL24RUBVAN-VAN,KXATPMATCH-26JUL24RUBVAN,ATP,1784904960,1784906400,62.0,95.0,10,1.0,target,3.3000000000000003,0.21000000000000002,3.0900000000000003
KXWTAMATCH-26JUL25VALSNI-VAL,KXWTAMATCH-26JUL25VALSNI,WTA,1784906220,1784986260,54.0,1.0,11,3.0,stop,-5.83,0.21000000000000002,-6.04
KXATPCHALLENGERMATCH-26JUL24SURMAR-SUR,KXATPCHALLENGERMATCH-26JUL24SURMAR,Challenger,1784906580,1784933640,61.0,100.0,10,1.0,settlement,3.9000000000000004,0.17,3.7300000000000004
KXWTAMATCH-26JUL24KORKAL-KOR,KXWTAMATCH-26JUL24KORKAL,WTA,1784906460,1784908800,35.0,62.0,17,1.0,target,4.59,0.5700000000000001,4.02
KXATPCHALLENGERMATCH-26JUL24NOGBRO-NOG,KXATPCHALLENGERMATCH-26JUL24NOGBRO,Challenger,1784908980,1784918520,56.00000000000001,1.0,11,1.0,stop,-6.050000000000001,0.2,-6.250000000000001
KXWTAMATCH-26JUL24KORKAL-KOR,KXWTAMATCH-26JUL24KORKAL,WTA,1784909040,1784912160,45.0,78.0,13,1.0,target,4.29,0.39,3.9
KXATPCHALLENGERMATCH-26JUL24MORCRA-MOR,KXATPCHALLENGERMATCH-26JUL24MORCRA,Challenger,1784910480,1784910540,3.0,1.0,208,1.0,stop,-4.16,0.58,-4.74
KXATPCHALLENGERMATCH-26JUL24MORCRA-MOR,KXATPCHALLENGERMATCH-26JUL24MORCRA,Challenger,1784910600,1784910660,3.0,1.0,208,1.0,stop,-4.16,0.58,-4.74
KXWTAMATCH-26JUL25AVABON-BON,KXWTAMATCH-26JUL25AVABON,WTA,1784910960,1784986500,61.0,93.0,10,1.0,target,3.2,0.22000000000000003,2.98
KXATPCHALLENGERMATCH-26JUL24ZHEWAL-WAL,KXATPCHALLENGERMATCH-26JUL24ZHEWAL,Challenger,1784911380,1784914980,76.0,1.0,8,1.0,stop,-6.0,0.12,-6.12
KXWTAMATCH-26JUL24SALKRE-SAL,KXWTAMATCH-26JUL24SALKRE,WTA,1784912220,1784912280,3.0,1.0,208,1.0,stop,-4.16,0.58,-4.74
KXATPMATCH-26JUL25VANGAS-VAN,KXATPMATCH-26JUL25VANGAS,ATP,1784912460,1785002460,63.0,94.0,9,3.000000000000007,target,2.79,0.19,2.6
KXATPMATCH-26JUL25BUBHAL-HAL,KXATPMATCH-26JUL25BUBHAL,ATP,1784915280,1784979900,35.0,56.0,17,1.0,target,3.57,0.5800000000000001,2.9899999999999998
KXATPCHALLENGERMATCH-26JUL24HUESTR-STR,KXATPCHALLENGERMATCH-26JUL24HUESTR,Challenger,1784917920,1784917920,3.0,0.0,208,1.0,settlement,-6.24,0.43,-6.67
KXATPCHALLENGERMATCH-26JUL24MOCMON-MON,KXATPCHALLENGERMATCH-26JUL24MOCMON,Challenger,1784918100,1784937840,40.0,1.0,15,1.0,stop,-5.8500000000000005,0.28,-6.130000000000001
KXATPCHALLENGERMATCH-26JUL24NOGBRO-NOG,KXATPCHALLENGERMATCH-26JUL24NOGBRO,Challenger,1784918580,1784918640,3.0,1.0,208,1.0,stop,-4.16,0.58,-4.74
KXWTAMATCH-26JUL25TAGKRE-TAG,KXWTAMATCH-26JUL25TAGKRE,WTA,1784918640,1784988300,21.0,33.0,29,2.0,target,3.48,0.79,2.69
KXATPCHALLENGERMATCH-26JUL24NOGBRO-NOG,KXATPCHALLENGERMATCH-26JUL24NOGBRO,Challenger,1784918700,1784918880,4.0,3.0,156,1.0,target,-1.56,0.74,-2.3
KXATPCHALLENGERMATCH-26JUL24NOGBRO-NOG,KXATPCHALLENGERMATCH-26JUL24NOGBRO,Challenger,1784918940,1784919060,4.0,1.0,156,1.0,stop,-4.68,0.53,-5.21
KXATPCHALLENGERMATCH-26JUL24NOGBRO-NOG,KXATPCHALLENGERMATCH-26JUL24NOGBRO,Challenger,1784919120,1784919180,8.0,1.0,78,1.0,stop,-5.460000000000001,0.47,-5.930000000000001
KXATPCHALLENGERMATCH-26JUL24NOGBRO-NOG,KXATPCHALLENGERMATCH-26JUL24NOGBRO,Challenger,1784919240,1784919300,8.0,6.0,78,3.0,target,-1.56,0.72,-2.2800000000000002
KXATPCHALLENGERMATCH-26JUL24NOGBRO-NOG,KXATPCHALLENGERMATCH-26JUL24NOGBRO,Challenger,1784919360,1784919600,21.0,1.0,29,2.0,stop,-5.800000000000001,0.37,-6.170000000000001
KXATPCHALLENGERMATCH-26JUL24FEAWOL-WOL,KXATPCHALLENGERMATCH-26JUL24FEAWOL,Challenger,1784922720,1784924640,75.0,1.0,8,1.0,stop,-5.92,0.12,-6.04
KXATPMATCH-26JUL25BLODAR-DAR,KXATPMATCH-26JUL25BLODAR,ATP,1784931600,1785010740,63.0,97.0,9,2.0,target,3.06,0.16999999999999998,2.89
KXATPCHALLENGERMATCH-26JUL25DEDONC-ONC,KXATPCHALLENGERMATCH-26JUL25DEDONC,Challenger,1784931780,1784980140,40.0,62.0,15,2.0,target,3.3,0.51,2.79
KXATPCHALLENGERMATCH-26JUL25KASVIR-VIR,KXATPCHALLENGERMATCH-26JUL25KASVIR,Challenger,1784935860,1784985420,63.0,95.0,9,3.0,target,2.88,0.18,2.6999999999999997
KXATPCHALLENGERMATCH-26JUL24MOCMON-MON,KXATPCHALLENGERMATCH-26JUL24MOCMON,Challenger,1784937900,1784937960,7.0,3.0,89,1.0,target,-3.56,0.6,-4.16
KXATPCHALLENGERMATCH-26JUL24DRACHI-DRA,KXATPCHALLENGERMATCH-26JUL24DRACHI,Challenger,1784941080,1784942880,71.0,98.0,8,1.0,target,2.16,0.13999999999999999,2.02
KXATPCHALLENGERMATCH-26JUL25SEYDIE-SEY,KXATPCHALLENGERMATCH-26JUL25SEYDIE,Challenger,1784944740,1784985420,42.0,65.0,14,1.0,target,3.22,0.47,2.75
KXATPCHALLENGERMATCH-26JUL25REHHUE-REH,KXATPCHALLENGERMATCH-26JUL25REHHUE,Challenger,1784953500,1785000540,47.0,1.0,13,2.0,stop,-5.98,0.24000000000000002,-6.220000000000001
KXATPCHALLENGERMATCH-26JUL25FEAZHE-ZHE,KXATPCHALLENGERMATCH-26JUL25FEAZHE,Challenger,1784979960,1785007200,61.0,0.0,10,1.0,settlement,-6.1,0.17,-6.27
KXATPCHALLENGERMATCH-26JUL25DEDONC-ONC,KXATPCHALLENGERMATCH-26JUL25DEDONC,Challenger,1784980200,1784982060,54.0,1.0,11,0.9999999999999858,stop,-5.83,0.21000000000000002,-6.04
KXATPCHALLENGERMATCH-26JUL25MOCDRA-MOC,KXATPCHALLENGERMATCH-26JUL25MOCDRA,Challenger,1784982360,1785013920,53.0,1.0,11,1.0,stop,-5.720000000000001,0.21000000000000002,-5.930000000000001
KXATPCHALLENGERMATCH-26JUL25SEYDIE-SEY,KXATPCHALLENGERMATCH-26JUL25SEYDIE,Challenger,1784985480,1784989260,67.0,98.0,9,1.0,target,2.79,0.16,2.63
KXATPCHALLENGERMATCH-26JUL25MARCRA-MAR,KXATPCHALLENGERMATCH-26JUL25MARCRA,Challenger,1784986020,1785002220,33.0,52.0,18,1.0,target,3.42,0.6000000000000001,2.82
KXWTAMATCH-26JUL25VALSNI-VAL,KXWTAMATCH-26JUL25VALSNI,WTA,1784986320,1784986320,7.0,0.0,89,1.0,settlement,-6.23,0.41,-6.640000000000001
KXWTAMATCH-26JUL25TAGKRE-TAG,KXWTAMATCH-26JUL25TAGKRE,WTA,1784988360,1784993880,40.0,62.0,15,1.0,target,3.3,0.51,2.79
KXWTAMATCH-26JUL25AVABON-BON,KXWTAMATCH-26JUL25AVABON,WTA,1784989200,1784993820,68.0,98.0,9,1.0,target,2.6999999999999997,0.16,2.5399999999999996
KXWTAMATCH-26JUL25TAGKRE-TAG,KXWTAMATCH-26JUL25TAGKRE,WTA,1784993940,1784997540,66.0,98.0,9,1.0,target,2.88,0.16999999999999998,2.71
KXWTAMATCH-26JUL25NGOLEP-LEP,KXWTAMATCH-26JUL25NGOLEP,WTA,1784996220,1785002040,68.0,98.0,9,1.0,target,2.6999999999999997,0.16,2.5399999999999996
KXATPMATCH-26JUL25ILABER-ILA,KXATPMATCH-26JUL25ILABER,ATP,1784997000,1784997540,55.0,73.0,11,1.0,target,1.98,0.36,1.62
KXWTAMATCH-26JUL25SHAITO-ITO,KXWTAMATCH-26JUL25SHAITO,WTA,1784997360,1785001620,72.0,98.0,8,1.0,target,2.08,0.13999999999999999,1.9400000000000002
KXATPMATCH-26JUL25ILABER-ILA,KXATPMATCH-26JUL25ILABER,ATP,1784997720,1785000480,68.0,98.0,9,2.0,target,2.6999999999999997,0.16,2.5399999999999996
KXATPCHALLENGERMATCH-26JUL25REHHUE-REH,KXATPCHALLENGERMATCH-26JUL25REHHUE,Challenger,1785000600,1785000780,8.0,0.0,78,1.0,settlement,-6.24,0.41,-6.65
KXATPCHALLENGERMATCH-26JUL25MARCRA-MAR,KXATPCHALLENGERMATCH-26JUL25MARCRA,Challenger,1785002280,1785009840,47.0,84.0,13,1.0,target,4.81,0.36,4.449999999999999
KXATPCHALLENGERMATCH-26JUL25BROSAM-SAM,KXATPCHALLENGERMATCH-26JUL25BROSAM,Challenger,1785003660,1785007800,67.0,98.0,9,1.0,target,2.79,0.16,2.63
KXWTAMATCH-26JUL26BONKOR-KOR,KXWTAMATCH-26JUL26BONKOR,WTA,1785005700,1785070440,50.0,77.0,12,2.0,target,3.24,0.36,2.8800000000000003
KXWTAMATCH-26JUL26SNITAG-TAG,KXWTAMATCH-26JUL26SNITAG,WTA,1785007080,1785071220,47.0,73.0,13,2.0,target,3.38,0.41000000000000003,2.9699999999999998
KXATPMATCH-26JUL25SVAYME-SVA,KXATPMATCH-26JUL25SVAYME,ATP,1785009180,1785011820,72.0,98.0,8,1.0,target,2.08,0.13999999999999999,1.9400000000000002
KXATPMATCH-26JUL25OCOMAR-MAR,KXATPMATCH-26JUL25OCOMAR,ATP,1785010200,1785015120,55.0,87.0,11,1.0,target,3.52,0.29000000000000004,3.23
KXATPMATCH-26JUL25MCDBUT-BUT,KXATPMATCH-26JUL25MCDBUT,ATP,1785010620,1785014460,69.0,1.0,9,1.0,stop,-6.12,0.15000000000000002,-6.2700000000000005
KXATPMATCH-26JUL25BLODAR-DAR,KXATPMATCH-26JUL25BLODAR,ATP,1785011940,1785015540,58.99999999999999,0.0,10,1.0,settlement,-5.8999999999999995,0.17,-6.069999999999999
KXATPMATCH-26JUL26VUKBOL-VUK,KXATPMATCH-26JUL26VUKBOL,ATP,1785015420,1785077160,64.0,95.0,9,2.0,target,2.79,0.18,2.61
KXWTAMATCH-26JUL25LEASMI-SMI,KXWTAMATCH-26JUL25LEASMI,WTA,1785017160,1785020340,57.00000000000001,87.0,10,1.0,target,2.999999999999999,0.26,2.7399999999999993
KXWTAMATCH-26JUL25LEASMI-SMI,KXWTAMATCH-26JUL25LEASMI,WTA,1785020820,1785021240,68.0,91.0,9,1.000000000000007,target,2.0700000000000003,0.2,1.8700000000000003
KXATPCHALLENGERMATCH-26JUL26MARPAV-PAV,KXATPCHALLENGERMATCH-26JUL26MARPAV,Challenger,1785022440,1785089040,67.0,98.0,9,2.0,target,2.79,0.16,2.63
KXATPMATCH-26JUL26GIRILA-ILA,KXATPMATCH-26JUL26GIRILA,ATP,1785025320,1785090120,20.0,1.0,31,3.0,stop,-5.89,0.38,-6.27
KXWTAMATCH-26JUL25DREPAY-DRE,KXWTAMATCH-26JUL25DREPAY,WTA,1785027060,1785029340,72.0,98.0,8,1.0,target,2.08,0.13999999999999999,1.9400000000000002
KXATPMATCH-26JUL25ALVAWIN-ALVA,KXATPMATCH-26JUL25ALVAWIN,ATP,1785030720,1785036780,66.0,1.0,9,1.0,stop,-5.8500000000000005,0.16,-6.010000000000001
KXATPMATCH-26JUL25MAGJOH-JOH,KXATPMATCH-26JUL25MAGJOH,ATP,1785030840,1785032940,62.0,1.0,10,1.0,stop,-6.1,0.18000000000000002,-6.279999999999999
KXATPMATCH-26JUL25TOBTOM-TOB,KXATPMATCH-26JUL25TOBTOM,ATP,1785030840,1785032580,57.99999999999999,68.0,10,1.0,target,1.0000000000000007,0.33999999999999997,0.6600000000000007
KXATPMATCH-26JUL26DAMSHE-SHE,KXATPMATCH-26JUL26DAMSHE,ATP,1785031800,1785076680,28.0,45.0,22,1.0000000000000036,target,3.74,0.71,3.0300000000000002
KXATPMATCH-26JUL25TOBTOM-TOB,KXATPMATCH-26JUL25TOBTOM,ATP,1785032700,1785037620,77.0,0.0,8,1.0,settlement,-6.16,0.1,-6.26
KXATPCHALLENGERMATCH-26JUL26HUESEY-SEY,KXATPCHALLENGERMATCH-26JUL26HUESEY,Challenger,1785032940,1785076680,57.00000000000001,87.0,10,1.0,target,2.999999999999999,0.26,2.7399999999999993
KXATPMATCH-26JUL26MCDSVA-SVA,KXATPMATCH-26JUL26MCDSVA,ATP,1785035400,1785094260,29.000000000000004,45.0,21,3.0000000000000036,target,3.3599999999999994,0.6799999999999999,2.6799999999999997
KXATPMATCH-26JUL25MEJHER-HER,KXATPMATCH-26JUL25MEJHER,ATP,1785037800,1785038400,36.0,55.0,17,1.0,target,3.23,0.5800000000000001,2.65
KXWTAMATCH-26JUL26KUDLEP-LEP,KXWTAMATCH-26JUL26KUDLEP,WTA,1785037920,1785077280,47.0,74.0,13,2.0,target,3.5100000000000002,0.41000000000000003,3.1
KXATPMATCH-26JUL25MEJHER-HER,KXATPMATCH-26JUL25MEJHER,ATP,1785038460,1785040980,58.99999999999999,93.0,10,1.0,target,3.400000000000001,0.22000000000000003,3.1800000000000006
KXATPCHALLENGERMATCH-26JUL26MICFEA-MIC,KXATPCHALLENGERMATCH-26JUL26MICFEA,Challenger,1785044400,1785090660,67.0,94.0,9,2.0,target,2.43,0.18000000000000002,2.25
KXATPMATCH-26JUL26BOYTOM-TOM,KXATPMATCH-26JUL26BOYTOM,ATP,1785070500,1785114060,42.0,38.0,14,1.0,settlement,-0.56,0.24,-0.8
KXATPMATCH-26JUL26KWONWIN-WIN,KXATPMATCH-26JUL26KWONWIN,ATP,1785071280,1785115380,15.000000000000002,23.0,41,2.0000000000000018,target,3.2799999999999994,0.88,2.3999999999999995
KXATPMATCH-26JUL26DAMSHE-SHE,KXATPMATCH-26JUL26DAMSHE,ATP,1785076740,1785078360,57.99999999999999,78.0,10,2.0,target,2.000000000000001,0.31,1.6900000000000008
KXATPMATCH-26JUL26HERMAG-MAG,KXATPMATCH-26JUL26HERMAG,ATP,1785076800,1785128100,62.0,0.0,10,1.0,settlement,-6.2,0.17,-6.37
KXWTAMATCH-26JUL26KNUSRA-SRA,KXWTAMATCH-26JUL26KNUSRA,WTA,1785077820,1785088860,67.0,98.0,9,1.0,target,2.79,0.16,2.63
KXWTAMATCH-26JUL26KUDLEP-LEP,KXWTAMATCH-26JUL26KUDLEP,WTA,1785077580,1785083700,63.0,0.0,9,1.0,settlement,-5.67,0.15,-5.82
KXATPMATCH-26JUL26DAMSHE-SHE,KXATPMATCH-26JUL26DAMSHE,ATP,1785078720,1785083220,66.0,0.0,9,1.0,settlement,-5.94,0.15,-6.090000000000001
KXWTAMATCH-26JUL26HUNJOH-JOH,KXWTAMATCH-26JUL26HUNJOH,WTA,1785083280,1785083640,35.0,52.0,17,1.0,target,2.89,0.5800000000000001,2.31
KXATPCHALLENGERMATCH-26JUL26DRASAM-SAM,KXATPCHALLENGERMATCH-26JUL26DRASAM,Challenger,1785083700,1785090120,68.0,98.0,9,1.0,target,2.6999999999999997,0.16,2.5399999999999996
KXWTAMATCH-26JUL26HUNJOH-JOH,KXWTAMATCH-26JUL26HUNJOH,WTA,1785083760,1785109680,55.0,0.0,11,1.0,settlement,-6.050000000000001,0.2,-6.250000000000001
KXWTAMATCH-26JUL26KASSMI-SMI,KXWTAMATCH-26JUL26KASSMI,WTA,1785088920,1785090900,10.0,15.0,62,1.0,target,3.1,0.9600000000000001,2.14
KXATPMATCH-26JUL26MAYPAS-PAS,KXATPMATCH-26JUL26MAYPAS,ATP,1785089160,1785120660,48.0,1.0,13,3.0,stop,-6.109999999999999,0.24000000000000002,-6.35
KXATPMATCH-26JUL26SVAHEW-SVA,KXATPMATCH-26JUL26SVAHEW,ATP,1785090420,1785090720,68.0,0.0,9,1.0,settlement,-6.12,0.14,-6.26
KXWTAMATCH-26JUL26KASSMI-SMI,KXWTAMATCH-26JUL26KASSMI,WTA,1785090960,1785091740,15.000000000000002,23.0,41,1.0000000000000018,target,3.2799999999999994,0.88,2.3999999999999995
KXWTAMATCH-26JUL26KASSMI-SMI,KXWTAMATCH-26JUL26KASSMI,WTA,1785091800,1785093960,27.0,47.0,23,0.9999999999999929,target,4.6000000000000005,0.73,3.8700000000000006
KXWTAMATCH-26JUL26KASSMI-SMI,KXWTAMATCH-26JUL26KASSMI,WTA,1785094020,1785097500,64.0,1.0,9,1.0,stop,-5.67,0.16,-5.83
KXATPMATCH-26JUL26MCDSVA-SVA,KXATPMATCH-26JUL26MCDSVA,ATP,1785094320,1785095400,51.0,75.0,12,1.0,target,2.88,0.37,2.51
KXATPMATCH-26JUL26MCDSVA-SVA,KXATPMATCH-26JUL26MCDSVA,ATP,1785096840,1785097200,66.0,98.0,9,1.0,target,2.88,0.16999999999999998,2.71
KXATPCHALLENGERMATCH-26JUL27POLKOV-POL,KXATPCHALLENGERMATCH-26JUL27POLKOV,Challenger,1785099900,1785146700,64.0,94.0,9,3.0,target,2.6999999999999997,0.19,2.51
KXATPCHALLENGERMATCH-26JUL27SAKMAR-SAK,KXATPCHALLENGERMATCH-26JUL27SAKMAR,Challenger,1785104760,1785145980,33.0,52.0,18,3.0000000000000036,target,3.42,0.6000000000000001,2.82
KXATPCHALLENGERMATCH-26JUL27VRBMAR-VRB,KXATPCHALLENGERMATCH-26JUL27VRBMAR,Challenger,1785107040,1785150240,34.0,1.0,18,2.0,stop,-5.94,0.31,-6.25
KXATPCHALLENGERMATCH-26JUL27VARFOR-VAR,KXATPCHALLENGERMATCH-26JUL27VARFOR,Challenger,1785107100,1785159720,54.0,83.0,11,1.0,target,3.19,0.31,2.88
KXATPCHALLENGERMATCH-26JUL27GOMBER-GOM,KXATPCHALLENGERMATCH-26JUL27GOMBER,Challenger,1785106560,1785156060,70.0,98.0,8,3.0,target,2.24,0.13999999999999999,2.1
KXATPCHALLENGERMATCH-26JUL27GALPET-PET,KXATPCHALLENGERMATCH-26JUL27GALPET,Challenger,1785110700,1785155220,34.0,0.0,18,1.0,settlement,-6.12,0.29,-6.41
KXWTAMATCH-26JUL26PRODRE-DRE,KXWTAMATCH-26JUL26PRODRE,WTA,1785114180,1785117780,72.0,1.0,8,1.0,stop,-5.68,0.13,-5.81
KXATPMATCH-26JUL26KWONWIN-WIN,KXATPMATCH-26JUL26KWONWIN,ATP,1785115440,1785119340,39.0,1.0,16,2.0000000000000036,stop,-6.08,0.29000000000000004,-6.37
KXATPMATCH-26JUL26KWONWIN-WIN,KXATPMATCH-26JUL26KWONWIN,ATP,1785119400,1785119460,3.0,1.0,208,1.0,stop,-4.16,0.58,-4.74
KXATPMATCH-26JUL26KWONWIN-WIN,KXATPMATCH-26JUL26KWONWIN,ATP,1785119640,1785119820,3.0,1.0,208,1.0,stop,-4.16,0.58,-4.74
KXATPMATCH-26JUL26KWONWIN-WIN,KXATPMATCH-26JUL26KWONWIN,ATP,1785119880,1785120060,4.0,1.0,156,1.0,stop,-4.68,0.53,-5.21
KXATPMATCH-26JUL26KWONWIN-WIN,KXATPMATCH-26JUL26KWONWIN,ATP,1785120120,1785120420,3.0,1.0,208,1.0,stop,-4.16,0.58,-4.74
KXATPMATCH-26JUL26KWONWIN-WIN,KXATPMATCH-26JUL26KWONWIN,ATP,1785120480,1785120540,5.0,1.0,125,1.0,stop,-5.0,0.51,-5.51
KXATPMATCH-26JUL26MAYPAS-PAS,KXATPMATCH-26JUL26MAYPAS,ATP,1785120720,1785120780,4.0,1.0,156,1.0,stop,-4.68,0.53,-5.21
KXATPMATCH-26JUL26MAYPAS-PAS,KXATPMATCH-26JUL26MAYPAS,ATP,1785120900,1785121020,3.0,1.0,208,1.0,stop,-4.16,0.58,-4.74
KXATPMATCH-26JUL26MAYPAS-PAS,KXATPMATCH-26JUL26MAYPAS,ATP,1785121560,1785121620,3.0,1.0,208,1.0,stop,-4.16,0.58,-4.74
KXATPMATCH-26JUL26MAYPAS-PAS,KXATPMATCH-26JUL26MAYPAS,ATP,1785121680,1785121740,5.0,1.0,125,1.0,stop,-5.0,0.51,-5.51
KXATPMATCH-26JUL26MAYPAS-PAS,KXATPMATCH-26JUL26MAYPAS,ATP,1785121800,1785122100,5.0,1.0,125,2.0,stop,-5.0,0.51,-5.51
KXATPCHALLENGERMATCH-26JUL27BASNAK-NAK,KXATPCHALLENGERMATCH-26JUL27BASNAK,Challenger,1785123960,1785145680,29.999999999999996,47.0,20,0.9999999999999929,target,3.400000000000001,0.6499999999999999,2.750000000000001
KXATPCHALLENGERMATCH-26JUL26BITYIL-YIL,KXATPCHALLENGERMATCH-26JUL26BITYIL,Challenger,1785139320,1785140880,56.00000000000001,1.0,11,1.0,stop,-6.050000000000001,0.2,-6.250000000000001
KXATPCHALLENGERMATCH-26JUL26BITYIL-YIL,KXATPCHALLENGERMATCH-26JUL26BITYIL,Challenger,1785140940,1785141180,5.0,1.0,125,1.0,stop,-5.0,0.51,-5.51
KXATPCHALLENGERMATCH-26JUL27LAPIE-PIE,KXATPCHALLENGERMATCH-26JUL27LAPIE,Challenger,1785142980,1785149640,70.0,98.0,8,2.0,target,2.24,0.13999999999999999,2.1
KXATPCHALLENGERMATCH-26JUL27BASNAK-NAK,KXATPCHALLENGERMATCH-26JUL27BASNAK,Challenger,1785145740,1785146520,52.0,78.0,12,1.0,target,3.12,0.36,2.7600000000000002
KXATPCHALLENGERMATCH-26JUL27MCKTOK-TOK,KXATPCHALLENGERMATCH-26JUL27MCKTOK,Challenger,1785146160,1785153360,41.0,62.0,15,3.0,target,3.15,0.51,2.6399999999999997
KXATPCHALLENGERMATCH-26JUL27SAKMAR-SAK,KXATPCHALLENGERMATCH-26JUL27SAKMAR,Challenger,1785146040,1785150840,58.99999999999999,98.0,10,1.0,target,3.900000000000001,0.19,3.710000000000001
KXATPCHALLENGERMATCH-26JUL27SINDUR-SIN,KXATPCHALLENGERMATCH-26JUL27SINDUR,Challenger,1785146820,1785154920,37.0,1.0,16,2.0,stop,-5.76,0.29000000000000004,-6.05
KXATPCHALLENGERMATCH-26JUL27BASNAK-NAK,KXATPCHALLENGERMATCH-26JUL27BASNAK,Challenger,1785146760,1785147960,57.00000000000001,87.0,10,1.0,target,2.999999999999999,0.26,2.7399999999999993
KXATPCHALLENGERMATCH-26JUL27BITLOM-LOM,KXATPCHALLENGERMATCH-26JUL27BITLOM,Challenger,1785147840,1785150660,15.000000000000002,1.0,41,3.0,stop,-5.74,0.4,-6.140000000000001
KXATPCHALLENGERMATCH-26JUL27BITLOM-LOM,KXATPCHALLENGERMATCH-26JUL27BITLOM,Challenger,1785150720,1785150780,3.0,1.0,208,1.0,stop,-4.16,0.58,-4.74
KXATPCHALLENGERMATCH-26JUL27BITLOM-LOM,KXATPCHALLENGERMATCH-26JUL27BITLOM,Challenger,1785150840,1785150900,4.0,1.0,156,1.0,stop,-4.68,0.53,-5.21
KXATPCHALLENGERMATCH-26JUL27BITLOM-LOM,KXATPCHALLENGERMATCH-26JUL27BITLOM,Challenger,1785151020,1785151080,3.0,1.0,208,1.0,stop,-4.16,0.58,-4.74
KXATPCHALLENGERMATCH-26JUL27TOPABO-TOP,KXATPCHALLENGERMATCH-26JUL27TOPABO,Challenger,1785153240,1785156600,61.0,98.0,10,1.0,target,3.7,0.19,3.5100000000000002
KXATPCHALLENGERMATCH-26JUL27MCKTOK-TOK,KXATPCHALLENGERMATCH-26JUL27MCKTOK,Challenger,1785153420,1785155340,69.0,98.0,9,1.0,target,2.61,0.16,2.4499999999999997
KXATPCHALLENGERMATCH-26JUL27BRASUL-SUL,KXATPCHALLENGERMATCH-26JUL27BRASUL,Challenger,1785156060,1785163380,62.0,98.0,10,2.0,target,3.5999999999999996,0.19,3.4099999999999997
KXATPCHALLENGERMATCH-26JUL27RINPRA-PRA,KXATPCHALLENGERMATCH-26JUL27RINPRA,Challenger,1785156720,1785163980,67.0,94.0,9,1.0,target,2.43,0.18000000000000002,2.25
