n,resid,se,t,p,edge_c,net_c,net_se,net_mid_c,spread,fee_c,cell,bh_pass
2455,-5.498981670062538e-05,0.008701982214296,-0.006319228808613937,0.994958018454065,-0.005498981670062538,-4.281466395112016,0.871060475212559,-1.8128309572301426,4.957637474541752,1.8073319755600814,any|any|form_last3_diff>=-0.67,False
2255,0.0009866962305986589,0.009101704542704167,0.10840785107549822,0.913672173583369,0.09866962305986589,-4.188470066518847,0.9109925858266871,-1.7084257206208426,4.975166297117517,1.8070953436807096,any|any|form_last3_diff>=-0.34,False
1936,0.0033910123966942045,0.009835430213177017,0.34477519774896026,0.7302633804213505,0.33910123966942046,-3.958161157024793,0.9852153611464275,-1.4661673553719008,5.00051652892562,1.8052685950413223,any|any|form_last3_diff>=0.0,False
279,0.00887096774193547,0.026085734697635726,0.34006969114576974,0.7338040459373028,0.887096774193547,-3.225806451612903,2.617100397189748,-0.8799283154121864,4.727598566308243,1.7670250896057347,any|any|form_last3_diff>=0.34,False
43,0.03220930232558139,0.07026317052295226,0.45840946381803044,0.646658293751823,3.220930232558139,-1.1162790697674418,7.046688885928417,1.3837209302325582,5.093023255813954,1.8372093023255813,any|any|form_last3_diff>=0.67,False
46,0.057717391304347804,0.062169067156851554,0.9283940381271566,0.35320320996184495,5.7717391304347805,1.5217391304347827,6.16204206776167,4.076086956521739,5.108695652173913,1.6956521739130435,any|any|form_last3_diff<=-0.67,False
246,0.0011991869918699003,0.02680264543944255,0.0447413668393041,0.9643134607257413,0.11991869918699004,-4.048780487804878,2.6803843330991515,-1.66869918699187,4.82520325203252,1.7886178861788617,any|any|form_last3_diff<=-0.34,False
1870,-0.0029759358288770172,0.009968046704114624,-0.2985475406780153,0.7652852972202775,-0.2975935828877017,-4.62192513368984,0.9970686473186178,-2.1109625668449197,5.036898395721925,1.8133689839572193,any|any|form_last3_diff<=0.0,False
2222,2.0252025202507428e-05,0.009132103803293577,0.002217673565559269,0.9982305539515182,0.002025202520250743,-4.2938793879387935,0.9136660669379376,-1.808055805580558,4.98964896489649,1.81008100810081,any|any|form_last3_diff<=0.34,False
2458,0.0004617575264442493,0.008683664658572498,0.05317542127659238,0.9575921388814579,0.04617575264442493,-4.228234336859235,0.8690480729065868,-1.7585435313262816,4.958096013018714,1.8047192839707078,any|any|form_last3_diff<=0.67,False
2391,0.002971560016729388,0.008822915784715332,0.33680022446516694,0.7362675038527908,0.2971560016729388,-3.986198243412798,0.8832397218628312,-1.5071099958176495,4.975742367210373,1.8042659974905897,any|any|form_last5_diff>=-0.6,False
2133,-0.0014017815283638194,0.009354757110711077,-0.14984691871462888,0.8808853914517365,-0.14017815283638194,-4.422409751523675,0.9368147243802358,-1.9460853258321613,4.96952648851383,1.8059071729957805,any|any|form_last5_diff>=-0.3,False
1845,0.002382113821138198,0.010103386512281851,0.2357737990368338,0.8136082003823464,0.23821138211381981,-4.0384823848238485,1.0119753168838186,-1.5639566395663957,4.968563685636856,1.8021680216802167,any|any|form_last5_diff>=0.0,False
423,0.008392434988179657,0.020652798404711643,0.4063582485879997,0.6844793922993089,0.8392434988179657,-3.264775413711584,2.07148520968347,-0.9196217494089834,4.732860520094563,1.7588652482269505,any|any|form_last5_diff>=0.3,False
113,0.0234513274336283,0.038514258838426726,0.6088998760695421,0.542590806389885,2.34513274336283,-1.7168141592920354,3.860507625372703,0.6017699115044248,4.725663716814159,1.7433628318584071,any|any|form_last5_diff>=0.6,False
126,-0.06011904761904762,0.03834622823635525,-1.5677955925284464,0.1169288438413818,-6.011904761904762,-10.142857142857142,3.8184466930143586,-7.821428571428571,4.7063492063492065,1.8095238095238095,any|any|form_last5_diff<=-0.6,False
388,0.011662371134020601,0.021498991996858074,0.5424612993820814,0.5875007609851957,1.1662371134020602,-3.033505154639175,2.143566752555275,-0.6301546391752577,4.842783505154639,1.7963917525773196,any|any|form_last5_diff<=-0.3,False
1757,-0.004075128059191817,0.010316249648055645,-0.3950203027473145,0.6928279044912466,-0.4075128059191817,-4.748434832100171,1.0316787808659262,-2.2191235059760954,5.070005691519635,1.8116107000569153,any|any|form_last5_diff<=0.0,False
2097,0.0011206485455412343,0.009426207556631724,0.11888647038679008,0.9053653008034981,0.11206485455412343,-4.192179303767286,0.9430227694605675,-1.7019551740581784,4.9957081545064375,1.8140200286123034,any|any|form_last5_diff<=0.3,False
2400,1.6666666666654097e-05,0.008801943415379682,0.0018935212236802549,0.9984891895528887,0.0016666666666654097,-4.279583333333333,0.8808648305649165,-1.8041666666666667,4.968333333333334,1.8058333333333334,any|any|form_last5_diff<=0.6,False
2374,0.0041259477674810315,0.008843842199539995,0.46653339966826174,0.6408337462150131,0.41259477674810313,-3.870261162594777,0.8853748403416365,-1.3923757371524852,4.97346251053075,1.8049705139005898,any|any|winrate_diff>=-0.5,False
2111,-0.0005187115111321777,0.009410987378180883,-0.05511765028341194,0.9560447346262011,-0.05187115111321777,-4.334438654666035,0.942424165433007,-1.8576504026527711,4.971577451444813,1.8057792515395548,any|any|winrate_diff>=-0.25,False
1835,0.0021089918256130677,0.010101574648051689,0.20877852207129244,0.8346211387603453,0.21089918256130677,-4.077384196185286,1.011665077341173,-1.5901907356948228,4.99400544959128,1.8010899182561309,any|any|winrate_diff>=0.0,False
511,0.02158512720156554,0.018780826677762416,1.1493172037588515,0.25042520671288426,2.158512720156554,-1.908023483365949,1.8829191662313112,0.38943248532289626,4.64187866927593,1.7690802348336594,any|any|winrate_diff>=0.25,False
291,0.00809278350515463,0.025329214392243407,0.31950392854003756,0.7493444128402942,0.8092783505154629,-3.357388316151203,2.539226167505425,-0.9604810996563574,4.841924398625429,1.7697594501718212,any|any|winrate_diff>=0.5,False
257,0.006614785992217882,0.026445088375165487,0.2501328752763712,0.8024845930754054,0.6614785992217882,-3.5058365758754864,2.643447320238981,-1.1245136186770428,4.832684824902723,1.7859922178988328,any|any|winrate_diff<=-0.5,False
447,-0.0030872483221476596,0.019944947554775078,-0.15478849035170977,0.8769880652149722,-0.30872483221476593,-4.514541387024608,1.989780946589872,-2.1185682326621924,4.832214765100671,1.8098434004474273,any|any|winrate_diff<=-0.25,False
1724,-0.001479118329466368,0.010394968305304342,-0.1422917594382278,0.8868495553130529,-0.1479118329466368,-4.466937354988399,1.0393087060694857,-1.95707656612529,5.0324825986078885,1.8091647331786542,any|any|winrate_diff<=0.0,False
2072,-0.0019642857142857274,0.009490142788320884,-0.20698168174066786,0.8360241645753534,-0.19642857142857273,-4.50530888030888,0.949326320384764,-2.012065637065637,5.001930501930502,1.8156370656370657,any|any|winrate_diff<=0.25,False
2388,-5.443886097153968e-05,0.008840831308816586,-0.006157663128042056,0.9950869267075451,-0.005443886097153967,-4.291038525963149,0.8847424658716045,-1.8136515912897822,4.971524288107203,1.8082077051926297,any|any|winrate_diff<=0.5,False
2287,-0.0003038915609969518,0.009047245412603358,-0.033589401761293276,0.9732045736700743,-0.03038915609969518,-4.324879755137735,0.9053611047792297,-1.8436816790555313,4.984258854394403,1.8132925229558374,any|any|rest_diff_days>=-3.0,False
2136,-0.005402621722846456,0.009352243920360956,-0.5776818663897657,0.5634789241004547,-0.5402621722846456,-4.836610486891386,0.935814298243668,-2.3581460674157304,4.978464419475656,1.817883895131086,any|any|rest_diff_days>=-1.0,False
1311,0.005621662852784122,0.011861574993332121,0.4739389883674209,0.6355434154349229,0.5621662852784123,-3.712433257055683,1.1860359743919542,-1.2433257055682685,4.958047292143402,1.805491990846682,any|any|rest_diff_days>=0.0,False
433,0.03590069284064664,0.019975587156635263,1.7972284148214166,0.07229936530462444,3.590069284064664,-0.6766743648960739,1.994106359889678,1.8140877598152425,5.013856812933025,1.7759815242494226,any|any|rest_diff_days>=1.0,False
221,0.05434389140271492,0.02643261725835262,2.0559406157762314,0.03978824055934904,5.434389140271493,1.2171945701357465,2.6418676574480493,3.665158371040724,4.950226244343892,1.7692307692307692,any|any|rest_diff_days>=3.0,False
214,0.015023364485981308,0.02825121921299505,0.5317775623315695,0.5948800648391166,1.5023364485981308,-2.5700934579439254,2.8308865821027647,-0.21728971962616822,4.705607476635514,1.719626168224299,any|any|rest_diff_days<=-3.0,False
365,0.038520547945205465,0.02209961659303875,1.743041458797942,0.08132637317519942,3.8520547945205466,-0.3013698630136986,2.213742010818822,2.1205479452054794,4.854794520547945,1.7315068493150685,any|any|rest_diff_days<=-1.0,False
1199,-0.004924937447873237,0.01250222426975038,-0.39392490021070214,0.6936364859901367,-0.49249374478732366,-4.769808173477898,1.252367663044999,-2.2964970809007506,4.966638865721435,1.8040033361134278,any|any|rest_diff_days<=0.0,False
2068,-0.006298355899419738,0.009540578193803521,-0.6601650100735442,0.5091479435893729,-0.6298355899419738,-4.90715667311412,0.955307411888727,-2.441247582205029,4.949226305609284,1.811411992263056,any|any|rest_diff_days<=1.0,False
2280,-0.004162280701754401,0.00909374268216784,-0.4577082118142981,0.6471620875208637,-0.4162280701754401,-4.697368421052632,0.9102055625786264,-2.225,4.96140350877193,1.8087719298245615,any|any|rest_diff_days<=3.0,False
4381,0.005477060031956161,0.0064369441314487815,0.8508789139860724,0.39483661918355617,0.5477060031956161,-3.7393289203378224,0.6443605868084001,-1.2155900479342616,5.067107966217758,1.763296051129879,any|any|workload_diff>=-2.0,False
4089,0.004304230863291743,0.0066569851806162535,0.646573598484906,0.5179079497193348,0.43042308632917425,-3.8495964783565664,0.6662963983837449,-1.331132306187332,5.057471264367816,1.7615553925165077,any|any|workload_diff>=-1.0,False
3432,0.009149184149184132,0.0072395502123539365,1.2637779807882952,0.20630972657618485,0.9149184149184132,-3.3755827505827507,0.7244090127061349,-0.8473193473193473,5.075174825174825,1.7622377622377623,any|any|workload_diff>=0.0,False
1128,0.02636081560283686,0.012458063535022162,2.11596413268653,0.03434785819194364,2.636081560283686,-1.5833333333333333,1.245406067007727,0.8958333333333334,4.977836879432624,1.7402482269503545,any|any|workload_diff>=1.0,False
450,0.025733333333333316,0.01896247978754744,1.3570658279742642,0.1747602951444116,2.5733333333333315,-1.4844444444444445,1.8957961426944983,0.8533333333333334,4.7155555555555555,1.72,any|any|workload_diff>=2.0,False
474,0.005696202531645553,0.019681025241055205,0.28942610772954575,0.772255318425848,0.5696202531645553,-3.632911392405063,1.9719784859127343,-1.1919831223628692,4.8734177215189876,1.761603375527426,any|any|workload_diff<=-2.0,False
1131,-0.009814323607427063,0.01282334614929363,-0.7653480997210452,0.4440642891984794,-0.9814323607427063,-5.197170645446508,1.2851509847648193,-2.7409372236958442,4.926613616268789,1.759504862953139,any|any|workload_diff<=-1.0,False
3435,-0.0027467248908297115,0.00730576487622264,-0.3759667792990723,0.7069415934713508,-0.27467248908297115,-4.563901018922853,0.7316007572630442,-2.043231441048035,5.058224163027656,1.7685589519650655,any|any|workload_diff<=0.0,False
4113,0.002120106977875018,0.0066802290771353304,0.317370400534854,0.7509625641212596,0.2120106977875018,-4.083394116216874,0.6687578419027843,-1.5540967663505956,5.0736688548504745,1.7661074641380987,any|any|workload_diff<=1.0,False
4382,0.0014057507987220326,0.006450937348087567,0.21791419182497238,0.8274959693798574,0.14057507987220327,-4.141259698767686,0.6456713350381437,-1.6246006389776357,5.047466910086718,1.7651757188498403,any|any|workload_diff<=2.0,False
4361,0.007129098830543441,0.006459182084011813,1.1037154144005088,0.2697166068998549,0.7129098830543441,-3.572116487044256,0.6466289299900048,-1.0506764503554231,5.062141710616831,1.7635863334097683,any|any|experience_diff>=-3.0,False
3882,0.00618109222050488,0.006810396867078984,0.9075964794920951,0.3640914550112717,0.618109222050488,-3.6689850592478104,0.6814898319612366,-1.1407779495105617,5.077022153529109,1.758887171561051,any|any|experience_diff>=-1.0,False
3232,0.008533415841584145,0.007464492420363299,1.143201086024925,0.25295511148114747,0.8533415841584145,-3.4229579207920793,0.7469610595738226,-0.9031559405940595,5.0625,1.7564975247524752,any|any|experience_diff>=0.0,False
1295,0.020911196911196892,0.01157500701299884,1.8065817919344174,0.0708275106085996,2.0911196911196894,-2.145945945945946,1.1571426366203161,0.33436293436293435,4.993050193050193,1.7567567567567568,any|any|experience_diff>=1.0,False
363,0.051804407713498604,0.021004737075173897,2.4663202175821435,0.013650923652797964,5.18044077134986,1.1101928374655647,2.0999114544603623,3.458677685950413,4.757575757575758,1.721763085399449,any|any|experience_diff>=3.0,False
375,-0.024866666666666676,0.022165870142364184,-1.1218448230074503,0.26192842441529596,-2.4866666666666677,-6.506666666666667,2.220147147623422,-4.241333333333333,4.509333333333333,1.7546666666666666,any|any|experience_diff<=-3.0,False
1331,-0.005469571750563495,0.01177831062146471,-0.4643765923948199,0.642377957574227,-0.5469571750563496,-4.808414725770097,1.1799406108751713,-2.320811419984974,4.979714500375658,1.7738542449286252,any|any|experience_diff<=-1.0,False
3268,-0.0020746634026927915,0.007512799443860582,-0.27615051063131935,0.7824324665061111,-0.20746634026927915,-4.493268053855569,0.7523965768385658,-1.9709302325581395,5.056303549571603,1.7634638922888617,any|any|experience_diff<=0.0,False
3913,-0.0004638384870943136,0.006865172602064645,-0.06756399496129463,0.9461327177355652,-0.04638384870943136,-4.347303858931766,0.6874122775265227,-1.8117812420138002,5.081267569639663,1.76539739330437,any|any|experience_diff<=1.0,False
4370,0.002686498855835227,0.006453133429389906,0.41630920625318835,0.6771837567734686,0.2686498855835227,-4.016475972540046,0.6458505785045502,-1.494508009153318,5.059496567505721,1.763157894736842,any|any|experience_diff<=3.0,False
1287,0.012420357420357407,0.011797363190690652,1.0528079215327,0.29242903366243445,1.2420357420357406,-2.9673659673659674,1.1798321569014811,-0.5271950271950272,4.911421911421911,1.7692307692307692,any|any|own_rest_days>=1.0,False
871,0.019776119402985057,0.014286155032537166,1.384285649843805,0.16627100626859637,1.9776119402985057,-2.283582089552239,1.4285490583025462,0.23938002296211253,5.087256027554535,1.738231917336395,any|any|own_rest_days>=2.0,False
768,0.018229166666666647,0.015192537157342565,1.1998763918017785,0.2301873499805822,1.8229166666666647,-2.4361979166666665,1.5178115464867914,0.07421875,5.0625,1.7486979166666667,any|any|own_rest_days>=3.0,False
532,0.011015037593984946,0.018178344161405798,0.605942845849009,0.5445527066487426,1.1015037593984947,-3.2011278195488724,1.8147476733317047,-0.6691729323308271,5.112781954887218,1.7706766917293233,any|any|own_rest_days>=5.0,False
220,0.03895454545454543,0.02795533617729699,1.3934565196243673,0.163481784585767,3.895454545454543,-0.4409090909090909,2.799136407689686,2.1227272727272726,5.2,1.7727272727272727,any|any|own_rest_days>=7.0,False
1726,0.0012572421784472687,0.010340383450932996,0.1215856437445586,0.90322718375931,0.12572421784472687,-4.198725376593279,1.0348667930987647,-1.6738122827346467,5.066048667439166,1.7995365005793742,any|any|own_rest_days<=1.0,False
2142,0.00043417366946777206,0.009267800103096418,0.04684754360667668,0.9626347362873615,0.043417366946777204,-4.237628384687208,0.9274588520234551,-1.7628384687208216,4.964519140989729,1.8062558356676004,any|any|own_rest_days<=2.0,False
2245,0.0018507795100222595,0.009050757872055608,0.20448889874035606,0.8379714662383564,0.18507795100222596,-4.095768374164811,0.905976252600752,-1.614476614699332,4.978619153674833,1.799554565701559,any|any|own_rest_days<=3.0,False
2481,0.004955663039097122,0.008603382986633266,0.5760133016043268,0.564606190796344,0.49556630390971224,-3.7738814993954053,0.8611748711214794,-1.2944377267230955,4.975816203143894,1.7900040306328093,any|any|own_rest_days<=5.0,False
2793,0.003431793770139621,0.008094067076321716,0.42398879794052463,0.6715739828950018,0.3431793770139621,-3.927318295739348,0.8097868533141805,-1.4445041174364484,4.984246330110992,1.7876834944504116,any|any|own_rest_days<=7.0,False
2793,0.003431793770139621,0.008094067076321716,0.42398879794052463,0.6715739828950018,0.3431793770139621,-3.927318295739348,0.8097868533141805,-1.4445041174364484,4.984246330110992,1.7876834944504116,any|any|own_matches_7d>=1.0,False
1491,0.006405097250167664,0.011271563413781912,0.5682527804737411,0.5698633370331512,0.6405097250167664,-3.572769953051643,1.1283780928695024,-1.1676727028839704,4.815560026827632,1.8081824279007377,any|any|own_matches_7d>=2.0,False
683,0.009677891654465582,0.016565681921657742,0.5842132971183541,0.5590768164242754,0.9677891654465581,-3.260614934114202,1.6596602230736248,-0.8638360175695461,4.8345534407027815,1.8316251830161054,any|any|own_matches_7d>=3.0,False
292,0.017722602739726017,0.025088287483241233,0.7064094251775681,0.4799335612352569,1.7722602739726017,-2.4075342465753424,2.5139597620623855,-0.039383561643835614,4.811643835616438,1.8116438356164384,any|any|own_matches_7d>=4.0,False
3072,0.0034993489583333183,0.007603080460038342,0.46025410052226,0.6453338427408197,0.3499348958333318,-3.9505208333333335,0.7610442995732709,-1.3889973958333333,5.146484375,1.7389322916666667,any|any|own_matches_7d<=1.0,False
3880,0.0035283505154639024,0.0068186768127148295,0.5174538422006694,0.6048393823613938,0.3528350515463902,-3.92680412371134,0.682448836115944,-1.3963917525773195,5.074226804123711,1.7492268041237113,any|any|own_matches_7d<=2.0,False
4271,0.003541325216576899,0.006514976764047287,0.5435668222363587,0.5867395959887518,0.3541325216576899,-3.9241395457738233,0.652106693123015,-1.4040037461952704,5.053851557012409,1.7581362678529617,any|any|own_matches_7d<=3.0,False
4472,0.00527951699463326,0.006357328191387378,0.830461608350771,0.40627784538861245,0.527951699463326,-3.74932915921288,0.6363697607241517,-1.23412343470483,5.046064400715563,1.7620751341681575,any|any|own_matches_7d<=4.0,False
4152,0.003171965317919062,0.006622705274489089,0.478953114543326,0.6319719836279767,0.3171965317919062,-3.979287090558767,0.6627634782330034,-1.4523121387283238,5.073217726396917,1.7695086705202312,any|any|round_ordinal>=2.0,False
3968,0.00038180443548385635,0.006790717935915976,0.05622445801562455,0.9551629972984401,0.03818044354838564,-4.297631048387097,0.679558672699116,-1.7307207661290323,5.152469758064516,1.7689012096774193,any|any|round_ordinal>=4.0,False
2100,-0.008254761904761916,0.009367110146165035,-0.881249582416993,0.37818274806911223,-0.8254761904761916,-5.346666666666667,0.9362709471747156,-2.635,5.443333333333333,1.8095238095238095,any|any|round_ordinal>=5.0,False
679,-0.029153166421207667,0.017752446494205442,-1.6422055647779883,0.10054740984110766,-2.9153166421207666,-7.187039764359352,1.7759122255395865,-4.837260677466863,4.711340206185567,1.9219440353460973,any|any|round_ordinal>=6.0,False
392,0.026237244897959172,0.021430881457546166,1.2242727836432787,0.2208493403908225,2.6237244897959173,-0.7117346938775511,2.1463532952202597,0.889030612244898,3.2066326530612246,1.7346938775510203,any|any|round_ordinal<=2.0,False
2347,0.015377077119727295,0.00875393264480051,1.7565907511135204,0.07898759057739024,1.5377077119727296,-2.472092032381764,0.8768603026789522,-0.18960374946740519,4.582019599488709,1.7273114614401364,any|any|round_ordinal<=4.0,False
3768,0.010230891719745209,0.006836211241354105,1.4965733735458255,0.1345043026950128,1.0230891719745208,-3.2245222929936306,0.6842540431118549,-0.714968152866242,5.038747346072187,1.7380573248407643,any|any|round_ordinal<=5.0,False
4180,0.006265550239234438,0.006561286893262168,0.9549270350712108,0.33961459689917683,0.6265550239234438,-3.619377990430622,0.6567445500502592,-1.1272727272727272,5.0019138755980865,1.7538277511961722,any|any|round_ordinal<=6.0,False
3915,0.0063090676883780185,0.007057961862309613,0.8938937063501601,0.3713787654653542,0.6309067688378018,-3.753256704980843,0.7064494812391076,-1.2270753512132822,5.116219667943806,1.8579821200510855,any|any|open_price>=20.0,False
3159,0.008983855650522298,0.007855340622977472,1.14366213786374,0.2527637811895831,0.8983855650522298,-3.4260842038619814,0.7860508974684675,-0.9256093700538145,5.080088635644191,1.8239949351060463,any|any|open_price>=35.0,False
2328,0.02120060137457042,0.008764355611682489,2.418957230159737,0.015565070204685671,2.120060137457042,-2.151632302405498,0.876817573061545,0.3588917525773196,5.1284364261168385,1.761168384879725,any|any|open_price>=50.0,False
1410,0.021581560283687906,0.009926567816842109,2.1741210740605754,0.029696043686647577,2.158156028368791,-1.8432624113475178,0.9937733959079008,0.5524822695035461,4.9687943262411345,1.6056737588652483,any|any|open_price>=65.0,False
691,0.043140376266280714,0.010333450925196918,4.174827613598853,2.982117826721975e-05,4.314037626628071,0.9565846599131693,1.0324550435208828,3.1186685962373373,4.602026049204052,1.195369030390738,any|any|open_price>=80.0,True
675,-0.008592592592592596,0.012194175141474289,-0.7046473002809227,0.48102975487939337,-0.8592592592592596,-4.496296296296296,1.222741915775451,-2.071111111111111,4.598518518518518,1.211851851851852,any|any|open_price<=20.0,False
1426,-0.008962131837307154,0.01029423586396255,-0.8705970948928082,0.38397418325720656,-0.8962131837307155,-5.05820476858345,1.031781136280045,-2.523141654978962,4.950911640953716,1.6269284712482468,any|any|open_price<=35.0,False
2268,-0.016117724867724868,0.009018689862731051,-1.7871470372132385,0.07391372678843355,-1.6117724867724867,-5.884038800705468,0.9032318835307951,-3.377204585537919,4.938712522045855,1.7654320987654322,any|any|open_price<=50.0,False
3178,-0.0023222152297042195,0.007937569530726803,-0.29255998586403387,0.7698585027507006,-0.23222152297042195,-4.623033354310888,0.7943777210649405,-2.064820641913153,5.062932662051605,1.8325991189427313,any|any|open_price<=65.0,False
3894,-0.0023394966615305707,0.007167421806399371,-0.32640700166994097,0.7441164408071841,-0.23394966615305707,-4.668207498715973,0.7172395512841244,-2.0973292244478685,5.11864406779661,1.8633795582948125,any|any|open_price<=80.0,False
723,-0.01843015214384509,0.014612308627322388,-1.2612758609124928,0.2072094750864466,-1.843015214384509,-5.964038727524205,1.4632328001399064,-3.524896265560166,4.764868603042877,1.681881051175657,any|cheap|form_last3_diff>=-0.67,False
666,-0.012725225225225222,0.015367544181081839,-0.8280584767012132,0.40763738375261194,-1.2725225225225223,-5.403903903903904,1.5386992728458766,-2.954204204204204,4.7792792792792795,1.6816816816816818,any|cheap|form_last3_diff>=-0.34,False
578,-0.013961937716262977,0.01637577086937949,-0.8525972809237299,0.3938826709721961,-1.3961937716262978,-5.517301038062284,1.6426841461355874,-3.0709342560553634,4.775086505190312,1.6747404844290656,any|cheap|form_last3_diff>=0.0,False
89,0.03471910112359551,0.04524853055126809,0.7672978702426063,0.4429044344183706,3.4719101123595513,-0.47191011235955055,4.549188937792821,1.797752808988764,4.449438202247191,1.6741573033707866,any|cheap|form_last3_diff>=0.34,False
73,-0.07047945205479451,0.04149017006680487,-1.6987024141215359,0.08937526835629406,-7.047945205479452,-11.246575342465754,4.162225067454339,-8.732876712328768,5.0,1.6849315068493151,any|cheap|form_last3_diff<=-0.34,False
543,-0.03418968692449355,0.016464432262352845,-2.076578553071084,0.03784047406117552,-3.4189686924493548,-7.624309392265193,1.644902880780647,-5.109576427255985,4.911602209944752,1.6906077348066297,any|cheap|form_last3_diff<=0.0,False
650,-0.02570769230769231,0.015205870595290393,-1.6906425808762684,0.09090508692265109,-2.570769230769231,-6.735384615384615,1.52162748731577,-4.253846153846154,4.849230769230769,1.6830769230769231,any|cheap|form_last3_diff<=0.34,False
721,-0.02006934812760056,0.014558119775166916,-1.3785673175896407,0.16802819903910926,-2.006934812760056,-6.15117891816921,1.4579312380729723,-3.6865464632454925,4.815533980582524,1.6796116504854368,any|cheap|form_last3_diff<=0.67,False
698,-0.015157593123209172,0.014948719598515705,-1.013972669921122,0.3105957934780128,-1.5157593123209172,-5.640401146131805,1.4977648855525263,-3.1919770773638967,4.7793696275071635,1.67621776504298,any|cheap|form_last5_diff>=-0.6,False
628,-0.017738853503184715,0.01566266350134404,-1.132556637104699,0.2574004873053184,-1.7738853503184715,-5.899681528662421,1.5700449005330461,-3.4522292993630574,4.777070063694268,1.678343949044586,any|cheap|form_last5_diff>=-0.3,False
537,-0.009627560521415272,0.017064959557161013,-0.5641713060711728,0.5726375537221635,-0.9627560521415273,-5.031657355679702,1.710772805745092,-2.633147113594041,4.685288640595903,1.670391061452514,any|cheap|form_last5_diff>=0.0,False
123,0.012032520325203251,0.0368064881639935,0.32691302336674016,0.7437336706093869,1.203252032520325,-2.821138211382114,3.711113317845047,-0.42276422764227645,4.682926829268292,1.6260162601626016,any|cheap|form_last5_diff>=0.3,False
48,-0.0646875,0.05216721746687105,-1.240002881907205,0.21497432820691342,-6.468749999999999,-10.854166666666666,5.165350116806819,-8.177083333333334,5.354166666666667,1.7083333333333333,any|cheap|form_last5_diff<=-0.6,False
119,-0.032226890756302515,0.03526926039499509,-0.9137387740876952,0.3608541247367847,-3.2226890756302513,-7.34453781512605,3.5101828994076394,-4.911764705882353,4.798319327731092,1.6890756302521008,any|cheap|form_last5_diff<=-0.3,False
529,-0.03112476370510396,0.01674062816965249,-1.8592351129049696,0.06299381979506569,-3.112476370510396,-7.306238185255198,1.6711113788257073,-4.804347826086956,4.890359168241966,1.6918714555765595,any|cheap|form_last5_diff<=0.0,False
620,-0.0255241935483871,0.015608691782187522,-1.6352551453104511,0.10199557227300193,-2.55241935483871,-6.711290322580645,1.5606866013361347,-4.244354838709677,4.824193548387097,1.6919354838709677,any|cheap|form_last5_diff<=0.3,False
710,-0.019640845070422536,0.014689045557432686,-1.337108322908307,0.1811872808264665,-1.9640845070422537,-6.125352112676056,1.471384779463387,-3.6443661971830985,4.849295774647888,1.680281690140845,any|cheap|form_last5_diff<=0.6,False
691,-0.015217076700434155,0.015023312731043782,-1.0128975528140332,0.3111090974243145,-1.5217076700434156,-5.642547033285094,1.505371653142251,-3.201881331403763,4.7626628075253254,1.6801736613603473,any|cheap|winrate_diff>=-0.5,False
618,-0.014603559870550162,0.015880554569283067,-0.9195875249090526,0.3577883483073434,-1.4603559870550162,-5.577669902912621,1.591677452592706,-3.1399676375404533,4.758899676375404,1.6796116504854368,any|cheap|winrate_diff>=-0.25,False
537,-0.011554934823091249,0.01703039076595483,-0.6784891187694018,0.49746162071550915,-1.155493482309125,-5.240223463687151,1.7073917756237378,-2.8258845437616387,4.716945996275605,1.670391061452514,any|cheap|winrate_diff>=0.0,False
145,0.013344827586206892,0.034166037812141524,0.39058750855402274,0.6961021603659125,1.3344827586206893,-2.6482758620689655,3.444490450981753,-0.32068965517241377,4.544827586206897,1.6551724137931034,any|cheap|winrate_diff>=0.25,False
89,0.022921348314606748,0.0448323406745318,0.5112681597645833,0.609163297146865,2.292134831460675,-1.7303370786516854,4.508950469035163,0.6067415730337079,4.584269662921348,1.6853932584269662,any|cheap|winrate_diff>=0.5,False
77,-0.04694805194805194,0.04310966121402094,-1.0890378311018274,0.2761372032037923,-4.694805194805194,-8.844155844155845,4.326754142912937,-6.3441558441558445,4.974025974025974,1.6493506493506493,any|cheap|winrate_diff<=-0.5,False
139,-0.04838129496402877,0.0318389974643244,-1.5195608787066872,0.12862137651021088,-4.838129496402877,-9.035971223021583,3.1728012413026843,-6.5359712230215825,4.913669064748201,1.6978417266187051,any|cheap|winrate_diff<=-0.25,False
519,-0.028747591522157997,0.016960876477138228,-1.6949354923318511,0.09008765864812052,-2.8747591522157996,-7.044315992292871,1.6927164068684524,-4.5626204238921,4.851637764932563,1.6878612716763006,any|cheap|winrate_diff<=0.0,False
617,-0.026142625607779576,0.015640059683501805,-1.6715169978127762,0.09461960413906256,-2.6142625607779575,-6.776337115072933,1.5636252579701728,-4.306320907617504,4.829821717990275,1.6920583468395463,any|cheap|winrate_diff<=0.25,False
708,-0.019216101694915253,0.014727328119169355,-1.304792121111448,0.19196364272079092,-1.9216101694915253,-6.0875706214689265,1.4752846885467579,-3.602401129943503,4.857344632768362,1.6807909604519775,any|cheap|winrate_diff<=0.5,False
642,-0.019781931464174455,0.01565317284599794,-1.2637649669365352,0.2063143989338072,-1.9781931464174456,-6.161993769470405,1.5668196454976027,-3.6806853582554515,4.8473520249221185,1.7024922118380061,any|cheap|rest_diff_days>=-3.0,False
602,-0.02593023255813953,0.015946728487586263,-1.6260534302270793,0.10393828961744678,-2.5930232558139528,-6.782392026578073,1.5948952962521956,-4.3023255813953485,4.843853820598007,1.7093023255813953,any|cheap|rest_diff_days>=-1.0,False
361,-0.012950138504155127,0.021075815652198522,-0.6144549144793945,0.5389147572864674,-1.2950138504155126,-5.518005540166205,2.1005212183564557,-2.9930747922437675,4.933518005540166,1.6980609418282548,any|cheap|rest_diff_days>=0.0,False
114,0.02140350877192982,0.04044867083998378,0.5291523386912459,0.5966997763861182,2.140350877192982,-2.307017543859649,4.0260972759510345,0.4298245614035088,5.385964912280702,1.7105263157894737,any|cheap|rest_diff_days>=1.0,False
42,-0.0738095238095238,0.055995843944161246,-1.3181250359067052,0.18746179483970993,-7.38095238095238,-12.0,5.582971454980872,-9.119047619047619,5.666666666666667,1.7380952380952381,any|cheap|rest_diff_days>=3.0,False
97,-0.009484536082474229,0.0373924922673571,-0.25364813916814094,0.7997674028265074,-0.9484536082474229,-4.783505154639175,3.75744469508528,-2.4948453608247423,4.494845360824742,1.5463917525773196,any|cheap|rest_diff_days<=-3.0,False
137,0.014525547445255468,0.0341056013555979,0.4258991739745802,0.670181316852482,1.4525547445255467,-2.45985401459854,3.432224457577634,-0.10948905109489052,4.613138686131387,1.562043795620438,any|cheap|rest_diff_days<=-1.0,False
381,-0.02485564304461942,0.019705284197643558,-1.2613694273737885,0.20717577793722186,-2.485564304461942,-6.540682414698162,1.9832086593954277,-4.149606299212598,4.677165354330708,1.6640419947506562,any|cheap|rest_diff_days<=0.0,False
625,-0.025696000000000004,0.015406523113978004,-1.6678649562850802,0.09534253766386636,-2.5696000000000003,-6.6512,1.5452623722120327,-4.2464,4.6944,1.6768,any|cheap|rest_diff_days<=1.0,False
697,-0.01509325681492109,0.014943181701131455,-1.0100430495185821,0.3124746653720334,-1.509325681492109,-5.618364418938307,1.4966268719626368,-3.187948350071736,4.748923959827834,1.678622668579627,any|cheap|rest_diff_days<=3.0,False
1291,-0.006514329976762198,0.010948742526542866,-0.5949843062771464,0.5518539613959446,-0.6514329976762199,-4.869093725793959,1.0972379584005512,-2.298218435321456,5.017815646785437,1.6467854376452362,any|cheap|workload_diff>=-2.0,False
1195,-0.009129707112970712,0.011309760366389013,-0.8072414283951491,0.41952740171259606,-0.9129707112970712,-5.107112970711297,1.1329444231979544,-2.5573221757322178,4.977405857740586,1.6443514644351465,any|cheap|workload_diff>=-1.0,False
1034,-0.015556092843326886,0.01201333521610158,-1.2949020870138475,0.19535400846313689,-1.5556092843326885,-5.7727272727272725,1.2037024752897383,-3.2093810444874276,5.0145067698259185,1.6537717601547388,any|cheap|workload_diff>=0.0,False
350,0.0026714285714285755,0.02118958672232279,0.12607270761983672,0.8996743712304587,0.26714285714285757,-3.86,2.12144217584268,-1.3557142857142856,4.894285714285714,1.6228571428571428,any|cheap|workload_diff>=1.0,False
113,-0.012920353982300863,0.03632932086639239,-0.35564534855517366,0.7221061778766076,-1.2920353982300863,-5.176991150442478,3.659738193136682,-2.9646017699115044,4.265486725663717,1.6725663716814159,any|cheap|workload_diff>=2.0,False
174,0.017988505747126425,0.030615812105306534,0.5875560538865647,0.5568303157237731,1.7988505747126424,-2.4195402298850577,3.07598915913722,0.21264367816091953,5.126436781609195,1.5862068965517242,any|cheap|workload_diff<=-2.0,False
335,0.024791044776119403,0.022425622166752736,1.1054785723124123,0.2689522742000032,2.47910447761194,-1.6567164179104477,2.24802973761627,0.8940298507462686,4.940298507462686,1.5850746268656717,any|cheap|workload_diff<=-1.0,False
1019,-0.008552502453385673,0.012261397705549333,-0.6975144807116836,0.4854808803087627,-0.8552502453385673,-5.076545632973503,1.2291459414364825,-2.497055937193327,5.031403336604514,1.6418056918547597,any|cheap|workload_diff<=0.0,False
1256,-0.005031847133757964,0.011097438935004493,-0.4534241786081003,0.6502433292237073,-0.5031847133757964,-4.728503184713376,1.1116202172680316,-2.1369426751592355,5.062101910828026,1.6337579617834395,any|cheap|workload_diff<=1.0,False
1339,-0.008144137415982074,0.010688295327500676,-0.7619678504791538,0.44607919237809046,-0.8144137415982075,-5.018670649738611,1.0708500311067997,-2.450709484690067,5.008961911874533,1.6362957430918597,any|cheap|workload_diff<=2.0,False
1280,-0.0059062500000000035,0.011023834780463494,-0.5357709107240155,0.5921168887376793,-0.5906250000000004,-4.81171875,1.104895843594435,-2.23828125,5.0234375,1.64765625,any|cheap|experience_diff>=-3.0,False
1103,-0.012447869446962826,0.01170254779485137,-1.063688836412133,0.2874696833386934,-1.2447869446962827,-5.446962828649139,1.1717806343879256,-2.885766092475068,4.99546690843155,1.6409791477787852,any|cheap|experience_diff>=-1.0,False
932,-0.011909871244635195,0.012758838046302349,-0.9334604923593968,0.3505822597492714,-1.1909871244635195,-5.373390557939914,1.2783537215496028,-2.837982832618026,4.963519313304721,1.6469957081545064,any|cheap|experience_diff>=0.0,False
343,-0.005437317784256563,0.021583555457382046,-0.2519194668826855,0.8011033123542499,-0.5437317784256563,-4.658892128279883,2.1585396823437706,-2.1997084548104957,4.801749271137027,1.6559766763848396,any|cheap|experience_diff>=1.0,False
67,0.032686567164179094,0.05255097333314644,0.6219973692392505,0.5339435978708651,3.2686567164179094,-0.5223880597014925,5.265341058961818,1.537313432835821,4.029850746268656,1.7313432835820894,any|cheap|experience_diff>=3.0,False
161,0.010496894409937885,0.030860498234143864,0.34014014713230345,0.7337509892358969,1.0496894409937885,-2.9937888198757765,3.1039383029783987,-0.515527950310559,4.819875776397516,1.565217391304348,any|cheap|experience_diff<=-3.0,False
437,0.007597254004576654,0.01909490861488847,0.3978680473313712,0.6907274543440571,0.7597254004576653,-3.469107551487414,1.9144039659466012,-0.8558352402745996,5.066361556064074,1.6155606407322654,any|cheap|experience_diff<=-1.0,False
1026,-0.005765107212475638,0.01218671692483326,-0.473064833460429,0.6361669250535984,-0.5765107212475638,-4.8011695906432745,1.2221397925795445,-2.207115009746589,5.06140350877193,1.6306042884990253,any|cheap|experience_diff<=0.0,False
1235,-0.006720647773279352,0.011115685643638261,-0.604609377121574,0.5454385746056802,-0.6720647773279351,-4.895546558704454,1.1147024929182712,-2.299595141700405,5.065587044534413,1.6275303643724697,any|cheap|experience_diff<=1.0,False
1335,-0.008423220973782774,0.010683981095515866,-0.7883972180854992,0.43046439753371346,-0.8423220973782773,-5.047940074906367,1.0705933565386094,-2.4767790262172285,5.019475655430711,1.6344569288389512,any|cheap|experience_diff<=3.0,False
330,-0.00575757575757576,0.022110070425111195,-0.2604051297383782,0.7945512864581195,-0.575757575757576,-4.654545454545454,2.2090242919835945,-2.2606060606060607,4.678787878787879,1.6848484848484848,any|cheap|own_rest_days>=1.0,False
198,0.026388888888888892,0.03015952690966397,0.8749768843500374,0.38158648328844436,2.6388888888888893,-1.393939393939394,3.0156374854849153,0.9772727272727273,4.651515151515151,1.6616161616161615,any|cheap|own_rest_days>=2.0,False
178,0.0152247191011236,0.03143083291963221,0.4843880256069827,0.6281105149798292,1.52247191011236,-2.5224719101123596,3.1397970825043733,-0.1348314606741573,4.685393258426966,1.6573033707865168,any|cheap|own_rest_days>=3.0,False
133,-0.01725563909774436,0.03511590458548758,-0.4913909893944647,0.6231499360073007,-1.7255639097744362,-5.909774436090226,3.4906942436817205,-3.4022556390977443,4.924812030075188,1.6766917293233083,any|cheap|own_rest_days>=5.0,False
47,0.026808510638297877,0.06489841658901405,0.41308420216273817,0.6795449233969622,2.6808510638297878,-1.4680851063829787,6.4346031379455155,1.0638297872340425,4.9787234042553195,1.6170212765957446,any|cheap|own_rest_days>=7.0,False
561,-0.01524955436720143,0.016447410139607013,-0.9271705537687647,0.35383798885774276,-1.524955436720143,-5.693404634581105,1.6507104149245866,-3.177361853832442,4.918003565062389,1.6524064171122994,any|cheap|own_rest_days<=1.0,False
693,-0.022626262626262623,0.014600540104485889,-1.5496866872281594,0.12121673497119145,-2.262626262626262,-6.4271284271284275,1.4637187427642464,-3.9278499278499277,4.88023088023088,1.6652236652236652,any|cheap|own_rest_days<=2.0,False
713,-0.018464235624123422,0.014503967616578886,-1.2730472179914216,0.20300128698543918,-1.8464235624123422,-6.004207573632539,1.4543341263649041,-3.5126227208976157,4.865357643758766,1.6661991584852736,any|cheap|own_rest_days<=3.0,False
758,-0.010765171503957784,0.014244338017319226,-0.7557509159687704,0.44979855056812834,-1.0765171503957784,-5.203166226912929,1.4292130009903334,-2.7387862796833775,4.812664907651715,1.6622691292875988,any|cheap|own_rest_days<=5.0,False
844,-0.013880331753554504,0.01345987850050162,-1.0312375221691052,0.30242944883378575,-1.3880331753554505,-5.5225118483412325,1.3495410022977985,-3.0550947867298577,4.821090047393365,1.6670616113744077,any|cheap|own_rest_days<=7.0,False
844,-0.013880331753554504,0.01345987850050162,-1.0312375221691052,0.30242944883378575,-1.3880331753554505,-5.5225118483412325,1.3495410022977985,-3.0550947867298577,4.821090047393365,1.6670616113744077,any|cheap|own_matches_7d>=1.0,False
423,-0.0019030732860520093,0.019819859048181846,-0.0960185075698904,0.9235058735618273,-0.19030732860520091,-4.309692671394799,1.983617528063765,-1.8947990543735225,4.697399527186761,1.7044917257683214,any|cheap|own_matches_7d>=2.0,False
160,-0.032249999999999994,0.03154766409835906,-1.022262691128294,0.306656586321854,-3.224999999999999,-7.4,3.171812270888838,-5.03125,4.65,1.80625,any|cheap|own_matches_7d>=3.0,False
52,-0.02624999999999998,0.05793158493587504,-0.45312069450639625,0.6504618344469781,-2.6249999999999982,-7.0,5.85431477700812,-4.509615384615385,4.9423076923076925,1.8846153846153846,any|cheap|own_matches_7d>=4.0,False
946,-0.007373150105708249,0.012545575484223808,-0.5877091979542957,0.5567275006789538,-0.7373150105708248,-4.969344608879493,1.2580326205015337,-2.3440803382663846,5.130021141649048,1.6067653276955602,any|cheap|own_matches_7d<=1.0,False
1209,-0.0021670802315963593,0.011266596840087956,-0.1923455913400236,0.8474715083396174,-0.21670802315963594,-4.416873449131514,1.1285658033682369,-1.8312655086848635,5.042183622828784,1.6145574855252274,any|cheap|own_matches_7d<=2.0,False
1317,-0.0048709187547456324,0.010793416076466524,-0.45128610999866514,0.6517833544702225,-0.48709187547456323,-4.677296886864085,1.0812296576473153,-2.1142748671222473,4.998481397114655,1.627182991647684,any|cheap|own_matches_7d<=3.0,False
1353,-0.007815964523281597,0.01062435987605923,-0.7356645119762906,0.46193489175367475,-0.7815964523281597,-4.985218033998522,1.0644711172569075,-2.416481892091648,5.0118255728011825,1.6348854397634884,any|cheap|own_matches_7d<=4.0,False
1236,-0.00834546925566343,0.01114969500617874,-0.7484930530421404,0.4541628137650733,-0.8345469255663431,-5.073624595469256,1.1165304003011862,-2.4858414239482203,5.0542071197411005,1.651294498381877,any|cheap|round_ordinal>=2.0,False
1186,-0.007373524451939293,0.011414725526744714,-0.6459659879392734,0.5183013825839324,-0.7373524451939293,-5.029510961214165,1.1431952909673395,-2.388279932546374,5.1576728499156825,1.650927487352445,any|cheap|round_ordinal>=4.0,False
629,-0.02898251192368839,0.015361728460832233,-1.8866699797216855,0.05920472787719255,-2.8982511923688388,-7.344992050874404,1.5350849223169707,-4.591414944356121,5.370429252782194,1.6931637519872813,any|cheap|round_ordinal>=5.0,False
171,-0.012631578947368428,0.03219098589793904,-0.3923949079228772,0.6947664478779616,-1.2631578947368427,-5.491228070175438,3.2098100448973965,-3.1052631578947367,4.690058479532164,1.8421052631578947,any|cheap|round_ordinal>=6.0,False
123,0.0048373983739837334,0.03558716816376373,0.13593097241464033,0.891875850270105,0.48373983739837334,-2.6910569105691056,3.583082744145449,-1.0772357723577235,3.130081300813008,1.5609756097560976,any|cheap|round_ordinal<=2.0,False
703,0.012119487908961592,0.014971746240812933,0.8094906041036085,0.41823300521242723,1.2119487908961593,-2.7226173541963017,1.5025323876753536,-0.3840682788051209,4.568990042674253,1.5960170697012803,any|cheap|round_ordinal<=4.0,False
1161,-0.006503014642549528,0.011375325860500461,-0.5716772180681448,0.5675406713684601,-0.6503014642549528,-4.819121447028424,1.1407334025018212,-2.2627045650301465,4.98535745047373,1.6124031007751938,any|cheap|round_ordinal<=5.0,False
1268,-0.0064865930599369084,0.010961504780916918,-0.5917611851275689,0.5540105183570354,-0.6486593059936908,-4.831230283911672,1.0980593928484177,-2.2779968454258674,4.980283911671925,1.6293375394321767,any|cheap|round_ordinal<=6.0,False
756,-0.00486772486772486,0.016081966888873814,-0.3026821844218917,0.7621320760624466,-0.486772486772486,-5.12037037037037,1.6111646012515632,-2.486772486772487,5.267195767195767,2.0,any|cheap|open_price>=20.0,False
640,-0.00859375,0.012768280488649789,-0.6730546065023644,0.5009125513743344,-0.8593750000000001,-4.5609375,1.2802765476765803,-2.0828125,4.690625,1.2234375,any|cheap|open_price<=20.0,False
1369,-0.00568298027757487,0.010610246800117667,-0.5356124494212374,0.59222642287703,-0.568298027757487,-4.7655222790357925,1.0632869920733958,-2.2052593133674216,4.996347699050402,1.6369612856099343,any|cheap|open_price<=35.0,False
1369,-0.00568298027757487,0.010610246800117667,-0.5356124494212374,0.59222642287703,-0.568298027757487,-4.7655222790357925,1.0632869920733958,-2.2052593133674216,4.996347699050402,1.6369612856099343,any|cheap|open_price<=50.0,False
1369,-0.00568298027757487,0.010610246800117667,-0.5356124494212374,0.59222642287703,-0.568298027757487,-4.7655222790357925,1.0632869920733958,-2.2052593133674216,4.996347699050402,1.6369612856099343,any|cheap|open_price<=65.0,False
1369,-0.00568298027757487,0.010610246800117667,-0.5356124494212374,0.59222642287703,-0.568298027757487,-4.7655222790357925,1.0632869920733958,-2.2052593133674216,4.996347699050402,1.6369612856099343,any|cheap|open_price<=80.0,False
1024,-0.00432617187500001,0.015262871523612232,-0.2834441650319378,0.7768363770682618,-0.432617187500001,-4.953125,1.5272214040916638,-2.4326171875,5.041015625,2.0,any|mid|form_last3_diff>=-0.67,False
947,-0.00537486800422387,0.015845097652757125,-0.33921330887402995,0.7344490439925355,-0.5374868004223871,-5.074973600844773,1.5849784369630286,-2.5374868004223865,5.074973600844773,2.0,any|mid|form_last3_diff>=-0.34,False
811,0.004919852034525269,0.01715103442211175,0.28685453678423106,0.7742237025152505,0.4919852034525269,-4.055487053020962,1.716900414247645,-1.5080147965474722,5.094944512946979,2.0,any|mid|form_last3_diff>=0.0,False
111,-0.012657657657657664,0.046122580852058,-0.27443515570514476,0.7837502293391325,-1.2657657657657664,-5.621621621621622,4.63054442760198,-3.265765765765766,4.711711711711712,2.0,any|mid|form_last3_diff>=0.34,False
91,0.03038461538461538,0.05236082376645749,0.5802929212905138,0.56171710021043,3.0384615384615383,-1.2637362637362637,5.245053141564459,1.0384615384615385,4.604395604395604,2.0,any|mid|form_last3_diff<=-0.34,False
778,0.0028470437017994767,0.017548734978272414,0.16223640651730636,0.8711196912962373,0.28470437017994765,-4.268637532133676,1.7555406149250004,-1.7152956298200515,5.10668380462725,2.0,any|mid|form_last3_diff<=0.0,False
927,-0.0009924487594390621,0.016063334677951666,-0.06178348265390281,0.9507352572886931,-0.09924487594390621,-4.6353829557713055,1.6064132008149254,-2.099244875943905,5.0722761596548,2.0,any|mid|form_last3_diff<=0.34,False
1021,-0.00231635651322234,0.015285025646164433,-0.15154416923098835,0.8795464711355445,-0.231635651322234,-4.745347698334966,1.5290676402684196,-2.2316356513222333,5.0274240940254655,2.0,any|mid|form_last3_diff<=0.67,False
999,6.006006006004811e-05,0.015436620016393255,0.003890751990802781,0.9968956368889101,0.006006006006004812,-4.5225225225225225,1.5445002152885876,-1.993993993993994,5.057057057057057,2.0,any|mid|form_last5_diff>=-0.6,False
897,-0.004960981047937575,0.016288954025200943,-0.3045610565455798,0.7607004840331388,-0.4960981047937575,-5.02118171683389,1.6300695319964122,-2.496098104793757,5.050167224080267,2.0,any|mid|form_last5_diff>=-0.3,False
778,0.0030591259640102768,0.017521062704737727,0.17459705587282007,0.8613962621245057,0.3059125964010277,-4.221079691516709,1.7542987537192278,-1.6940874035989717,5.053984575835476,2.0,any|mid|form_last5_diff>=0.0,False
172,-0.018459302325581396,0.037087784569637475,-0.49771919622002464,0.6186819759962554,-1.8459302325581395,-6.162790697674419,3.7149991404449754,-3.8459302325581395,4.633720930232558,2.0,any|mid|form_last5_diff>=0.3,False
41,0.010975609756097555,0.07620099775133284,0.14403498746715007,0.8854728416836275,1.0975609756097555,-3.5853658536585367,7.670022069621641,-0.9024390243902439,5.365853658536585,2.0,any|mid|form_last5_diff>=0.6,False
45,-0.07100000000000001,0.07518505788581219,-0.9443365742676123,0.344997681619599,-7.1000000000000005,-11.333333333333334,7.513960071732877,-9.1,4.466666666666667,2.0,any|mid|form_last5_diff<=-0.6,False
148,0.017297297297297287,0.040846929337228235,0.4234662819937455,0.6719550942594223,1.7297297297297287,-2.72972972972973,4.079707703635611,-0.2702702702702703,4.918918918918919,2.0,any|mid|form_last5_diff<=-0.3,False
728,0.001888736263736254,0.018186832479047642,0.10385185358210096,0.9172869156957124,0.1888736263736254,-4.417582417582418,1.8198159673597194,-1.8111263736263736,5.212912087912088,2.0,any|mid|form_last5_diff<=0.0,False
873,0.0037972508591065236,0.01655993113450722,0.22930354167922207,0.8186330009519596,0.37972508591065235,-4.168384879725086,1.6565664857483082,-1.620274914089347,5.096219931271477,2.0,any|mid|form_last5_diff<=0.3,False
998,-0.00334168336673348,0.015474417005132234,-0.21594890234799669,0.8290275777367699,-0.334168336673348,-4.844689378757515,1.5477877073124475,-2.3341683366733466,5.021042084168337,2.0,any|mid|form_last5_diff<=0.6,False
993,0.0008761329305135818,0.015480574612090469,0.056595633719520595,0.954867312758994,0.08761329305135818,-4.442094662638469,1.5488966342769073,-1.9123867069486404,5.0594159113796575,2.0,any|mid|winrate_diff>=-0.5,False
889,-0.005101237345331837,0.016348640435002632,-0.31202823045823597,0.7550190688486078,-0.5101237345331837,-5.038245219347582,1.6361010836819563,-2.5101237345331833,5.056242969628796,2.0,any|mid|winrate_diff>=-0.25,False
768,0.0037890624999999956,0.017578220538666683,0.21555438399838156,0.8293351161216118,0.37890624999999956,-4.165364583333333,1.7596923415974763,-1.62109375,5.088541666666667,2.0,any|mid|winrate_diff>=0.0,False
209,-0.00011961722488038447,0.03390054789836559,-0.0035284746794948243,0.9971846903718786,-0.011961722488038447,-4.277511961722488,3.39319904901146,-2.011961722488038,4.5311004784688995,2.0,any|mid|winrate_diff>=0.25,False
112,-0.006919642857142856,0.04608224409099638,-0.15015854791010116,0.8806395290004703,-0.6919642857142856,-5.080357142857143,4.624060974499664,-2.6919642857142856,4.776785714285714,2.0,any|mid|winrate_diff>=0.5,False
94,0.014893617021276593,0.05155536561457504,0.28888587722605674,0.7726687115228552,1.4893617021276593,-2.8297872340425534,5.158051909024947,-0.5106382978723404,4.638297872340425,2.0,any|mid|winrate_diff<=-0.5,False
171,-0.009064327485380122,0.037857844422621384,-0.23943062854270356,0.8107716824141546,-0.9064327485380121,-5.298245614035087,3.7793447170538457,-2.9064327485380117,4.783625730994152,2.0,any|mid|winrate_diff<=-0.25,False
712,0.003139044943820214,0.01838114927205128,0.17077522723745914,0.864400508702029,0.3139044943820214,-4.265449438202247,1.8391719639894397,-1.6860955056179776,5.158707865168539,2.0,any|mid|winrate_diff<=0.0,False
863,-0.0018366164542294352,0.01665148882306889,-0.11029743188398841,0.9121734938986845,-0.18366164542294353,-4.743916570104288,1.665389746080555,-2.1836616454229434,5.120509849362688,2.0,any|mid|winrate_diff<=0.25,False
997,-0.0027833500501504623,0.015479859757039043,-0.1798046037778094,0.8573059692326503,-0.2783350050150462,-4.788365095285857,1.5483147378309319,-2.278335005015045,5.020060180541625,2.0,any|mid|winrate_diff<=0.5,False
963,-0.00612668743509866,0.015760839134250044,-0.388728505056859,0.6974769935925356,-0.612668743509866,-5.139148494288682,1.576947090425933,-2.612668743509865,5.052959501557632,2.0,any|mid|rest_diff_days>=-3.0,False
901,-0.013263041065482805,0.016293894742176213,-0.8139883849348711,0.4156516049659458,-1.3263041065482806,-5.856825749167592,1.6305916461335594,-3.32630410654828,5.061043285238624,2.0,any|mid|rest_diff_days>=-1.0,False
540,-0.0043703703703703795,0.02098874713034535,-0.20822445204705597,0.8350537170282986,-0.43703703703703795,-4.95925925925926,2.101372614488041,-2.437037037037037,5.044444444444444,2.0,any|mid|rest_diff_days>=0.0,False
155,0.011322580645161279,0.03886777552787722,0.2913102304257253,0.7708140638399281,1.132258064516128,-3.2903225806451615,3.8847555037607737,-0.867741935483871,4.84516129032258,2.0,any|mid|rest_diff_days>=1.0,False
81,0.08222222222222222,0.053342085508721465,1.5414137156069543,0.12321612803217485,8.222222222222223,3.9382716049382718,5.326713069346983,6.222222222222222,4.567901234567901,2.0,any|mid|rest_diff_days>=3.0,False
75,0.04766666666666667,0.05560067837207955,0.8573036887730308,0.3912770704233499,4.766666666666667,0.37333333333333335,5.553953979356041,2.7666666666666666,4.786666666666667,2.0,any|mid|rest_diff_days<=-3.0,False
137,0.07025547445255473,0.04102962233159034,1.7123110197010574,0.08683936696818706,7.025547445255473,2.5985401459854014,4.095500938376195,5.025547445255475,4.854014598540146,2.0,any|mid|rest_diff_days<=-1.0,False
502,0.00019920318725098293,0.021851225234409664,0.009116339478176846,0.992726314229281,0.019920318725098293,-4.48804780876494,2.184388750983021,-1.9800796812749004,5.01593625498008,2.0,any|mid|rest_diff_days<=0.0,False
883,-0.004620611551528881,0.016474995814810753,-0.2804620774091503,0.7791230162304594,-0.4620611551528881,-4.995469988674972,1.6485015516720403,-2.4620611551528877,5.066817667044168,2.0,any|mid|rest_diff_days<=1.0,False
957,-0.009388714733542327,0.015800808628331484,-0.5941920413305927,0.5523836752414415,-0.9388714733542327,-5.475444096133751,1.5809150689441447,-2.938871473354232,5.073145245559038,2.0,any|mid|rest_diff_days<=3.0,False
1679,0.000786182251340073,0.01196222254305,0.06572208872646676,0.9475990861703292,0.07861822513400729,-4.521739130434782,1.1964651437816909,-1.9213817748659916,5.200714711137582,2.0,any|mid|workload_diff>=-2.0,False
1578,0.00041825095057033555,0.012346194349756295,0.03387691289491094,0.9729753034596633,0.04182509505703356,-4.55893536121673,1.2348362330440934,-1.9581749049429658,5.201520912547529,2.0,any|mid|workload_diff>=-1.0,False
1319,0.016652767247915076,0.013520877245069608,1.2316336393030647,0.21808596905378597,1.6652767247915077,-2.954510993176649,1.3524152287473685,-0.33472327520849127,5.239575435936316,2.0,any|mid|workload_diff>=0.0,False
423,0.030248226950354607,0.023852580063831463,1.2681322888093391,0.2047507124883774,3.0248226950354606,-1.4444444444444444,2.384394094042466,1.024822695035461,4.938534278959811,2.0,any|mid|workload_diff>=1.0,False
164,0.008749999999999987,0.03823071981636874,0.22887353526243615,0.8189672104353529,0.8749999999999987,-3.481707317073171,3.81706549185351,-1.125,4.713414634146342,2.0,any|mid|workload_diff>=2.0,False
171,-0.015847953216374278,0.03712403648388302,-0.42689197397094697,0.6694580116610664,-1.5847953216374278,-6.023391812865497,3.712880296676122,-3.584795321637427,4.87719298245614,2.0,any|mid|workload_diff<=-2.0,False
430,-0.055848837209302324,0.02327217455220841,-2.3998117186690897,0.01640350669868651,-5.584883720930232,-10.06279069767442,2.3277748667973985,-7.584883720930232,4.955813953488372,2.0,any|mid|workload_diff<=-1.0,False
1326,-0.011195324283559589,0.013438919572305714,-0.8330524059858487,0.4048151739778614,-1.119532428355959,-5.74132730015083,1.34424776859953,-3.119532428355958,5.243589743589744,2.0,any|mid|workload_diff<=0.0,False
1585,-0.0021987381703470117,0.012308100840549403,-0.17864154663920234,0.8582191696933363,-0.21987381703470116,-4.828391167192429,1.2312134323289035,-2.2198738170347,5.217034700315457,2.0,any|mid|workload_diff<=1.0,False
1683,-0.002822341057635186,0.011937716480056197,-0.23642218864473316,0.8131050801047923,-0.2822341057635186,-4.879382055852644,1.1937436948134095,-2.2822341057635174,5.194295900178253,2.0,any|mid|workload_diff<=2.0,False
1673,0.004303646144650322,0.012002088170669825,0.35857478160903555,0.7199132152143244,0.43036461446503216,-4.169754931261207,1.200607458016802,-1.5696353855349672,5.200239091452481,2.0,any|mid|experience_diff>=-3.0,False
1499,0.00635757171447631,0.012660709349619985,0.5021497247045746,0.615562204766994,0.635757171447631,-3.9786524349566377,1.266233816662596,-1.3642428285523682,5.228819212808539,2.0,any|mid|experience_diff>=-1.0,False
1241,0.012240128928283635,0.013956983715258728,0.876989554333426,0.3804923117419856,1.2240128928283636,-3.394037066881547,1.3958999839795236,-0.7759871071716358,5.236099919419822,2.0,any|mid|experience_diff>=0.0,False
502,0.00612549800796811,0.02182976664543264,0.2806029999065393,0.7790149148527512,0.612549800796811,-3.862549800796813,2.1807471357450177,-1.3874501992031874,4.950199203187251,2.0,any|mid|experience_diff>=1.0,False
134,0.017462686567164175,0.04260519226445256,0.4098722629573505,0.6818996532078698,1.7462686567164174,-2.4925373134328357,4.263245300794127,-0.2537313432835821,4.477611940298507,2.0,any|mid|experience_diff>=3.0,False
136,-0.06268382352941176,0.04097966005674832,-1.5296325894994658,0.12610769798899213,-6.268382352941177,-10.485294117647058,4.095031067501646,-8.268382352941176,4.4338235294117645,2.0,any|mid|experience_diff<=-3.0,False
508,-0.033937007874015754,0.021485395820188817,-1.57953840636842,0.11421261440216668,-3.3937007874015754,-7.897637795275591,2.149322747450256,-5.393700787401575,5.0078740157480315,2.0,any|mid|experience_diff<=-1.0,False
1247,-0.004109863672814766,0.01388457065883131,-0.29600221525039944,0.7672283896423613,-0.4109863672814766,-5.0400962309542905,1.3893104913958785,-2.4109863672814758,5.2582197273456295,2.0,any|mid|experience_diff<=0.0,False
1507,-0.0020869276708692834,0.012625132512082858,-0.16529946666872553,0.8687082785823104,-0.20869276708692835,-4.8380889183808895,1.2630093235962445,-2.208692767086928,5.258792302587923,2.0,any|mid|experience_diff<=1.0,False
1677,0.0006559332140727371,0.011948237987080772,0.05489790333787925,0.9562198022558361,0.06559332140727371,-4.538461538461538,1.1948022074761246,-1.9344066785927252,5.208109719737627,2.0,any|mid|experience_diff<=3.0,False
497,0.006207243460764577,0.021914989956584155,0.28324190305639035,0.7769914089484045,0.6207243460764577,-3.812877263581489,2.1918343276372014,-1.3792756539235413,4.867203219315895,2.0,any|mid|own_rest_days>=1.0,False
318,-0.0036006289308176107,0.027381183418603232,-0.13150012093236568,0.8953796909151501,-0.3600628930817611,-4.971698113207547,2.7367534612381403,-2.360062893081761,5.223270440251572,2.0,any|mid|own_rest_days>=2.0,False
282,-0.0069858156028368935,0.02905350026210099,-0.2404466084917686,0.809984049426806,-0.6985815602836893,-5.273049645390071,2.90083702490475,-2.698581560283688,5.148936170212766,2.0,any|mid|own_rest_days>=3.0,False
194,0.0010051546391752501,0.034888939529017886,0.02881012300013422,0.9770160272457236,0.10051546391752501,-4.448453608247423,3.480891639486341,-1.8994845360824741,5.097938144329897,2.0,any|mid|own_rest_days>=5.0,False
77,0.0008441558441558427,0.054816337430186844,0.015399712635506619,0.987713292683708,0.08441558441558428,-4.51948051948052,5.487219052377993,-1.9155844155844155,5.207792207792207,2.0,any|mid|own_rest_days>=7.0,False
716,-0.003463687150837997,0.018211791671689168,-0.1901892583266485,0.8491608281127663,-0.3463687150837997,-4.931564245810056,1.820583546405762,-2.346368715083799,5.170391061452514,2.0,any|mid|own_rest_days<=1.0,False
895,0.0019553072625698243,0.01630164031471553,0.11994543032609814,0.9045263760363405,0.19553072625698242,-4.29608938547486,1.6301882788176945,-1.8044692737430168,4.983240223463687,2.0,any|mid|own_rest_days<=2.0,False
931,0.0027658431793770055,0.015987437498975396,0.17300103156332983,0.8626506167793087,0.27658431793770055,-4.230934479054779,1.5992464085697065,-1.7234156820622986,5.015037593984962,2.0,any|mid|own_rest_days<=3.0,False
1019,0.00040235525024533175,0.015293902770644088,0.026308212905448394,0.9790115042285281,0.040235525024533175,-4.4779195289499505,1.5298419601767215,-1.9597644749754661,5.036310107948969,2.0,any|mid|own_rest_days<=5.0,False
1136,0.0004753521126760462,0.014487734072873897,0.032810659712899586,0.9738255775690225,0.04753521126760462,-4.470070422535211,1.4485019803970223,-1.9524647887323943,5.035211267605634,2.0,any|mid|own_rest_days<=7.0,False
1136,0.0004753521126760462,0.014487734072873897,0.032810659712899586,0.9738255775690225,0.04753521126760462,-4.470070422535211,1.4485019803970223,-1.9524647887323943,5.035211267605634,2.0,any|mid|own_matches_7d>=1.0,False
636,0.000998427672955969,0.01932943612658404,0.05165322290921967,0.9588050101584682,0.09984276729559691,-4.336477987421383,1.9356213484902143,-1.9001572327044025,4.872641509433962,2.0,any|mid|own_matches_7d>=2.0,False
304,0.011611842105263148,0.028376634995040284,0.40920433685293145,0.6823897119998943,1.1611842105263148,-3.2927631578947367,2.8395917048080395,-0.8388157894736842,4.907894736842105,2.0,any|mid|own_matches_7d>=3.0,False
133,0.011466165413533824,0.04282980479973535,0.26771463160169884,0.7889189864102517,1.1466165413533824,-3.2330827067669174,4.277723260425169,-0.8533834586466166,4.7593984962406015,2.0,any|mid|own_matches_7d>=4.0,False
1113,-0.002412398921832891,0.014729688329284275,-0.16377800180854954,0.8699059098358064,-0.2412398921832891,-4.9110512129380055,1.472169867709526,-2.2412398921832883,5.339622641509434,2.0,any|mid|own_matches_7d<=1.0,False
1445,-0.003861591695501739,0.012862135900610848,-0.3002294273160606,0.764002160080254,-0.3861591695501739,-4.998615916955018,1.2862545714241338,-2.386159169550173,5.224913494809688,2.0,any|mid|own_matches_7d<=2.0,False
1616,-0.002212252475247529,0.012180323839248722,-0.18162509506676464,0.8558769533848476,-0.2212252475247529,-4.823019801980198,1.2183574909722663,-2.2212252475247523,5.203589108910891,2.0,any|mid|own_matches_7d<=3.0,False
1711,0.001934541203974273,0.011834905551418895,0.1634606373130151,0.8701557631353798,0.1934541203974273,-4.3950905902980715,1.183736503474844,-1.8065458796025715,5.177089421390999,2.0,any|mid|own_matches_7d<=4.0,False
1616,-0.00010210396039604896,0.012165124080950903,-0.008393170486105545,0.9933032974782574,-0.010210396039604896,-4.610767326732673,1.2165639977342835,-2.010210396039604,5.201113861386139,2.0,any|mid|round_ordinal>=2.0,False
1546,-0.003851875808538171,0.012423419731827619,-0.31004955895276015,0.7565232694055686,-0.3851875808538171,-5.016170763260026,1.2422164748556344,-2.3851875808538163,5.2619663648124195,2.0,any|mid|round_ordinal>=4.0,False
880,-0.012767045454545463,0.016463112930019314,-0.775494009475308,0.4380478039218154,-1.2767045454545463,-6.030681818181818,1.6442035866540845,-3.2767045454545456,5.507954545454545,2.0,any|mid|round_ordinal>=5.0,False
358,-0.02939944134078213,0.025811947583021303,-1.138985783471861,0.25470908382537427,-2.939944134078213,-7.374301675977653,2.5826946381526654,-4.939944134078212,4.868715083798882,2.0,any|mid|round_ordinal>=6.0,False
136,0.03084558823529412,0.04294111573230402,0.7183229338423874,0.4725581925961406,3.084558823529412,-0.36764705882352944,4.291918849415786,1.0845588235294117,2.9044117647058822,2.0,any|mid|round_ordinal<=2.0,False
835,0.014491017964071847,0.016994504332427475,0.8526884739098458,0.3938320843733356,1.4491017964071846,-2.8898203592814373,1.701171507060938,-0.5508982035928144,4.677844311377245,2.0,any|mid|round_ordinal<=4.0,False
1357,0.008393515106853346,0.013300922894678716,0.6310475726621443,0.5280094193487459,0.8393515106853346,-3.743551952837141,1.329903568111961,-1.1606484893146647,5.165806927044952,2.0,any|mid|round_ordinal<=5.0,False
1569,0.003559592096876982,0.012370388417052191,0.2877510371436839,0.7735373194576205,0.3559592096876982,-4.194391332058636,1.2373266098505633,-1.6440407903123009,5.1007010834926705,2.0,any|mid|round_ordinal<=6.0,False
1749,-0.001172098341909669,0.011712810638376453,-0.1000697764266201,0.9202889297786514,-0.11720983419096691,-4.702115494568325,1.1714706418473992,-2.1172098341909664,5.169811320754717,2.0,any|mid|open_price>=20.0,False
1749,-0.001172098341909669,0.011712810638376453,-0.1000697764266201,0.9202889297786514,-0.11720983419096691,-4.702115494568325,1.1714706418473992,-2.1172098341909664,5.169811320754717,2.0,any|mid|open_price>=35.0,False
918,0.020615468409586047,0.01617925897018199,1.2741911386411389,0.20259568490441837,2.061546840958605,-2.625272331154684,1.6175171833200335,0.061546840958605666,5.373638344226579,2.0,any|mid|open_price>=50.0,False
864,-0.032957175925925924,0.01662113039577738,-1.9828480459005806,0.04738440541569067,-3.2957175925925926,-7.760416666666667,1.6631567127875173,-5.295717592592593,4.929398148148148,2.0,any|mid|open_price<=50.0,False
1749,-0.001172098341909669,0.011712810638376453,-0.1000697764266201,0.9202889297786514,-0.11720983419096691,-4.702115494568325,1.1714706418473992,-2.1172098341909664,5.169811320754717,2.0,any|mid|open_price<=65.0,False
1749,-0.001172098341909669,0.011712810638376453,-0.1000697764266201,0.9202889297786514,-0.11720983419096691,-4.702115494568325,1.1714706418473992,-2.1172098341909664,5.169811320754717,2.0,any|mid|open_price<=80.0,False
686,0.0272157434402332,0.014513782192416683,1.8751654861165807,0.06076996071498453,2.72157434402332,-1.412536443148688,1.4535227916532873,1.043731778425656,5.104956268221574,1.6778425655976676,any|dear|form_last3_diff>=-0.67,False
621,0.027061191626408982,0.01528930416551599,1.7699426562160823,0.07673669390347171,2.7061191626408982,-1.429951690821256,1.5318041942083165,1.0314009661835748,5.106280193236715,1.674718196457327,any|dear|form_last3_diff>=-0.34,False
528,0.021912878787878756,0.016785757174656833,1.3054447624777308,0.19174144461434572,2.1912878787878753,-1.9848484848484849,1.6819435397004792,0.5132575757575758,5.1856060606060606,1.678030303030303,any|dear|form_last3_diff>=0.0,False
76,0.009802631578947335,0.04323268751862532,0.2267412030474443,0.8206249860064754,0.9802631578947335,-3.039473684210526,4.31197601096221,-0.5855263157894737,5.144736842105263,1.5657894736842106,any|dear|form_last3_diff>=0.34,False
79,0.034113924050632884,0.04273300481516447,0.7983038917620656,0.4246941601588168,3.4113924050632884,-0.6455696202531646,4.247993893323786,1.740506329113924,5.0,1.6708860759493671,any|dear|form_last3_diff<=-0.34,False
529,0.022514177693761787,0.0168693024900069,1.3346241023953906,0.1819994054392997,2.2514177693761788,-1.9300567107750473,1.6895459588670563,0.555765595463138,5.145557655954631,1.6956521739130435,any|dear|form_last3_diff<=0.0,False
624,0.03005608974358971,0.01526422436451349,1.9690545045619599,0.048946832466929546,3.005608974358971,-1.1346153846153846,1.5286570351522064,1.3181089743589745,5.0881410256410255,1.6875,any|dear|form_last3_diff<=0.34,False
692,0.027463872832369906,0.014482430466559922,1.8963579970768212,0.05791272201587527,2.7463872832369907,-1.3757225433526012,1.4497487932951092,1.0715317919075145,5.079479768786127,1.6748554913294798,any|dear|form_last3_diff<=0.67,False
673,0.027696879643387785,0.014640244113072387,1.8918318184774683,0.05851339242647424,2.7696879643387784,-1.3729569093610698,1.4661679311276696,1.098068350668648,5.1263001485884105,1.6716196136701338,any|dear|form_last5_diff>=-0.6,False
588,0.02307823129251697,0.015843169008929438,1.4566676199382678,0.1452081520462174,2.307823129251697,-1.836734693877551,1.5876745328727,0.6343537414965986,5.129251700680272,1.6734693877551021,any|dear|form_last5_diff>=-0.3,False
512,0.015927734374999968,0.017129364222396335,0.929849711186288,0.35244890362895487,1.5927734374999967,-2.587890625,1.716128966774587,-0.0751953125,5.212890625,1.66796875,any|dear|form_last5_diff>=0.0,False
125,0.04159999999999996,0.031198614526723727,1.3333925442223322,0.18240301785375124,4.159999999999997,0.232,3.1143608260506217,2.584,4.96,1.576,any|dear|form_last5_diff>=0.3,False
116,0.05094827586206892,0.03376909831078965,1.508724793098497,0.13136912688758207,5.0948275862068915,1.0775862068965518,3.3595207157555302,3.413793103448276,4.862068965517241,1.6810344827586208,any|dear|form_last5_diff<=-0.3,False
480,0.018864583333333303,0.01786832251121056,1.055755699590585,0.29107984245741036,1.8864583333333302,-2.29375,1.7886812383961725,0.19479166666666667,5.14375,1.6916666666666667,any|dear|form_last5_diff<=0.0,False
583,0.027341337907375612,0.015964030816366995,1.7126838592258369,0.08677071615228726,2.734133790737561,-1.4288164665523155,1.5987740840408198,1.039451114922813,5.108061749571184,1.6946826758147513,any|dear|form_last5_diff<=0.3,False
670,0.02739552238805967,0.014744322403550208,1.8580387513408718,0.06316351151368926,2.7395522388059668,-1.3880597014925373,1.475915340587348,1.0634328358208955,5.085074626865672,1.6761194029850746,any|dear|form_last5_diff<=0.6,False
669,0.030575485799701013,0.014598222372887918,2.0944663684865055,0.03621845596550388,3.0575485799701014,-1.0852017937219731,1.4621343152581636,1.3878923766816142,5.131539611360239,1.6696562032884903,any|dear|winrate_diff>=-0.5,False
584,0.02300513698630134,0.01588545328881915,1.4481888913106007,0.14756423049941114,2.300513698630134,-1.8493150684931507,1.5917866334202961,0.6292808219178082,5.14554794520548,1.6712328767123288,any|dear|winrate_diff>=-0.25,False
512,0.01588867187499997,0.01712874348590453,0.9276028850612986,0.35361360061955116,1.588867187499997,-2.595703125,1.715798491555463,-0.0791015625,5.220703125,1.66796875,any|dear|winrate_diff>=0.0,False
154,0.05892857142857138,0.027066605744333984,2.177168869462225,0.02946797009211899,5.892857142857138,1.9870129870129871,2.7024117378114276,4.314935064935065,4.915584415584416,1.577922077922078,any|dear|winrate_diff>=0.25,False
87,0.012011494252873527,0.03996426997581773,0.30055582799689945,0.7637532189392697,1.2011494252873527,-2.8850574712643677,3.978471378068426,-0.3850574712643678,5.252873563218391,1.5862068965517242,any|dear|winrate_diff>=0.5,False
83,0.04740963855421683,0.04115877399889539,1.1518719813055946,0.24937368335344634,4.740963855421683,0.6626506024096386,4.090594599950502,3.0421686746987953,5.0,1.6987951807228916,any|dear|winrate_diff<=-0.5,False
133,0.05233082706766914,0.03156510867832216,1.6578693772598403,0.09734383429506166,5.233082706766914,1.2105263157894737,3.1449209457144836,3.526315789473684,4.857142857142857,1.7067669172932332,any|dear|winrate_diff<=-0.25,False
473,0.02380549682875261,0.0178259274315647,1.3354422607263494,0.1817316409701233,2.380549682875261,-1.7906976744186047,1.7832305819515442,0.6913319238900634,5.133192389006343,1.6892177589852009,any|dear|winrate_diff<=0.0,False
571,0.025788091068301194,0.01620637116121531,1.5912316712834902,0.11155744771058584,2.5788091068301195,-1.5796847635726796,1.6231373932030682,0.8782837127845884,5.09106830122592,1.700525394045534,any|dear|winrate_diff<=0.25,False
662,0.02617824773413894,0.01491386256427775,1.7552962970734405,0.07920863954668067,2.617824773413894,-1.5181268882175227,1.4928006654902333,0.9365558912386707,5.090634441087613,1.6812688821752266,any|dear|winrate_diff<=0.5,False
660,0.02871212121212118,0.014793811747195972,1.9408196956111254,0.05228015117212914,2.871212121212118,-1.2575757575757576,1.4803212552719691,1.1954545454545455,5.093939393939394,1.6757575757575758,any|dear|rest_diff_days>=-3.0,False
617,0.026004862236628807,0.015442231711153035,1.6840093273465773,0.09217986614952167,2.6004862236628807,-1.5089141004862237,1.544752058396827,0.9213938411669368,5.048622366288493,1.679092382495948,any|dear|rest_diff_days>=-1.0,False
398,0.036457286432160764,0.01867557162157326,1.9521376464882494,0.050921864695242736,3.6457286432160765,-0.3969849246231156,1.8666804785227236,1.9824120603015076,4.9296482412060305,1.6633165829145728,any|dear|rest_diff_days>=0.0,False
161,0.07015527950310556,0.02583352034111433,2.7156685800755023,0.006614209300056517,7.015527950310556,2.987577639751553,2.578036525624977,5.394409937888199,4.962732919254658,1.6211180124223603,any|dear|rest_diff_days>=1.0,False
96,0.08708333333333329,0.03189334840550017,2.7304543952592737,0.006324708310321281,8.708333333333329,4.677083333333333,3.1884349262411282,7.104166666666667,5.020833333333333,1.6041666666666667,any|dear|rest_diff_days>=3.0,False
40,0.013749999999999984,0.06233330333881081,0.22058834144024533,0.8254129796459964,1.3749999999999984,-2.725,6.277349136338298,-0.275,5.1,1.65,any|dear|rest_diff_days<=-3.0,False
83,0.04162650602409636,0.03948045529786856,1.0543572942620967,0.2917193665958022,4.162650602409636,-0.0963855421686747,3.975446772033357,2.5240963855421685,5.433734939759036,1.6385542168674698,any|dear|rest_diff_days<=-1.0,False
304,0.01445723684210522,0.022589684192151786,0.6399928710436785,0.5221772341056612,1.445723684210522,-2.8026315789473686,2.263741158969694,-0.24177631578947367,5.332236842105263,1.6875,any|dear|rest_diff_days<=0.0,False
539,0.015222634508348761,0.016988735455796617,0.8960428248445498,0.3702298915411615,1.522263450834876,-2.6345083487940633,1.7015055304296456,-0.1679035250463822,5.133580705009276,1.6901669758812616,any|dear|rest_diff_days<=1.0,False
604,0.01844370860927149,0.01585814720666912,1.163043095066933,0.24481201804747155,1.844370860927149,-2.2980132450331126,1.5875373659525422,0.15894039735099338,5.105960264900662,1.685430463576159,any|dear|rest_diff_days<=3.0,False
1347,0.022928730512249404,0.0102287457187679,2.241597468805909,0.024987399722832482,2.2928730512249405,-1.7646622123236824,1.024054695536664,0.6766889383815887,5.065330363771344,1.6161841128433556,any|dear|workload_diff>=-2.0,False
1255,0.02208366533864538,0.010585863908877759,2.0861467263078146,0.03696533419500736,2.208366533864538,-1.847808764940239,1.0597979539902849,0.59800796812749,5.074900398406374,1.6103585657370518,any|dear|workload_diff>=-1.0,False
1028,0.024946498054474672,0.01160921488099582,2.1488531576163576,0.031646042021071796,2.4946498054474673,-1.54863813229572,1.1609734379581105,0.8905642023346303,5.053501945525292,1.6040856031128405,any|dear|workload_diff>=0.0,False
340,0.04682352941176467,0.018749797711156962,2.4972818444810523,0.012514944325576094,4.682352941176466,0.5970588235294118,1.8709163339585153,3.111764705882353,5.211764705882353,1.5705882352941176,any|dear|workload_diff>=1.0,False
166,0.06894578313253008,0.024426118951663703,2.8226253736406237,0.004763219407721175,6.8945783132530085,2.9578313253012047,2.4290795250770376,5.38855421686747,5.078313253012048,1.5060240963855422,any|dear|workload_diff>=2.0,False
123,0.01898373983739834,0.035039721531398886,0.5417777027818879,0.587971653487338,1.8983739837398341,-2.024390243902439,3.507811268107339,0.18292682926829268,4.5772357723577235,1.7154471544715446,any|dear|workload_diff<=-2.0,False
350,0.012585714285714249,0.020722606047021117,0.6073422549826184,0.5436238017325261,1.258571428571425,-2.7885714285714287,2.0807488542344528,-0.40714285714285714,4.962857142857143,1.6657142857142857,any|dear|workload_diff<=-1.0,False
1038,0.013612716763005748,0.011960354039850631,1.1381533287099712,0.2550564631089256,1.3612716763005748,-2.6695568400770715,1.198472736759962,-0.2745664739884393,4.971098265895954,1.6358381502890174,any|dear|workload_diff<=0.0,False
1212,0.015350660066006563,0.011013180477453739,1.3938444119237439,0.16336459352920318,1.5350660066006563,-2.523927392739274,1.103187253909645,-0.10024752475247525,5.023927392739274,1.6353135313531353,any|dear|workload_diff<=1.0,False
1299,0.016882217090069245,0.010570562366619718,1.5970973449228023,0.11024400994214067,1.6882217090069245,-2.3595073133179367,1.0584856878705684,0.05850654349499615,5.014626635873749,1.6297151655119322,any|dear|workload_diff<=2.0,False
1344,0.023318452380952346,0.010228578363698882,2.2797354189228574,0.022623385294961107,2.3318452380952346,-1.7157738095238095,1.0239984132002833,0.7157738095238095,5.043154761904762,1.6160714285714286,any|dear|experience_diff>=-3.0,False
1220,0.023036885245901605,0.01068230576784876,2.156546137748391,0.03104104517614914,2.3036885245901604,-1.7565573770491802,1.0691790626233224,0.6971311475409836,5.087704918032787,1.6065573770491803,any|dear|experience_diff>=-1.0,False
1007,0.023406156901688145,0.011682818037232154,2.003468412081289,0.04512703481379443,2.3406156901688147,-1.7060575968222442,1.1688688140294177,0.7437934458788481,5.072492552135055,1.5968222442899702,any|dear|experience_diff>=0.0,False
434,0.06162442396313359,0.015975244485716734,3.8574948895606083,0.0001145550736276757,6.162442396313359,2.0368663594470044,1.5989272042732026,4.579493087557604,5.274193548387097,1.5829493087557605,any|dear|experience_diff>=1.0,False
157,0.0894585987261146,0.023046295939441644,3.8816909650550104,0.00010373264718310793,8.945859872611459,4.859872611464968,2.2932820286089948,7.442675159235669,5.343949044585988,1.5031847133757963,any|dear|experience_diff>=3.0,False
73,-0.03376712328767126,0.049980759313743586,-0.6756024468477024,0.4992930875920609,-3.376712328767126,-7.082191780821918,4.9905829669815445,-5.1438356164383565,4.068493150684931,1.7671232876712328,any|dear|experience_diff<=-3.0,False
371,0.017466307277627994,0.02028872391919716,0.8608874243244741,0.38930004851437916,1.7466307277627995,-2.2911051212938007,2.0343387104490493,0.0646900269541779,4.916442048517521,1.6819407008086253,any|dear|experience_diff<=-1.0,False
944,0.003501059322033862,0.012798678970267492,0.273548491228442,0.7844316225220238,0.3501059322033862,-3.656779661016949,1.2816217895382787,-1.2865466101694916,4.9184322033898304,1.6366525423728813,any|dear|experience_diff<=0.0,False
1113,0.008715184186882264,0.011696278315335578,0.745124556026967,0.45619642551291983,0.8715184186882264,-3.1769991015274033,1.171109524008616,-0.7690925426774483,4.991913746630728,1.6406109613656783,any|dear|experience_diff<=1.0,False
1296,0.01700231481481478,0.010587909024158,1.6058236594233377,0.10831266068112089,1.7002314814814778,-2.3503086419753085,1.0598444556616367,0.07445987654320987,5.028549382716049,1.6257716049382716,any|dear|experience_diff<=3.0,False
445,0.03495505617977524,0.01706834998520208,2.0479458301523334,0.040565307510918025,3.4955056179775243,-0.6224719101123596,1.70847635719904,1.895505617977528,5.206741573033708,1.6,any|dear|own_rest_days>=1.0,False
343,0.040714285714285675,0.01898658768695079,2.1443708783052164,0.03200318173495398,4.071428571428568,-0.061224489795918366,1.89927987138576,2.5058309037900877,5.291545189504373,1.565597667638484,any|dear|own_rest_days>=2.0,False
298,0.047550335570469754,0.020318004266396114,2.3403054230632834,0.01926797556980575,4.755033557046976,0.6006711409395973,2.0315831568003153,3.164429530201342,5.2885906040268456,1.5906040268456376,any|dear|own_rest_days>=3.0,False
199,0.04542713567839192,0.025092635182978548,1.8103772420525672,0.0702373060303827,4.542713567839192,0.34673366834170855,2.518371033974199,2.909547738693467,5.316582914572864,1.6331658291457287,any|dear|own_rest_days>=5.0,False
95,0.07578947368421048,0.03463910203279974,2.1879745500459418,0.028671456193908096,7.578947368421048,3.3473684210526318,3.495021845122593,5.905263157894737,5.326315789473684,1.6736842105263159,any|dear|own_rest_days>=7.0,False
430,0.031069767441860432,0.018478281591888614,1.681420823000072,0.09268120371725197,3.106976744186043,-1.0744186046511628,1.8473595024428966,1.413953488372093,5.190697674418605,1.6930232558139535,any|dear|own_rest_days<=1.0,False
532,0.028101503759398457,0.01664114188768611,1.688676411093678,0.09128145853888103,2.8101503759398456,-1.349624060150376,1.6646550983892188,1.112781954887218,5.139097744360902,1.6973684210526316,any|dear|own_rest_days<=2.0,False
577,0.0255545927209705,0.01589021000432624,1.6081972934286617,0.10779197577164101,2.55545927209705,-1.5909878682842287,1.5898584278111825,0.8812824956672444,5.152512998266897,1.6741767764298094,any|dear|own_rest_days<=3.0,False
676,0.02940088757396446,0.014482234415038693,2.0301347659055904,0.04234284250079812,2.940088757396446,-1.1952662721893492,1.4474854638255024,1.290680473372781,5.164201183431953,1.6494082840236686,any|dear|own_rest_days<=5.0,False
780,0.027839743589743553,0.013432932428359736,2.072499339829032,0.038218897748451,2.7839743589743553,-1.3551282051282052,1.342644222516561,1.1416666666666666,5.183333333333334,1.6423076923076922,any|dear|own_rest_days<=7.0,False
780,0.027839743589743553,0.013432932428359736,2.072499339829032,0.038218897748451,2.7839743589743553,-1.3551282051282052,1.342644222516561,1.1416666666666666,5.183333333333334,1.6423076923076922,any|dear|own_matches_7d>=1.0,False
422,0.022772511848341198,0.01853818784570111,1.2284108909610603,0.21929276153852273,2.2772511848341197,-1.7345971563981042,1.85431546941855,0.6350710900473934,4.890995260663507,1.6421800947867298,any|dear|own_matches_7d>=2.0,False
213,0.037769953051643164,0.02484659984695541,1.5201256221893606,0.12847940611848596,3.7769953051643164,-0.2112676056338028,2.488023812003982,2.143192488262911,4.906103286384977,1.6338028169014085,any|dear|own_matches_7d>=3.0,False
103,0.046893203883495105,0.03405136016368543,1.377131593512821,0.16847156642839067,4.68932038834951,0.8155339805825242,3.4153088006574723,3.1262135922330097,4.854368932038835,1.5631067961165048,any|dear|own_matches_7d>=4.0,False
956,0.021380753138075276,0.012102560393034718,1.7666305677251861,0.07729011826163967,2.1380753138075277,-1.9205020920502092,1.2121118149669667,0.5282426778242678,5.092050209205021,1.6098326359832635,any|dear|own_matches_7d<=1.0,False
1165,0.018888412017167344,0.011092060910372601,1.702876694402578,0.08859114629222442,1.8888412017167344,-2.165665236051502,1.1104136482111762,0.2716738197424893,5.053218884120172,1.617167381974249,any|dear|own_matches_7d<=2.0,False
1275,0.019780392156862704,0.010600550932035262,1.865977748107942,0.06204447878088404,1.9780392156862705,-2.08,1.0611023875428804,0.3537254901960784,5.044705882352941,1.624313725490196,any|dear|own_matches_7d<=3.0,False
1343,0.022997021593447468,0.010244899243882118,2.2447289178739807,0.024785540431697894,2.2997021593447466,-1.7513030528667164,1.0258438810853399,0.6757259865971705,5.032762472077438,1.62397617274758,any|dear|own_matches_7d<=4.0,False
1246,0.018872391653290497,0.010697000481586866,1.7642694964608283,0.07768661703671897,1.8872391653290497,-2.157303370786517,1.0709262277378426,0.2660513643659711,5.031300160513644,1.6211878009630818,any|dear|round_ordinal>=2.0,False
1184,0.013576858108108068,0.011076979763548682,1.225682306722795,0.22031825098459956,1.3576858108108067,-2.7238175675675675,1.1090137793084651,-0.26140202702702703,5.112331081081081,1.619087837837838,any|dear|round_ordinal>=4.0,False
573,0.02095986038394412,0.01592153252301162,1.3164474182149573,0.18802391591152778,2.095986038394412,-2.218150087260035,1.5941105223013299,0.4258289703315881,5.511343804537522,1.6701570680628273,any|dear|round_ordinal>=5.0,False
150,-0.04740000000000001,0.03645995382144898,-1.3000565012267,0.19358160481107411,-4.740000000000001,-8.673333333333334,3.658051664970621,-6.566666666666666,4.36,1.8266666666666667,any|dear|round_ordinal>=6.0,False
128,0.04187499999999997,0.032754718058901226,1.2784417782103383,0.20109370116349323,4.1874999999999964,0.7578125,3.275467037342202,2.5390625,3.671875,1.6484375,any|dear|round_ordinal<=2.0,False
770,0.019889610389610346,0.013520451930281003,1.471075855464912,0.14127060380515943,1.9889610389610346,-1.8207792207792208,1.353270059387365,0.40064935064935064,4.593506493506493,1.5883116883116883,any|dear|round_ordinal<=4.0,False
1193,0.028864207879295854,0.01063510798559642,2.7140493465969393,0.006646626459750227,2.8864207879295853,-1.1500419111483655,1.0642690329909508,1.2887678122380553,5.063704945515507,1.5976529756915339,any|dear|round_ordinal<=5.0,False
1286,0.02220451010886466,0.010437139430935303,2.127451707989193,0.03338256973749676,2.220451010886466,-1.8032659409020217,1.0449574347779997,0.6108087091757387,5.010108864696734,1.6096423017107309,any|dear|round_ordinal<=6.0,False
1378,0.021806966618287335,0.010131728811883409,2.152344088869626,0.031370263775891694,2.1806966618287333,-1.8635703918722786,1.0143258898657606,0.5609579100145138,5.030478955007257,1.6197387518142234,any|dear|open_price>=20.0,False
1378,0.021806966618287335,0.010131728811883409,2.152344088869626,0.031370263775891694,2.1806966618287333,-1.8635703918722786,1.0143258898657606,0.5609579100145138,5.030478955007257,1.6197387518142234,any|dear|open_price>=35.0,False
1378,0.021806966618287335,0.010131728811883409,2.152344088869626,0.031370263775891694,2.1806966618287333,-1.8635703918722786,1.0143258898657606,0.5609579100145138,5.030478955007257,1.6197387518142234,any|dear|open_price>=50.0,False
1378,0.021806966618287335,0.010131728811883409,2.152344088869626,0.031370263775891694,2.1806966618287333,-1.8635703918722786,1.0143258898657606,0.5609579100145138,5.030478955007257,1.6197387518142234,any|dear|open_price>=65.0,False
659,0.044658573596358074,0.010727693576210227,4.162924050645247,3.1419789925601904e-05,4.465857359635807,1.0500758725341426,1.0720708636048313,3.261001517450683,4.713201820940819,1.204855842185129,any|dear|open_price>=80.0,True
741,0.0013765182186234477,0.01640100185977253,0.08392891058684016,0.9331129533241178,0.13765182186234476,-4.472334682860999,1.6404355244982172,-1.8623481781376519,5.327935222672065,2.0,any|dear|open_price<=80.0,False
137,-0.018321167883211694,0.03854519790433271,-0.475316482449615,0.6345614127058334,-1.8321167883211693,-6.401459854014599,3.8803412315978503,-3.7445255474452557,5.386861313868613,1.9124087591240877,ATP|any|form_last3_diff>=-0.67,False
121,-0.004545454545454551,0.0408425806136754,-0.11129205053053352,0.911384759003627,-0.45454545454545514,-5.041322314049586,4.11229086808997,-2.3636363636363638,5.43801652892562,1.9090909090909092,ATP|any|form_last3_diff>=-0.34,False
96,-0.03947916666666668,0.04469146661739513,-0.8833714723360706,0.377035598952733,-3.9479166666666683,-8.614583333333334,4.511884156150665,-5.833333333333333,5.666666666666667,1.8854166666666667,ATP|any|form_last3_diff>=0.0,False
118,0.004406779661016944,0.042863648596915514,0.10280925225143007,0.9181143619449994,0.4406779661016944,-4.1440677966101696,4.31046140963104,-1.4745762711864407,5.406779661016949,1.9152542372881356,ATP|any|form_last3_diff<=0.0,False
131,0.0016412213740457974,0.03991919475942645,0.04111358918777394,0.9672053411587784,0.16412213740457973,-4.358778625954199,4.016028787598191,-1.751908396946565,5.290076335877862,1.916030534351145,ATP|any|form_last3_diff<=0.34,False
140,-0.011392857142857147,0.03838358046581909,-0.29681590421202586,0.7666070625644408,-1.1392857142857147,-5.671428571428572,3.8619210250621845,-3.0535714285714284,5.307142857142857,1.9142857142857144,ATP|any|form_last3_diff<=0.67,False
134,-0.016977611940298516,0.03911850711867747,-0.43400459758834736,0.6642851024192957,-1.6977611940298516,-6.3059701492537314,3.9386671948648337,-3.6082089552238807,5.470149253731344,1.9104477611940298,ATP|any|form_last5_diff>=-0.6,False
114,-0.017763157894736852,0.04112204657203814,-0.4319619127812406,0.6657690952014435,-1.7763157894736852,-6.350877192982456,4.144644160169784,-3.6798245614035086,5.4298245614035086,1.9035087719298245,ATP|any|form_last5_diff>=-0.3,False
97,-0.036752577319587636,0.045067248889300277,-0.8155052332984389,0.4147831702189215,-3.6752577319587636,-8.309278350515465,4.549186155660546,-5.561855670103093,5.597938144329897,1.8865979381443299,ATP|any|form_last5_diff>=0.0,False
110,0.021999999999999995,0.04410949111024751,0.4987588713053404,0.6179492652032808,2.1999999999999997,-2.3181818181818183,4.430426526009162,0.2909090909090909,5.290909090909091,1.9090909090909092,ATP|any|form_last5_diff<=0.0,False
126,0.008452380952380942,0.04090094361024715,0.20665491321973606,0.8362793712669658,0.8452380952380942,-3.6666666666666665,4.111787160200981,-1.0674603174603174,5.277777777777778,1.9126984126984128,ATP|any|form_last5_diff<=0.3,False
136,0.001507352941176467,0.03891118594641361,0.038738293488466594,0.9690990425216197,0.15073529411764672,-4.352941176470588,3.912461647744602,-1.7610294117647058,5.257352941176471,1.911764705882353,ATP|any|form_last5_diff<=0.6,False
132,-0.009659090909090923,0.039329447484766765,-0.245594370804017,0.805996247247025,-0.9659090909090923,-5.5606060606060606,3.959374098793087,-2.875,5.446969696969697,1.9090909090909092,ATP|any|winrate_diff>=-0.5,False
112,-0.02656250000000001,0.04137716501439385,-0.6419603660801733,0.5208989172985579,-2.656250000000001,-7.232142857142857,4.171284098073777,-4.558035714285714,5.4375,1.9017857142857142,ATP|any|winrate_diff>=-0.25,False
94,-0.048404255319148964,0.04521297455104154,-1.0705832960515513,0.28435683749971163,-4.840425531914897,-9.542553191489361,4.553268060729215,-6.723404255319149,5.74468085106383,1.8829787234042554,ATP|any|winrate_diff>=0.0,False
108,0.025462962962962958,0.04420784327524298,0.5759829269305834,0.5646267216927674,2.546296296296296,-1.9722222222222223,4.436359306112073,0.6388888888888888,5.296296296296297,1.9074074074074074,ATP|any|winrate_diff<=0.0,False
126,0.0024603174603174487,0.04103895733505422,0.05995077896913138,0.9521948368229769,0.24603174603174488,-4.285714285714286,4.125043255459321,-1.6666666666666667,5.317460317460317,1.9126984126984128,ATP|any|winrate_diff<=0.25,False
135,0.00037037037037036493,0.03918375406624841,0.00945214105172709,0.992458394886697,0.037037037037036494,-4.45925925925926,3.9400954180116323,-1.8814814814814815,5.229629629629629,1.9185185185185185,ATP|any|winrate_diff<=0.5,False
125,-0.0038800000000000093,0.04095583238626231,-0.09473620175527102,0.9245243624377146,-0.38800000000000096,-4.864,4.120966751593846,-2.3,5.192,1.912,ATP|any|rest_diff_days>=-3.0,False
115,-0.015000000000000012,0.04292126437051916,-0.34947712328583896,0.7267311424190588,-1.500000000000001,-6.052173913043478,4.320420415566106,-3.4130434782608696,5.3304347826086955,1.9130434782608696,ATP|any|rest_diff_days>=-1.0,False
72,-0.05083333333333335,0.053745746274161184,-0.9458112847485382,0.3442448487601595,-5.083333333333335,-9.51388888888889,5.43959549608383,-6.986111111111111,5.111111111111111,1.9027777777777777,ATP|any|rest_diff_days>=0.0,False
69,0.02623188405797101,0.054141207125495174,0.48450866633186646,0.6280249153927042,2.623188405797101,-2.028985507246377,5.416142515704619,0.6956521739130435,5.536231884057971,1.9275362318840579,ATP|any|rest_diff_days<=0.0,False
107,-0.013785046728971954,0.044432234046137005,-0.3102487872803786,0.7563717726918591,-1.3785046728971955,-5.981308411214953,4.462425295545379,-3.2850467289719627,5.4672897196261685,1.9065420560747663,ATP|any|rest_diff_days<=1.0,False
117,-0.01897435897435898,0.042238059944321234,-0.4492242067787022,0.6532699269214723,-1.8974358974358978,-6.461538461538462,4.243848176102949,-3.8119658119658117,5.384615384615385,1.9145299145299146,ATP|any|rest_diff_days<=3.0,False
215,-0.013581395348837219,0.030015243655104953,-0.4524832616685193,0.6509208769189685,-1.358139534883722,-5.46046511627907,3.0196898368166116,-3.2325581395348837,4.493023255813953,1.8744186046511628,ATP|any|workload_diff>=-2.0,False
204,-0.017794117647058835,0.03117034709203369,-0.5708668432378969,0.568089908156507,-1.7794117647058836,-5.867647058823529,3.13695189166826,-3.656862745098039,4.46078431372549,1.8774509803921569,ATP|any|workload_diff>=-1.0,False
175,0.004999999999999995,0.033734815351960504,0.14821483229815335,0.8821732266197106,0.4999999999999995,-3.5485714285714285,3.3878627037223357,-1.3914285714285715,4.371428571428571,1.8914285714285715,ATP|any|workload_diff>=0.0,False
54,-0.012962962962962976,0.05659610209335445,-0.22904338785700748,0.818835193709204,-1.2962962962962976,-5.981481481481482,5.619515930018295,-3.2037037037037037,5.62962962962963,1.9074074074074074,ATP|any|workload_diff>=1.0,False
49,-0.07755102040816331,0.06059496721726682,-1.2798260972747053,0.20060630341085783,-7.755102040816331,-12.040816326530612,6.121638268319822,-9.591836734693878,4.857142857142857,1.836734693877551,ATP|any|workload_diff<=-1.0,False
170,-0.013088235294117656,0.034594138113298464,-0.3783367936860481,0.7051804157640187,-1.3088235294117656,-5.223529411764706,3.4902853887263223,-3.179411764705882,4.1117647058823525,1.8705882352941177,ATP|any|workload_diff<=0.0,False
202,-0.004826732673267342,0.03160981350355705,-0.15269728411160002,0.8786370026136101,-0.4826732673267342,-4.48019801980198,3.1780583217772893,-2.358910891089109,4.262376237623762,1.8762376237623761,ATP|any|workload_diff<=1.0,False
213,-0.009859154929577474,0.030493401675158495,-0.3233209280684894,0.746452206128942,-0.9859154929577474,-5.037558685446009,3.0630199090304844,-2.859154929577465,4.384976525821596,1.8732394366197183,ATP|any|workload_diff<=2.0,False
221,-0.010972850678733041,0.029700554018929452,-0.36944936016141544,0.711792812068414,-1.0972850678733042,-5.203619909502263,2.9861666429967446,-2.975113122171946,4.493212669683258,1.8778280542986425,ATP|any|experience_diff>=-3.0,False
202,-0.015717821782178232,0.030659415784767937,-0.5126588807992579,0.6081899577011165,-1.5717821782178232,-5.663366336633663,3.0807527662553653,-3.4381188118811883,4.48019801980198,1.8663366336633664,ATP|any|experience_diff>=-1.0,False
171,-0.010877192982456152,0.03355702467581072,-0.3241405663207346,0.7458316159597485,-1.0877192982456152,-5.146198830409356,3.3744183462357547,-2.9766081871345027,4.385964912280702,1.8888888888888888,ATP|any|experience_diff>=0.0,False
65,-0.0743076923076923,0.05157936809440138,-1.4406475893945263,0.14968426853551042,-7.430769230769229,-11.984615384615385,5.191500649531197,-9.338461538461539,5.323076923076923,1.9076923076923078,ATP|any|experience_diff>=1.0,False
53,-0.020094339622641528,0.06263352798138916,-0.3208240102427622,0.7483437628999472,-2.009433962264153,-6.245283018867925,6.29850730239316,-3.858490566037736,4.773584905660377,1.849056603773585,ATP|any|experience_diff<=-1.0,False
159,0.011981132075471692,0.03576762421212741,0.33497142567857097,0.7376466412517915,1.1981132075471692,-2.7169811320754715,3.5929781858351943,-0.6698113207547169,4.132075471698113,1.8679245283018868,ATP|any|experience_diff<=0.0,False
189,-0.0053703703703703734,0.03249055928229728,-0.1652901793320763,0.8687155882607211,-0.5370370370370373,-4.534391534391534,3.2671797013507273,-2.4047619047619047,4.291005291005291,1.8677248677248677,ATP|any|experience_diff<=1.0,False
214,-0.011658878504672912,0.030408252865840892,-0.3834116532808076,0.7014145642502232,-1.1658878504672912,-5.266355140186916,3.056815838346684,-3.039719626168224,4.490654205607477,1.8738317757009346,ATP|any|experience_diff<=3.0,False
63,-0.05611111111111113,0.05337105574131645,-1.0513397258445742,0.2931025878804814,-5.611111111111113,-10.015873015873016,5.353145424059347,-7.484126984126984,5.095238095238095,1.873015873015873,ATP|any|own_rest_days>=1.0,False
52,-0.008173076923076951,0.058355096486408485,-0.14005763703913243,0.8886144513466525,-0.8173076923076952,-5.230769230769231,5.856221980580451,-2.7211538461538463,5.0576923076923075,1.9038461538461537,ATP|any|own_rest_days>=2.0,False
47,-0.004042553191489387,0.06251524111999585,-0.0646650819714483,0.9484406651590607,-0.4042553191489387,-4.702127659574468,6.285668977856151,-2.297872340425532,4.808510638297872,1.8936170212765957,ATP|any|own_rest_days>=3.0,False
96,-0.0011458333333333366,0.04619576473706019,-0.02480386113002478,0.9802114112708009,-0.11458333333333366,-4.666666666666667,4.6384800394119825,-2.0208333333333335,5.375,1.90625,ATP|any|own_rest_days<=1.0,False
107,-0.03009345794392524,0.043696111044190473,-0.6886987703205742,0.4910128501887918,-3.009345794392524,-7.542056074766355,4.385161180349729,-4.897196261682243,5.364485981308412,1.8878504672897196,ATP|any|own_rest_days<=2.0,False
112,-0.030848214285714288,0.04228658318438769,-0.729503591037441,0.46569367194574673,-3.084821428571429,-7.660714285714286,4.240318550663969,-4.977678571428571,5.455357142857143,1.8928571428571428,ATP|any|own_rest_days<=3.0,False
125,-0.00532,0.04006280327749935,-0.1327915064542649,0.8943582717373753,-0.532,-5.12,4.014274529725141,-2.428,5.464,1.896,ATP|any|own_rest_days<=5.0,False
134,-0.012089552238805978,0.038359690831314866,-0.31516292172346433,0.7526379562073608,-1.2089552238805978,-5.7611940298507465,3.8478990255803835,-3.111940298507463,5.373134328358209,1.9029850746268657,ATP|any|own_rest_days<=7.0,False
134,-0.012089552238805978,0.038359690831314866,-0.31516292172346433,0.7526379562073608,-1.2089552238805978,-5.7611940298507465,3.8478990255803835,-3.111940298507463,5.373134328358209,1.9029850746268657,ATP|any|own_matches_7d>=1.0,False
78,-0.057499999999999996,0.04867044727103335,-1.181415072678439,0.2374378731899247,-5.75,-10.397435897435898,4.9046974616863555,-7.673076923076923,5.551282051282051,1.9230769230769231,ATP|any|own_matches_7d>=2.0,False
146,0.010684931506849304,0.037066901628753104,0.2882607133950714,0.7731471774994196,1.0684931506849304,-2.73972602739726,3.719829725667103,-0.7876712328767124,3.904109589041096,1.856164383561644,ATP|any|own_matches_7d<=1.0,False
189,2.645502645502589e-05,0.031928200149028335,0.0008285786963106028,0.9993388899264504,0.002645502645502589,-3.9153439153439153,3.1980159857557493,-1.8597883597883598,4.132275132275132,1.8624338624338623,ATP|any|own_matches_7d<=2.0,False
209,-0.003971291866028719,0.030575506669715962,-0.12988474431274605,0.8966576143129097,-0.39712918660287194,-4.3875598086124405,3.067100193830454,-2.2679425837320575,4.267942583732057,1.8708133971291867,ATP|any|own_matches_7d<=3.0,False
219,-0.009908675799086768,0.029913052536065025,-0.33124923600292067,0.7404562324887161,-0.9908675799086768,-5.073059360730594,3.0069071026618244,-2.867579908675799,4.447488584474886,1.8767123287671232,ATP|any|own_matches_7d<=4.0,False
178,-0.013146067415730347,0.03346171471812721,-0.39286891082747566,0.6944163046894589,-1.3146067415730347,-5.370786516853933,3.3665465620979167,-3.202247191011236,4.370786516853933,1.8876404494382022,ATP|any|round_ordinal>=2.0,False
101,-0.0723762376237624,0.045649308609569464,-1.5854837636815855,0.11285646301287011,-7.23762376237624,-12.0,4.601549459230291,-9.168316831683168,5.742574257425742,1.9306930693069306,ATP|any|round_ordinal>=4.0,False
51,-0.07549019607843137,0.06813053429968104,-1.1080229570250821,0.26785190150280824,-7.549019607843137,-12.705882352941176,6.882959584458694,-9.529411764705882,6.392156862745098,1.9803921568627452,ATP|any|round_ordinal>=5.0,False
92,0.01815217391304347,0.0448770495721866,0.4044867941651321,0.6858547869516127,1.8152173913043472,-1.6195652173913044,4.501336065164327,-0.043478260869565216,3.1739130434782608,1.858695652173913,ATP|any|round_ordinal<=2.0,False
173,0.005346820809248549,0.032513648778026275,0.16444850117413137,0.8693780848270283,0.5346820809248549,-3.254335260115607,3.2591439672712044,-1.3150289017341041,3.913294797687861,1.8497109826589595,ATP|any|round_ordinal<=4.0,False
204,0.006151960784313719,0.03056469099125798,0.20127672110518913,0.840482203942529,0.6151960784313719,-3.338235294117647,3.0697864514408284,-1.2524509803921569,4.21078431372549,1.8676470588235294,ATP|any|round_ordinal<=5.0,False
216,-0.012037037037037044,0.030161192596438263,-0.39909022160013985,0.6898267270659999,-1.2037037037037044,-5.25,3.0317459713501043,-3.0787037037037037,4.37962962962963,1.875,ATP|any|round_ordinal<=6.0,False
205,-0.007682926829268309,0.03191035176463588,-0.2407659710534055,0.8097365050257164,-0.768292682926831,-4.912195121951219,3.212944658573775,-2.7,4.482926829268293,1.9317073170731707,ATP|any|open_price>=20.0,False
165,-0.007636363636363659,0.03600491065599012,-0.2120922812259,0.8320350414167621,-0.7636363636363659,-4.963636363636364,3.6195238312379634,-2.6787878787878787,4.642424242424243,1.915151515151515,ATP|any|open_price>=35.0,False
104,0.012019230769230744,0.04351839202572958,0.2761873821561366,0.7824041480550885,1.2019230769230744,-2.9903846153846154,4.399985894986975,-0.6634615384615384,4.769230769230769,1.8653846153846154,ATP|any|open_price>=50.0,False
71,-0.009577464788732445,0.050282676441188646,-0.19047245426433074,0.8489389263566114,-0.9577464788732445,-5.140845070422535,5.088958963269225,-2.76056338028169,4.929577464788732,1.8028169014084507,ATP|any|open_price>=65.0,False
59,-0.02822033898305084,0.04969908907787378,-0.5678240689448499,0.5701544347717102,-2.822033898305084,-6.6440677966101696,5.0061191493395585,-4.601694915254237,4.016949152542372,1.7796610169491525,ATP|any|open_price<=35.0,False
121,-0.03863636363636363,0.040106349668681596,-0.9633477979307138,0.3353730139187934,-3.863636363636363,-7.87603305785124,4.013846047028597,-5.756198347107438,4.206611570247934,1.8925619834710743,ATP|any|open_price<=50.0,False
155,-0.016419354838709675,0.03633796565414293,-0.45185123996719084,0.651376153340284,-1.6419354838709674,-5.72258064516129,3.6454692137422815,-3.5580645161290323,4.303225806451613,1.9161290322580644,ATP|any|open_price<=65.0,False
206,-0.021966019417475748,0.03171418010979269,-0.6926245402350191,0.4885452057205768,-2.196601941747575,-6.315533980582524,3.1905039449087638,-4.133495145631068,4.383495145631068,1.9368932038834952,ATP|any|open_price<=80.0,False
57,-0.02245614035087718,0.05115506715956787,-0.4389817392054202,0.660674767936404,-2.2456140350877183,-6.0701754385964914,5.149023537446172,-4.035087719298246,3.999999999999999,1.7894736842105263,ATP|cheap|workload_diff>=-2.0,False
55,-0.01490909090909091,0.05274429946843234,-0.28266734148235406,0.7774318533609084,-1.490909090909091,-5.327272727272727,5.3102438672436705,-3.272727272727273,4.036363636363635,1.7818181818181817,ATP|cheap|workload_diff>=-1.0,False
47,-0.0068085106382978645,0.0592003500119184,-0.1150079456781447,0.9084388240965329,-0.6808510638297864,-4.48936170212766,5.962950081370721,-2.5319148936170213,3.9148936170212756,1.851063829787234,ATP|cheap|workload_diff>=0.0,False
43,0.016511627906976748,0.06240397604333106,0.2645925621071271,0.7913233505626522,1.651162790697675,-1.9767441860465116,6.319693452138852,-0.11627906976744186,3.627906976744185,1.7674418604651163,ATP|cheap|workload_diff<=0.0,False
51,0.0036274509803921632,0.05608678122397583,0.06467568473766346,0.9484322230476128,0.36274509803921634,-3.3137254901960786,5.634452159188075,-1.4019607843137254,3.745098039215685,1.7647058823529411,ATP|cheap|workload_diff<=1.0,False
54,-0.010740740740740742,0.05357313219135021,-0.20048745147805483,0.8410993710410126,-1.0740740740740742,-4.7592592592592595,5.3820453110029804,-2.8518518518518516,3.7407407407407396,1.7777777777777777,ATP|cheap|workload_diff<=2.0,False
57,-0.023947368421052634,0.05129765600822068,-0.46683163100502995,0.6406203433332933,-2.3947368421052633,-6.2631578947368425,5.167951553130814,-4.184210526315789,4.087719298245613,1.7894736842105263,ATP|cheap|experience_diff>=-3.0,False
51,-0.030196078431372553,0.05267677256932012,-0.5732332669325166,0.5664867625817012,-3.0196078431372553,-6.823529411764706,5.283396551785041,-4.784313725490196,3.9999999999999996,1.7647058823529411,ATP|cheap|experience_diff>=-1.0,False
42,-0.025595238095238084,0.06120670087282087,-0.418177057907785,0.6758176682904988,-2.5595238095238084,-6.261904761904762,6.134862537594422,-4.416666666666667,3.690476190476189,1.8571428571428572,ATP|cheap|experience_diff>=0.0,False
40,0.01987500000000001,0.06380395843660083,0.3115010492609,0.7554197453447695,1.9875000000000012,-1.575,6.447309864368199,0.2625,3.5749999999999993,1.725,ATP|cheap|experience_diff<=0.0,False
47,0.0008510638297872416,0.05760107938784783,0.014775136834793265,0.9882115753486851,0.08510638297872417,-3.5319148936170213,5.830622775157772,-1.6595744680851063,3.659574468085105,1.7446808510638299,ATP|cheap|experience_diff<=1.0,False
54,-0.008981481481481486,0.05342323718810666,-0.16811937939771623,0.8664893637842292,-0.8981481481481486,-4.722222222222222,5.379024449639171,-2.675925925925926,4.018518518518517,1.7777777777777777,ATP|cheap|experience_diff<=3.0,False
47,-0.010744680851063832,0.05635390572250062,-0.19066435082553232,0.8487885701828837,-1.0744680851063833,-4.617021276595745,5.646751556192548,-2.8191489361702127,3.51063829787234,1.7446808510638299,ATP|cheap|own_matches_7d<=2.0,False
53,-0.004811320754716983,0.054257583637227894,-0.08867554417620212,0.9293397688722558,-0.48113207547169834,-4.09433962264151,5.442552877296188,-2.2547169811320753,3.6037735849056594,1.7735849056603774,ATP|cheap|own_matches_7d<=3.0,False
56,-0.020535714285714286,0.052106390690920816,-0.3941112407406198,0.693498912350871,-2.0535714285714284,-5.839285714285714,5.2432254860168905,-3.8392857142857144,3.928571428571428,1.7857142857142858,ATP|cheap|own_matches_7d<=4.0,False
45,0.00833333333333334,0.06116482946625752,0.13624387423381187,0.8916284918905244,0.833333333333334,-2.911111111111111,6.1460196713177275,-0.9666666666666667,3.844444444444443,1.8,ATP|cheap|round_ordinal>=2.0,False
43,-0.06034883720930233,0.05256630979528458,-1.1480516217388324,0.2509472539721922,-6.034883720930233,-9.651162790697674,5.3339095467657565,-7.755813953488372,3.6976744186046506,1.7209302325581395,ATP|cheap|round_ordinal<=4.0,False
52,-0.03769230769230769,0.05122214166479335,-0.7358596588751158,0.46181610993833067,-3.769230769230769,-7.480769230769231,5.187254537950661,-5.538461538461538,3.8076923076923066,1.7692307692307692,ATP|cheap|round_ordinal<=5.0,False
54,-0.026666666666666665,0.052095166370685266,-0.5118837029316485,0.6087324046010227,-2.6666666666666665,-6.462962962962963,5.234922308343992,-4.444444444444445,3.962962962962962,1.7777777777777777,ATP|cheap|round_ordinal<=6.0,False
40,-0.007874999999999998,0.06935945194216825,-0.11353895942785354,0.9096032776042533,-0.7874999999999999,-4.7,7.0344573169214515,-2.7875,3.8249999999999993,2.0,ATP|cheap|open_price>=20.0,False
58,-0.02793103448275861,0.050562629172999356,-0.55240470955719,0.5806711046667521,-2.793103448275861,-6.655172413793103,5.093176088093781,-4.586206896551724,4.068965517241378,1.793103448275862,ATP|cheap|open_price<=35.0,False
58,-0.02793103448275861,0.050562629172999356,-0.55240470955719,0.5806711046667521,-2.793103448275861,-6.655172413793103,5.093176088093781,-4.586206896551724,4.068965517241378,1.793103448275862,ATP|cheap|open_price<=50.0,False
58,-0.02793103448275861,0.050562629172999356,-0.55240470955719,0.5806711046667521,-2.793103448275861,-6.655172413793103,5.093176088093781,-4.586206896551724,4.068965517241378,1.793103448275862,ATP|cheap|open_price<=65.0,False
58,-0.02793103448275861,0.050562629172999356,-0.55240470955719,0.5806711046667521,-2.793103448275861,-6.655172413793103,5.093176088093781,-4.586206896551724,4.068965517241378,1.793103448275862,ATP|cheap|open_price<=80.0,False
62,-0.0033870967741935513,0.06301296885325323,-0.05375237567494302,0.9571324533307253,-0.33870967741935515,-4.903225806451613,6.331938703159624,-2.338709677419355,5.129032258064516,2.0,ATP|mid|form_last3_diff>=-0.67,False
53,0.008679245283018866,0.06828398277075629,0.12710514136465825,0.8988571822495746,0.8679245283018866,-3.7169811320754715,6.863503178187419,-1.1320754716981132,5.169811320754717,2.0,ATP|mid|form_last3_diff>=-0.34,False
54,0.04592592592592593,0.0690019538702481,0.6655742823208377,0.5056832491500398,4.5925925925925934,-0.05555555555555555,6.926660667238453,2.5925925925925926,5.296296296296297,2.0,ATP|mid|form_last3_diff<=0.0,False
60,0.02566666666666666,0.06517972400866373,0.3937829909076484,0.693741263204084,2.566666666666666,-2.0,6.541868631953726,0.5666666666666667,5.133333333333334,2.0,ATP|mid|form_last3_diff<=0.34,False
65,0.0029230769230769154,0.06196878986360605,0.04717014693219987,0.9623776203242647,0.29230769230769155,-4.230769230769231,6.220575707294103,-1.7076923076923076,5.046153846153846,2.0,ATP|mid|form_last3_diff<=0.67,False
60,-0.0028333333333333357,0.06430400593203911,-0.04406153694884572,0.9648553520591405,-0.28333333333333355,-4.916666666666667,6.462595185746971,-2.283333333333333,5.266666666666667,2.0,ATP|mid|form_last5_diff>=-0.6,False
49,0.006530612244897956,0.07047687480789547,0.09266319289410853,0.9261711389715117,0.6530612244897956,-3.938775510204082,7.074999589148405,-1.346938775510204,5.183673469387756,2.0,ATP|mid|form_last5_diff>=-0.3,False
51,0.054313725490196085,0.07061258839165628,0.7691790759594064,0.441787010100015,5.431372549019608,0.7450980392156863,7.092434142692847,3.4313725490196076,5.372549019607843,2.0,ATP|mid|form_last5_diff<=0.0,False
57,0.034561403508771925,0.06697363702312406,0.5160448953494772,0.6058230532928883,3.4561403508771926,-1.105263157894737,6.713044394623756,1.456140350877193,5.12280701754386,2.0,ATP|mid|form_last5_diff<=0.3,False
63,0.016587301587301578,0.06317475755615427,0.2625621724398007,0.7928880593091996,1.6587301587301577,-2.8253968253968256,6.3372750157268944,-0.3412698412698413,4.968253968253968,2.0,ATP|mid|form_last5_diff<=0.6,False
60,-0.0028333333333333357,0.06430400593203911,-0.04406153694884572,0.9648553520591405,-0.28333333333333355,-4.916666666666667,6.462595185746971,-2.283333333333333,5.266666666666667,2.0,ATP|mid|winrate_diff>=-0.5,False
47,-0.013404255319148944,0.07203836512276011,-0.18607106499858567,0.8523890324226717,-1.3404255319148943,-5.9361702127659575,7.233351438935354,-3.3404255319148937,5.191489361702128,2.0,ATP|mid|winrate_diff>=-0.25,False
50,0.04710000000000001,0.0716623445936083,0.6572489396921147,0.5110208621794818,4.710000000000001,-0.02,7.193505574403873,2.71,5.46,2.0,ATP|mid|winrate_diff<=0.0,False
58,0.02551724137931035,0.06642735590439885,0.38413754441821135,0.7008765057921569,2.551724137931035,-2.0172413793103448,6.659031837186033,0.5517241379310345,5.137931034482759,2.0,ATP|mid|winrate_diff<=0.25,False
63,0.016587301587301578,0.06317475755615427,0.2625621724398007,0.7928880593091996,1.6587301587301577,-2.8253968253968256,6.3372750157268944,-0.3412698412698413,4.968253968253968,2.0,ATP|mid|winrate_diff<=0.5,False
58,0.022241379310344825,0.06628153718809966,0.3355591957263492,0.7372032985711408,2.2241379310344827,-2.206896551724138,6.660815276346265,0.22413793103448276,4.862068965517241,2.0,ATP|mid|rest_diff_days>=-3.0,False
50,0.0028000000000000004,0.07218600689771346,0.03878868108008191,0.9690588692339097,0.28,-4.34,7.258189463338242,-1.72,5.24,2.0,ATP|mid|rest_diff_days>=-1.0,False
54,-0.017407407407407403,0.06850986309053464,-0.25408615084230723,0.7994290023825747,-1.7407407407407403,-6.425925925925926,6.871771618694204,-3.740740740740741,5.37037037037037,2.0,ATP|mid|rest_diff_days<=1.0,False
56,-0.016785714285714282,0.06688360074216605,-0.2509690581764972,0.8018380317212048,-1.6785714285714282,-6.321428571428571,6.712466940732499,-3.6785714285714284,5.285714285714286,2.0,ATP|mid|rest_diff_days<=3.0,False
88,-0.014943181818181822,0.052395807336321355,-0.28519804499363144,0.7754924180639586,-1.4943181818181823,-5.738636363636363,5.253189664434145,-3.4943181818181817,4.488636363636363,2.0,ATP|mid|workload_diff>=-2.0,False
85,-0.011823529411764707,0.05337659181357702,-0.22151150925970586,0.8246941760796864,-1.1823529411764706,-5.435294117647059,5.350526743325651,-3.1823529411764704,4.5058823529411764,2.0,ATP|mid|workload_diff>=-1.0,False
74,0.00594594594594594,0.05799466294398039,0.10252574364798692,0.9183393800366759,0.594594594594594,-3.6486486486486487,5.805863077013053,-1.4054054054054055,4.486486486486487,2.0,ATP|mid|workload_diff>=0.0,False
69,-0.025144927536231876,0.05972398246575337,-0.42101893574579285,0.6737412546902721,-2.5144927536231876,-6.550724637681159,5.991238851885537,-4.5144927536231885,4.072463768115942,2.0,ATP|mid|workload_diff<=0.0,False
86,0.001395348837209303,0.053269932536730215,0.026193929122159003,0.9791026580813902,0.13953488372093031,-4.0,5.33052536660267,-1.8604651162790697,4.27906976744186,2.0,ATP|mid|workload_diff<=1.0,False
89,-0.003146067415730325,0.052212683696150786,-0.06025484983761252,0.9519526611792031,-0.3146067415730325,-4.51685393258427,5.221207646212695,-2.3146067415730336,4.404494382022473,2.0,ATP|mid|workload_diff<=2.0,False
93,-0.010698924731182799,0.05109104109219718,-0.20940901775471513,0.8341289536736041,-1.06989247311828,-5.301075268817204,5.115034466530083,-3.0698924731182795,4.462365591397849,2.0,ATP|mid|experience_diff>=-3.0,False
83,-0.022771084337349395,0.0537424182962753,-0.423707846785294,0.6717788918531491,-2.2771084337349397,-6.542168674698795,5.390163688746732,-4.27710843373494,4.530120481927711,2.0,ATP|mid|experience_diff>=-1.0,False
69,-0.017318840579710143,0.05894403074751968,-0.2938183961984803,0.7688966770977945,-1.7318840579710142,-5.927536231884058,5.920916686438785,-3.7318840579710146,4.391304347826087,2.0,ATP|mid|experience_diff>=0.0,False
64,0.029687499999999988,0.062465752025340014,0.47526042731314405,0.6346013613556885,2.9687499999999987,-1.15625,6.250207089823072,0.96875,4.25,2.0,ATP|mid|experience_diff<=0.0,False
80,0.0021249999999999993,0.0552021439887018,0.038494881655953835,0.9692931123078645,0.21249999999999994,-3.9625,5.521747675260117,-1.7875,4.35,2.0,ATP|mid|experience_diff<=1.0,False
90,-0.008333333333333333,0.051889215032645465,-0.160598562304142,0.872409587314734,-0.8333333333333334,-5.066666666666666,5.1920615482771995,-2.8333333333333335,4.466666666666667,2.0,ATP|mid|experience_diff<=3.0,False
45,0.0046666666666666575,0.0756163896509109,0.061715015596627884,0.9507897820468254,0.46666666666666573,-4.288888888888889,7.5905059134715565,-1.5333333333333334,5.511111111111111,2.0,ATP|mid|own_rest_days<=1.0,False
48,-0.023750000000000004,0.0726419343118517,-0.3269461396504296,0.7437086226518823,-2.3750000000000004,-7.083333333333333,7.284603975697122,-4.375,5.416666666666667,2.0,ATP|mid|own_rest_days<=2.0,False
50,-0.022200000000000008,0.07094308727883966,-0.31292689466337403,0.7543362040090336,-2.2200000000000006,-7.04,7.107567682924092,-4.22,5.64,2.0,ATP|mid|own_rest_days<=3.0,False
57,0.011754385964912292,0.06725280682248402,0.17477911362031887,0.8612532006237186,1.175438596491229,-3.6666666666666665,6.728224568781367,-0.8245614035087719,5.684210526315789,2.0,ATP|mid|own_rest_days<=5.0,False
60,0.019416666666666655,0.0651602860387202,0.297983140453507,0.7657160313995188,1.9416666666666655,-2.8,6.525387188979799,-0.058333333333333334,5.483333333333333,2.0,ATP|mid|own_rest_days<=7.0,False
60,0.019416666666666655,0.0651602860387202,0.297983140453507,0.7657160313995188,1.9416666666666655,-2.8,6.525387188979799,-0.058333333333333334,5.483333333333333,2.0,ATP|mid|own_matches_7d>=1.0,False
61,0.02426229508196721,0.06395693522783395,0.3793536228016176,0.7044252848588659,2.426229508196721,-1.5737704918032787,6.368744504714821,0.4262295081967213,4.0,2.0,ATP|mid|own_matches_7d<=1.0,False
80,-0.001062499999999994,0.05498386513548626,-0.019323850685685297,0.984582757383794,-0.1062499999999994,-4.225,5.479708685548987,-2.10625,4.2375,2.0,ATP|mid|own_matches_7d<=2.0,False
88,-0.008693181818181817,0.05251054120664409,-0.1655511754101266,0.8685101733219636,-0.8693181818181817,-5.056818181818182,5.252564630952849,-2.8693181818181817,4.375,2.0,ATP|mid|own_matches_7d<=3.0,False
91,-0.0032417582417582384,0.05156781123169924,-0.0628639875210662,0.9498748118945024,-0.32417582417582386,-4.538461538461538,5.1617856583252975,-2.3241758241758244,4.428571428571429,2.0,ATP|mid|own_matches_7d<=4.0,False
75,-0.02513333333333334,0.05631451042212907,-0.446302971382258,0.6553784101817348,-2.513333333333334,-6.786666666666667,5.642544098534268,-4.513333333333334,4.546666666666667,2.0,ATP|mid|round_ordinal>=2.0,False
48,-0.08479166666666667,0.06888807191686504,-1.2308613713125007,0.21837471726830593,-8.479166666666666,-13.270833333333334,6.908966036054328,-10.479166666666666,5.583333333333333,2.0,ATP|mid|round_ordinal>=4.0,False
70,0.021857142857142853,0.05932428090287818,0.3684350239815959,0.7125488859567242,2.185714285714285,-1.5857142857142856,5.915502070336763,0.18571428571428572,3.5428571428571427,2.0,ATP|mid|round_ordinal<=4.0,False
84,0.027083333333333338,0.05417595853485915,0.4999142436198291,0.6171354624425041,2.708333333333334,-1.3571428571428572,5.414162036864928,0.7083333333333334,4.130952380952381,2.0,ATP|mid|round_ordinal<=5.0,False
91,-0.0011538461538461635,0.051836132153161095,-0.022259495566468477,0.982240958725215,-0.11538461538461635,-4.252747252747253,5.189676834123272,-2.1153846153846154,4.274725274725275,2.0,ATP|mid|round_ordinal<=6.0,False
94,-0.006170212765957457,0.05074707411787875,-0.1215875569816078,0.9032256684590747,-0.6170212765957457,-4.829787234042553,5.082225707484347,-2.617021276595745,4.425531914893617,2.0,ATP|mid|open_price>=20.0,False
94,-0.006170212765957457,0.05074707411787875,-0.1215875569816078,0.9032256684590747,-0.6170212765957457,-4.829787234042553,5.082225707484347,-2.617021276595745,4.425531914893617,2.0,ATP|mid|open_price>=35.0,False
62,-0.04854838709677419,0.06274790992206178,-0.7737052462317136,0.4391051168941451,-4.854838709677419,-9.048387096774194,6.25554972723649,-6.854838709677419,4.387096774193548,2.0,ATP|mid|open_price<=50.0,False
94,-0.006170212765957457,0.05074707411787875,-0.1215875569816078,0.9032256684590747,-0.6170212765957457,-4.829787234042553,5.082225707484347,-2.617021276595745,4.425531914893617,2.0,ATP|mid|open_price<=65.0,False
94,-0.006170212765957457,0.05074707411787875,-0.1215875569816078,0.9032256684590747,-0.6170212765957457,-4.829787234042553,5.082225707484347,-2.617021276595745,4.425531914893617,2.0,ATP|mid|open_price<=80.0,False
47,-0.017340425531914925,0.06362250107115607,-0.2725517739788509,0.7851977875211604,-1.7340425531914925,-6.468085106382978,6.443582172626009,-3.5851063829787235,5.9787234042553195,1.851063829787234,ATP|dear|form_last3_diff>=-0.67,False
42,-0.0014285714285714641,0.06633649782800528,-0.021535225333652812,0.9828187042197345,-0.1428571428571464,-4.928571428571429,6.7245794273839135,-2.0,6.095238095238095,1.8571428571428572,ATP|dear|form_last3_diff>=-0.34,False
41,-0.03695121951219515,0.06925229547326557,-0.5335739307942499,0.593636348516545,-3.6951219512195146,-8.414634146341463,7.007746202679288,-5.548780487804878,5.926829268292683,1.853658536585366,ATP|dear|form_last3_diff<=0.0,False
45,-0.008333333333333361,0.0645686933553418,-0.1290615141841637,0.8973089744903626,-0.8333333333333361,-5.444444444444445,6.543140100849823,-2.7,5.711111111111111,1.8666666666666667,ATP|dear|form_last3_diff<=0.34,False
48,-0.011562500000000031,0.06255036202316278,-0.18485104843547298,0.853345866883833,-1.156250000000003,-5.854166666666667,6.337717052064812,-3.0104166666666665,5.895833333333333,1.8541666666666667,ATP|dear|form_last3_diff<=0.67,False
47,-0.017340425531914925,0.06362250107115607,-0.2725517739788509,0.7851977875211604,-1.7340425531914925,-6.468085106382978,6.443582172626009,-3.5851063829787235,5.9787234042553195,1.851063829787234,ATP|dear|form_last5_diff>=-0.6,False
42,-0.0014285714285714641,0.06633649782800528,-0.021535225333652812,0.9828187042197345,-0.1428571428571464,-4.928571428571429,6.7245794273839135,-2.0,6.095238095238095,1.8571428571428572,ATP|dear|form_last5_diff>=-0.3,False
45,-0.008333333333333361,0.0645686933553418,-0.1290615141841637,0.8973089744903626,-0.8333333333333361,-5.444444444444445,6.543140100849823,-2.7,5.711111111111111,1.8666666666666667,ATP|dear|form_last5_diff<=0.3,False
47,0.0023404255319148556,0.06229737757799317,0.03756860437640029,0.9700316403202429,0.23404255319148556,-4.425531914893617,6.30740022331749,-1.6170212765957446,5.829787234042553,1.851063829787234,ATP|dear|form_last5_diff<=0.6,False
46,-0.0033695652173913316,0.06343395027151422,-0.05311927135183438,0.9576368768105861,-0.33695652173913315,-5.065217391304348,6.427251925807045,-2.1847826086956523,5.978260869565218,1.8478260869565217,ATP|dear|winrate_diff>=-0.5,False
42,-0.0014285714285714641,0.06633649782800528,-0.021535225333652812,0.9828187042197345,-0.1428571428571464,-4.928571428571429,6.7245794273839135,-2.0,6.095238095238095,1.8571428571428572,ATP|dear|winrate_diff>=-0.25,False
44,-0.014545454545454577,0.06574681122779343,-0.221234372798079,0.8249099466526391,-1.4545454545454577,-6.113636363636363,6.658477556553904,-3.3181818181818183,5.818181818181818,1.8636363636363635,ATP|dear|winrate_diff<=0.25,False
46,-0.0009782608695652472,0.06357631109535354,-0.015387191435156154,0.9877232819725574,-0.09782608695652471,-4.739130434782608,6.438068752239225,-1.9673913043478262,5.760869565217392,1.8695652173913044,ATP|dear|winrate_diff<=0.5,False
44,-0.01204545454545458,0.06599404927482963,-0.1825233438137999,0.8551720363355944,-1.204545454545458,-5.840909090909091,6.684125207572453,-3.0681818181818183,5.7272727272727275,1.8636363636363635,ATP|dear|rest_diff_days>=-3.0,False
43,-0.016395348837209344,0.06740017136669696,-0.2432538153057343,0.8078087799629077,-1.6395348837209345,-6.255813953488372,6.828227276050144,-3.5,5.651162790697675,1.8604651162790697,ATP|dear|rest_diff_days>=-1.0,False
69,-0.004057971014492797,0.05071539314127404,-0.08001458261772346,0.93622565790653,-0.4057971014492797,-4.594202898550725,5.131697746012311,-2.2028985507246377,4.956521739130435,1.7971014492753623,ATP|dear|workload_diff>=-2.0,False
63,-0.02793650793650797,0.05454293100474866,-0.512193008734271,0.6085159355803753,-2.793650793650797,-6.920634920634921,5.525544718662807,-4.603174603174603,4.825396825396825,1.8095238095238095,ATP|dear|workload_diff>=-1.0,False
54,0.013981481481481444,0.05575280177872692,0.2507763024533097,0.801987064131243,1.3981481481481444,-2.5925925925925926,5.62132050747347,-0.37962962962962965,4.611111111111111,1.7777777777777777,ATP|dear|workload_diff>=0.0,False
57,-0.020263157894736886,0.05752279991640641,-0.3522630665437673,0.724640983793881,-2.0263157894736885,-6.052631578947368,5.839028068081567,-3.8333333333333335,4.578947368421052,1.8070175438596492,ATP|dear|workload_diff<=0.0,False
64,-0.01929687500000004,0.05405584670816889,-0.3569803485676214,0.7211065173582953,-1.929687500000004,-6.03125,5.482021877381309,-3.7421875,4.703125,1.8125,ATP|dear|workload_diff<=1.0,False
69,-0.017318840579710195,0.05143627436806487,-0.33670480205819314,0.7363394430259151,-1.7318840579710195,-5.913043478260869,5.206017369366212,-3.528985507246377,4.913043478260869,1.7971014492753623,ATP|dear|workload_diff<=2.0,False
70,-0.00028571428571434146,0.050127775214684846,-0.005699720055212862,0.9954523059904048,-0.028571428571434146,-4.2,5.07319509664401,-1.8285714285714285,4.914285714285715,1.8,ATP|dear|experience_diff>=-3.0,False
67,0.00447761194029846,0.050751045681985664,0.0882269888261201,0.9296962669725968,0.447761194029846,-3.6865671641791047,5.122612799873984,-1.3432835820895523,4.835820895522388,1.791044776119403,ATP|dear|experience_diff>=-1.0,False
60,0.006833333333333297,0.05301968596485343,0.1288829461921576,0.8974502710814802,0.6833333333333297,-3.466666666666667,5.353306527010018,-1.1,4.866666666666666,1.7833333333333334,ATP|dear|experience_diff>=0.0,False
54,-0.013796296296296333,0.05909297758398354,-0.2334676108796328,0.8153983174407908,-1.3796296296296333,-5.351851851851852,5.951184920824595,-3.212962962962963,4.462962962962963,1.8333333333333333,ATP|dear|experience_diff<=0.0,False
61,-0.019344262295082012,0.054964031384497375,-0.35194402244188494,0.724880243484642,-1.934426229508201,-6.032786885245901,5.553464296295299,-3.737704918032787,4.754098360655738,1.8032786885245902,ATP|dear|experience_diff<=1.0,False
69,-0.01760869565217396,0.051424466900391624,-0.34241863287142527,0.7320358680884556,-1.760869565217396,-5.942028985507246,5.20536823935003,-3.5579710144927534,4.942028985507246,1.7971014492753623,ATP|dear|experience_diff<=3.0,False
40,0.0014999999999999625,0.06654504932557785,0.022541120867775946,0.9820163106144522,0.14999999999999625,-4.475,6.726524943870559,-1.675,5.85,1.825,ATP|dear|own_rest_days<=7.0,False
40,0.0014999999999999625,0.06654504932557785,0.022541120867775946,0.9820163106144522,0.14999999999999625,-4.475,6.726524943870559,-1.675,5.85,1.825,ATP|dear|own_matches_7d>=1.0,False
48,-0.012916666666666701,0.06107939282714252,-0.21147339665313078,0.8325178891868905,-1.29166666666667,-5.166666666666667,6.180308851027579,-3.0625,4.291666666666667,1.7708333333333333,ATP|dear|own_matches_7d<=1.0,False
61,0.010491803278688473,0.052880510850803794,0.19840586087169004,0.8427275322831072,1.0491803278688472,-2.9344262295081966,5.345794979522911,-0.7377049180327869,4.524590163934426,1.7868852459016393,ATP|dear|own_matches_7d<=2.0,False
67,0.0035074626865671176,0.050794681525237084,0.06905177040679844,0.9449484109801367,0.35074626865671177,-3.716417910447761,5.121932777106883,-1.4402985074626866,4.701492537313433,1.791044776119403,ATP|dear|own_matches_7d<=3.0,False
71,-0.009577464788732445,0.050282676441188646,-0.19047245426433074,0.8489389263566114,-0.9577464788732445,-5.140845070422535,5.088958963269225,-2.76056338028169,4.929577464788732,1.8028169014084507,ATP|dear|own_matches_7d<=4.0,False
57,-0.013771929824561456,0.05662822308787499,-0.2431990458748872,0.8078512059596905,-1.3771929824561455,-5.43859649122807,5.739762464404057,-3.2017543859649122,4.614035087719298,1.8245614035087718,ATP|dear|round_ordinal>=2.0,False
60,0.033166666666666615,0.0510238349458372,0.6500230079113748,0.5156773598840052,3.3166666666666615,-0.6166666666666667,5.133752917770354,1.55,4.5,1.7666666666666666,ATP|dear|round_ordinal<=4.0,False
67,0.014701492537313393,0.050150596431595536,0.2931469131651495,0.7694098595014793,1.4701492537313394,-2.5671641791044775,5.0607000211456885,-0.3208955223880597,4.6716417910447765,1.791044776119403,ATP|dear|round_ordinal<=5.0,False
70,-0.014428571428571476,0.05076827383239196,-0.2842044911002181,0.7762536739187953,-1.4428571428571477,-5.6,5.141130374936149,-3.242857142857143,4.885714285714286,1.8,ATP|dear|round_ordinal<=6.0,False
71,-0.009577464788732445,0.050282676441188646,-0.19047245426433074,0.8489389263566114,-0.9577464788732445,-5.140845070422535,5.088958963269225,-2.76056338028169,4.929577464788732,1.8028169014084507,ATP|dear|open_price>=20.0,False
71,-0.009577464788732445,0.050282676441188646,-0.19047245426433074,0.8489389263566114,-0.9577464788732445,-5.140845070422535,5.088958963269225,-2.76056338028169,4.929577464788732,1.8028169014084507,ATP|dear|open_price>=35.0,False
71,-0.009577464788732445,0.050282676441188646,-0.19047245426433074,0.8489389263566114,-0.9577464788732445,-5.140845070422535,5.088958963269225,-2.76056338028169,4.929577464788732,1.8028169014084507,ATP|dear|open_price>=50.0,False
71,-0.009577464788732445,0.050282676441188646,-0.19047245426433074,0.8489389263566114,-0.9577464788732445,-5.140845070422535,5.088958963269225,-2.76056338028169,4.929577464788732,1.8028169014084507,ATP|dear|open_price>=65.0,False
53,-0.043018867924528324,0.06448387525047894,-0.6671259715305154,0.504691671981581,-4.301886792452833,-8.584905660377359,6.538622219102389,-6.30188679245283,4.716981132075472,2.0,ATP|dear|open_price<=80.0,False
403,0.027320099255583118,0.022655931003365288,1.2058696352634999,0.22786776027764466,2.732009925558312,-0.5880893300248139,2.2698217560464893,0.8511166253101737,2.893300248138958,1.880893300248139,Challenger|any|form_last3_diff>=-0.67,False
361,0.017977839335180042,0.02386137826272963,0.753428370198573,0.4511925399351844,1.7977839335180041,-1.5041551246537397,2.3905918818908933,-0.0886426592797784,2.8421052631578947,1.886426592797784,Challenger|any|form_last3_diff>=-0.34,False
294,0.039999999999999994,0.02655759353154588,1.5061605620436518,0.13202596081461193,3.9999999999999996,0.7040816326530612,2.6593167421046893,2.108843537414966,2.82312925170068,1.8911564625850341,Challenger|any|form_last3_diff>=0.0,False
55,0.06418181818181819,0.06303835661446597,1.0181391398628215,0.3086118371225446,6.418181818181819,2.981818181818182,6.346742365916588,4.509090909090909,3.090909090909092,1.9090909090909092,Challenger|any|form_last3_diff>=0.34,False
48,0.13468749999999996,0.06487771609975895,2.0760209837365156,0.03789201029803824,13.468749999999996,9.958333333333334,6.499519781315144,11.614583333333334,3.3541666666666665,1.8541666666666667,Challenger|any|form_last3_diff<=-0.34,False
289,0.032560553633217984,0.026445648016248727,1.231225402879602,0.21823857297187654,3.2560553633217983,-0.04152249134948097,2.6464130969168735,1.3840830449826989,2.858131487889273,1.8719723183391004,Challenger|any|form_last3_diff<=0.0,False
354,0.026624293785310716,0.024036654665778978,1.1076538792736315,0.2680113248139424,2.6624293785310718,-0.6468926553672316,2.4058907994876333,0.7838983050847458,2.8728813559322033,1.8785310734463276,Challenger|any|form_last3_diff<=0.34,False
405,0.029086419753086415,0.02247401519747037,1.2942244408716215,0.19558790687311278,2.9086419753086417,-0.41728395061728396,2.2513010526376287,1.0271604938271606,2.903703703703704,1.8814814814814815,Challenger|any|form_last3_diff<=0.67,False
389,0.027043701799485852,0.02317908748948924,1.166728492299322,0.24332003265650526,2.7043701799485853,-0.6066838046272494,2.3217676866050474,0.8251928020565553,2.874035989717224,1.8791773778920309,Challenger|any|form_last5_diff>=-0.6,False
340,0.020338235294117643,0.02466464051247782,0.8245907854942605,0.4096039545318515,2.033823529411764,-1.2794117647058822,2.4713216388688095,0.14558823529411766,2.861764705882353,1.888235294117647,Challenger|any|form_last5_diff>=-0.3,False
269,0.024739776951672853,0.028180696661423733,0.87789798985129,0.3799990801809132,2.473977695167285,-0.7620817843866171,2.823166829768871,0.5892193308550185,2.7100371747211898,1.8847583643122676,Challenger|any|form_last5_diff>=0.0,False
81,0.08401234567901235,0.05000026386914065,1.6802380463208595,0.0929110096152157,8.401234567901234,4.9753086419753085,5.024599219587776,6.5,3.0987654320987663,1.9012345679012346,Challenger|any|form_last5_diff>=0.3,False
76,0.0769736842105263,0.05165048520919563,1.490279982826226,0.13615063348289946,7.69736842105263,4.2894736842105265,5.170015297051368,5.842105263157895,3.1315789473684212,1.855263157894737,Challenger|any|form_last5_diff<=-0.3,False
275,0.02627272727272726,0.027309126340702095,0.9620493510101726,0.3360248144114977,2.627272727272726,-0.7090909090909091,2.7325284461455084,0.7509090909090909,2.9272727272727272,1.8763636363636365,Challenger|any|form_last5_diff<=0.0,False
332,0.024382530120481912,0.02496412969515002,0.976702589604752,0.328716412761318,2.4382530120481913,-0.8644578313253012,2.498973145868768,0.5587349397590361,2.852409638554217,1.8795180722891567,Challenger|any|form_last5_diff<=0.3,False
391,0.03129156010230178,0.022950008363295322,1.3634661742584533,0.1727356379538092,3.129156010230178,-0.2020460358056266,2.299157222074994,1.2468030690537084,2.9079283887468033,1.8823529411764706,Challenger|any|form_last5_diff<=0.6,False
386,0.031308290155440406,0.023218710146441977,1.3484078124054653,0.17752725262560087,3.1308290155440406,-0.18134715025906736,2.3258961250378167,1.2525906735751295,2.878238341968912,1.878238341968912,Challenger|any|winrate_diff>=-0.5,False
330,0.021954545454545445,0.025116192052829427,0.8741191900574031,0.3820533478694408,2.1954545454545444,-1.096969696969697,2.5158517376112397,0.30454545454545456,2.815151515151515,1.8909090909090909,Challenger|any|winrate_diff>=-0.25,False
266,0.025413533834586458,0.028193267420894206,0.901404347895921,0.36737337051268515,2.5413533834586457,-0.6954887218045113,2.8249951749506303,0.6578947368421053,2.7142857142857144,1.8834586466165413,Challenger|any|winrate_diff>=0.0,False
100,0.06844999999999998,0.0460974316754275,1.4848983449220587,0.137570754543328,6.844999999999998,3.47,4.624472779122879,4.955,3.0100000000000007,1.89,Challenger|any|winrate_diff>=0.25,False
55,0.05618181818181818,0.06322225288513089,0.8886399268924418,0.37419662581570856,5.618181818181818,2.1272727272727274,6.369648915233585,3.727272727272727,3.200000000000001,1.8909090909090909,Challenger|any|winrate_diff>=0.5,False
50,0.11809999999999997,0.06607446170644085,1.7873774064887726,0.0738765107765893,11.809999999999997,8.4,6.628633004640103,9.97,3.18,1.84,Challenger|any|winrate_diff<=-0.5,False
94,0.05595744680851062,0.046226286629878134,1.2105113970444425,0.22608272016553332,5.5957446808510625,2.1702127659574466,4.63078926033298,3.723404255319149,3.127659574468085,1.872340425531915,Challenger|any|winrate_diff<=-0.25,False
275,0.02625454545454544,0.027338229546105756,0.9603601217213905,0.33687400107715115,2.625454545454544,-0.7127272727272728,2.735522439798344,0.7490909090909091,2.930909090909091,1.8763636363636365,Challenger|any|winrate_diff<=0.0,False
327,0.01591743119266054,0.02507402125339584,0.6348176477877396,0.5255473520157055,1.591743119266054,-1.7033639143730888,2.5102335086346113,-0.28287461773700306,2.8470948012232418,1.8746177370030581,Challenger|any|winrate_diff<=0.25,False
390,0.031897435897435884,0.023000910743838986,1.3867901255162218,0.1655057689945978,3.1897435897435886,-0.14358974358974358,2.3043149177055167,1.3076923076923077,2.9128205128205127,1.882051282051282,Challenger|any|winrate_diff<=0.5,False
373,0.02951742627345843,0.023599781864697314,1.2507499621262712,0.21102571593854447,2.9517426273458427,-0.3726541554959786,2.362795266663989,1.0670241286863271,2.8900804289544237,1.8847184986595173,Challenger|any|rest_diff_days>=-3.0,False
347,0.022046109510086436,0.024269910639063842,0.9083720924213842,0.3636816651460517,2.2046109510086436,-1.1037463976945245,2.4285568349245583,0.3227665706051873,2.8530259365994235,1.8818443804034581,Challenger|any|rest_diff_days>=-1.0,False
223,0.031031390134529137,0.030082238503985684,1.0315518949967004,0.3022820855648245,3.1031390134529135,-0.21076233183856502,3.006400120955024,1.2376681614349776,2.905829596412556,1.8654708520179373,Challenger|any|rest_diff_days>=0.0,False
76,0.038684210526315765,0.04911304257589694,0.7876565673269996,0.43089761708658436,3.8684210526315765,0.4473684210526316,4.919042651717739,2.0657894736842106,3.263157894736842,1.8026315789473684,Challenger|any|rest_diff_days>=1.0,False
42,0.052619047619047586,0.06304051710757472,0.8346861674572951,0.40389443194145347,5.261904761904758,1.9047619047619047,6.2751292284456435,3.4047619047619047,3.0952380952380953,1.8571428571428572,Challenger|any|rest_diff_days>=3.0,False
62,0.08556451612903225,0.05893332921997216,1.4518866872369895,0.14653311479209985,8.556451612903224,5.129032258064516,5.939608102020574,6.669354838709677,3.1774193548387095,1.8870967741935485,Challenger|any|rest_diff_days<=-1.0,False
187,0.03040106951871657,0.033662131860274,0.9031237131654771,0.3664602399207575,3.040106951871657,-0.2994652406417112,3.3807984090190164,1.1363636363636365,2.893048128342246,1.9037433155080214,Challenger|any|rest_diff_days<=0.0,False
333,0.030075075075075057,0.02521912240276009,1.1925504224438639,0.23304549218535886,3.0075075075075057,-0.2972972972972973,2.526360835961326,1.1066066066066067,2.81981981981982,1.9009009009009008,Challenger|any|rest_diff_days<=1.0,False
367,0.029277929155313343,0.023974264685001457,1.2212232383348096,0.2220015079361286,2.9277929155313345,-0.39509536784741145,2.402912546790082,1.042234332425068,2.880108991825613,1.8855585831062671,Challenger|any|rest_diff_days<=3.0,False
636,0.028561320754716964,0.018115153579404023,1.5766535254324139,0.11487526949540205,2.8561320754716966,-0.5283018867924528,1.8137272461601468,0.9976415094339622,3.0644654088050314,1.8584905660377358,Challenger|any|workload_diff>=-2.0,False
586,0.0320051194539249,0.018874930459943064,1.6956417149110623,0.08995375273434592,3.20051194539249,-0.1621160409556314,1.890844061848947,1.3455631399317407,3.032423208191126,1.8549488054607508,Challenger|any|workload_diff>=-1.0,False
482,0.033319502074688784,0.020801707193096593,1.6017676705759245,0.10920699463273342,3.3319502074688785,-0.01037344398340249,2.0833522436198058,1.4813278008298756,3.0,1.8506224066390042,Challenger|any|workload_diff>=0.0,False
222,0.0483108108108108,0.03029246834004198,1.5948126203684547,0.11075414401618122,4.831081081081081,1.4774774774774775,3.0358939609166793,3.0022522522522523,3.0765765765765765,1.8288288288288288,Challenger|any|workload_diff>=1.0,False
110,0.0018636363636363492,0.0429002693130793,0.043441134367615014,0.9653498881502962,0.18636363636363493,-3.2363636363636363,4.298397150160158,-1.6772727272727272,3.1363636363636362,1.8636363636363635,Challenger|any|workload_diff>=2.0,False
91,-0.03126373626373628,0.04658205263440932,-0.6711541139911539,0.502122356747829,-3.126373626373628,-6.604395604395604,4.645474621796264,-4.983516483516484,3.21978021978022,1.8571428571428572,Challenger|any|workload_diff<=-2.0,False
195,-0.000769230769230779,0.03240932555872891,-0.023734858901548462,0.9810641004490506,-0.0769230769230779,-3.5435897435897434,3.2421375624355817,-1.9435897435897436,3.2,1.8666666666666667,Challenger|any|workload_diff<=-1.0,False
455,0.011395604395604381,0.02144430803847298,0.5314046214575756,0.5951384196796827,1.1395604395604382,-2.2505494505494505,2.14608719806904,-0.7285714285714285,3.048351648351648,1.8681318681318682,Challenger|any|workload_diff<=0.0,False
567,0.02769841269841268,0.019182483483834546,1.4439429973577027,0.14875501043019668,2.769841269841268,-0.599647266313933,1.9203580325392937,0.9162257495590829,3.0423280423280423,1.853615520282187,Challenger|any|workload_diff<=1.0,False
634,0.021111987381703463,0.01813656108389255,1.1640568068029968,0.24440099130545234,2.111198738170346,-1.2712933753943219,1.8161874022580327,0.2547318611987382,3.055205047318612,1.8564668769716088,Challenger|any|workload_diff<=2.0,False
648,0.030054012345679004,0.017979590464274685,1.6715626757681776,0.09461058993340177,3.0054012345679,-0.36882716049382713,1.8003255541255025,1.1473765432098766,3.044753086419753,1.8580246913580247,Challenger|any|experience_diff>=-3.0,False
562,0.028211743772241976,0.01927214361319573,1.463861225739583,0.14323186956554634,2.8211743772241977,-0.5320284697508897,1.9295743136144297,0.9599644128113879,2.998220640569395,1.8612099644128113,Challenger|any|experience_diff>=-1.0,False
456,0.01957236842105263,0.021688162241071424,0.9024447624238046,0.36682065181688905,1.957236842105263,-1.3640350877192982,2.1726337100785416,0.10416666666666667,2.949561403508772,1.8530701754385965,Challenger|any|experience_diff>=0.0,False
245,0.0270612244897959,0.029258336457932656,0.9249064631102407,0.3550145644282283,2.70612244897959,-0.6489795918367347,2.9320617010476404,0.8530612244897959,3.020408163265306,1.853061224489796,Challenger|any|experience_diff>=1.0,False
72,0.014652777777777749,0.05669835885283576,0.2584338960464443,0.7960720595837252,1.4652777777777748,-1.7222222222222223,5.674987753505233,-0.4097222222222222,2.680555555555556,1.875,Challenger|any|experience_diff>=3.0,False
64,-0.057812500000000024,0.05584120358087844,-1.035301825403287,0.3005279776254204,-5.781250000000003,-9.1875,5.612966626057748,-7.578125,3.21875,1.796875,Challenger|any|experience_diff<=-3.0,False
221,0.03160633484162894,0.029601061561371118,1.067743289412116,0.2856363255179786,3.160633484162894,-0.334841628959276,2.9604732607457613,1.3009049773755657,3.2805429864253393,1.8597285067873304,Challenger|any|experience_diff<=-1.0,False
432,0.021481481481481463,0.0218678628042712,0.9823310889478294,0.3259367632777135,2.148148148148146,-1.2430555555555556,2.188380838464366,0.2916666666666667,3.0787037037037037,1.8564814814814814,Challenger|any|experience_diff<=0.0,False
548,0.030374087591240863,0.019462847179742847,1.5606189223360165,0.11861369140662248,3.0374087591240864,-0.354014598540146,1.9490101671378346,1.1852189781021898,3.085766423357664,1.852189781021898,Challenger|any|experience_diff<=1.0,False
641,0.02307332293291731,0.017932860188392227,1.286650466825836,0.1982161450551747,2.307332293291731,-1.0826833073322932,1.7954637502476545,0.45709828393135726,3.0889235569422775,1.8502340093603744,Challenger|any|experience_diff<=3.0,False
287,0.01142857142857142,0.026531698010385137,0.43075160225696846,0.6666489936565101,1.142857142857142,-2.1986062717770034,2.6596800188586003,-0.6968641114982579,3.024390243902439,1.8397212543554007,Challenger|any|own_rest_days>=1.0,False
167,0.0035628742514970005,0.03485683722642092,0.10221450180214284,0.918586417271043,0.3562874251497,-3.0778443113772456,3.498987187004633,-1.4401197604790419,3.2994011976047903,1.7964071856287425,Challenger|any|own_rest_days>=2.0,False
142,-0.002464788732394384,0.03747435264791328,-0.06577268340168735,0.9475588046171841,-0.24647887323943843,-3.6690140845070425,3.7537145300419743,-2.035211267605634,3.295774647887324,1.7887323943661972,Challenger|any|own_rest_days>=3.0,False
74,0.010472972972972954,0.05191529434671325,0.20173193862736902,0.8401262924736397,1.0472972972972954,-2.324324324324324,5.175022892995171,-0.7905405405405406,3.1216216216216215,1.837837837837838,Challenger|any|own_rest_days>=5.0,False
211,0.05156398104265401,0.031251245567144835,1.6499816281519488,0.09894669371555964,5.156398104265401,1.8293838862559242,3.128374441952446,3.265402843601896,2.8720379146919433,1.8909952606635072,Challenger|any|own_rest_days<=1.0,False
331,0.04098187311178246,0.024842865304250197,1.649643574115871,0.09901585723852602,4.098187311178246,0.8126888217522659,2.4862238520397226,2.20392749244713,2.788519637462236,1.894259818731118,Challenger|any|own_rest_days<=2.0,False
356,0.04075842696629212,0.024024535650451317,1.6965333923332853,0.08978491186874615,4.075842696629213,0.7752808988764045,2.4068991779976283,2.1853932584269664,2.8258426966292136,1.8904494382022472,Challenger|any|own_rest_days<=3.0,False
424,0.03156839622641508,0.02198187351826945,1.4361103570256708,0.15097094144244738,3.156839622641508,-0.1721698113207547,2.2040977569687072,1.2912735849056605,2.931603773584906,1.865566037735849,Challenger|any|own_rest_days<=5.0,False
475,0.030294736842105256,0.020643662962411196,1.4675078205484715,0.1422379633964459,3.0294736842105254,-0.32,2.068750992372755,1.168421052631579,2.985263157894737,1.8610526315789473,Challenger|any|own_rest_days<=7.0,False
475,0.030294736842105256,0.020643662962411196,1.4675078205484715,0.1422379633964459,3.0294736842105254,-0.32,2.068750992372755,1.168421052631579,2.985263157894737,1.8610526315789473,Challenger|any|own_matches_7d>=1.0,False
286,0.044895104895104884,0.02637856504937067,1.701954022558781,0.08876398750493175,4.489510489510488,1.1363636363636365,2.646200327350873,2.6153846153846154,2.972027972027972,1.8741258741258742,Challenger|any|own_matches_7d>=2.0,False
142,0.0379225352112676,0.03667030712752562,1.0341482845885963,0.3010668464331472,3.79225352112676,0.5985915492957746,3.664360202907075,1.9049295774647887,2.6690140845070425,1.8873239436619718,Challenger|any|own_matches_7d>=3.0,False
66,-0.0075757575757575924,0.05697934873356071,-0.13295619806365894,0.8942280217469607,-0.7575757575757592,-4.151515151515151,5.693747538918708,-2.696969696969697,2.9999999999999996,1.9393939393939394,Challenger|any|own_matches_7d>=4.0,False
391,0.007851662404092059,0.023368608103343423,0.3359918729164146,0.7368769950592866,0.7851662404092059,-2.6112531969309463,2.336635537202969,-1.0562659846547315,3.1202046035805626,1.8414322250639386,Challenger|any|own_matches_7d<=1.0,False
535,0.019672897196261665,0.019910543907161866,0.9880642783035817,0.3231211689964346,1.9672897196261665,-1.4598130841121495,1.994371377125063,0.1205607476635514,3.160747663551402,1.8467289719626168,Challenger|any|own_matches_7d<=2.0,False
611,0.02685761047463174,0.01840246190017283,1.4594574693497668,0.14443923836167238,2.685761047463174,-0.690671031096563,1.8429297472935493,0.839607201309329,3.0638297872340425,1.8461538461538463,Challenger|any|own_matches_7d<=3.0,False
653,0.02447932618683001,0.017736721095402457,1.3801494681660922,0.1675406288399408,2.447932618683001,-0.9280245022970903,1.7760808427563817,0.5949464012251149,3.0551301684532923,1.8529862174578866,Challenger|any|own_matches_7d<=4.0,False
462,0.03047619047619046,0.021466645154408916,1.419699736823158,0.15569511478641562,3.0476190476190457,-0.27705627705627706,2.148102771402305,1.1255411255411256,2.8225108225108224,1.922077922077922,Challenger|any|round_ordinal>=2.0,False
462,0.03047619047619046,0.021466645154408916,1.419699736823158,0.15569511478641562,3.0476190476190457,-0.27705627705627706,2.148102771402305,1.1255411255411256,2.8225108225108224,1.922077922077922,Challenger|any|round_ordinal>=4.0,False
230,0.05078260869565217,0.030812677522054518,1.6481076225623024,0.09933058840021669,5.0782608695652165,1.8695652173913044,3.079634430248242,3.139130434782609,2.5478260869565217,1.9391304347826086,Challenger|any|round_ordinal>=5.0,False
101,-0.022722772277227736,0.04655772126796713,-0.48805593698292893,0.6255102204886311,-2.2722772277227734,-5.3861386138613865,4.6565820613902345,-4.242574257425742,2.287128712871287,1.9702970297029703,Challenger|any|round_ordinal>=6.0,False
207,0.008067632850241539,0.03037290980070463,0.2656193595930797,0.7905323742495276,0.8067632850241538,-2.642512077294686,3.0444371836132422,-0.8985507246376812,3.4879227053140096,1.7053140096618358,Challenger|any|round_ordinal<=2.0,False
439,0.00927107061503415,0.02130644448820484,0.435129879138989,0.6634681565699498,0.9271070615034149,-2.5170842824601367,2.1348842934846477,-0.8838268792710706,3.2801822323462413,1.8109339407744875,Challenger|any|round_ordinal<=4.0,False
568,0.03176936619718308,0.018930046885096447,1.6782507930392387,0.09329814975279405,3.176936619718308,-0.2306338028169014,1.895825353587806,1.3424295774647887,3.160211267605634,1.8345070422535212,Challenger|any|round_ordinal<=5.0,False
630,0.023531746031746015,0.01807835943001248,1.3016527369557764,0.1930351231129166,2.3531746031746015,-1.0253968253968253,1.8100972068031453,0.5055555555555555,3.077777777777778,1.8476190476190477,Challenger|any|round_ordinal<=6.0,False
609,0.02068965517241378,0.018766039746180817,1.1025051343944023,0.2702421275804512,2.068965517241378,-1.3645320197044335,1.8779616613903032,0.1412151067323481,3.0476190476190474,1.9277504105090313,Challenger|any|open_price>=20.0,False
494,0.021791497975708483,0.02089046039994151,1.0431315326956363,0.2968873782739916,2.1791497975708483,-1.242914979757085,2.0900599595220877,0.2682186234817814,3.0668016194331984,1.9109311740890689,Challenger|any|open_price>=35.0,False
350,0.02344285714285711,0.024070196217411303,0.9739371017632003,0.33008777048064974,2.3442857142857108,-1.0657142857142856,2.4040310814582884,0.47,3.1342857142857143,1.8742857142857143,Challenger|any|open_price>=50.0,False
180,0.012805555555555515,0.03052741346947163,0.41947725339919384,0.674867375244721,1.2805555555555515,-2.0055555555555555,3.0513350175516933,-0.475,3.183333333333333,1.7555555555555555,Challenger|any|open_price>=65.0,False
64,0.04203124999999996,0.03702672892835564,1.1351596864342985,0.2563084171288956,4.203124999999996,1.1875,3.7088265455852873,2.890625,3.75,1.3125,Challenger|any|open_price>=80.0,False
71,0.05225352112676056,0.045876199070661566,1.1390115612297396,0.2546983321490246,5.225352112676056,2.3380281690140845,4.617913840057423,3.9859154929577465,3.0985915492957745,1.2394366197183098,Challenger|any|open_price<=20.0,False
188,0.018058510638297876,0.03138224270953971,0.5754372243386026,0.5649956350150465,1.8058510638297876,-1.452127659574468,3.1490930683206315,0.09308510638297872,3.015957446808511,1.7127659574468086,Challenger|any|open_price<=35.0,False
330,0.018803030303030308,0.025439220313432976,0.7391354794431934,0.45982473464142526,1.8803030303030308,-1.4666666666666666,2.5535764756362846,0.04393939393939394,2.978787878787879,1.8363636363636364,Challenger|any|open_price<=50.0,False
501,0.027954091816367255,0.02104396386013229,1.3283662717804878,0.18405713613124952,2.7954091816367255,-0.6147704590818364,2.107968581292184,0.9031936127744511,3.007984031936128,1.8922155688622755,Challenger|any|open_price<=65.0,False
615,0.022146341463414623,0.01888896588068561,1.172448592649519,0.24101699995882298,2.2146341463414623,-1.2032520325203253,1.8911086494955152,0.3024390243902439,2.988617886178862,1.9121951219512194,Challenger|any|open_price<=80.0,False
105,0.0031904761904761945,0.04216779905942608,0.0756614350675484,0.9396884583656633,0.31904761904761947,-2.895238095238095,4.240091310819687,-1.3952380952380952,2.942857142857143,1.7142857142857142,Challenger|cheap|form_last3_diff>=-0.67,False
97,-0.013298969072164947,0.04279836938511807,-0.310735414998995,0.7560017718212637,-1.3298969072164946,-4.577319587628866,4.2991856460235285,-3.0618556701030926,2.9690721649484537,1.731958762886598,Challenger|cheap|form_last3_diff>=-0.34,False
82,-0.012378048780487799,0.04647821557254063,-0.26631936334063483,0.789993261643074,-1.2378048780487798,-4.487804878048781,4.664899778507865,-2.981707317073171,2.9390243902439024,1.7439024390243902,Challenger|cheap|form_last3_diff>=0.0,False
73,-0.005479452054794532,0.05096548474514742,-0.1075129979081823,0.9143820142514527,-0.5479452054794531,-3.684931506849315,5.119607335185712,-2.26027397260274,2.8219178082191783,1.7123287671232876,Challenger|cheap|form_last3_diff<=0.0,False
88,-0.003352272727272734,0.046421634395629886,-0.07221358685269202,0.9424319326594162,-0.33522727272727343,-3.522727272727273,4.664669036339104,-2.0511363636363638,2.897727272727273,1.7159090909090908,Challenger|cheap|form_last3_diff<=0.34,False
105,-0.006333333333333336,0.041518744755304995,-0.15254154167375455,0.8787598282681519,-0.6333333333333335,-3.857142857142857,4.174412475855334,-2.3476190476190477,2.9619047619047625,1.7142857142857142,Challenger|cheap|form_last3_diff<=0.67,False
102,0.007745098039215687,0.043318450962633454,0.1787944367146604,0.8580991137548457,0.7745098039215687,-2.4411764705882355,4.3557483720579695,-0.9411764705882353,2.9411764705882355,1.7156862745098038,Challenger|cheap|form_last5_diff>=-0.6,False
92,-0.02445652173913044,0.04323145579824503,-0.5657112694345872,0.5715900730964252,-2.445652173913044,-5.728260869565218,4.341246066032835,-4.184782608695652,3.021739130434783,1.7391304347826086,Challenger|cheap|form_last5_diff>=-0.3,False
76,-0.006842105263157892,0.049025668366867746,-0.13956169270263097,0.8890063091242644,-0.6842105263157893,-3.8157894736842106,4.915093492937984,-2.4210526315789473,2.710526315789474,1.736842105263158,Challenger|cheap|form_last5_diff>=0.0,False
74,0.0019594594594594546,0.05056912468506837,0.03874813874399585,0.9690911930376291,0.19594594594594547,-3.0,5.081490684333902,-1.5337837837837838,2.9054054054054053,1.7297297297297298,Challenger|cheap|form_last5_diff<=0.0,False
85,0.00435294117647059,0.047839293021843365,0.09099091774794921,0.9274998077067462,0.435294117647059,-2.7176470588235295,4.805826638778228,-1.2823529411764707,2.847058823529412,1.7176470588235293,Challenger|cheap|form_last5_diff<=0.3,False
101,0.0006435643564356612,0.04299595095870366,0.014968022385498245,0.9880576919636783,0.06435643564356612,-3.1782178217821784,4.323557300489338,-1.6584158415841583,3.0,1.7227722772277227,Challenger|cheap|form_last5_diff<=0.6,False
101,0.011039603960396042,0.04362278204136154,0.25306969073931807,0.8002143599461056,1.1039603960396043,-2.108910891089109,4.386272487508394,-0.6089108910891089,2.9405940594059405,1.7128712871287128,Challenger|cheap|winrate_diff>=-0.5,False
89,-0.01758426966292135,0.04449926491969787,-0.3951586547475207,0.6927258035481332,-1.758426966292135,-4.977528089887641,4.464076836716496,-3.5,2.8876404494382024,1.7415730337078652,Challenger|cheap|winrate_diff>=-0.25,False
75,-0.0158,0.04884734817186521,-0.32345665816717534,0.7463494265344361,-1.58,-4.693333333333333,4.901037703443075,-3.3133333333333335,2.68,1.7333333333333334,Challenger|cheap|winrate_diff>=0.0,False
74,0.0009459459459459453,0.05065250611881858,0.018675205205582204,0.9851002081850755,0.09459459459459453,-3.108108108108108,5.090210550986632,-1.635135135135135,2.918918918918919,1.7297297297297298,Challenger|cheap|winrate_diff<=0.0,False
85,0.00435294117647059,0.047839293021843365,0.09099091774794921,0.9274998077067462,0.435294117647059,-2.7176470588235295,4.805826638778228,-1.2823529411764707,2.847058823529412,1.7176470588235293,Challenger|cheap|winrate_diff<=0.25,False
100,0.0027000000000000136,0.04337838101397907,0.06224298687242188,0.9503693302592657,0.27000000000000135,-2.98,4.3624194010093795,-1.45,3.02,1.72,Challenger|cheap|winrate_diff<=0.5,False
90,0.0031111111111111088,0.0463197766507449,0.0671659350728125,0.9464496037359829,0.3111111111111109,-2.888888888888889,4.654141684305403,-1.4111111111111112,2.888888888888889,1.7222222222222223,Challenger|cheap|rest_diff_days>=-3.0,False
84,-0.017857142857142863,0.04608311837179582,-0.3874985783963774,0.6983871371605792,-1.7857142857142863,-4.964285714285714,4.627440864914656,-3.511904761904762,2.8333333333333335,1.7261904761904763,Challenger|cheap|rest_diff_days>=-1.0,False
50,-0.003399999999999995,0.06201965455418473,-0.05482133082552912,0.9562808064137309,-0.3399999999999995,-3.38,6.216626160251759,-2.02,2.64,1.68,Challenger|cheap|rest_diff_days>=0.0,False
56,0.005357142857142852,0.057077763249043977,0.09385691646269236,0.9252228183820281,0.5357142857142851,-2.8392857142857144,5.756801555253379,-1.2142857142857142,3.214285714285715,1.75,Challenger|cheap|rest_diff_days<=0.0,False
94,-0.006808510638297868,0.04379561230266562,-0.15546102178558804,0.8764578804090428,-0.6808510638297868,-3.904255319148936,4.4002992023261625,-2.425531914893617,2.9148936170212765,1.7446808510638299,Challenger|cheap|rest_diff_days<=1.0,False
102,0.008872549019607845,0.043245691141253914,0.20516608211040802,0.8374423682903307,0.8872549019607845,-2.3333333333333335,4.348494303201556,-0.8284313725490197,2.950980392156863,1.7156862745098038,Challenger|cheap|rest_diff_days<=3.0,False
169,0.03328402366863905,0.03366044015298605,0.9888172441407126,0.3227525657195258,3.328402366863905,0.0650887573964497,3.377376770901179,1.606508875739645,3.0118343195266273,1.7218934911242603,Challenger|cheap|workload_diff>=-2.0,False
159,0.03720125786163522,0.034944614564836204,1.0645777131870218,0.287067069674128,3.720125786163522,0.4968553459119497,3.508447097513512,1.9968553459119496,2.9371069182389937,1.7232704402515724,Challenger|cheap|workload_diff>=-1.0,False
137,0.01704379562043795,0.03688600520018208,0.46206672497985274,0.6440334714291156,1.7043795620437951,-1.5182481751824817,3.7028574223643322,-0.040145985401459854,2.897810218978102,1.7445255474452555,Challenger|cheap|workload_diff>=0.0,False
63,0.06603174603174605,0.05630158881733131,1.1728220716112279,0.24086716513482376,6.6031746031746055,3.3968253968253967,5.6486357973397485,4.936507936507937,2.984126984126984,1.6666666666666667,Challenger|cheap|workload_diff>=1.0,False
46,0.06108695652173914,0.06411906064695791,0.9527113451971224,0.340736343477694,6.108695652173914,2.739130434782609,6.430861189247573,4.521739130434782,3.4347826086956523,1.5869565217391304,Challenger|cheap|workload_diff<=-1.0,False
120,0.008208333333333328,0.038718747939382854,0.2119989351459427,0.8321078650731777,0.8208333333333327,-2.466666666666667,3.886050851848947,-0.9041666666666667,3.058333333333333,1.725,Challenger|cheap|workload_diff<=0.0,False
147,0.02319727891156462,0.03547361654565331,0.6539304748279762,0.5131565990792879,2.3197278911564623,-0.8979591836734694,3.5639940190991086,0.6326530612244898,3.006802721088435,1.6870748299319729,Challenger|cheap|workload_diff<=1.0,False
174,0.024310344827586216,0.03268163202577698,0.7438534528634286,0.45696513807145855,2.4310344827586214,-0.8333333333333334,3.281725435598029,0.7241379310344828,3.0344827586206895,1.706896551724138,Challenger|cheap|workload_diff<=2.0,False
176,0.036079545454545454,0.03302615791611428,1.0924536104437794,0.2746337699865098,3.6079545454545454,0.3806818181818182,3.3132726705707998,1.8920454545454546,2.9545454545454546,1.7159090909090908,Challenger|cheap|experience_diff>=-3.0,False
149,0.02419463087248323,0.035551008103907475,0.6805610350561044,0.49614928924028057,2.419463087248323,-0.7583892617449665,3.5643096885430388,0.674496644295302,2.7986577181208054,1.74496644295302,Challenger|cheap|experience_diff>=-1.0,False
123,0.028495934959349586,0.03970792232740978,0.717638528764807,0.47298019475662434,2.8495934959349585,-0.2926829268292683,3.9826648841963026,1.1097560975609757,2.7398373983739837,1.7398373983739837,Challenger|cheap|experience_diff>=0.0,False
61,0.054180327868852456,0.05733126588690442,0.9450397968838204,0.3446385588635654,5.418032786885245,2.2131147540983607,5.748942157580061,3.7295081967213113,2.9344262295081966,1.6885245901639345,Challenger|cheap|experience_diff>=1.0,False
60,0.027333333333333334,0.053854463153081296,0.5075407261165772,0.6117754683190328,2.7333333333333334,-0.7666666666666667,5.41155734692156,1.1,3.6333333333333333,1.6333333333333333,Challenger|cheap|experience_diff<=-1.0,False
122,0.015081967213114746,0.03845975166753775,0.39214936548445783,0.6949478542616268,1.5081967213114746,-1.778688524590164,3.861203096234402,-0.20491803278688525,3.081967213114754,1.7131147540983607,Challenger|cheap|experience_diff<=0.0,False
146,0.0326027397260274,0.035743179984363736,0.9121387559889702,0.36169567879771947,3.2602739726027394,0.03424657534246575,3.5906298880908043,1.5753424657534247,3.0136986301369864,1.6849315068493151,Challenger|cheap|experience_diff<=1.0,False
176,0.02352272727272727,0.03224116002326543,0.729586877635703,0.4656427457127532,2.352272727272727,-0.9147727272727273,3.235927181964633,0.6590909090909091,3.0681818181818183,1.6931818181818181,Challenger|cheap|experience_diff<=3.0,False
71,0.008873239436619707,0.05053617916163157,0.17558192138428444,0.8606224063340957,0.8873239436619708,-2.267605633802817,5.080081343574683,-0.7746478873239436,2.8732394366197185,1.6619718309859155,Challenger|cheap|own_rest_days>=1.0,False
62,0.03169354838709677,0.05550069479324453,0.5710477770623237,0.5679672570398671,3.1693548387096775,-0.11290322580645161,5.569051409404191,1.4435483870967742,3.0806451612903225,1.7258064516129032,Challenger|cheap|own_rest_days<=1.0,False
95,-0.001000000000000006,0.0431524161436756,-0.02317367344323235,0.981511738515749,-0.10000000000000062,-3.4210526315789473,4.327949710939172,-1.8578947368421053,3.0631578947368423,1.7578947368421052,Challenger|cheap|own_rest_days<=2.0,False
98,0.0028571428571428576,0.04287254264312678,0.06664272004872349,0.946866135639175,0.28571428571428575,-3.020408163265306,4.302030296641882,-1.4591836734693877,3.0408163265306123,1.7448979591836735,Challenger|cheap|own_rest_days<=3.0,False
116,0.014568965517241381,0.039933348187598215,0.3648320558746925,0.7152367748374235,1.4568965517241381,-1.8017241379310345,4.011232725752503,-0.25862068965517243,3.0172413793103448,1.7155172413793103,Challenger|cheap|own_rest_days<=5.0,False
126,0.022380952380952376,0.03855055284579656,0.5805611263339568,0.5615362782947171,2.2380952380952377,-1.0,3.8729013774385064,0.5396825396825397,3.0,1.6984126984126984,Challenger|cheap|own_rest_days<=7.0,False
126,0.022380952380952376,0.03855055284579656,0.5805611263339568,0.5615362782947171,2.2380952380952377,-1.0,3.8729013774385064,0.5396825396825397,3.0,1.6984126984126984,Challenger|cheap|own_matches_7d>=1.0,False
75,0.02166666666666666,0.05119265267289523,0.42323781901105556,0.6721217565182034,2.166666666666666,-1.2266666666666666,5.144491441551068,0.44666666666666666,3.24,1.72,Challenger|cheap|own_matches_7d>=2.0,False
108,0.03259259259259259,0.04094893154033559,0.7959326743480029,0.42607116850852966,3.259259259259259,0.09259259259259259,4.105048792182061,1.5648148148148149,2.888888888888889,1.6944444444444444,Challenger|cheap|own_matches_7d<=1.0,False
148,0.04152027027027027,0.03572743190429021,1.1621397916732001,0.24517868637817775,4.152027027027027,0.8918918918918919,3.5898512637052673,2.4763513513513513,3.0878378378378377,1.6756756756756757,Challenger|cheap|own_matches_7d<=2.0,False
170,0.035,0.03307979046815946,1.0580478142293197,0.2900336442635223,3.5000000000000004,0.27647058823529413,3.320054798707952,1.8176470588235294,3.0,1.6823529411764706,Challenger|cheap|own_matches_7d<=3.0,False
178,0.025758426966292144,0.03219770397981431,0.800008192585436,0.42370605053675625,2.5758426966292145,-0.6853932584269663,3.2317557101249887,0.8792134831460674,3.050561797752809,1.696629213483146,Challenger|cheap|own_matches_7d<=4.0,False
111,0.016486486486486485,0.0416519840434119,0.3958151541905758,0.69224139651454,1.6486486486486485,-1.5945945945945945,4.173948658072566,-0.18018018018018017,2.7567567567567566,1.8288288288288288,Challenger|cheap|round_ordinal>=2.0,False
111,0.016486486486486485,0.0416519840434119,0.3958151541905758,0.69224139651454,1.6486486486486485,-1.5945945945945945,4.173948658072566,-0.18018018018018017,2.7567567567567566,1.8288288288288288,Challenger|cheap|round_ordinal>=4.0,False
60,0.02691666666666667,0.05979639319691195,0.4501386325765334,0.6526104821306979,2.691666666666667,-0.6333333333333333,5.978679949283944,0.825,2.8500000000000005,1.8666666666666667,Challenger|cheap|round_ordinal>=5.0,False
69,0.03224637681159422,0.04988814601130695,0.6463735253718531,0.5180374816575994,3.224637681159422,-0.014492753623188406,5.0300670039054145,1.7318840579710144,3.4057971014492754,1.4927536231884058,Challenger|cheap|round_ordinal<=2.0,False
120,0.02033333333333333,0.037621639009423405,0.5404690988672841,0.5888735659463968,2.033333333333333,-1.1666666666666667,3.788847953427578,0.4166666666666667,3.0833333333333335,1.6166666666666667,Challenger|cheap|round_ordinal<=4.0,False
163,0.04337423312883436,0.03389204236882809,1.2797763161280429,0.20062381563946352,4.337423312883436,1.0858895705521472,3.4047384765932107,2.6625766871165646,3.079754601226994,1.6748466257668713,Challenger|cheap|round_ordinal<=5.0,False
173,0.02361271676300578,0.03251651066648474,0.7261762187584218,0.46773074877608267,2.361271676300578,-0.884393063583815,3.265658854572108,0.6676300578034682,3.0346820809248554,1.69364161849711,Challenger|cheap|round_ordinal<=6.0,False
115,0.015956521739130446,0.04288321179372991,0.37209250594106613,0.709823975793384,1.5956521739130445,-1.8869565217391304,4.295861546329365,-0.4043478260869565,2.965217391304348,2.0,Challenger|cheap|open_price>=20.0,False
71,0.05225352112676056,0.045876199070661566,1.1390115612297396,0.2546983321490246,5.225352112676056,2.3380281690140845,4.617913840057423,3.9859154929577465,3.0985915492957745,1.2394366197183098,Challenger|cheap|open_price<=20.0,False
183,0.028114754098360648,0.03191639917134279,0.8808874067349183,0.378378764248509,2.811475409836065,-0.44808743169398907,3.2030189440291794,1.1065573770491803,3.0327868852459017,1.7049180327868851,Challenger|cheap|open_price<=35.0,False
183,0.028114754098360648,0.03191639917134279,0.8808874067349183,0.378378764248509,2.811475409836065,-0.44808743169398907,3.2030189440291794,1.1065573770491803,3.0327868852459017,1.7049180327868851,Challenger|cheap|open_price<=50.0,False
183,0.028114754098360648,0.03191639917134279,0.8808874067349183,0.378378764248509,2.811475409836065,-0.44808743169398907,3.2030189440291794,1.1065573770491803,3.0327868852459017,1.7049180327868851,Challenger|cheap|open_price<=65.0,False
183,0.028114754098360648,0.03191639917134279,0.8808874067349183,0.378378764248509,2.811475409836065,-0.44808743169398907,3.2030189440291794,1.1065573770491803,3.0327868852459017,1.7049180327868851,Challenger|cheap|open_price<=80.0,False
197,0.02304568527918782,0.035348790623884636,0.651951166431595,0.5144326756417108,2.3045685279187818,-1.0964467005076142,3.5398281731034813,0.30456852791878175,2.802030456852792,2.0,Challenger|mid|form_last3_diff>=-0.67,False
177,0.015734463276836155,0.03715122196538427,0.4235247845009452,0.6719124196538804,1.5734463276836155,-1.8135593220338984,3.7198576612664964,-0.4265536723163842,2.7740112994350286,2.0,Challenger|mid|form_last3_diff>=-0.34,False
145,0.06713793103448275,0.04082919122867728,1.6443610322441788,0.10010164931197751,6.713793103448275,3.331034482758621,4.086540555755288,4.713793103448276,2.7655172413793108,2.0,Challenger|mid|form_last3_diff>=0.0,False
139,0.027769784172661873,0.041670998815407215,0.6664055329145223,0.505151926927671,2.776978417266187,-0.6187050359712231,4.166666404130362,0.7769784172661871,2.79136690647482,2.0,Challenger|mid|form_last3_diff<=0.0,False
170,0.017088235294117633,0.0379636707266171,0.4501207329810899,0.652623387950968,1.7088235294117633,-1.6823529411764706,3.7974328032030327,-0.2911764705882353,2.7823529411764705,2.0,Challenger|mid|form_last3_diff<=0.34,False
198,0.030353535353535337,0.03515128898458031,0.8635113030094121,0.3878564075938875,3.0353535353535337,-0.37373737373737376,3.5196445626462936,1.0353535353535352,2.8181818181818183,2.0,Challenger|mid|form_last3_diff<=0.67,False
190,0.023421052631578943,0.035959508121396234,0.6513173804411191,0.5148416311496438,2.3421052631578942,-1.0473684210526315,3.599346198576127,0.34210526315789475,2.778947368421053,2.0,Challenger|mid|form_last5_diff>=-0.6,False
167,0.03359281437125748,0.038334465091964774,0.8763084156950665,0.3808623912197737,3.3592814371257482,-0.04790419161676647,3.83937099914665,1.3592814371257484,2.81437125748503,2.0,Challenger|mid|form_last5_diff>=-0.3,False
135,0.0495925925925926,0.04253149101097984,1.1660205512143902,0.2436061364814539,4.95925925925926,1.6296296296296295,4.262123679303873,2.9592592592592593,2.6592592592592594,2.0,Challenger|mid|form_last5_diff>=0.0,False
44,0.1359090909090909,0.07458292643511383,1.8222547358386376,0.06841634280449416,13.59090909090909,10.181818181818182,7.493568258901552,11.590909090909092,2.818181818181819,2.0,Challenger|mid|form_last5_diff>=0.3,False
132,0.02340909090909091,0.04272168774804907,0.5479439634301412,0.583730380444621,2.3409090909090913,-1.0833333333333333,4.270181318464028,0.3409090909090909,2.8484848484848486,2.0,Challenger|mid|form_last5_diff<=0.0,False
160,0.012593749999999992,0.03902270071558312,0.3227288160240244,0.7469006268860234,1.2593749999999992,-2.15,3.903385081482433,-0.740625,2.81875,2.0,Challenger|mid|form_last5_diff<=0.3,False
192,0.02968749999999999,0.03571249941969175,0.8312915780862542,0.40580893113728456,2.968749999999999,-0.4375,3.5757251992094945,0.96875,2.8125,2.0,Challenger|mid|form_last5_diff<=0.6,False
189,0.02653439153439154,0.03601453131588287,0.7367690364108538,0.4612628159077421,2.653439153439154,-0.7354497354497355,3.604828293080399,0.6534391534391535,2.7777777777777777,2.0,Challenger|mid|winrate_diff>=-0.5,False
165,0.033424242424242426,0.0384645430949077,0.868962419279782,0.38486768641533775,3.3424242424242427,-0.06060606060606061,3.8527948117913335,1.3424242424242425,2.806060606060606,2.0,Challenger|mid|winrate_diff>=-0.25,False
132,0.05462121212121212,0.04289960323480084,1.2732335034022535,0.20293519513659763,5.462121212121212,2.128787878787879,4.29989059599471,3.462121212121212,2.666666666666667,2.0,Challenger|mid|winrate_diff>=0.0,False
53,0.10613207547169813,0.06937344534136312,1.5298660020337507,0.1260499002522688,10.613207547169813,7.188679245283019,6.954499467786372,8.61320754716981,2.8490566037735854,2.0,Challenger|mid|winrate_diff>=0.25,False
46,0.038152173913043465,0.07350759247906906,0.5190235814607466,0.6037442968856921,3.8152173913043463,0.43478260869565216,7.344632413457115,1.815217391304348,2.760869565217391,2.0,Challenger|mid|winrate_diff<=-0.25,False
132,0.023939393939393944,0.04276963798726675,0.5597287016205541,0.5756645020931201,2.3939393939393945,-1.0303030303030303,4.275066090206666,0.3939393939393939,2.8484848484848486,2.0,Challenger|mid|winrate_diff<=0.0,False
155,-0.004548387096774194,0.03951394486239068,-0.11510840318814491,0.9083591993996385,-0.45483870967741935,-3.8645161290322583,3.952388166386572,-2.4548387096774196,2.8193548387096774,2.0,Challenger|mid|winrate_diff<=0.25,False
192,0.02968749999999999,0.03571249941969175,0.8312915780862542,0.40580893113728456,2.968749999999999,-0.4375,3.5757251992094945,0.96875,2.8125,2.0,Challenger|mid|winrate_diff<=0.5,False
186,0.025322580645161276,0.036314634886244986,0.6973106221357823,0.4856084219629908,2.5322580645161277,-0.8763440860215054,3.6337969087788937,0.532258064516129,2.817204301075269,2.0,Challenger|mid|rest_diff_days>=-3.0,False
172,0.021511627906976735,0.037711508322346675,0.570426081160737,0.568388744229376,2.1511627906976734,-1.2209302325581395,3.771982600081508,0.1511627906976744,2.744186046511628,2.0,Challenger|mid|rest_diff_days>=-1.0,False
109,0.015321100917431186,0.04745199280240821,0.3228758164325953,0.7467892919226773,1.5321100917431185,-1.926605504587156,4.74303513951727,-0.46788990825688076,2.9174311926605503,2.0,Challenger|mid|rest_diff_days>=0.0,False
93,0.04698924731182797,0.0514234692251413,0.9137704635620849,0.36083746958669627,4.698924731182797,1.3440860215053763,5.15742121613773,2.6989247311827955,2.709677419354839,2.0,Challenger|mid|rest_diff_days<=0.0,False
165,0.050696969696969685,0.03850408394868591,1.3166647404086573,0.1879510274965488,5.0696969696969685,1.715151515151515,3.855221797983695,3.06969696969697,2.709090909090909,2.0,Challenger|mid|rest_diff_days<=1.0,False
182,0.032005494505494496,0.03668969748911538,0.8723292012693609,0.3830288116232594,3.2005494505494494,-0.2087912087912088,3.675015558890317,1.2005494505494505,2.818681318681319,2.0,Challenger|mid|rest_diff_days<=3.0,False
298,0.0296476510067114,0.02867881817524276,1.0337821742007833,0.30123800689568525,2.9647651006711397,-0.540268456375839,2.871155116249011,0.964765100671141,3.01006711409396,2.0,Challenger|mid|workload_diff>=-2.0,False
278,0.03294964028776977,0.02960898230332338,1.1128258293454223,0.2657832398702167,3.294964028776977,-0.20863309352517986,2.9652908610565247,1.2949640287769784,3.0071942446043165,2.0,Challenger|mid|workload_diff>=-1.0,False
226,0.052367256637168146,0.033070782679197844,1.583490089882516,0.11330980366433097,5.236725663716815,1.7743362831858407,3.31156755459434,3.2367256637168142,2.924778761061947,2.0,Challenger|mid|workload_diff>=0.0,False
106,0.038349056603773565,0.04791566236057308,0.8003449125922696,0.42351098820983024,3.8349056603773564,0.330188679245283,4.802266642463882,1.8349056603773586,3.009433962264151,2.0,Challenger|mid|workload_diff>=1.0,False
52,-0.06173076923076925,0.0677266159373347,-0.911469861241654,0.3620478585886826,-6.173076923076925,-9.711538461538462,6.804329234662401,-8.173076923076923,3.076923076923077,2.0,Challenger|mid|workload_diff>=2.0,False
88,-0.038352272727272735,0.05123900610928227,-0.7484975927416551,0.454160076534015,-3.8352272727272734,-7.431818181818182,5.120154907167578,-5.8352272727272725,3.1931818181818183,2.0,Challenger|mid|workload_diff<=-1.0,False
208,0.021129807692307677,0.034301965671403666,0.6159940772701212,0.5378984287881039,2.112980769230768,-1.3846153846153846,3.4309806706461385,0.11298076923076923,2.9951923076923075,2.0,Challenger|mid|workload_diff<=0.0,False
262,0.04454198473282441,0.03049238500900354,1.460757652104695,0.144081961216747,4.454198473282442,0.9618320610687023,3.0496932777519636,2.454198473282443,2.984732824427481,2.0,Challenger|mid|workload_diff<=1.0,False
291,0.02752577319587628,0.02895065461053094,0.9507824111812535,0.34171484307824596,2.752577319587628,-0.7560137457044673,2.8975631936002775,0.7525773195876289,3.0171821305841924,2.0,Challenger|mid|workload_diff<=2.0,False
299,0.03459866220735785,0.02864428514137912,1.2078731250086994,0.22709606845934083,3.4598662207357846,-0.043478260869565216,2.8676022052200074,1.459866220735786,3.0066889632107023,2.0,Challenger|mid|experience_diff>=-3.0,False
269,0.03752788104089219,0.030182344324233105,1.2433719739510567,0.21373079292848352,3.7527881040892193,0.241635687732342,3.0218169821867122,1.7527881040892193,3.0223048327137545,2.0,Challenger|mid|experience_diff>=-1.0,False
222,0.020653153153153157,0.033667644086000335,0.6134421850366757,0.539583999865098,2.0653153153153156,-1.382882882882883,3.373246996427417,0.06531531531531531,2.8963963963963963,2.0,Challenger|mid|experience_diff>=0.0,False
125,0.0010399999999999956,0.04462569403092724,0.023304959678145006,0.9814070155384109,0.10399999999999955,-3.384,4.473344480219434,-1.896,2.976,2.0,Challenger|mid|experience_diff>=1.0,False
92,0.04211956521739128,0.049595607481990954,0.8492599920806625,0.3957366376629521,4.211956521739128,0.5869565217391305,4.950836946669392,2.2119565217391304,3.25,2.0,Challenger|mid|experience_diff<=-1.0,False
189,0.044074074074074064,0.03567753883149936,1.2353451363960535,0.21670208201285712,4.4074074074074066,0.8994708994708994,3.567331675620797,2.4074074074074074,3.015873015873016,2.0,Challenger|mid|experience_diff<=0.0,False
250,0.04121999999999999,0.031109704293111166,1.3249884862816783,0.18517497013940498,4.121999999999999,0.596,3.112576370573195,2.122,3.052,2.0,Challenger|mid|experience_diff<=1.0,False
293,0.03119453924914675,0.02875383159267287,1.0848828667792514,0.2779735372526324,3.1194539249146747,-0.4061433447098976,2.877671519142437,1.1194539249146758,3.051194539249147,2.0,Challenger|mid|experience_diff<=3.0,False
139,-0.003057553956834531,0.042185329188312894,-0.07247908255464323,0.9422206513848834,-0.3057553956834531,-3.8345323741007196,4.225570673366976,-2.305755395683453,3.0575539568345325,2.0,Challenger|mid|own_rest_days>=1.0,False
80,-0.06031250000000001,0.05471064157748125,-1.1023906549256128,0.2702918725061445,-6.031250000000001,-9.7875,5.4820966881386965,-8.03125,3.5125,2.0,Challenger|mid|own_rest_days>=2.0,False
64,-0.08109374999999999,0.060353976994581726,-1.3436355653460943,0.17906626285222504,-8.109375,-11.859375,6.023386432961423,-10.109375,3.5,2.0,Challenger|mid|own_rest_days>=3.0,False
101,0.06014851485148514,0.04820795790298489,1.247688503473426,0.2121451530800813,6.0148514851485135,2.702970297029703,4.824166568443735,4.014851485148514,2.623762376237624,2.0,Challenger|mid|own_rest_days<=1.0,False
160,0.06546874999999999,0.0386898954861088,1.692140781913093,0.0906191342634064,6.546874999999999,3.26875,3.8700767250918275,4.546875,2.55625,2.0,Challenger|mid|own_rest_days<=2.0,False
176,0.06159090909090909,0.03701526735969313,1.6639325738864448,0.09612590456722203,6.159090909090909,2.835227272727273,3.7086955629878307,4.159090909090909,2.647727272727273,2.0,Challenger|mid|own_rest_days<=3.0,False
204,0.038112745098039205,0.03433430147634869,1.1100486527822129,0.26697806177356176,3.8112745098039205,0.4019607843137255,3.4420210510206126,1.8112745098039216,2.8186274509803924,2.0,Challenger|mid|own_rest_days<=5.0,False
229,0.025851528384279475,0.03228594416945704,0.800705354893582,0.42330224177339604,2.5851528384279474,-0.8558951965065502,3.2340997187762106,0.5851528384279476,2.8820960698689957,2.0,Challenger|mid|own_rest_days<=7.0,False
229,0.025851528384279475,0.03228594416945704,0.800705354893582,0.42330224177339604,2.5851528384279474,-0.8558951965065502,3.2340997187762106,0.5851528384279476,2.8820960698689957,2.0,Challenger|mid|own_matches_7d>=1.0,False
138,0.0417391304347826,0.041351904896184524,1.0093641523787167,0.31280002385379335,4.17391304347826,0.7028985507246377,4.151734497254286,2.1739130434782608,2.942028985507247,2.0,Challenger|mid|own_matches_7d>=2.0,False
66,0.046060606060606045,0.06063528432957674,0.7596337111284651,0.4474735626208399,4.606060606060605,1.3333333333333333,6.06585204192791,2.606060606060606,2.5454545454545454,2.0,Challenger|mid|own_matches_7d>=3.0,False
176,0.015340909090909082,0.037732947273137245,0.4065653546716333,0.6843272472722897,1.5340909090909083,-1.9886363636363635,3.767952599830453,-0.4659090909090909,3.0454545454545454,2.0,Challenger|mid|own_matches_7d<=1.0,False
248,0.021854838709677415,0.0314092999381297,0.6958078897882874,0.4865491475658579,2.1854838709677415,-1.375,3.143981142632985,0.18548387096774194,3.120967741935484,2.0,Challenger|mid|own_matches_7d<=2.0,False
279,0.03234767025089605,0.02947255303373313,1.0975523638509421,0.27240000349152016,3.234767025089605,-0.2831541218637993,2.9502607439496917,1.2347670250896057,3.03584229390681,2.0,Challenger|mid|own_matches_7d<=3.0,False
302,0.028956953642384098,0.028314630403227424,1.0226852065525622,0.30645670813546433,2.89569536423841,-0.6059602649006622,2.8336304452034233,0.8956953642384106,3.0033112582781456,2.0,Challenger|mid|own_matches_7d<=4.0,False
239,0.04677824267782427,0.03172037885388806,1.4747063045273345,0.14029152038245485,4.677824267782427,1.2426778242677825,3.1739694178938467,2.6778242677824267,2.8702928870292888,2.0,Challenger|mid|round_ordinal>=2.0,False
239,0.04677824267782427,0.03172037885388806,1.4747063045273345,0.14029152038245485,4.677824267782427,1.2426778242677825,3.1739694178938467,2.6778242677824267,2.8702928870292888,2.0,Challenger|mid|round_ordinal>=4.0,False
116,0.06879310344827587,0.04558850646407924,1.5090010352166359,0.131298518232843,6.879310344827587,3.6810344827586206,4.555136138258725,4.879310344827586,2.396551724137931,2.0,Challenger|mid|round_ordinal>=5.0,False
61,0.04557377049180327,0.06161987942576743,0.739595255889868,0.4595456211563185,4.557377049180327,1.4426229508196722,6.163994012036145,2.557377049180328,2.2295081967213113,2.0,Challenger|mid|round_ordinal>=6.0,False
72,-0.03152777777777777,0.05915870134911566,-0.5329355962654015,0.5940781633209014,-3.1527777777777772,-6.805555555555555,5.917753946546423,-5.152777777777778,3.305555555555556,2.0,Challenger|mid|round_ordinal<=2.0,False
195,0.00476923076923077,0.035412625537501186,0.13467600034852714,0.8928680492378147,0.47692307692307706,-3.1794871794871793,3.5450378880964117,-1.523076923076923,3.312820512820513,2.0,Challenger|mid|round_ordinal<=4.0,False
250,0.02451999999999999,0.03144317048710458,0.7798195799007003,0.4354970797290729,2.451999999999999,-1.124,3.1463758867756937,0.452,3.152,2.0,Challenger|mid|round_ordinal<=5.0,False
289,0.030380622837370235,0.029100777886347656,1.0439797505077348,0.2964947583936679,3.0380622837370237,-0.4740484429065744,2.9126064492778916,1.0380622837370241,3.0242214532871974,2.0,Challenger|mid|round_ordinal<=6.0,False
314,0.02694267515923566,0.027850974430086398,0.967387163665285,0.3333505245816011,2.694267515923566,-0.8057324840764332,2.7876033943751963,0.6942675159235668,3.0,2.0,Challenger|mid|open_price>=20.0,False
314,0.02694267515923566,0.027850974430086398,0.967387163665285,0.3333505245816011,2.694267515923566,-0.8057324840764332,2.7876033943751963,0.6942675159235668,3.0,2.0,Challenger|mid|open_price>=35.0,False
170,0.03470588235294116,0.03763921151462938,0.9220671995068731,0.3564935247536303,3.4705882352941164,-0.07058823529411765,3.757499302375235,1.4705882352941178,3.0823529411764707,2.0,Challenger|mid|open_price>=50.0,False
147,0.007210884353741503,0.041125319284411155,0.1753392916872706,0.8608130396618918,0.7210884353741503,-2.7346938775510203,4.1286429403834735,-1.2789115646258504,2.9115646258503403,2.0,Challenger|mid|open_price<=50.0,False
314,0.02694267515923566,0.027850974430086398,0.967387163665285,0.3333505245816011,2.694267515923566,-0.8057324840764332,2.7876033943751963,0.6942675159235668,3.0,2.0,Challenger|mid|open_price<=65.0,False
314,0.02694267515923566,0.027850974430086398,0.967387163665285,0.3333505245816011,2.694267515923566,-0.8057324840764332,2.7876033943751963,0.6942675159235668,3.0,2.0,Challenger|mid|open_price<=80.0,False
101,0.06074257425742571,0.03893949267511222,1.5599220761355401,0.11877829685495067,6.074257425742571,2.801980198019802,3.888954141825769,4.252475247524752,3.01980198019802,1.8217821782178218,Challenger|dear|form_last3_diff>=-0.67,False
87,0.05741379310344825,0.04280720707083168,1.3412179170775502,0.1798497107981718,5.741379310344825,2.5517241379310347,4.281799087658779,3.913793103448276,2.839080459770115,1.8275862068965518,Challenger|dear|form_last3_diff>=-0.34,False
67,0.04537313432835817,0.05047740351743546,0.8988801159846858,0.36871652024331625,4.537313432835817,1.373134328358209,5.048871775529854,2.701492537313433,2.8059701492537314,1.835820895522388,Challenger|dear|form_last3_diff>=0.0,False
77,0.07727272727272724,0.04332795361004316,1.783438192539421,0.07451500078938422,7.727272727272724,4.454545454545454,4.326891601107261,5.935064935064935,3.012987012987013,1.7922077922077921,Challenger|dear|form_last3_diff<=0.0,False
96,0.07098958333333329,0.03919332005045146,1.811267410924928,0.07009946774368414,7.098958333333329,3.8229166666666665,3.9124462552125756,5.286458333333333,3.0104166666666665,1.8125,Challenger|dear|form_last3_diff<=0.34,False
102,0.06308823529411761,0.0386271297783042,1.6332623121677692,0.10241383958169781,6.308823529411761,3.0392156862745097,3.8579394337088404,4.485294117647059,3.0098039215686274,1.8235294117647058,Challenger|dear|form_last3_diff<=0.67,False
97,0.05443298969072161,0.040417300559780406,1.3467744984653511,0.17805287030274242,5.443298969072162,2.185567010309278,4.037499531797746,3.6288659793814433,2.9896907216494846,1.8144329896907216,Challenger|dear|form_last5_diff>=-0.6,False
81,0.04388888888888885,0.045598979981011,0.9624971634708871,0.33579992736373043,4.388888888888885,1.2345679012345678,4.563180326579499,2.5617283950617282,2.7777777777777777,1.8271604938271604,Challenger|dear|form_last5_diff>=-0.3,False
58,0.008275862068965476,0.05676691495454382,0.14578671530049472,0.8840897635056015,0.8275862068965476,-2.3275862068965516,5.679767848573827,-0.9827586206896551,2.8275862068965516,1.8103448275862069,Challenger|dear|form_last5_diff>=0.0,False
69,0.0578260869565217,0.047770127302070114,1.2105072819015874,0.22608429825634024,5.78260869565217,2.463768115942029,4.769118642901463,3.9855072463768115,3.101449275362319,1.7971014492753623,Challenger|dear|form_last5_diff<=0.0,False
87,0.06563218390804594,0.04200484027474641,1.5624909767245192,0.11817236990541935,6.563218390804594,3.310344827586207,4.19500314843158,4.747126436781609,2.9195402298850577,1.8160919540229885,Challenger|dear|form_last5_diff<=0.3,False
98,0.06602040816326527,0.03927218666437083,1.6810983490043707,0.0927438130440259,6.602040816326527,3.326530612244898,3.9226900817456434,4.785714285714286,3.0,1.816326530612245,Challenger|dear|form_last5_diff<=0.6,False
96,0.06203124999999996,0.04011234074535257,1.5464380499207573,0.12199881072701868,6.2031249999999964,2.9375,4.008401606997789,4.390625,3.0104166666666665,1.8125,Challenger|dear|winrate_diff>=-0.5,False
76,0.04335526315789471,0.04729186979548876,0.9167593361265329,0.35926876540583663,4.335526315789471,1.1973684210526316,4.729935266677773,2.5065789473684212,2.75,1.8289473684210527,Challenger|dear|winrate_diff>=-0.25,False
59,0.012457627118644031,0.05595295428257497,0.2226446713739228,0.8238120662319026,1.245762711864403,-1.9322033898305084,5.59665427768269,-0.5677966101694916,2.864406779661017,1.8135593220338984,Challenger|dear|winrate_diff>=0.0,False
69,0.0578260869565217,0.047770127302070114,1.2105072819015874,0.22608429825634024,5.78260869565217,2.463768115942029,4.769118642901463,3.9855072463768115,3.101449275362319,1.7971014492753623,Challenger|dear|winrate_diff<=0.0,False
87,0.06367816091954019,0.041901752727661154,1.5197016061216813,0.12858598776335173,6.367816091954019,3.1379310344827585,4.185780987296736,4.563218390804598,2.896551724137931,1.8045977011494252,Challenger|dear|winrate_diff<=0.25,False
98,0.06602040816326527,0.03927218666437083,1.6810983490043707,0.0927438130440259,6.602040816326527,3.326530612244898,3.9226900817456434,4.785714285714286,3.0,1.816326530612245,Challenger|dear|winrate_diff<=0.5,False
97,0.06206185567010306,0.03952498995924684,1.5701928257057973,0.11637025811998525,6.206185567010306,2.9278350515463916,3.94744380463888,4.391752577319588,3.0309278350515463,1.8144329896907216,Challenger|dear|rest_diff_days>=-3.0,False
91,0.059890109890109844,0.041080044710227,1.4578881379649526,0.14487137875806844,5.989010989010985,2.681318681318681,4.101754564294309,4.186813186813187,3.076923076923077,1.8021978021978022,Challenger|dear|rest_diff_days>=-1.0,False
64,0.08468749999999997,0.04618075508669151,1.8338266630985736,0.0666797285014773,8.468749999999996,5.1875,4.598399210336033,6.6875,3.09375,1.78125,Challenger|dear|rest_diff_days>=0.0,False
74,0.03094594594594592,0.04948856124547684,0.6253151267107068,0.5317642538937668,3.094594594594592,-0.20270270270270271,4.94841886010122,1.2162162162162162,2.945945945945946,1.8783783783783783,Challenger|dear|rest_diff_days<=1.0,False
83,0.04837349397590358,0.044567509670850464,1.0853981820649592,0.2777453372180325,4.837349397590358,1.5783132530120483,4.456177072322261,2.9939759036144578,2.927710843373494,1.8433734939759037,Challenger|dear|rest_diff_days<=3.0,False
166,0.021475903614457795,0.03171728630555164,0.6771040689789012,0.4983399274254685,2.1475903614457796,-1.1746987951807228,3.168125374917945,0.3885542168674699,3.246987951807229,1.7590361445783131,Challenger|dear|workload_diff>=-2.0,False
146,0.024246575342465704,0.03362022689204291,0.7211901163047856,0.47079255197668823,2.4246575342465704,-0.8561643835616438,3.360935798307175,0.684931506849315,3.219178082191781,1.7397260273972603,Challenger|dear|workload_diff>=-1.0,False
116,0.01508620689655168,0.037937304408878623,0.39766154004924487,0.6908796909466517,1.508620689655168,-1.7844827586206897,3.791231223241123,-0.19827586206896552,3.310344827586207,1.706896551724138,Challenger|dear|workload_diff>=0.0,False
51,0.04715686274509801,0.05260121054708569,0.8964976709592225,0.3699870236544871,4.715686274509801,1.4313725490196079,5.258215227060118,3.0098039215686274,3.392156862745098,1.7058823529411764,Challenger|dear|workload_diff>=1.0,False
61,0.006803278688524562,0.0543738617476347,0.12512038817659496,0.9004282427024082,0.6803278688524562,-2.6721311475409837,5.435650448531477,-1.2049180327868851,3.0327868852459017,1.8852459016393444,Challenger|dear|workload_diff<=-1.0,False
126,-0.0019047619047619453,0.038114358296972836,-0.04997491732435195,0.9601423764147092,-0.19047619047619452,-3.515873015873016,3.8090907822672775,-1.9841269841269842,3.142857142857143,1.7936507936507937,Challenger|dear|workload_diff<=0.0,False
156,0.003429487179487135,0.033620295123386115,0.10200645672207678,0.9187515500973353,0.3429487179487135,-2.9871794871794872,3.362039181659645,-1.4326923076923077,3.198717948717949,1.7756410256410255,Challenger|dear|workload_diff<=1.0,False
167,0.006317365269461039,0.03238530798493369,0.19506886494332573,0.8453390365061069,0.6317365269461038,-2.6766467065868262,3.2375835357681457,-1.1407185628742516,3.1676646706586826,1.7724550898203593,Challenger|dear|workload_diff<=2.0,False
170,0.015529411764705849,0.03165009068893032,0.49065931334399904,0.6236674277882477,1.552941176470585,-1.776470588235294,3.1637385189081955,-0.21764705882352942,3.235294117647059,1.7705882352941176,Challenger|dear|experience_diff>=-3.0,False
141,0.014290780141843935,0.03450447387259556,0.41417180260772163,0.6787482907392965,1.4290780141843935,-1.8439716312056738,3.450126404567189,-0.30851063829787234,3.198581560283688,1.7375886524822695,Challenger|dear|experience_diff>=-1.0,False
108,0.006435185185185142,0.03978378365022474,0.161753975985861,0.8714995974851849,0.6435185185185142,-2.6666666666666665,3.9762622056924433,-1.0601851851851851,3.3425925925925926,1.7037037037037037,Challenger|dear|experience_diff>=0.0,False
57,0.05438596491228066,0.05038791722224901,1.0793453651278584,0.28043379672121427,5.438596491228067,2.1578947368421053,5.033894481928541,3.7017543859649122,3.263157894736842,1.736842105263158,Challenger|dear|experience_diff>=1.0,False
69,0.021304347826086922,0.04998610763672245,0.4262053765201677,0.6699582001040114,2.1304347826086922,-1.1884057971014492,4.996003320059841,0.2608695652173913,3.0144927536231885,1.8695652173913044,Challenger|dear|experience_diff<=-1.0,False
120,-0.0077916666666667045,0.03904437950390561,-0.19955923914445367,0.8418253089293652,-0.7791666666666704,-4.108333333333333,3.9027892746490416,-2.5625,3.191666666666667,1.7833333333333334,Challenger|dear|experience_diff<=0.0,False
150,0.009933333333333287,0.034213698300235934,0.29033205490283953,0.7715622181604356,0.9933333333333287,-2.36,3.422314979809586,-0.7866666666666666,3.24,1.78,Challenger|dear|experience_diff<=1.0,False
170,0.008352941176470549,0.03183575191539265,0.262376123506349,0.7930314787287696,0.835294117647055,-2.4705882352941178,3.1824896885165193,-0.9294117647058824,3.2,1.7647058823529411,Challenger|dear|experience_diff<=3.0,False
76,0.03986842105263154,0.043646504018299,0.9134390473957896,0.3610116770152978,3.986842105263154,0.7894736842105263,4.368881818862092,2.263157894736842,3.1315789473684212,1.7236842105263157,Challenger|dear|own_rest_days>=1.0,False
48,0.055937499999999966,0.053850342642400156,1.0387584786871245,0.29891707641768317,5.5937499999999964,2.2708333333333335,5.391559892121293,3.90625,3.4375,1.6875,Challenger|dear|own_rest_days>=2.0,False
42,0.059047619047618995,0.05865686902515219,1.0066616242728408,0.31409740967247224,5.9047619047619,2.5476190476190474,5.8713662131572,4.214285714285714,3.4761904761904763,1.6904761904761905,Challenger|dear|own_rest_days>=3.0,False
47,0.05936170212765954,0.06127643514214744,0.968752539046272,0.33266867185022964,5.936170212765954,2.4893617021276597,6.119672433569928,4.042553191489362,3.148936170212766,1.8936170212765957,Challenger|dear|own_rest_days<=1.0,False
75,0.04179999999999996,0.04734306840632666,0.8829170015185168,0.3772811170051029,4.179999999999996,0.9066666666666666,4.730852287206118,2.3266666666666667,2.9466666666666668,1.8533333333333333,Challenger|dear|own_rest_days<=2.0,False
81,0.04123456790123453,0.044883210145493006,0.9187080818766957,0.35824828142818266,4.123456790123453,0.8641975308641975,4.486046717336943,2.2839506172839505,2.962962962962963,1.8395061728395061,Challenger|dear|own_rest_days<=3.0,False
102,0.03749999999999998,0.04005164049121663,0.9362912365156122,0.34912325898387264,3.749999999999998,0.47058823529411764,4.0092279956390495,1.9656862745098038,3.088235294117647,1.7843137254901962,Challenger|dear|own_rest_days<=5.0,False
118,0.04707627118644064,0.036180267505098666,1.301158737419685,0.19320412582897029,4.707627118644064,1.3898305084745763,3.6182460076470138,2.9279661016949152,3.194915254237288,1.7796610169491525,Challenger|dear|own_rest_days<=7.0,False
118,0.04707627118644064,0.036180267505098666,1.301158737419685,0.19320412582897029,4.707627118644064,1.3898305084745763,3.6182460076470138,2.9279661016949152,3.194915254237288,1.7796610169491525,Challenger|dear|own_matches_7d>=1.0,False
72,0.07506944444444441,0.04364073579771449,1.7201690822173505,0.08540171130765106,7.506944444444441,4.402777777777778,4.351112844998943,5.701388888888889,2.763888888888889,1.8055555555555556,Challenger|dear|own_matches_7d>=2.0,False
40,0.08237499999999996,0.0560153903702664,1.470577986790672,0.1414052807728765,8.237499999999995,5.2,5.581241475716349,6.4625,2.775,1.775,Challenger|dear|own_matches_7d>=3.0,False
105,-0.030857142857142913,0.04259004988909037,-0.7245153019895172,0.46874943632008015,-3.085714285714291,-6.542857142857143,4.25830428880001,-4.828571428571428,3.5238095238095237,1.7428571428571429,Challenger|dear|own_matches_7d<=1.0,False
137,-0.008248175182481797,0.03653780572812409,-0.2257435830672493,0.8214008585201844,-0.8248175182481797,-4.218978102189781,3.6525474639537343,-2.591240875912409,3.343065693430657,1.7664233576642336,Challenger|dear|own_matches_7d<=2.0,False
160,0.008406249999999959,0.032777851109235784,0.25646129064364864,0.7975946666986606,0.8406249999999958,-2.475,3.277879333430122,-0.921875,3.20625,1.7625,Challenger|dear|own_matches_7d<=3.0,False
170,0.014794117647058791,0.031427083875362534,0.4707442060399608,0.637823412101926,1.479411764705879,-1.8235294117647058,3.1432705696584886,-0.2911764705882353,3.1823529411764704,1.7705882352941176,Challenger|dear|own_matches_7d<=4.0,False
112,0.009553571428571389,0.039700837594143966,0.2406390395647617,0.8098348899201178,0.9553571428571389,-2.2142857142857144,3.9691220629200257,-0.8928571428571429,2.7857142857142856,1.8482142857142858,Challenger|dear|round_ordinal>=2.0,False
112,0.009553571428571389,0.039700837594143966,0.2406390395647617,0.8098348899201178,0.9553571428571389,-2.2142857142857144,3.9691220629200257,-0.8928571428571429,2.7857142857142856,1.8482142857142858,Challenger|dear|round_ordinal>=4.0,False
54,0.03861111111111109,0.05774673865910412,0.6686284283350401,0.50373253343424,3.861111111111109,0.7592592592592593,5.772772496446303,1.9722222222222223,2.537037037037037,1.8888888888888888,Challenger|dear|round_ordinal>=5.0,False
63,0.024999999999999967,0.04955963270707743,0.5044428022250013,0.6139502465398248,2.4999999999999964,-1.0317460317460319,4.944959121545639,0.8650793650793651,3.888888888888889,1.6349206349206349,Challenger|dear|round_ordinal<=2.0,False
121,0.004628099173553685,0.03675092834837149,0.1259314902111518,0.8997861555158126,0.4628099173553685,-2.925619834710744,3.6697175878844788,-1.256198347107438,3.4710743801652892,1.71900826446281,Challenger|dear|round_ordinal<=4.0,False
152,0.030953947368421008,0.03199474994349857,0.967469582449759,0.33330934003116175,3.095394736842101,-0.23684210526315788,3.197391550290931,1.3453947368421053,3.2960526315789473,1.75,Challenger|dear|round_ordinal<=5.0,False
165,0.01103030303030299,0.03189252603462696,0.34585855690223344,0.7294490155165378,1.103030303030299,-2.212121212121212,3.1854109867302767,-0.6545454545454545,3.2484848484848485,1.7575757575757576,Challenger|dear|round_ordinal<=6.0,False
177,0.012231638418079064,0.031044480067208807,0.3940036486872561,0.693578345422722,1.2231638418079065,-2.0903954802259888,3.102804090280337,-0.5451977401129944,3.214689265536723,1.768361581920904,Challenger|dear|open_price>=20.0,False
177,0.012231638418079064,0.031044480067208807,0.3940036486872561,0.693578345422722,1.2231638418079065,-2.0903954802259888,3.102804090280337,-0.5451977401129944,3.214689265536723,1.768361581920904,Challenger|dear|open_price>=35.0,False
177,0.012231638418079064,0.031044480067208807,0.3940036486872561,0.693578345422722,1.2231638418079065,-2.0903954802259888,3.102804090280337,-0.5451977401129944,3.214689265536723,1.768361581920904,Challenger|dear|open_price>=50.0,False
177,0.012231638418079064,0.031044480067208807,0.3940036486872561,0.693578345422722,1.2231638418079065,-2.0903954802259888,3.102804090280337,-0.5451977401129944,3.214689265536723,1.768361581920904,Challenger|dear|open_price>=65.0,False
61,0.04180327868852455,0.038862591194571104,1.0756688476903271,0.2820753844675046,4.180327868852455,1.098360655737705,3.892384670758343,2.8524590163934427,3.8688524590163933,1.3278688524590163,Challenger|dear|open_price>=80.0,False
118,0.00012711864406775484,0.042121784808008364,0.0030178836117026675,0.9975920809149923,0.012711864406775485,-3.4322033898305087,4.206420160360514,-1.9872881355932204,2.889830508474576,2.0,Challenger|dear|open_price<=80.0,False
110,0.012999999999999996,0.037936956615298306,0.34267377143156674,0.73184389667641,1.2999999999999996,-3.1454545454545455,3.802611726242442,-0.509090909090909,5.363636363636363,1.809090909090909,WTA|any|form_last3_diff>=-0.67,False
99,0.0011616161616161554,0.04032067324338696,0.02880944359743977,0.9770165691057247,0.11616161616161555,-4.383838383838384,4.042846870272517,-1.6818181818181819,5.4646464646464645,1.797979797979798,WTA|any|form_last3_diff>=-0.34,False
92,-0.007119565217391313,0.041648802535029034,-0.1709428551133817,0.8642686990649202,-0.7119565217391313,-5.195652173913044,4.182278927891107,-2.505434782608696,5.423913043478261,1.7934782608695652,WTA|any|form_last3_diff>=0.0,False
88,0.06323863636363636,0.04292446159131686,1.4732540378894077,0.14068254901694988,6.323863636363636,1.6590909090909092,4.329278899525146,4.482954545454546,5.761363636363637,1.8409090909090908,WTA|any|form_last3_diff<=0.0,False
97,0.04556701030927835,0.04083823408564312,1.115792867383011,0.2645108076085725,4.556701030927835,-0.041237113402061855,4.10810001373986,2.7216494845360826,5.628865979381444,1.8350515463917525,WTA|any|form_last3_diff<=0.34,False
110,0.015590909090909091,0.0377246803675408,0.41328140991550655,0.6794004484108545,1.559090909090909,-2.909090909090909,3.7841146713107054,-0.25,5.409090909090909,1.809090909090909,WTA|any|form_last3_diff<=0.67,False
106,0.018396226415094332,0.03858762953983044,0.47673896102131924,0.6335480155481767,1.8396226415094332,-2.650943396226415,3.867435925574477,0.03773584905660377,5.452830188679245,1.8018867924528301,WTA|any|form_last5_diff>=-0.6,False
98,-0.0006632653061224558,0.04069248814191376,-0.01629945320151816,0.9869954937661045,-0.06632653061224558,-4.561224489795919,4.0803796993354835,-1.8622448979591837,5.438775510204081,1.7959183673469388,WTA|any|form_last5_diff>=-0.3,False
86,0.006511627906976744,0.04233635669578237,0.15380699746479234,0.8777619163149708,0.6511627906976744,-3.813953488372093,4.241367240386855,-1.1395348837209303,5.395348837209302,1.7906976744186047,WTA|any|form_last5_diff>=0.0,False
89,0.06359550561797751,0.0428505035980443,1.484125045869473,0.13777574984022767,6.359550561797751,1.7191011235955056,4.321596618733316,4.52808988764045,5.730337078651686,1.8314606741573034,WTA|any|form_last5_diff<=0.0,False
93,0.05623655913978494,0.04182899579995771,1.3444396181235074,0.17880626976172742,5.623655913978494,1.032258064516129,4.21199148619522,3.795698924731183,5.634408602150538,1.8279569892473118,WTA|any|form_last5_diff<=0.3,False
106,0.024622641509433957,0.0388427438736202,0.6339058226562687,0.5261422854064661,2.462264150943396,-2.0849056603773586,3.900264186332212,0.6415094339622641,5.547169811320755,1.820754716981132,WTA|any|form_last5_diff<=0.6,False
105,0.013333333333333324,0.038620124825200164,0.34524314444041204,0.7299115858653362,1.3333333333333324,-3.142857142857143,3.872733381078665,-0.4666666666666667,5.428571428571429,1.8,WTA|any|winrate_diff>=-0.5,False
98,-0.0006632653061224558,0.04069248814191376,-0.01629945320151816,0.9869954937661045,-0.06632653061224558,-4.561224489795919,4.0803796993354835,-1.8622448979591837,5.438775510204081,1.7959183673469388,WTA|any|winrate_diff>=-0.25,False
87,0.014080459770114939,0.04252588003446106,0.3311033130579489,0.7405664491958244,1.408045977011494,-3.057471264367816,4.260037169540876,-0.3850574712643678,5.390804597701149,1.793103448275862,WTA|any|winrate_diff>=0.0,False
88,0.05676136363636363,0.042785478578591433,1.3266501981998469,0.18462442227674103,5.676136363636363,1.0340909090909092,4.3157281086200285,3.846590909090909,5.738636363636363,1.8295454545454546,WTA|any|winrate_diff<=0.0,False
93,0.05623655913978494,0.04182899579995771,1.3444396181235074,0.17880626976172742,5.623655913978494,1.032258064516129,4.21199148619522,3.795698924731183,5.634408602150538,1.8279569892473118,WTA|any|winrate_diff<=0.25,False
105,0.026142857142857145,0.03918440817545547,0.6671749902613725,0.5046603642133616,2.6142857142857143,-1.9523809523809523,3.935314448443527,0.7857142857142857,5.571428571428571,1.8285714285714285,WTA|any|winrate_diff<=0.5,False
99,0.03631313131313131,0.04019340905176833,0.9034598500057733,0.3662818879494114,3.631313131313131,-1.0,4.0433132177650055,1.792929292929293,5.686868686868687,1.8383838383838385,WTA|any|rest_diff_days>=-3.0,False
94,0.038085106382978705,0.0409863313159565,0.9292148177251398,0.35277776974861963,3.8085106382978706,-0.8404255319148937,4.120477546036039,1.9680851063829787,5.723404255319149,1.8404255319148937,WTA|any|rest_diff_days>=-1.0,False
56,0.05419642857142857,0.05117194353317933,1.0591043612851678,0.2895522539702453,5.419642857142857,0.6964285714285714,5.156632322644906,3.5982142857142856,5.910714285714286,1.8214285714285714,WTA|any|rest_diff_days>=0.0,False
56,-0.02812500000000001,0.054390597106222585,-0.5170930546151764,0.6050912017484429,-2.812500000000001,-7.0,5.436050896620574,-4.616071428571429,4.839285714285714,1.8035714285714286,WTA|any|rest_diff_days<=0.0,False
100,-0.006450000000000006,0.040603110730707576,-0.1588548237788579,0.8737832540336754,-0.6450000000000006,-5.11,4.072397725213395,-2.455,5.37,1.81,WTA|any|rest_diff_days<=1.0,False
107,0.0122429906542056,0.03886993862318515,0.3149732437936729,0.7527819690132056,1.2242990654205599,-3.2523364485981308,3.8962042997417408,-0.5794392523364486,5.401869158878505,1.8037383177570094,WTA|any|rest_diff_days<=3.0,False
202,0.033242574257425724,0.028364183366195575,1.1719912337417835,0.24120057569745512,3.3242574257425725,-0.48514851485148514,2.84094063361045,1.566831683168317,4.143564356435643,1.7574257425742574,WTA|any|workload_diff>=-2.0,False
191,0.03672774869109945,0.028982957831561584,1.2672187878320693,0.20507706968570694,3.6727748691099453,-0.09947643979057591,2.9017393418873665,1.918848167539267,4.0680628272251305,1.7539267015706805,WTA|any|workload_diff>=-1.0,False
176,0.03281249999999998,0.030188602397122632,1.0869168293503855,0.2770735679873444,3.2812499999999982,-0.3977272727272727,3.022524526937475,1.5198863636363635,3.8806818181818183,1.7613636363636365,WTA|any|workload_diff>=0.0,False
172,0.04645348837209301,0.03070413658445406,1.512939087028849,0.13029513216228272,4.645348837209301,0.8546511627906976,3.0725251716138846,2.872093023255814,4.058139534883721,1.7732558139534884,WTA|any|workload_diff<=0.0,False
188,0.05242021276595742,0.029287667846033472,1.7898390900065082,0.07347978304870373,5.242021276595742,1.4308510638297873,2.933276373223454,3.481382978723404,4.1436170212765955,1.7606382978723405,WTA|any|workload_diff<=1.0,False
200,0.042549999999999984,0.028476186604206467,1.4942309724053624,0.13511525989717343,4.254999999999998,0.42,2.8536088409390357,2.485,4.17,1.77,WTA|any|workload_diff<=2.0,False
200,0.03227499999999998,0.028124784700460127,1.1475643402693123,0.2511484579064809,3.227499999999998,-0.56,2.818198576410187,1.4725,4.105,1.755,WTA|any|experience_diff>=-3.0,False
184,0.03961956521739128,0.029838189866842366,1.3278139657331711,0.18423957210842445,3.961956521739128,0.16847826086956538,2.98611748517089,2.2010869565217392,4.108695652173913,1.7608695652173914,WTA|any|experience_diff>=-1.0,False
158,0.039145569620253146,0.03175718012599506,1.2326525675436237,0.21770541548013433,3.9145569620253147,0.3291139240506329,3.1827667643453625,2.161392405063291,3.740506329113924,1.7531645569620253,WTA|any|experience_diff>=0.0,False
43,-6.454785026890445e-18,0.05929915523629868,-1.0885121383549305e-16,1.0,-6.454785026890445e-16,-4.0,5.95274860437125,-1.744186046511628,4.651162790697675,1.744186046511628,WTA|any|experience_diff>=1.0,False
49,0.038265306122448974,0.05897104368061317,0.6488829726279502,0.5164140214000612,3.8265306122448974,-0.673469387755102,5.892055339037817,2.0510204081632653,5.36734693877551,1.7755102040816326,WTA|any|experience_diff<=-1.0,False
164,0.049146341463414615,0.03164153891925919,1.5532222243937954,0.12037005359972675,4.914634146341461,1.1646341463414633,3.1667139149644883,3.152439024390244,3.9878048780487805,1.7621951219512195,WTA|any|experience_diff<=0.0,False
182,0.04771978021978019,0.03021206326260134,1.5794942505251257,0.1142227342436577,4.771978021978019,0.978021978021978,3.028530436161025,3.008241758241758,4.093406593406593,1.7637362637362637,WTA|any|experience_diff<=1.0,False
197,0.042461928934010136,0.0287844807461597,1.4751674455574544,0.14016753134135507,4.246192893401013,0.4517766497461929,2.88434652587665,2.479695431472081,4.096446700507614,1.766497461928934,WTA|any|experience_diff<=3.0,False
92,0.016956521739130415,0.04176906202029558,0.4059588824592528,0.684772812250591,1.6956521739130415,-2.7717391304347827,4.18632860293263,-0.10869565217391304,5.413043478260869,1.8043478260869565,WTA|any|own_rest_days<=1.0,False
97,0.012061855670103087,0.04083645093233928,0.2953698324589476,0.767711376002449,1.2061855670103088,-3.2783505154639174,4.096944377980149,-0.5979381443298969,5.443298969072165,1.8041237113402062,WTA|any|own_rest_days<=2.0,False
104,0.010432692307692299,0.03982253332783563,0.26197962399343216,0.7933371514023164,1.04326923076923,-3.4134615384615383,3.994152058677133,-0.7451923076923077,5.413461538461538,1.7884615384615385,WTA|any|own_rest_days<=3.0,False
109,0.022844036697247695,0.039342917192938455,0.5806391169526164,0.561483702862505,2.2844036697247696,-2.146788990825688,3.946460964383604,0.48623853211009177,5.3577981651376145,1.798165137614679,WTA|any|own_rest_days<=5.0,False
112,0.02785714285714285,0.038397335197226996,0.7254967750771063,0.46814732259231095,2.785714285714285,-1.669642857142857,3.850474832258656,0.9910714285714286,5.410714285714286,1.7946428571428572,WTA|any|own_rest_days<=7.0,False
112,0.02785714285714285,0.038397335197226996,0.7254967750771063,0.46814732259231095,2.785714285714285,-1.669642857142857,3.850474832258656,0.9910714285714286,5.410714285714286,1.7946428571428572,WTA|any|own_matches_7d>=1.0,False
57,-0.017192982456140354,0.05807358264845448,-0.29605513681181356,0.7671879745615497,-1.7192982456140353,-6.052631578947368,5.850980523862756,-3.5789473684210527,4.982456140350878,1.8596491228070176,WTA|any|own_matches_7d>=2.0,False
150,0.06026666666666666,0.031504865810285346,1.9129320222970605,0.05575675546166181,6.026666666666666,2.4266666666666667,3.142625281742429,4.306666666666667,3.8,1.72,WTA|any|own_matches_7d<=1.0,False
187,0.053636363636363614,0.029126358425387192,1.8415059944333085,0.06554744295477555,5.3636363636363615,1.6898395721925135,2.909923708873908,3.609625668449198,3.8823529411764706,1.7540106951871657,WTA|any|own_matches_7d<=2.0,False
200,0.03829999999999998,0.028220449479840343,1.3571718631682355,0.17472660875351442,3.829999999999998,0.06,2.824734967778562,2.075,4.07,1.755,WTA|any|own_matches_7d<=3.0,False
205,0.0433170731707317,0.027988859226479933,1.5476541155257202,0.12170559489828237,4.33170731707317,0.526829268292683,2.803526091742918,2.575609756097561,4.136585365853659,1.7560975609756098,WTA|any|own_matches_7d<=4.0,False
165,0.021575757575757564,0.031959902066451995,0.675088350737014,0.49961963435757717,2.1575757575757564,-1.6666666666666667,3.2071766039475595,0.3696969696969697,4.121212121212121,1.7878787878787878,WTA|any|round_ordinal>=2.0,False
85,-0.021705882352941182,0.04638285694473312,-0.467972086730331,0.6398045512058692,-2.1705882352941184,-6.658823529411765,4.652235176813998,-4.017647058823529,5.305882352941176,1.8470588235294119,WTA|any|round_ordinal>=4.0,False
93,0.07467741935483871,0.04031199954671677,1.8524861131806807,0.06395604984818126,7.467741935483871,4.483870967741935,4.014280635305267,5.790322580645161,2.6129032258064515,1.6774193548387097,WTA|any|round_ordinal<=2.0,False
168,0.07157738095238095,0.03012760204492651,2.3758074355086145,0.01751059842653424,7.157738095238095,3.6666666666666665,3.0022525839595566,5.425595238095238,3.5654761904761907,1.7321428571428572,WTA|any|round_ordinal<=4.0,False
190,0.05036842105263156,0.028564087714272587,1.7633477937915738,0.07784184906290847,5.0368421052631565,1.4052631578947368,2.8500919424940507,3.3,3.831578947368421,1.736842105263158,WTA|any|round_ordinal<=5.0,False
201,0.04569651741293531,0.02820992401839178,1.619873821111427,0.1052593844372276,4.569651741293531,0.8606965174129353,2.8185159793644115,2.818407960199005,3.955223880597015,1.7512437810945274,WTA|any|round_ordinal<=6.0,False
176,0.05187499999999998,0.03144577958282206,1.6496649371777006,0.09901148536162507,5.187499999999997,1.1647727272727273,3.1525305316446333,3.3295454545454546,4.409090909090909,1.8579545454545454,WTA|any|open_price>=20.0,False
147,0.0702721088435374,0.03405926462007189,2.063230361178276,0.03909074682306901,7.027210884353741,3.054421768707483,3.4199824783423916,5.197278911564626,4.380952380952381,1.8299319727891157,WTA|any|open_price>=35.0,False
106,0.10754716981132074,0.036331510291831244,2.9601623755096576,0.0030747693639716633,10.754716981132075,6.7924528301886795,3.6465522857255825,8.99056603773585,4.528301886792453,1.7641509433962264,WTA|any|open_price>=50.0,False
67,0.09298507462686567,0.0378047035363275,2.4596165537315735,0.013908552764348103,9.298507462686567,5.567164179104478,3.792576712311623,7.6716417910447765,4.417910447761194,1.626865671641791,WTA|any|open_price>=65.0,False
62,-0.04790322580645162,0.04596525548305062,-1.0421616349791771,0.29733674679939304,-4.790322580645162,-8.258064516129032,4.591506625896158,-6.387096774193548,3.6451612903225805,1.596774193548387,WTA|any|open_price<=35.0,False
102,-0.03764705882352941,0.04144835289242992,-0.9082884167009981,0.3637258607611402,-3.7647058823529407,-7.392156862745098,4.148784930235488,-5.519607843137255,3.6862745098039214,1.7549019607843137,WTA|any|open_price<=50.0,False
141,0.015460992907801419,0.03677751851413851,0.4203924987994417,0.6741987470152659,1.5460992907801419,-2.2836879432624113,3.681773148887885,-0.2765957446808511,3.971631205673759,1.822695035460993,WTA|any|open_price<=65.0,False
174,0.02543103448275861,0.03264737145335839,0.7789611644260738,0.436002591931574,2.5431034482758608,-1.3218390804597702,3.2683248430399923,0.6867816091954023,3.9827586206896552,1.8563218390804597,WTA|any|open_price<=80.0,False
58,-0.036465517241379315,0.048558003904656366,-0.7509682093394809,0.45267178836629096,-3.6465517241379315,-7.086206896551724,4.840047976816119,-5.25,3.5689655172413794,1.603448275862069,WTA|cheap|workload_diff>=-2.0,False
57,-0.033245614035087724,0.04930873836996533,-0.6742337186898725,0.5001627356783656,-3.3245614035087723,-6.719298245614035,4.911545550074254,-4.921052631578948,3.491228070175439,1.5964912280701755,WTA|cheap|workload_diff>=-1.0,False
53,-0.04037735849056605,0.051176621698085456,-0.7889805374174705,0.43012338189257293,-4.037735849056605,-7.320754716981132,5.1034845082037625,-5.6415094339622645,3.2830188679245285,1.6037735849056605,WTA|cheap|workload_diff>=0.0,False
44,-0.051590909090909104,0.05432649630739924,-0.9496454326630751,0.34229244504554845,-5.15909090909091,-8.727272727272727,5.396867351108269,-6.7727272727272725,3.772727272727273,1.6136363636363635,WTA|cheap|workload_diff<=0.0,False
51,-0.030686274509803924,0.052802632808661494,-0.5811504631028606,0.5611390505840592,-3.0686274509803924,-6.509803921568627,5.266346916256877,-4.676470588235294,3.549019607843137,1.607843137254902,WTA|cheap|workload_diff<=1.0,False
54,-0.04083333333333333,0.050208640512469684,-0.8132730326205919,0.4160615349373238,-4.083333333333333,-7.555555555555555,5.0096110748600395,-5.694444444444445,3.611111111111111,1.6111111111111112,WTA|cheap|workload_diff<=2.0,False
57,-0.04877192982456141,0.04780411168193757,-1.0202454999909458,0.30761204353911586,-4.877192982456141,-8.298245614035087,4.7687740652487305,-6.473684210526316,3.543859649122807,1.5964912280701755,WTA|cheap|experience_diff>=-3.0,False
50,-0.027399999999999997,0.053768065782201835,-0.5095961627295486,0.610334412756437,-2.7399999999999998,-6.02,5.351748903538973,-4.34,3.28,1.6,WTA|cheap|experience_diff>=-1.0,False
42,-0.05964285714285715,0.054587831828833616,-1.092603518855157,0.2745679170624511,-5.964285714285715,-8.833333333333334,5.46925910881726,-7.535714285714286,2.595238095238095,1.5714285714285714,WTA|cheap|experience_diff>=0.0,False
43,-0.04406976744186047,0.0551458490564829,-0.7991493139714323,0.4242038379705342,-4.406976744186046,-8.0,5.479247064537373,-5.988372093023256,3.883720930232558,1.5813953488372092,WTA|cheap|experience_diff<=0.0,False
49,-0.02234693877551021,0.05454981614399708,-0.40966111996638455,0.6820545547745251,-2.234693877551021,-5.73469387755102,5.442399017574885,-3.826530612244898,3.693877551020408,1.5918367346938775,WTA|cheap|experience_diff<=1.0,False
55,-0.04127272727272728,0.049258511746619875,-0.8378801106503064,0.40209804024599394,-4.127272727272728,-7.490909090909091,4.910092178722376,-5.709090909090909,3.4545454545454546,1.5818181818181818,WTA|cheap|experience_diff<=3.0,False
40,-0.072625,0.052822267151754115,-1.3748936559529759,0.16916441637645452,-7.262499999999999,-10.55,5.277182377571752,-8.8125,3.325,1.55,WTA|cheap|own_matches_7d<=1.0,False
53,-0.03632075471698114,0.050958012067713714,-0.7127584700266096,0.4759952283499129,-3.632075471698114,-7.037735849056604,5.0776954894340305,-5.235849056603773,3.490566037735849,1.6037735849056605,WTA|cheap|own_matches_7d<=2.0,False
57,-0.04578947368421053,0.047628073854335116,-0.9613967137166259,0.3363527360192824,-4.578947368421053,-7.964912280701754,4.7495524728025895,-6.157894736842105,3.508771929824561,1.5789473684210527,WTA|cheap|own_matches_7d<=3.0,False
58,-0.03353448275862069,0.04837764338641616,-0.6931814038721191,0.48819571683174545,-3.353448275862069,-6.758620689655173,4.820323376080327,-4.939655172413793,3.5344827586206895,1.5862068965517242,WTA|cheap|own_matches_7d<=4.0,False
45,-0.05800000000000001,0.05482672429545373,-1.0578782654868442,0.29011094521020264,-5.800000000000001,-9.28888888888889,5.467038256238377,-7.444444444444445,3.6444444444444444,1.6444444444444444,WTA|cheap|round_ordinal>=2.0,False
51,-0.024803921568627454,0.052222743295804404,-0.4749639716958379,0.6348126532075664,-2.480392156862745,-5.745098039215686,5.199460238747632,-4.049019607843137,3.2745098039215685,1.5686274509803921,WTA|cheap|round_ordinal<=4.0,False
57,-0.029824561403508774,0.04909120279882103,-0.6075337270861295,0.5434967670278426,-2.9824561403508776,-6.315789473684211,4.884515832865557,-4.56140350877193,3.4035087719298245,1.5789473684210527,WTA|cheap|round_ordinal<=5.0,False
58,-0.03370689655172414,0.04839335827985441,-0.6965190627358451,0.48610382339562674,-3.3706896551724137,-6.724137931034483,4.81690114728371,-4.956896551724138,3.4310344827586206,1.5862068965517242,WTA|cheap|round_ordinal<=6.0,False
59,-0.037881355932203396,0.04774888706048305,-0.7933453168074777,0.4275766609949625,-3.7881355932203395,-7.203389830508475,4.758749035126801,-5.38135593220339,3.542372881355932,1.5932203389830508,WTA|cheap|open_price<=35.0,False
59,-0.037881355932203396,0.04774888706048305,-0.7933453168074777,0.4275766609949625,-3.7881355932203395,-7.203389830508475,4.758749035126801,-5.38135593220339,3.542372881355932,1.5932203389830508,WTA|cheap|open_price<=50.0,False
59,-0.037881355932203396,0.04774888706048305,-0.7933453168074777,0.4275766609949625,-3.7881355932203395,-7.203389830508475,4.758749035126801,-5.38135593220339,3.542372881355932,1.5932203389830508,WTA|cheap|open_price<=65.0,False
59,-0.037881355932203396,0.04774888706048305,-0.7933453168074777,0.4275766609949625,-3.7881355932203395,-7.203389830508475,4.758749035126801,-5.38135593220339,3.542372881355932,1.5932203389830508,WTA|cheap|open_price<=80.0,False
47,0.0078723404255319,0.06984516784864266,0.11271131086106893,0.9102594336262759,0.78723404255319,-4.170212765957447,7.035348777615625,-1.2127659574468086,5.914893617021277,2.0,WTA|mid|form_last3_diff>=-0.67,False
44,-0.023522727272727265,0.07218109484556173,-0.3258848777932277,0.744511457459448,-2.3522727272727266,-7.340909090909091,7.27051614775568,-4.3522727272727275,5.977272727272726,2.0,WTA|mid|form_last3_diff>=-0.34,False
41,-0.05975609756097563,0.07434591842166413,-0.8037576080782253,0.4215369766317518,-5.975609756097563,-10.951219512195122,7.495197748698032,-7.975609756097561,5.95121951219512,2.0,WTA|mid|form_last3_diff>=0.0,False
41,0.053170731707317044,0.0750911551938061,0.7080824841499154,0.4788940362751102,5.317073170731704,0.21951219512195122,7.598420262255572,3.317073170731707,6.195121951219512,2.0,WTA|mid|form_last3_diff<=0.34,False
46,0.018695652173913023,0.07051817095162444,0.2651182230284768,0.7909183895425487,1.8695652173913022,-3.130434782608696,7.111031689327537,-0.13043478260869565,5.999999999999999,2.0,WTA|mid|form_last3_diff<=0.67,False
47,0.0078723404255319,0.06984516784864266,0.11271131086106893,0.9102594336262759,0.78723404255319,-4.170212765957447,7.035348777615625,-1.2127659574468086,5.914893617021277,2.0,WTA|mid|form_last5_diff>=-0.6,False
44,-0.023522727272727265,0.07218109484556173,-0.3258848777932277,0.744511457459448,-2.3522727272727266,-7.340909090909091,7.27051614775568,-4.3522727272727275,5.977272727272726,2.0,WTA|mid|form_last5_diff>=-0.3,False
42,-0.024047619047619054,0.07365582888924892,-0.3264863000018337,0.7440564529577538,-2.4047619047619055,-7.380952380952381,7.40788985026279,-4.404761904761905,5.952380952380951,2.0,WTA|mid|form_last5_diff>=0.0,False
46,0.018695652173913023,0.07051817095162444,0.2651182230284768,0.7909183895425487,1.8695652173913022,-3.130434782608696,7.111031689327537,-0.13043478260869565,5.999999999999999,2.0,WTA|mid|form_last5_diff<=0.6,False
46,-0.003913043478260886,0.07035690810402638,-0.05561704719137524,0.9556468838297674,-0.39130434782608864,-5.326086956521739,7.092287050152747,-2.391304347826087,5.869565217391305,2.0,WTA|mid|winrate_diff>=-0.5,False
44,-0.023522727272727265,0.07218109484556173,-0.3258848777932277,0.744511457459448,-2.3522727272727266,-7.340909090909091,7.27051614775568,-4.3522727272727275,5.977272727272726,2.0,WTA|mid|winrate_diff>=-0.25,False
42,-0.024047619047619054,0.07365582888924892,-0.3264863000018337,0.7440564529577538,-2.4047619047619055,-7.380952380952381,7.40788985026279,-4.404761904761905,5.952380952380951,2.0,WTA|mid|winrate_diff>=0.0,False
46,0.018695652173913023,0.07051817095162444,0.2651182230284768,0.7909183895425487,1.8695652173913022,-3.130434782608696,7.111031689327537,-0.13043478260869565,5.999999999999999,2.0,WTA|mid|winrate_diff<=0.5,False
44,0.04227272727272726,0.0717103520531156,0.5894926752195555,0.5555308243263017,4.227272727272726,-0.8636363636363636,7.250252668126935,2.227272727272727,6.181818181818182,2.0,WTA|mid|rest_diff_days>=-3.0,False
43,0.05244186046511628,0.0726561350201328,0.7217815873440666,0.4704287715566686,5.2441860465116275,0.13953488372093023,7.349492520230682,3.244186046511628,6.209302325581396,2.0,WTA|mid|rest_diff_days>=-1.0,False
44,-0.023636363636363646,0.07218856042874755,-0.3274253357593064,0.7433462064385077,-2.3636363636363646,-7.318181818181818,7.275082203299858,-4.363636363636363,5.909090909090909,2.0,WTA|mid|rest_diff_days<=1.0,False
47,0.0078723404255319,0.06984516784864266,0.11271131086106893,0.9102594336262759,0.78723404255319,-4.170212765957447,7.035348777615625,-1.2127659574468086,5.914893617021277,2.0,WTA|mid|rest_diff_days<=3.0,False
79,0.04443037974683544,0.05437571604260334,0.8170996720672931,0.4138714703460713,4.443037974683544,0.2531645569620254,5.458154774211736,2.4430379746835444,4.379746835443037,2.0,WTA|mid|workload_diff>=-2.0,False
76,0.029276315789473668,0.055804459982373135,0.5246232254325395,0.5998451379058869,2.927631578947367,-1.236842105263158,5.605162671037335,0.9276315789473685,4.328947368421052,2.0,WTA|mid|workload_diff>=-1.0,False
70,0.017999999999999985,0.058355251723617024,0.3084555283087774,0.7577357347827283,1.7999999999999985,-2.3142857142857145,5.859484458457053,-0.2,4.228571428571428,2.0,WTA|mid|workload_diff>=0.0,False
67,0.0770149253731343,0.05879942945991131,1.3097903513781894,0.19026676810056786,7.70149253731343,3.582089552238806,5.895983241753119,5.701492537313433,4.238805970149253,2.0,WTA|mid|workload_diff<=0.0,False
71,0.0784507042253521,0.057170857587029215,1.3722149279627178,0.16999653960934014,7.845070422535209,3.6619718309859155,5.740075633163325,5.845070422535211,4.366197183098591,2.0,WTA|mid|workload_diff<=1.0,False
79,0.05860759493670885,0.05430373788817453,1.079255263374265,0.2804739499835349,5.8607594936708844,1.6708860759493671,5.4549502431109085,3.8607594936708862,4.379746835443037,2.0,WTA|mid|workload_diff<=2.0,False
78,0.03794871794871794,0.05468467078861655,0.6939553151084809,0.4877102323687885,3.794871794871794,-0.3717948717948718,5.492225273329562,1.794871794871795,4.333333333333333,2.0,WTA|mid|experience_diff>=-3.0,False
75,0.034733333333333324,0.05615943306268255,0.618477278689149,0.5362607707925888,3.4733333333333323,-0.7333333333333333,5.640597161323997,1.4733333333333334,4.413333333333332,2.0,WTA|mid|experience_diff>=-1.0,False
65,0.03961538461538461,0.06110169522822844,0.648351645030671,0.5167575379218676,3.961538461538461,-0.13846153846153847,6.142454600622627,1.9615384615384615,4.199999999999999,2.0,WTA|mid|experience_diff>=0.0,False
64,0.08875,0.06007219119327931,1.4773890919752077,0.13957136843883067,8.875,4.796875,6.022287461883691,6.875,4.15625,2.0,WTA|mid|experience_diff<=0.0,False
71,0.06528169014084506,0.05754141954294785,1.1345165041004943,0.2565779547974192,6.528169014084506,2.352112676056338,5.779729324371316,4.528169014084507,4.352112676056338,2.0,WTA|mid|experience_diff<=1.0,False
78,0.06493589743589744,0.054629690128515825,1.188655789244573,0.23457514460992135,6.493589743589744,2.282051282051282,5.4905512466697575,4.493589743589744,4.4230769230769225,2.0,WTA|mid|experience_diff<=3.0,False
41,0.017439024390243883,0.07551774988235069,0.23092616527124005,0.8173721631009707,1.7439024390243882,-3.073170731707317,7.60530865972165,-0.25609756097560976,5.634146341463414,2.0,WTA|mid|own_rest_days<=1.0,False
45,0.009666666666666645,0.07198211057217094,0.13429262617931464,0.8931711838833418,0.9666666666666645,-3.8666666666666667,7.256595745815099,-1.0333333333333334,5.666666666666666,2.0,WTA|mid|own_rest_days<=2.0,False
47,0.012446808510638273,0.07041125267817722,0.17677300200193644,0.85968669633618,1.2446808510638274,-3.6595744680851063,7.0977238730016206,-0.7553191489361702,5.8085106382978715,2.0,WTA|mid|own_rest_days<=3.0,False
50,0.020699999999999993,0.06806674545425757,0.30411326209082334,0.7610416033801504,2.0699999999999994,-2.78,6.854421483797959,0.07,5.699999999999999,2.0,WTA|mid|own_rest_days<=5.0,False
50,0.020699999999999993,0.06806674545425757,0.30411326209082334,0.7610416033801504,2.0699999999999994,-2.78,6.854421483797959,0.07,5.699999999999999,2.0,WTA|mid|own_rest_days<=7.0,False
50,0.020699999999999993,0.06806674545425757,0.30411326209082334,0.7610416033801504,2.0699999999999994,-2.78,6.854421483797959,0.07,5.699999999999999,2.0,WTA|mid|own_matches_7d>=1.0,False
50,0.13269999999999998,0.06771054992708722,1.9598127639325833,0.05001767881760788,13.269999999999998,9.38,6.744847769117656,11.27,3.78,2.0,WTA|mid|own_matches_7d<=1.0,False
69,0.09326086956521738,0.057459892428769775,1.6230602881971687,0.104576517706362,9.326086956521738,5.434782608695652,5.7431332756033555,7.326086956521739,3.782608695652174,2.0,WTA|mid|own_matches_7d<=2.0,False
76,0.05506578947368419,0.05542613968006246,0.9934985512529229,0.3204670561391021,5.5065789473684195,1.3947368421052633,5.559221166812198,3.5065789473684212,4.223684210526316,2.0,WTA|mid|own_matches_7d<=3.0,False
79,0.05860759493670885,0.05430373788817453,1.079255263374265,0.2804739499835349,5.8607594936708844,1.6708860759493671,5.4549502431109085,3.8607594936708862,4.379746835443037,2.0,WTA|mid|own_matches_7d<=4.0,False
72,0.029236111111111098,0.05703215636435205,0.5126250342760165,0.6082136380144603,2.92361111111111,-1.2499999999999996,5.738250907217147,0.9236111111111112,4.347222222222221,2.0,WTA|mid|round_ordinal>=2.0,False
42,-0.03059523809523811,0.07089792485380551,-0.4315392609632337,0.6660763118122603,-3.059523809523811,-7.761904761904762,7.147021627651635,-5.059523809523809,5.404761904761903,2.0,WTA|mid|round_ordinal>=4.0,False
57,0.12350877192982454,0.0633054571424488,1.9509972363347339,0.051057374543809875,12.350877192982454,8.68421052631579,6.3010898277006335,10.350877192982455,3.333333333333333,2.0,WTA|mid|round_ordinal<=4.0,False
68,0.07301470588235293,0.05814234860150234,1.2557921659268216,0.20919133269039225,7.301470588235293,3.4411764705882355,5.806938659087452,5.301470588235294,3.720588235294117,2.0,WTA|mid|round_ordinal<=5.0,False
76,0.06842105263157895,0.05526873823120477,1.2379702309351506,0.21572709916848587,6.842105263157896,2.8421052631578947,5.529666486297055,4.842105263157895,4.0,2.0,WTA|mid|round_ordinal<=6.0,False
80,0.05124999999999998,0.054123079671841996,0.9469158131935209,0.34368167938048755,5.124999999999998,0.95,5.434357996621407,3.125,4.35,2.0,WTA|mid|open_price>=20.0,False
80,0.05124999999999998,0.054123079671841996,0.9469158131935209,0.34368167938048755,5.124999999999998,0.95,5.434357996621407,3.125,4.35,2.0,WTA|mid|open_price>=35.0,False
42,-0.03738095238095239,0.07580946033883382,-0.49309086509621003,0.621948385126933,-3.738095238095239,-7.714285714285714,7.61350698656527,-5.738095238095238,3.9523809523809526,2.0,WTA|mid|open_price<=50.0,False
80,0.05124999999999998,0.054123079671841996,0.9469158131935209,0.34368167938048755,5.124999999999998,0.95,5.434357996621407,3.125,4.35,2.0,WTA|mid|open_price<=65.0,False
80,0.05124999999999998,0.054123079671841996,0.9469158131935209,0.34368167938048755,5.124999999999998,0.95,5.434357996621407,3.125,4.35,2.0,WTA|mid|open_price<=80.0,False
63,0.0845238095238095,0.03980522764726535,2.1234348983711024,0.033717425417745917,8.45238095238095,4.714285714285714,3.996249430300868,6.833333333333333,4.4603174603174605,1.619047619047619,WTA|dear|workload_diff>=-2.0,False
56,0.11946428571428569,0.037367662284401915,3.1969965047600186,0.0013886660921169636,11.94642857142857,8.25,3.734556946200658,10.339285714285714,4.392857142857143,1.6071428571428572,WTA|dear|workload_diff>=-1.0,False
51,0.1305882352941176,0.03763775926808116,3.469607060398609,0.00052122029253443,13.05882352941176,9.490196078431373,3.7551922275560976,11.431372549019608,4.117647058823529,1.6274509803921569,WTA|dear|workload_diff>=0.0,False
59,0.08652542372881353,0.042799167800619695,2.0216613587416696,0.04321134843981422,8.652542372881353,5.0,4.299157896692056,6.991525423728813,4.1525423728813555,1.6610169491525424,WTA|dear|workload_diff<=0.0,False
64,0.09148437499999998,0.039513829908795976,2.315249501533009,0.020599281620484966,9.148437499999998,5.390625,3.965226903792708,7.5078125,4.453125,1.640625,WTA|dear|workload_diff<=1.0,False
65,0.09369230769230764,0.03896378325221312,2.4045998584335617,0.016190182272180387,9.369230769230764,5.6,3.909357610027116,7.723076923076923,4.461538461538462,1.646153846153846,WTA|dear|workload_diff<=2.0,False
63,0.09968253968253965,0.03772642395880262,2.6422472427122514,0.008235791103151868,9.968253968253965,6.253968253968254,3.785733876015913,8.34920634920635,4.412698412698413,1.619047619047619,WTA|dear|experience_diff>=-3.0,False
57,0.10631578947368417,0.039204880503867334,2.7117998603055744,0.006691898389607154,10.631578947368418,6.859649122807017,3.9157351259691824,9.017543859649123,4.526315789473684,1.6140350877192982,WTA|dear|experience_diff>=-1.0,False
49,0.12489795918367344,0.039009987436696134,3.201691858690109,0.0013662305970028044,12.489795918367344,8.89795918367347,3.8933753366288806,10.877551020408163,4.204081632653061,1.6122448979591837,WTA|dear|experience_diff>=0.0,False
55,0.07781818181818177,0.04567023572950563,1.7039146081724008,0.08839704146741933,7.781818181818177,4.218181818181818,4.591434780050258,6.127272727272727,3.963636363636364,1.6545454545454545,WTA|dear|experience_diff<=0.0,False
60,0.08583333333333329,0.04204217795179408,2.0416005429535673,0.04119117141051376,8.583333333333329,4.933333333333334,4.223211798000679,6.933333333333334,4.2,1.65,WTA|dear|experience_diff<=1.0,False
62,0.08991935483870964,0.04078251833038404,2.2048504731920238,0.027464588879318796,8.991935483870964,5.274193548387097,4.09325258684764,7.330645161290323,4.338709677419355,1.6612903225806452,WTA|dear|experience_diff<=3.0,False
58,0.09163793103448271,0.04101911597712689,2.234029887079525,0.025481106623469474,9.163793103448272,5.5344827586206895,4.117835986373466,7.543103448275862,4.224137931034483,1.6206896551724137,WTA|dear|own_matches_7d<=1.0,False
63,0.08769841269841268,0.039970999695424565,2.194051021157007,0.0282317418146234,8.769841269841267,5.0476190476190474,4.014338648285362,7.134920634920635,4.396825396825397,1.6349206349206349,WTA|dear|own_matches_7d<=2.0,False
65,0.09369230769230764,0.03896378325221312,2.4045998584335617,0.016190182272180387,9.369230769230764,5.6,3.909357610027116,7.723076923076923,4.461538461538462,1.646153846153846,WTA|dear|own_matches_7d<=3.0,False
66,0.09393939393939392,0.03836967697704816,2.4482716910957123,0.01435433696913413,9.393939393939393,5.636363636363637,3.84984099593775,7.757575757575758,4.454545454545454,1.6363636363636365,WTA|dear|own_matches_7d<=4.0,False
46,0.08847826086956519,0.04694659046882706,1.8846578630308737,0.05947604474541213,8.847826086956518,5.1521739130434785,4.716603153288187,7.217391304347826,4.3478260869565215,1.6304347826086956,WTA|dear|round_ordinal>=2.0,False
58,0.10784482758620689,0.03889818563337038,2.7724899202930393,0.005562924221670373,10.784482758620689,7.206896551724138,3.9064033414840726,9.14655172413793,4.120689655172414,1.6379310344827587,WTA|dear|round_ordinal<=4.0,False
63,0.10015873015873013,0.03799792625347291,2.635899903868461,0.008391448111461752,10.015873015873012,6.301587301587301,3.809307256176441,8.396825396825397,4.412698412698413,1.619047619047619,WTA|dear|round_ordinal<=5.0,False
65,0.09146153846153844,0.038883257699039844,2.3522087364556628,0.018662298971628744,9.146153846153844,5.4,3.9021567015019945,7.515384615384615,4.446153846153846,1.6307692307692307,WTA|dear|round_ordinal<=6.0,False
66,0.09393939393939392,0.03836967697704816,2.4482716910957123,0.01435433696913413,9.393939393939393,5.636363636363637,3.84984099593775,7.757575757575758,4.454545454545454,1.6363636363636365,WTA|dear|open_price>=20.0,False
66,0.09393939393939392,0.03836967697704816,2.4482716910957123,0.01435433696913413,9.393939393939393,5.636363636363637,3.84984099593775,7.757575757575758,4.454545454545454,1.6363636363636365,WTA|dear|open_price>=35.0,False
66,0.09393939393939392,0.03836967697704816,2.4482716910957123,0.01435433696913413,9.393939393939393,5.636363636363637,3.84984099593775,7.757575757575758,4.454545454545454,1.6363636363636365,WTA|dear|open_price>=50.0,False
66,0.09393939393939392,0.03836967697704816,2.4482716910957123,0.01435433696913413,9.393939393939393,5.636363636363637,3.84984099593775,7.757575757575758,4.454545454545454,1.6363636363636365,WTA|dear|open_price>=65.0,False
967,0.000816959669079614,0.013752123910349323,0.05940607242964131,0.952628676504212,0.0816959669079614,-4.526370217166495,1.3747565495905925,-1.6938986556359876,5.687693898655636,1.7755946225439503,ITF-M|any|form_last3_diff>=-0.67,False
902,0.003996674057649653,0.0142473474404352,0.2805205722931096,0.7790781443982766,0.3996674057649653,-4.221729490022173,1.424377575743555,-1.3719512195121952,5.7150776053215075,1.771618625277162,ITF-M|any|form_last3_diff>=-0.34,False
780,0.004788461538461524,0.015390142605297663,0.31113821757656873,0.7556955485901742,0.4788461538461524,-4.148717948717949,1.539626535194355,-1.2903846153846155,5.73974358974359,1.7692307692307692,ITF-M|any|form_last3_diff>=0.0,False
121,0.01797520661157023,0.04075803671499487,0.441022386266146,0.6591967905178566,1.797520661157023,-2.5289256198347108,4.089260179139369,0.09504132231404959,5.330578512396694,1.7024793388429753,ITF-M|any|form_last3_diff>=0.34,False
83,-0.051445783132530135,0.04542624151806801,-1.132512429232515,0.25741906189108743,-5.144578313253014,-9.433734939759036,4.52355940675706,-6.891566265060241,5.180722891566265,1.7469879518072289,ITF-M|any|form_last3_diff<=-0.34,False
735,-0.0035034013605442314,0.015745542815641143,-0.22250114851957084,0.823923779287786,-0.35034013605442316,-5.005442176870749,1.5722717215204187,-2.139455782312925,5.742857142857143,1.7891156462585034,ITF-M|any|form_last3_diff<=0.0,False
864,-0.0032870370370370492,0.014421538281448544,-0.22792554947244428,0.8197041198318433,-0.32870370370370494,-4.9594907407407405,1.4402845305370184,-2.107638888888889,5.717592592592593,1.7789351851851851,ITF-M|any|form_last3_diff<=0.34,False
958,-0.002515657620041765,0.013740997543777394,-0.18307678260090948,0.8547377726773562,-0.2515657620041765,-4.843423799582464,1.3729495276057542,-2.019832985386221,5.665970772442589,1.768267223382046,ITF-M|any|form_last3_diff<=0.67,False
947,0.002460401267159433,0.013856970888831397,0.17755693411627904,0.8590709486142347,0.2460401267159433,-4.375923970432946,1.3854743367520728,-1.5269271383315735,5.719112988384372,1.7729672650475186,ITF-M|any|form_last5_diff>=-0.6,False
854,0.0012119437939109936,0.01463643647716969,0.0828032011618003,0.9340080237123167,0.12119437939109937,-4.492974238875878,1.4636932391639152,-1.6481264637002342,5.708430913348946,1.769320843091335,ITF-M|any|form_last5_diff>=-0.3,False
741,0.0028137651821862203,0.015808372350000693,0.17799208671764977,0.8587291903939709,0.28137651821862203,-4.3130904183535765,1.5814844450624113,-1.4865047233468287,5.680161943319838,1.7678812415654521,ITF-M|any|form_last5_diff>=0.0,False
174,0.012614942528735613,0.032846075870004876,0.38406239389636226,0.7009322032950338,1.2614942528735613,-3.0632183908045976,3.29111681504871,-0.4224137931034483,5.339080459770115,1.6839080459770115,ITF-M|any|form_last5_diff>=0.3,False
53,0.09367924528301887,0.0607608016497093,1.5417710553439852,0.12312923810725218,9.367924528301886,4.943396226415095,6.083145186989532,7.613207547169812,5.490566037735849,1.7547169811320755,ITF-M|any|form_last5_diff>=0.6,False
43,-0.09058139534883722,0.06673367534281208,-1.3573566101899674,0.17466792793020702,-9.058139534883722,-13.023255813953488,6.6357106631115785,-10.732558139534884,4.627906976744186,1.6744186046511629,ITF-M|any|form_last5_diff<=-0.6,False
140,-0.023571428571428583,0.0353147383451171,-0.6674671730843437,0.5044737712375329,-2.3571428571428585,-6.742857142857143,3.5128653786338084,-4.121428571428571,5.285714285714286,1.7642857142857142,ITF-M|any|form_last5_diff<=-0.3,False
680,-0.007875000000000014,0.016465615293522508,-0.47826940321495304,0.6324584705686185,-0.7875000000000014,-5.485294117647059,1.6438989433365705,-2.575735294117647,5.819117647058824,1.7882352941176471,ITF-M|any|form_last5_diff<=0.0,False
818,-0.0025061124694376637,0.014851637427736708,-0.16874317607277992,0.8659986561219508,-0.25061124694376635,-4.898533007334963,1.4832403926161957,-2.0366748166259168,5.73838630806846,1.7860635696821516,ITF-M|any|form_last5_diff<=0.3,False
938,-0.005868869936034127,0.01386712265692416,-0.423221895502862,0.6721333732146417,-0.5868869936034127,-5.184434968017057,1.385705337661992,-2.355543710021322,5.674840085287847,1.7686567164179106,ITF-M|any|form_last5_diff<=0.6,False
941,0.0031137088204038076,0.013893886607188956,0.22410639358411896,0.8226745176445531,0.31137088204038077,-4.310308182784272,1.3890397970028778,-1.4622741764080764,5.717321997874602,1.773645058448459,ITF-M|any|winrate_diff>=-0.5,False
845,0.0040650887573964395,0.014725771872644951,0.2760526777511659,0.7825076065271586,0.40650887573964395,-4.210650887573965,1.4727282869840215,-1.3615384615384616,5.719526627218935,1.7680473372781065,ITF-M|any|winrate_diff>=-0.25,False
747,0.0021619812583667866,0.015685615962278576,0.1378320917435445,0.8903731208682804,0.21619812583667866,-4.392235609103079,1.569149943290184,-1.5495314591700133,5.7095046854083,1.7657295850066934,ITF-M|any|winrate_diff>=0.0,False
207,0.026787439613526552,0.029342772190142707,0.9129144117652734,0.36128755722819106,2.678743961352655,-1.5797101449275361,2.9400400562976508,0.9782608695652174,5.193236714975845,1.7004830917874396,ITF-M|any|winrate_diff>=0.25,False
123,0.02540650406504064,0.03995347460401005,0.6359022417161845,0.5248401414687782,2.540650406504064,-1.886178861788618,4.003433872793222,0.8170731707317073,5.504065040650406,1.7235772357723578,ITF-M|any|winrate_diff>=0.5,False
89,-0.03634831460674159,0.043058041276524496,-0.8441701835275751,0.39857431347004857,-3.6348314606741585,-7.943820224719101,4.281357298128653,-5.376404494382022,5.224719101123595,1.7415730337078652,ITF-M|any|winrate_diff<=-0.5,False
160,-0.03290625000000001,0.03285089575575652,-1.0016850147604817,0.3164957463991174,-3.2906250000000012,-7.725,3.2698108104061703,-5.053125,5.36875,1.7625,ITF-M|any|winrate_diff<=-0.25,False
660,-0.004250000000000011,0.016661215856947322,-0.2550834246726276,0.7986586659937462,-0.42500000000000104,-5.08030303030303,1.6623930659459396,-2.209848484848485,5.746969696969697,1.784848484848485,ITF-M|any|winrate_diff<=0.0,False
808,-0.005006188118811894,0.014979495668404298,-0.33420271480643127,0.7382265955426086,-0.5006188118811894,-5.148514851485149,1.4960381436294743,-2.2889851485148514,5.733910891089109,1.7883663366336633,ITF-M|any|winrate_diff<=0.25,False
932,-0.006040772532188852,0.013938323976107449,-0.4333930350983172,0.6647292595706684,-0.6040772532188852,-5.207081545064377,1.3927190734846602,-2.374463519313305,5.680257510729613,1.7703862660944205,ITF-M|any|winrate_diff<=0.5,False
894,-0.0007829977628635488,0.014286631105730117,-0.054806326072876776,0.9562927605023517,-0.07829977628635489,-4.712527964205816,1.427561737630044,-1.861297539149888,5.731543624161074,1.7829977628635347,ITF-M|any|rest_diff_days>=-3.0,False
842,-0.002446555819477447,0.014745471571703831,-0.1659191303296344,0.8682205923364068,-0.24465558194774467,-4.855106888361045,1.4737377778803202,-2.034441805225653,5.676959619952494,1.7897862232779098,ITF-M|any|rest_diff_days>=-1.0,False
515,0.008446601941747558,0.018843374129880984,0.448253156973268,0.653970503145483,0.8446601941747558,-3.745631067961165,1.881358537197827,-0.9300970873786408,5.654368932038835,1.774757281553398,ITF-M|any|rest_diff_days>=0.0,False
173,0.04343930635838148,0.030871982967195625,1.4070785930576541,0.1594040850734002,4.343930635838148,-0.1676300578034682,3.0819133508501277,2.6098265895953756,5.566473988439307,1.7341040462427746,ITF-M|any|rest_diff_days>=1.0,False
80,0.06512499999999997,0.043676382456582535,1.4910804498229429,0.13594037445652374,6.5124999999999975,2.075,4.371541128188437,4.775,5.45,1.7375,ITF-M|any|rest_diff_days>=3.0,False
91,0.0003846153846153746,0.04460929498249611,0.008621866469001377,0.9931208310881687,0.03846153846153746,-4.153846153846154,4.463826199700091,-1.598901098901099,5.065934065934066,1.6373626373626373,ITF-M|any|rest_diff_days<=-3.0,False
143,0.009755244755244752,0.03527101418615582,0.27657964990056255,0.7821028923732203,0.9755244755244752,-3.5174825174825175,3.522756753310886,-0.6748251748251748,5.629370629370629,1.6503496503496504,ITF-M|any|rest_diff_days<=-1.0,False
476,-0.011586134453781528,0.019564037387648184,-0.5922159227264854,0.553706008345662,-1.1586134453781527,-5.745798319327731,1.9569563619433035,-2.9191176470588234,5.67436974789916,1.7605042016806722,ITF-M|any|rest_diff_days<=0.0,False
812,-0.010073891625615776,0.01511637636268528,-0.6664223874766139,0.5051411568012256,-1.0073891625615776,-5.6182266009852215,1.5109052331118358,-2.7844827586206895,5.692118226600985,1.7770935960591132,ITF-M|any|rest_diff_days<=1.0,False
905,-0.006491712707182331,0.014279275185862065,-0.45462480571911573,0.6493791857852855,-0.6491712707182331,-5.256353591160221,1.4267837206516663,-2.421546961325967,5.689502762430939,1.7723756906077348,ITF-M|any|rest_diff_days<=3.0,False
1792,0.003588169642857128,0.00991089493511639,0.3620429503438167,0.7173199346942378,0.3588169642857128,-4.229352678571429,0.9914110440553162,-1.3727678571428572,5.748883928571429,1.7315848214285714,ITF-M|any|workload_diff>=-2.0,False
1688,0.002200829383886241,0.010220198189860452,0.21534116491690966,0.8295013374098696,0.2200829383886241,-4.369668246445498,1.0217581062142387,-1.5127369668246446,5.750592417061611,1.7328199052132702,ITF-M|any|workload_diff>=-1.0,False
1410,0.00907801418439715,0.011097287395815884,0.8180390270706983,0.4133349028900626,0.907801418439715,-3.7375886524822697,1.1093323298914746,-0.825531914893617,5.851063829787234,1.7333333333333334,ITF-M|any|workload_diff>=0.0,False
444,0.01814189189189187,0.01955690559333684,0.9276463398214145,0.35359105174093086,1.814189189189187,-2.668918918918919,1.948981613697885,0.125,5.614864864864865,1.6891891891891893,ITF-M|any|workload_diff>=1.0,False
148,0.030067567567567552,0.03088504902353963,0.9735314826488046,0.330289221040045,3.0067567567567552,-1.2297297297297298,3.073920670380317,1.3986486486486487,5.364864864864865,1.6081081081081081,ITF-M|any|workload_diff>=2.0,False
162,-0.004938271604938287,0.03196234496072275,-0.15450279417879798,0.8772133082377092,-0.4938271604938287,-4.888888888888889,3.215659292943016,-2.197530864197531,5.37037037037037,1.7037037037037037,ITF-M|any|workload_diff<=-2.0,False
440,-0.022465909090909106,0.020236640962466038,-1.1101599881412043,0.26693009110536003,-2.2465909090909104,-6.586363636363636,2.028841429736951,-3.9670454545454548,5.288636363636364,1.7204545454545455,ITF-M|any|workload_diff<=-1.0,False
1406,-0.003655761024182094,0.011220541112764694,-0.3258096902317156,0.7445683467001982,-0.36557610241820937,-4.966571834992887,1.123556425354895,-2.108819345661451,5.749644381223328,1.7432432432432432,ITF-M|any|workload_diff<=0.0,False
1702,-0.0009018801410105904,0.010233935687489005,-0.08812642257593427,0.9297761958972044,-0.09018801410105905,-4.692126909518214,1.0239534831068682,-1.8310810810810811,5.747943595769683,1.7408930669800236,ITF-M|any|workload_diff<=1.0,False
1792,-5.58035714285861e-05,0.00993096447617623,-0.005619149233939504,0.9955165911752228,-0.00558035714285861,-4.591517857142857,0.9935374022469498,-1.7416294642857142,5.728794642857143,1.7360491071428572,ITF-M|any|workload_diff<=2.0,False
1780,0.00600842696629212,0.009960040334716848,0.6032532765303237,0.5463402104542596,0.600842696629212,-3.9898876404494383,0.9963620372004857,-1.1323033707865169,5.748876404494382,1.7331460674157304,ITF-M|any|experience_diff>=-3.0,False
1605,0.006610591900311512,0.010422163875161271,0.634282091463393,0.5258967417222553,0.6610591900311512,-3.945171339563863,1.0418562121336128,-1.0666666666666667,5.791900311526479,1.7277258566978193,ITF-M|any|experience_diff>=-1.0,False
1341,0.013758389261744953,0.011352733259946297,1.2119010415127145,0.22555026342954676,1.3758389261744952,-3.2431021625652496,1.1349455049743684,-0.34750186428038776,5.819537658463833,1.7233407904548843,ITF-M|any|experience_diff>=0.0,False
531,0.02805084745762711,0.017764344281496845,1.5790533561570623,0.11432381917875967,2.805084745762711,-1.704331450094162,1.7674190110702128,1.0951035781544256,5.6440677966101696,1.7099811676082863,ITF-M|any|experience_diff>=1.0,False
139,0.06784172661870501,0.031994447860198005,2.1204218592908437,0.03397048487231413,6.7841726618705005,2.4676258992805757,3.1834944422044127,5.122302158273381,5.438848920863309,1.6618705035971224,ITF-M|any|experience_diff>=3.0,False
136,-0.08169117647058823,0.033544357383579866,-2.435317974240773,0.014878708457852774,-8.169117647058822,-12.25,3.36209406034219,-9.897058823529411,4.720588235294118,1.7279411764705883,ITF-M|any|experience_diff<=-3.0,False
509,-0.03052062868369353,0.01883970679728069,-1.6200161187274345,0.1052288144552116,-3.052062868369353,-7.50294695481336,1.8876271266708926,-4.800589390962672,5.447937131630648,1.7485265225933202,ITF-M|any|experience_diff<=-1.0,False
1319,-0.009082638362395768,0.01162078712462376,-0.7815854696408814,0.43445822898746855,-0.9082638362395768,-5.506444275966642,1.1646569735044867,-2.646702047005307,5.746777862016679,1.7384382107657317,ITF-M|any|experience_diff<=0.0,False
1599,-0.008514696685428405,0.010572138176065124,-0.8053902194265036,0.42059453396835167,-0.8514696685428406,-5.456535334584115,1.058342401339891,-2.5881801125703565,5.75797373358349,1.7367104440275172,ITF-M|any|experience_diff<=1.0,False
1775,0.0007915492957746325,0.009962599971116605,0.07945208058834827,0.9366730452117196,0.07915492957746326,-4.507042253521127,0.996502715019841,-1.6526760563380283,5.7335211267605635,1.731830985915493,ITF-M|any|experience_diff<=3.0,False
492,0.0050813008130081135,0.01903545321007578,0.2669387882143251,0.7895162911999203,0.5081300813008114,-4.028455284552845,1.9007261148457055,-1.2296747967479675,5.626016260162602,1.7378048780487805,ITF-M|any|own_rest_days>=1.0,False
331,0.01175226586102717,0.023283100153903797,0.5047551994083016,0.6137307856649348,1.175226586102717,-3.302114803625378,2.3263332341283727,-0.5317220543806647,5.5830815709969785,1.7069486404833838,ITF-M|any|own_rest_days>=2.0,False
299,0.019247491638795973,0.024584903356969327,0.7828988123046534,0.43368653502180265,1.9247491638795973,-2.5819397993311037,2.454315915309234,0.1956521739130435,5.60200668896321,1.7290969899665551,ITF-M|any|own_rest_days>=3.0,False
232,0.010948275862068948,0.028111638946837016,0.3894570459863136,0.6969380796796205,1.0948275862068948,-3.3706896551724137,2.8110832690574985,-0.6594827586206896,5.4655172413793105,1.7543103448275863,ITF-M|any|own_rest_days>=5.0,False
88,0.04886363636363634,0.042136695319270015,1.1596456721011519,0.24619309779560572,4.886363636363634,0.3522727272727273,4.236541779803265,3.125,5.659090909090909,1.7613636363636365,ITF-M|any|own_rest_days>=7.0,False
712,0.002310393258426952,0.015811792731980433,0.14611836226223884,0.8838279510036973,0.2310393258426952,-4.348314606741573,1.578890681116581,-1.5273876404494382,5.669943820224719,1.7584269662921348,ITF-M|any|own_rest_days<=1.0,False
873,0.0002920962199312607,0.014262531665849234,0.020479969950262574,0.9836604903901194,0.02920962199312607,-4.564719358533791,1.4238071630077376,-1.7371134020618557,5.678121420389462,1.7663230240549828,ITF-M|any|own_rest_days<=2.0,False
905,-0.001779005524861894,0.013991015977767288,-0.12715341957216397,0.898818971839682,-0.17790055248618938,-4.758011049723757,1.3971398326749536,-1.934806629834254,5.668508287292818,1.7569060773480663,ITF-M|any|own_rest_days<=3.0,False
972,0.0016512345679012231,0.013489093696802155,0.12241256566352413,0.9025722873926445,0.1651234567901223,-4.419753086419753,1.3464468186704797,-1.5838477366255144,5.696502057613169,1.7489711934156378,ITF-M|any|own_rest_days<=5.0,False
1116,-0.00013888888888890184,0.012687694404506195,-0.010946739766964572,0.9912659397845178,-0.013888888888890184,-4.577956989247312,1.2663131699014998,-1.7629928315412187,5.651433691756273,1.7491039426523298,ITF-M|any|own_rest_days<=7.0,False
1116,-0.00013888888888890184,0.012687694404506195,-0.010946739766964572,0.9912659397845178,-0.013888888888890184,-4.577956989247312,1.2663131699014998,-1.7629928315412187,5.651433691756273,1.7491039426523298,ITF-M|any|own_matches_7d>=1.0,False
562,0.011565836298932371,0.018326765631269712,0.6310898786853242,0.5279817586041098,1.156583629893237,-3.3718861209964412,1.8300462638356065,-0.608540925266904,5.537366548042705,1.7651245551601424,ITF-M|any|own_matches_7d>=2.0,False
244,0.01885245901639343,0.027180689196897114,0.6935975346256336,0.487934640274319,1.885245901639343,-2.7049180327868854,2.712887338109613,0.09016393442622951,5.647540983606557,1.7950819672131149,ITF-M|any|own_matches_7d>=3.0,False
99,-0.022626262626262654,0.03892973596854491,-0.5812077082810064,0.5611004731499556,-2.262626262626265,-6.656565656565657,3.88558169751302,-3.98989898989899,5.454545454545454,1.7272727272727273,ITF-M|any|own_matches_7d>=4.0,False
1288,-0.0027833850931677203,0.01147105661387339,-0.2426441771546505,0.8082810552786561,-0.278338509316772,-4.870341614906832,1.1483288759621657,-1.9934006211180124,5.795807453416149,1.7150621118012421,ITF-M|any|own_matches_7d<=1.0,False
1606,-0.0010491905354919184,0.010426314821823773,-0.10062908644344903,0.9198449062553196,-0.10491905354919184,-4.674968866749689,1.043259244780818,-1.8253424657534247,5.7278953922789535,1.7204234122042341,ITF-M|any|own_matches_7d<=2.0,False
1751,0.002944031981724711,0.010047329434026576,0.29301636828532435,0.7695096404528416,0.29440319817247107,-4.288406624785837,1.0051120626651366,-1.4360365505425472,5.732153055396916,1.73043974871502,ITF-M|any|own_matches_7d<=3.0,False
1823,0.0021914426769061835,0.009815311551518251,0.22326776540956633,0.8233271135409472,0.21914426769061834,-4.358200767964893,0.9817959671937085,-1.5120680197476686,5.721886999451454,1.7312122874382885,ITF-M|any|own_matches_7d<=4.0,False
1742,0.0008783008036739234,0.010084968885413235,0.08709008561685162,0.9305999059743506,0.08783008036739233,-4.452353616532721,1.008278706250803,-1.6526980482204363,5.634902411021814,1.74052812858783,ITF-M|any|round_ordinal>=2.0,False
1728,-0.00011863425925927524,0.010127345895737194,-0.01171424976303128,0.9906535947311479,-0.011863425925927524,-4.539351851851852,1.0124501294980468,-1.7514467592592593,5.611689814814815,1.7395833333333333,ITF-M|any|round_ordinal>=4.0,False
974,0.001981519507186845,0.013387026553474554,0.14801789622748968,0.8823286446690444,0.19815195071868452,-4.580082135523614,1.3369126059495495,-1.5790554414784395,6.036960985626283,1.7772073921971252,ITF-M|any|round_ordinal>=5.0,False
291,0.00027491408934707316,0.02671620325079607,0.01029016311810255,0.9917897826133519,0.027491408934707317,-4.443298969072165,2.6662914797824415,-1.872852233676976,5.18213058419244,1.9003436426116838,ITF-M|any|round_ordinal>=6.0,False
768,-0.0005208333333333488,0.015340067816191454,-0.03395247919201562,0.97291504494274,-0.05208333333333488,-4.290364583333333,1.5357738447602107,-1.74609375,5.125,1.6940104166666667,ITF-M|any|round_ordinal<=4.0,False
1451,0.0009993108201240342,0.010861860533930935,0.09200180917461855,0.9266966021765612,0.09993108201240342,-4.4541695382494835,1.0864195208599836,-1.6085458304617506,5.7257064093728465,1.7084769124741557,ITF-M|any|round_ordinal<=5.0,False
1628,0.001320638820638805,0.010359312844874145,0.12748324530929342,0.8985579332865179,0.1320638820638805,-4.396805896805897,1.0359428658303136,-1.593980343980344,5.64004914004914,1.7260442260442261,ITF-M|any|round_ordinal<=6.0,False
1571,0.002867600254614876,0.010979195864810441,0.26118490733969485,0.7939499164763406,0.2867600254614876,-4.407383831954169,1.0980005864569449,-1.5432845321451305,5.810948440483768,1.83004455760662,ITF-M|any|open_price>=20.0,False
1285,0.006206225680933829,0.012125750270554882,0.511821993893812,0.6087755960432288,0.6206225680933829,-3.996887159533074,1.2125015956642566,-1.1715953307392997,5.751750972762646,1.792217898832685,ITF-M|any|open_price>=35.0,False
982,0.020117107942973497,0.013314776052427075,1.510885940834616,0.13081751345802806,2.0117107942973496,-2.521384928716904,1.330614645656496,0.2836048879837067,5.742362525458248,1.7281059063136457,ITF-M|any|open_price>=50.0,False
610,0.02845901639344258,0.01468547392147739,1.937902484156231,0.0526351208479896,2.845901639344258,-1.3557377049180328,1.468742402481292,1.2836065573770492,5.491803278688525,1.562295081967213,ITF-M|any|open_price>=65.0,False
328,0.030746951219512153,0.015879831069760306,1.936226593623093,0.0528399547507068,3.0746951219512155,-0.39939024390243905,1.5824375733140228,1.888719512195122,4.850609756097561,1.1859756097560976,ITF-M|any|open_price>=80.0,False
288,-0.008298611111111113,0.018311053244381096,-0.45320228172334176,0.6504030895919852,-0.8298611111111113,-4.743055555555555,1.8373444470488196,-2.0243055555555554,5.194444444444445,1.1944444444444444,ITF-M|any|open_price<=20.0,False
573,-0.010226876090750434,0.015911080292296077,-0.6427518372653895,0.5203851392167764,-1.0226876090750434,-5.49738219895288,1.5933213146460288,-2.6178010471204187,5.636998254799302,1.5951134380453753,ITF-M|any|open_price<=35.0,False
882,-0.021360544217687075,0.014169830114600504,-1.5074665006517831,0.13169112425544505,-2.1360544217687076,-6.7517006802721085,1.4186531280928785,-3.873015873015873,5.678004535147393,1.7369614512471656,ITF-M|any|open_price<=50.0,False
1250,-0.009556000000000005,0.012524487555266188,-0.762985308407447,0.44547215769343174,-0.9556000000000006,-5.708,1.2523091676583387,-2.77,5.82,1.8144,ITF-M|any|open_price<=65.0,False
1533,-0.005198956294846716,0.011282212863197043,-0.4608099809750874,0.6449349402451925,-0.5198956294846716,-5.326810176125244,1.1282268765652284,-2.3685583822570124,5.9060665362035225,1.8486627527723418,ITF-M|any|open_price<=80.0,False
287,-0.004372822299651564,0.023172485800937677,-0.18870751878827854,0.8503220583291693,-0.4372822299651564,-4.895470383275262,2.320154138757931,-2.0853658536585367,5.473867595818815,1.6480836236933798,ITF-M|cheap|form_last3_diff>=-0.67,False
267,0.00391385767790262,0.02434246529900344,0.16078312651688775,0.8722642154110594,0.391385767790262,-4.052434456928839,2.4373229772197185,-1.2415730337078652,5.464419475655431,1.6329588014981273,ITF-M|cheap|form_last3_diff>=-0.34,False
229,0.0012227074235807872,0.0261408495208842,0.046773821279371706,0.9626934937829257,0.12227074235807872,-4.327510917030568,2.625419954445881,-1.502183406113537,5.502183406113537,1.6244541484716157,ITF-M|cheap|form_last3_diff>=0.0,False
40,0.09075,0.07264365740750159,1.249248774616745,0.2115740974517002,9.075,4.775,7.314850323582175,7.475,5.3,1.6,ITF-M|cheap|form_last3_diff>=0.34,False
217,-0.028294930875576038,0.025479494181602152,-1.110498139166625,0.2667844295305719,-2.8294930875576036,-7.354838709677419,2.5429309154586264,-4.502304147465438,5.548387096774194,1.672811059907834,ITF-M|cheap|form_last3_diff<=0.0,False
255,-0.02476470588235294,0.023467951032864295,-1.0552564153416155,0.29130806876199333,-2.4764705882352938,-6.9450980392156865,2.346235413837674,-4.127450980392157,5.486274509803922,1.6509803921568627,ITF-M|cheap|form_last3_diff<=0.34,False
284,-0.013908450704225353,0.022713540835547618,-0.6123418098889302,0.5403116328355719,-1.3908450704225352,-5.845070422535211,2.274622193958808,-3.028169014084507,5.485915492957746,1.6373239436619718,ITF-M|cheap|form_last3_diff<=0.67,False
279,-0.005358422939068097,0.023453305864848242,-0.2284719676597613,0.8192793464139969,-0.5358422939068097,-4.996415770609319,2.3486248605655544,-2.1774193548387095,5.487455197132617,1.6415770609318996,ITF-M|cheap|form_last5_diff>=-0.6,False
252,-0.002440476190476188,0.024837890303170015,-0.09825617879328158,0.9217288740017082,-0.2440476190476188,-4.698412698412699,2.491112004936536,-1.871031746031746,5.496031746031746,1.626984126984127,ITF-M|cheap|form_last5_diff>=-0.3,False
217,0.004147465437788022,0.02685623197305966,0.154432142303078,0.8772690117502115,0.4147465437788022,-3.9815668202764978,2.6918926779036805,-1.2119815668202765,5.400921658986175,1.6267281105990783,ITF-M|cheap|form_last5_diff>=0.0,False
54,0.08398148148148145,0.06011277830147937,1.397065380347171,0.16239391123607105,8.398148148148145,4.166666666666667,6.0725148626835175,6.898148148148148,5.351851851851852,1.5,ITF-M|cheap|form_last5_diff>=0.3,False
49,-0.062448979591836734,0.047772918612346824,-1.3072046131110129,0.19114322923183313,-6.244897959183674,-10.428571428571429,4.716449719776908,-7.959183673469388,4.8979591836734695,1.7142857142857142,ITF-M|cheap|form_last5_diff<=-0.3,False
206,-0.026893203883495146,0.026162352021254703,-1.027935250685668,0.3039802864322465,-2.6893203883495147,-7.184466019417476,2.607649134979516,-4.354368932038835,5.504854368932039,1.6650485436893203,ITF-M|cheap|form_last5_diff<=0.0,False
244,-0.03168032786885246,0.023775220266582433,-1.3324935589926439,0.18269805659934768,-3.1680327868852465,-7.651639344262295,2.3728311547887637,-4.840163934426229,5.475409836065574,1.6721311475409837,ITF-M|cheap|form_last5_diff<=0.3,False
282,-0.018900709219858154,0.022597449502282436,-0.8364089592477728,0.4029248741013185,-1.8900709219858154,-6.343971631205674,2.2631281462239836,-3.524822695035461,5.48936170212766,1.6347517730496455,ITF-M|cheap|form_last5_diff<=0.6,False
277,-0.004909747292418767,0.023620710355976873,-0.2078577324062749,0.8353400529659001,-0.4909747292418767,-4.945848375451264,2.3652514952245576,-2.137184115523466,5.465703971119134,1.6462093862815885,ITF-M|cheap|winrate_diff>=-0.5,False
246,0.0028455284552845427,0.025340605960349854,0.1122912553763279,0.9105924751505823,0.2845528455284543,-4.17479674796748,2.5418269185672018,-1.3414634146341464,5.512195121951219,1.6260162601626016,ITF-M|cheap|winrate_diff>=-0.25,False
221,0.00011312217194569795,0.02645534496253075,0.004275966618689539,0.9965882826490202,0.011312217194569795,-4.411764705882353,2.6528917862457813,-1.6131221719457014,5.452488687782806,1.6244343891402715,ITF-M|cheap|winrate_diff>=0.0,False
60,0.06599999999999999,0.05628993246731729,1.1725009625534815,0.24099598588973858,6.599999999999999,2.3666666666666667,5.678334614344864,5.05,5.266666666666667,1.55,ITF-M|cheap|winrate_diff>=0.25,False
56,-0.06794642857142857,0.04470371014878732,-1.5199281747596012,0.1285290284087819,-6.794642857142858,-11.107142857142858,4.43127012452548,-8.491071428571429,5.125,1.6964285714285714,ITF-M|cheap|winrate_diff<=-0.25,False
198,-0.023409090909090914,0.026786223426654536,-0.8739227824776862,0.38216030673143564,-2.3409090909090913,-6.792929292929293,2.6677264377249568,-4.002525252525253,5.429292929292929,1.6616161616161615,ITF-M|cheap|winrate_diff<=0.0,False
242,-0.03045454545454546,0.02395408216135608,-1.2713718375599568,0.203596396662733,-3.045454545454546,-7.533057851239669,2.390735735652142,-4.7190082644628095,5.479338842975206,1.6735537190082646,ITF-M|cheap|winrate_diff<=0.25,False
282,-0.018900709219858154,0.022597449502282436,-0.8364089592477728,0.4029248741013185,-1.8900709219858154,-6.343971631205674,2.2631281462239836,-3.524822695035461,5.48936170212766,1.6347517730496455,ITF-M|cheap|winrate_diff<=0.5,False
252,-0.011150793650793649,0.02465223760713793,-0.45232379423298247,0.6510357369086877,-1.115079365079365,-5.619047619047619,2.469082292068673,-2.7896825396825395,5.515873015873016,1.6746031746031746,ITF-M|cheap|rest_diff_days>=-3.0,False
238,-0.008970588235294124,0.025467954100474036,-0.3522304225892709,0.7246654631325091,-0.8970588235294125,-5.378151260504202,2.5498677320509717,-2.581932773109244,5.457983193277311,1.684873949579832,ITF-M|cheap|rest_diff_days>=-1.0,False
150,0.01666666666666666,0.03320809807528546,0.5018856132284955,0.6157479858573662,1.6666666666666659,-2.933333333333333,3.3175105443362574,-0.02666666666666667,5.666666666666667,1.6933333333333334,ITF-M|cheap|rest_diff_days>=0.0,False
51,0.03941176470588235,0.06053319411189778,0.6510769055574416,0.5149968436948134,3.9411764705882346,-0.8627450980392157,6.058603968355017,2.215686274509804,6.0,1.7254901960784315,ITF-M|cheap|rest_diff_days>=1.0,False
43,0.0029069767441860413,0.0572429089454162,0.0507831764272843,0.9594982968442503,0.2906976744186041,-3.813953488372093,5.7176317819309554,-1.1744186046511629,5.1395348837209305,1.4651162790697674,ITF-M|cheap|rest_diff_days<=-3.0,False
57,-0.009649122807017548,0.04936784903470402,-0.1954535795196287,0.8450378749451664,-0.9649122807017548,-5.2631578947368425,4.944081188082808,-2.43859649122807,5.473684210526316,1.4736842105263157,ITF-M|cheap|rest_diff_days<=-1.0,False
148,-0.038581081081081076,0.030022362526222982,-1.2850781162669158,0.1987649879181861,-3.8581081081081074,-8.135135135135135,3.0166030825763626,-5.445945945945946,5.243243243243243,1.587837837837838,ITF-M|cheap|rest_diff_days<=0.0,False
244,-0.019241803278688525,0.02425312359557676,-0.7933742308639292,0.4275598198223114,-1.9241803278688525,-6.295081967213115,2.4293316082093908,-3.5512295081967213,5.348360655737705,1.6270491803278688,ITF-M|cheap|rest_diff_days<=1.0,False
283,-0.0076678445229681974,0.02312051715744832,-0.3316467564609811,0.7401560093019397,-0.7667844522968198,-5.201413427561837,2.312875108334806,-2.409893992932862,5.448763250883392,1.6431095406360423,ITF-M|cheap|rest_diff_days<=3.0,False
516,-0.005155038759689927,0.017237531403517598,-0.29905899162788224,0.7648950350957213,-0.5155038759689927,-5.104651162790698,1.7272648248773432,-2.135658914728682,5.810077519379845,1.62015503875969,ITF-M|cheap|workload_diff>=-2.0,False
473,-0.008202959830866812,0.017923808503166397,-0.4576571898443173,0.6471987490606685,-0.8202959830866812,-5.395348837209302,1.794054830397533,-2.4397463002114166,5.784355179704017,1.6194503171247356,ITF-M|cheap|workload_diff>=-1.0,False
412,-0.016080097087378644,0.01897080603368103,-0.8476232933292248,0.39664779768864067,-1.6080097087378644,-6.252427184466019,1.8994703336878722,-3.2366504854368934,5.905339805825243,1.6286407766990292,ITF-M|cheap|workload_diff>=0.0,False
136,0.0015808823529411787,0.03376597105392167,0.04681880317958665,0.962657642695786,0.15808823529411786,-4.397058823529412,3.359088076071631,-1.4227941176470589,5.845588235294118,1.5808823529411764,ITF-M|cheap|workload_diff>=1.0,False
72,-0.006250000000000015,0.04349180462615989,-0.14370523489937462,0.8857332372586206,-0.6250000000000016,-4.958333333333333,4.36989977700094,-2.1805555555555554,5.416666666666667,1.5555555555555556,ITF-M|cheap|workload_diff<=-2.0,False
133,0.017255639097744357,0.03403854156587165,0.5069441375551039,0.6121940151949652,1.7255639097744357,-2.5037593984962405,3.407546342074068,0.16917293233082706,5.2105263157894735,1.556390977443609,ITF-M|cheap|workload_diff<=-1.0,False
409,-0.011112469437652808,0.019032053464554253,-0.5838817896528578,0.5592998457364595,-1.1112469437652808,-5.65036674816626,1.9101870785319273,-2.7322738386308068,5.699266503667482,1.6210268948655258,ITF-M|cheap|workload_diff<=0.0,False
522,-0.0044636015325670506,0.017088964560434676,-0.2611978927559736,0.7939399030675223,-0.4463601532567051,-5.003831417624521,1.7108619475626965,-2.0632183908045976,5.75095785440613,1.6168582375478928,ITF-M|cheap|workload_diff<=1.0,False
542,-0.00841328413284133,0.01659494334433068,-0.5069787801183157,0.6121697076507517,-0.841328413284133,-5.378228782287823,1.6617401511425953,-2.4501845018450186,5.726937269372693,1.6088560885608856,ITF-M|cheap|workload_diff<=2.0,False
506,-0.005741106719367593,0.01742230625699165,-0.32952621970261037,0.7417579791258637,-0.5741106719367594,-5.169960474308301,1.7453993098510472,-2.1966403162055337,5.816205533596838,1.6225296442687747,ITF-M|cheap|experience_diff>=-3.0,False
440,-0.012397727272727269,0.018508398271418525,-0.6698433376524201,0.5029576636484165,-1.2397727272727268,-5.8522727272727275,1.852513079497252,-2.8511363636363636,5.8568181818181815,1.6113636363636363,ITF-M|cheap|experience_diff>=-1.0,False
382,-0.011020942408376961,0.01994491456057281,-0.5525690458540848,0.5805585428345075,-1.1020942408376961,-5.704188481675392,1.9981879722336704,-2.717277486910995,5.842931937172775,1.6151832460732984,ITF-M|cheap|experience_diff>=0.0,False
140,0.0016785714285714277,0.03416951164396959,0.04912482935259247,0.960819816329836,0.16785714285714276,-4.428571428571429,3.394968510573326,-1.4392857142857143,5.864285714285714,1.6071428571428572,ITF-M|cheap|experience_diff>=1.0,False
67,-0.04671641791044776,0.039895350475763036,-1.1709739945467734,0.2416092303670796,-4.6716417910447765,-8.611940298507463,3.9819217899791672,-6.2388059701492535,4.686567164179104,1.5671641791044777,ITF-M|cheap|experience_diff<=-3.0,False
163,-0.0007361963190184056,0.02982250228726121,-0.024685933860515607,0.9803054748159543,-0.07361963190184057,-4.478527607361963,2.982723581289547,-1.6748466257668713,5.484662576687117,1.6012269938650308,ITF-M|cheap|experience_diff<=-1.0,False
405,-0.011271604938271599,0.01893374117720822,-0.5953184229559431,0.5516306434906331,-1.1271604938271598,-5.651851851851852,1.9017582545027416,-2.7395061728395063,5.691358024691358,1.6123456790123456,ITF-M|cheap|experience_diff<=0.0,False
510,-0.012892156862745098,0.016952210409323057,-0.7605000499318314,0.4469557394252881,-1.2892156862745097,-5.8392156862745095,1.7001650890785969,-2.895098039215686,5.750980392156863,1.6058823529411765,ITF-M|cheap|experience_diff<=1.0,False
539,-0.008821892393320966,0.016620593716947164,-0.5307808218863888,0.5955706713604461,-0.8821892393320966,-5.419294990723563,1.6649978142794852,-2.4907235621521338,5.7272727272727275,1.608534322820037,ITF-M|cheap|experience_diff<=3.0,False
126,-0.0048015873015873015,0.03566663999970746,-0.13462404368975278,0.8929091305455723,-0.4801587301587302,-5.087301587301587,3.5580629622500846,-2.1785714285714284,5.658730158730159,1.6984126984126984,ITF-M|cheap|own_rest_days>=1.0,False
67,0.007388059701492538,0.0518546090262082,0.1424764324760117,0.8867036936106913,0.7388059701492539,-3.6865671641791047,5.184048567052184,-0.9477611940298507,5.3283582089552235,1.6865671641791045,ITF-M|cheap|own_rest_days>=2.0,False
62,0.010403225806451612,0.054004658610169565,0.1926357109586948,0.8472442754050784,1.0403225806451613,-3.3225806451612905,5.390895344397892,-0.6370967741935484,5.209677419354839,1.6774193548387097,ITF-M|cheap|own_rest_days>=3.0,False
54,-0.012222222222222237,0.05628085250116267,-0.21716483811203366,0.8280798858977154,-1.2222222222222237,-5.444444444444445,5.604397461469542,-2.888888888888889,4.962962962962963,1.6666666666666667,ITF-M|cheap|own_rest_days>=5.0,False
233,-0.006523605150214589,0.025280589853228033,-0.25804798021283515,0.796369877937197,-0.6523605150214589,-5.055793991416309,2.532818022584368,-2.240343347639485,5.502145922746781,1.5879828326180256,ITF-M|cheap|own_rest_days<=1.0,False
292,-0.00897260273972603,0.022411329927904445,-0.40036012001921417,0.6888912929880184,-0.897260273972603,-5.383561643835616,2.2421518129557283,-2.51027397260274,5.609589041095891,1.6130136986301369,ITF-M|cheap|own_rest_days<=2.0,False
297,-0.009326599326599329,0.02225293451337514,-0.41911772674267167,0.6751300960190509,-0.9326599326599329,-5.430976430976431,2.227073350424769,-2.548821548821549,5.62962962962963,1.6161616161616161,ITF-M|cheap|own_rest_days<=3.0,False
305,-0.004803278688524589,0.022156102633728733,-0.2167925816164279,0.8283699934959545,-0.48032786885245893,-5.0,2.2183153990502573,-2.1,5.662295081967213,1.619672131147541,ITF-M|cheap|own_rest_days<=5.0,False
338,-0.007736686390532549,0.021012631424377957,-0.3681921713792008,0.7127299472981774,-0.7736686390532549,-5.260355029585799,2.1013783553179564,-2.4038461538461537,5.576923076923077,1.6301775147928994,ITF-M|cheap|own_rest_days<=7.0,False
338,-0.007736686390532549,0.021012631424377957,-0.3681921713792008,0.7127299472981774,-0.7736686390532549,-5.260355029585799,2.1013783553179564,-2.4038461538461537,5.576923076923077,1.6301775147928994,ITF-M|cheap|own_matches_7d>=1.0,False
155,0.030225806451612908,0.03360672717331769,0.8993975014505701,0.3684409695751343,3.0225806451612907,-1.4774193548387098,3.354496453812437,1.364516129032258,5.554838709677419,1.6580645161290322,ITF-M|cheap|own_matches_7d>=2.0,False
46,-0.032608695652173905,0.05994537350857834,-0.5439735169471839,0.5864596970929443,-3.2608695652173907,-8.065217391304348,6.007113510532192,-5.1521739130434785,5.782608695652174,1.891304347826087,ITF-M|cheap|own_matches_7d>=3.0,False
390,-0.023115384615384618,0.01888720684341315,-1.2238646406017433,0.22100329445137,-2.3115384615384618,-6.871794871794871,1.894281904429559,-3.9038461538461537,5.8076923076923075,1.5923076923076922,ITF-M|cheap|own_matches_7d<=1.0,False
499,-0.005671342685370739,0.01724764062691227,-0.32881846323499386,0.7422929067607109,-0.5671342685370738,-5.086172344689379,1.7269707253601985,-2.152304609218437,5.731462925851703,1.5851703406813626,ITF-M|cheap|own_matches_7d<=2.0,False
533,-0.0032082551594746706,0.016881081686738842,-0.19005033083839395,0.8492696908729693,-0.32082551594746705,-4.859287054409005,1.690206739173266,-1.9268292682926829,5.733583489681051,1.6060037523452158,ITF-M|cheap|own_matches_7d<=3.0,False
545,-0.007944954128440365,0.01656904802630666,-0.47950576978388676,0.6315788645431684,-0.7944954128440365,-5.337614678899082,1.659217128758794,-2.4055045871559635,5.7357798165137615,1.6110091743119266,ITF-M|cheap|own_matches_7d<=4.0,False
511,-0.010117416829745597,0.017085489282871322,-0.5921643016620302,0.5537405716965518,-1.0117416829745598,-5.524461839530333,1.709779790811844,-2.63600782778865,5.655577299412916,1.62426614481409,ITF-M|cheap|round_ordinal>=2.0,False
509,-0.011070726915520631,0.017078823976357866,-0.6482136551583285,0.5168467711732379,-1.107072691552063,-5.618860510805501,1.709664876333635,-2.7298624754420433,5.656188605108055,1.6227897838899803,ITF-M|cheap|round_ordinal>=4.0,False
286,-0.0234965034965035,0.022402531836039127,-1.0488325010972417,0.29425521606702976,-2.34965034965035,-7.073426573426573,2.2354628817525164,-4.010489510489511,5.986013986013986,1.6608391608391608,ITF-M|cheap|round_ordinal>=5.0,False
70,0.018571428571428596,0.05137661281436176,0.3614763129389713,0.7177434091611881,1.8571428571428596,-2.585714285714286,5.130370452125518,0.014285714285714285,5.171428571428572,1.8428571428571427,ITF-M|cheap|round_ordinal>=6.0,False
225,0.0068888888888888914,0.026371778078323534,0.26122201045485294,0.7939213053419494,0.6888888888888891,-3.5555555555555554,2.6463720132384068,-0.8888888888888888,5.235555555555556,1.5777777777777777,ITF-M|cheap|round_ordinal<=4.0,False
441,-0.01467120181405896,0.018055875009754526,-0.812544493475557,0.41647926676634484,-1.4671201814058958,-5.99092970521542,1.8076202731608138,-3.056689342403628,5.732426303854876,1.5895691609977325,ITF-M|cheap|round_ordinal<=5.0,False
485,-0.007597938144329898,0.017510817333451813,-0.4338996860994699,0.6643612877129854,-0.7597938144329898,-5.28659793814433,1.752075125138178,-2.368041237113402,5.709278350515464,1.6082474226804124,ITF-M|cheap|round_ordinal<=6.0,False
286,-0.012132867132867129,0.025890921627744493,-0.46861472555174133,0.6393450497387336,-1.213286713286713,-6.251748251748252,2.589873625246523,-3.2132867132867133,6.076923076923077,2.0,ITF-M|cheap|open_price>=20.0,False
268,-0.006194029850746266,0.019673770371461247,-0.3148369495931151,0.7528854555810907,-0.6194029850746267,-4.638059701492537,1.974464874462546,-1.828358208955224,5.358208955223881,1.208955223880597,ITF-M|cheap|open_price<=20.0,False
545,-0.007944954128440365,0.01656904802630666,-0.47950576978388676,0.6315788645431684,-0.7944954128440365,-5.337614678899082,1.659217128758794,-2.4055045871559635,5.7357798165137615,1.6110091743119266,ITF-M|cheap|open_price<=35.0,False
545,-0.007944954128440365,0.01656904802630666,-0.47950576978388676,0.6315788645431684,-0.7944954128440365,-5.337614678899082,1.659217128758794,-2.4055045871559635,5.7357798165137615,1.6110091743119266,ITF-M|cheap|open_price<=50.0,False
545,-0.007944954128440365,0.01656904802630666,-0.47950576978388676,0.6315788645431684,-0.7944954128440365,-5.337614678899082,1.659217128758794,-2.4055045871559635,5.7357798165137615,1.6110091743119266,ITF-M|cheap|open_price<=65.0,False
545,-0.007944954128440365,0.01656904802630666,-0.47950576978388676,0.6315788645431684,-0.7944954128440365,-5.337614678899082,1.659217128758794,-2.4055045871559635,5.7357798165137615,1.6110091743119266,ITF-M|cheap|open_price<=80.0,False
386,-0.014300518134715034,0.024964548060143744,-0.572833047097937,0.566757740985234,-1.4300518134715035,-6.3782383419689115,2.492660347901378,-3.430051813471503,5.896373056994818,2.0,ITF-M|mid|form_last3_diff>=-0.67,False
362,-0.014005524861878468,0.025690989681880116,-0.5451531854281417,0.5856481659895585,-1.400552486187847,-6.383977900552487,2.564557457391909,-3.4005524861878453,5.966850828729282,2.0,ITF-M|mid|form_last3_diff>=-0.34,False
310,-0.0030967741935483957,0.027877022358559832,-0.11108697886442344,0.9115473741917046,-0.30967741935483956,-5.303225806451613,2.783606538175156,-2.3096774193548386,5.987096774193549,2.0,ITF-M|mid|form_last3_diff>=0.0,False
294,-0.0033163265306122604,0.028768930085673876,-0.11527458688022946,0.9082274807953599,-0.331632653061226,-5.340136054421769,2.873345061626328,-2.3316326530612246,6.017006802721087,2.0,ITF-M|mid|form_last3_diff<=0.0,False
348,-0.011077586206896563,0.026277698044129168,-0.42155847092441423,0.6733473241735917,-1.1077586206896564,-6.109195402298851,2.622294274682414,-3.1077586206896552,6.002873563218391,2.0,ITF-M|mid|form_last3_diff<=0.34,False
378,-0.013664021164021174,0.02521811304088209,-0.5418336075292344,0.5879331371974592,-1.3664021164021174,-6.314814814814815,2.5165411226895134,-3.3664021164021163,5.896825396825397,2.0,ITF-M|mid|form_last3_diff<=0.67,False
377,-0.011631299734748017,0.025206638217728564,-0.4614379606784448,0.6444844218889325,-1.1631299734748017,-6.135278514588859,2.5176588654633236,-3.163129973474801,5.9442970822281165,2.0,ITF-M|mid|form_last5_diff>=-0.6,False
340,-0.013882352941176486,0.02658079157540127,-0.5222701100453181,0.6014822772554986,-1.3882352941176486,-6.341176470588235,2.653283521181666,-3.388235294117647,5.905882352941177,2.0,ITF-M|mid|form_last5_diff>=-0.3,False
293,-0.006860068259385674,0.028696566548627716,-0.2390553673994747,0.8110626500957916,-0.6860068259385674,-5.648464163822526,2.8675158341916394,-2.6860068259385668,5.924914675767918,2.0,ITF-M|mid|form_last5_diff>=0.0,False
62,-0.06008064516129032,0.061331999141235785,-0.9795970456292508,0.3272850638546092,-6.008064516129032,-10.580645161290322,6.111538115916808,-8.008064516129032,5.145161290322581,2.0,ITF-M|mid|form_last5_diff>=0.3,False
50,-0.01670000000000001,0.07136320008611308,-0.23401416948579,0.8149739783938665,-1.670000000000001,-6.62,7.131527586308961,-3.67,5.9,2.0,ITF-M|mid|form_last5_diff<=-0.3,False
276,-0.01153985507246378,0.02978723863992356,-0.38740936049698205,0.6984531751413794,-1.153985507246378,-6.260869565217392,2.9756039618809913,-3.153985507246377,6.213768115942029,2.0,ITF-M|mid|form_last5_diff<=0.0,False
327,-0.0006269113149847226,0.027239067819252026,-0.023015153056803003,0.9816381857595842,-0.06269113149847226,-5.085626911314985,2.72101955451569,-2.062691131498471,6.045871559633028,2.0,ITF-M|mid|form_last5_diff<=0.3,False
370,-0.019027027027027035,0.025504482888337916,-0.7460267714632733,0.4556512431052906,-1.9027027027027035,-6.856756756756757,2.5453930766210595,-3.902702702702703,5.908108108108108,2.0,ITF-M|mid|form_last5_diff<=0.6,False
375,-0.011733333333333342,0.025262736796899103,-0.4644521861453095,0.6423238084446528,-1.1733333333333342,-6.149333333333334,2.522703522962082,-3.1733333333333333,5.952,2.0,ITF-M|mid|winrate_diff>=-0.5,False
336,-0.011190476190476199,0.026721457317652762,-0.41878240611837936,0.6753751641422969,-1.11904761904762,-6.080357142857143,2.6674697235371596,-3.119047619047619,5.9226190476190474,2.0,ITF-M|mid|winrate_diff>=-0.25,False
294,-0.006054421768707489,0.028557493580744463,-0.21200816351718696,0.8321006655236058,-0.6054421768707489,-5.568027210884353,2.8538379623445134,-2.6054421768707483,5.925170068027211,2.0,ITF-M|mid|winrate_diff>=0.0,False
74,-0.035945945945945953,0.05659607948625351,-0.6351313778664965,0.5253427339139738,-3.594594594594595,-8.121621621621621,5.6430589481241435,-5.594594594594595,5.054054054054053,2.0,ITF-M|mid|winrate_diff>=0.25,False
40,-0.01812500000000001,0.07893860960606325,-0.22960880728013017,0.8183957624918763,-1.8125000000000009,-6.4,7.904623768597524,-3.8125,5.174999999999999,2.0,ITF-M|mid|winrate_diff>=0.5,False
55,-0.03472727272727273,0.06761938167028507,-0.5135698060151506,0.6075527942225232,-3.472727272727273,-8.436363636363636,6.7386399549164,-5.472727272727273,5.927272727272728,2.0,ITF-M|mid|winrate_diff<=-0.25,False
265,-0.008339622641509444,0.030314312446086168,-0.27510512258331493,0.7832354761244726,-0.8339622641509444,-5.890566037735849,3.0271730742156704,-2.8339622641509434,6.113207547169812,2.0,ITF-M|mid|winrate_diff<=0.0,False
323,-0.006099071207430348,0.027415644243265997,-0.22246682052450548,0.8239504994999676,-0.6099071207430349,-5.643962848297214,2.7381933079060707,-2.609907120743034,6.068111455108359,2.0,ITF-M|mid|winrate_diff<=0.25,False
369,-0.01756097560975611,0.025531409472817505,-0.6878184938615602,0.49156708845303143,-1.7560975609756109,-6.710027100271002,2.5480563987335114,-3.7560975609756095,5.907859078590786,2.0,ITF-M|mid|winrate_diff<=0.5,False
357,-0.016204481792717104,0.025918714294411494,-0.6252039205590942,0.5318372290904272,-1.6204481792717103,-6.630252100840337,2.5876252744715917,-3.6204481792717087,6.019607843137255,2.0,ITF-M|mid|rest_diff_days>=-3.0,False
337,-0.022848664688427302,0.02669450953047965,-0.8559312416786986,0.3920358129640622,-2.28486646884273,-7.270029673590504,2.6657277660276013,-4.28486646884273,5.970326409495549,2.0,ITF-M|mid|rest_diff_days>=-1.0,False
199,-0.008391959798994982,0.03463417826254906,-0.2423028412967849,0.8085455123281755,-0.8391959798994982,-5.8542713567839195,3.4592656450229526,-2.8391959798994977,6.030150753768845,2.0,ITF-M|mid|rest_diff_days>=0.0,False
53,-0.005566037735849068,0.06764674694760707,-0.08228093717736357,0.93442331294215,-0.5566037735849068,-5.3584905660377355,6.7596136097836474,-2.556603773584906,5.60377358490566,2.0,ITF-M|mid|rest_diff_days>=1.0,False
50,0.055099999999999996,0.07001770767281018,0.7869437865272595,0.4313147737297789,5.51,0.76,6.971988267930696,3.51,5.5,2.0,ITF-M|mid|rest_diff_days<=-1.0,False
190,-0.012368421052631591,0.035855920184364405,-0.3449478074760177,0.7301336086825962,-1.236842105263159,-6.121052631578947,3.5785112229537974,-3.236842105263158,5.768421052631579,2.0,ITF-M|mid|rest_diff_days<=0.0,False
334,-0.013922155688622774,0.026877958032664632,-0.5179766882477923,0.6044745342452378,-1.3922155688622773,-6.37125748502994,2.6828854239786133,-3.3922155688622753,5.958083832335329,2.0,ITF-M|mid|rest_diff_days<=1.0,False
360,-0.01912500000000001,0.025844472899274797,-0.7400034844795254,0.4592978800248122,-1.912500000000001,-6.877777777777778,2.579318355748653,-3.9125,5.930555555555555,2.0,ITF-M|mid|rest_diff_days<=3.0,False
651,-0.010261136712749624,0.019189251048437862,-0.5347335696869187,0.5928341048149162,-1.0261136712749623,-6.032258064516129,1.9169414683616532,-3.0261136712749614,6.012288786482335,2.0,ITF-M|mid|workload_diff>=-2.0,False
622,-0.011454983922829592,0.019661061318563995,-0.5826228674651345,0.5601472079038716,-1.1454983922829594,-6.154340836012862,1.9635203299949429,-3.145498392282958,6.017684887459807,2.0,ITF-M|mid|workload_diff>=-1.0,False
522,0.009645593869731791,0.021448441153140436,0.4497107179427584,0.6529190421129736,0.9645593869731791,-4.114942528735632,2.1419749765168934,-1.03544061302682,6.159003831417625,2.0,ITF-M|mid|workload_diff>=0.0,False
150,0.011666666666666657,0.04082265531752866,0.28578902023693586,0.7750397181418269,1.1666666666666656,-3.5533333333333332,4.062394095447453,-0.8333333333333334,5.439999999999999,2.0,ITF-M|mid|workload_diff>=1.0,False
46,0.04565217391304347,0.0739510558690421,0.6173295753056948,0.5370173630339923,4.565217391304347,0.08695652173913043,7.31439095618093,2.5652173913043477,4.956521739130435,2.0,ITF-M|mid|workload_diff>=2.0,False
53,-0.04264150943396228,0.06746856008294463,-0.632020445990541,0.5273735170658771,-4.264150943396228,-9.075471698113208,6.7770770174384936,-6.264150943396227,5.622641509433962,2.0,ITF-M|mid|workload_diff<=-2.0,False
153,-0.09424836601307188,0.03907903518258874,-2.4117372799178844,0.015876717257163886,-9.424836601307188,-14.124183006535947,3.9156298197389114,-11.42483660130719,5.398692810457517,2.0,ITF-M|mid|workload_diff<=-1.0,False
525,-0.021209523809523814,0.021276349537149825,-0.9968591544564857,0.318832880222117,-2.120952380952381,-7.192380952380953,2.128041962389106,-4.120952380952381,6.142857142857143,2.0,ITF-M|mid|workload_diff<=0.0,False
629,-0.01825914149443562,0.019513400101217965,-0.9357232158272583,0.349415714251323,-1.825914149443562,-6.856915739268681,1.950876110493581,-3.825914149443561,6.0620031796502385,2.0,ITF-M|mid|workload_diff<=1.0,False
658,-0.014521276595744691,0.019100788543234923,-0.7602448748582061,0.44710822582017995,-1.4521276595744692,-6.46048632218845,1.9091701972702944,-3.452127659574468,6.0167173252279635,2.0,ITF-M|mid|workload_diff<=2.0,False
653,-0.0036830015313935732,0.019197401843921418,-0.19184895754837486,0.8478605206046634,-0.3683001531393573,-5.367534456355283,1.9184193616853518,-2.368300153139357,5.998468606431853,2.0,ITF-M|mid|experience_diff>=-3.0,False
586,-0.00169795221843004,0.020273420947447628,-0.08375262482002614,0.9332531155295667,-0.169795221843004,-5.189419795221843,2.024510678860699,-2.169795221843003,6.039249146757679,2.0,ITF-M|mid|experience_diff>=-1.0,False
486,0.015380658436213982,0.022259419477033505,0.6909730261421781,0.48958249236605056,1.538065843621398,-3.5473251028806585,2.222045059301713,-0.4619341563786008,6.170781893004115,2.0,ITF-M|mid|experience_diff>=0.0,False
183,0.018142076502732238,0.03648235104772529,0.4972836448780187,0.6189890434649321,1.8142076502732238,-2.9508196721311477,3.6215979647391014,-0.18579234972677597,5.530054644808743,2.0,ITF-M|mid|experience_diff>=1.0,False
44,0.04840909090909089,0.07393943094449103,0.6547127870842463,0.512652690833272,4.840909090909089,0.4090909090909091,7.352734471549353,2.840909090909091,4.863636363636362,2.0,ITF-M|mid|experience_diff>=3.0,False
46,-0.1793478260869565,0.06822041017634883,-2.628946756892033,0.008564976973164384,-17.934782608695652,-22.47826086956522,6.844705216297092,-19.934782608695652,5.086956521739131,2.0,ITF-M|mid|experience_diff<=-3.0,False
189,-0.0892063492063492,0.035040194571795955,-2.545829162665435,0.010901852720621719,-8.920634920634921,-13.677248677248677,3.5126430601260723,-10.920634920634921,5.5132275132275135,2.0,ITF-M|mid|experience_diff<=-1.0,False
492,-0.02582317073170732,0.022037369459794637,-1.1717900713521894,0.24128134987160088,-2.582317073170732,-7.6605691056910565,2.2067520071839626,-4.5823170731707314,6.15650406504065,2.0,ITF-M|mid|experience_diff<=0.0,False
589,-0.021112054329371827,0.0201732013710453,-1.0465396116887062,0.29531196632549017,-2.1112054329371825,-7.162988115449915,2.0176538808712188,-4.111205432937182,6.103565365025467,2.0,ITF-M|mid|experience_diff<=1.0,False
651,-0.012135176651305693,0.019186576978609347,-0.6324826291232098,0.5270715557722876,-1.2135176651305692,-6.225806451612903,1.916953478297597,-3.2135176651305684,6.024577572964669,2.0,ITF-M|mid|experience_diff<=3.0,False
167,0.016976047904191605,0.03782637493216923,0.44878865433532256,0.6535841240113665,1.6976047904191605,-3.125748502994012,3.77446739490422,-0.3023952095808383,5.646706586826347,2.0,ITF-M|mid|own_rest_days>=1.0,False
105,0.03004761904761903,0.048110045140260176,0.6245601923676877,0.5322597531616844,3.004761904761903,-1.9142857142857144,4.805104777261417,1.0047619047619047,5.838095238095238,2.0,ITF-M|mid|own_rest_days>=2.0,False
96,0.033229166666666664,0.0505448373974687,0.6574195976804308,0.510911153776759,3.3229166666666665,-1.6458333333333333,5.051011258107843,1.3229166666666667,5.9375,2.0,ITF-M|mid|own_rest_days>=3.0,False
79,0.03810126582278479,0.055428116308888525,0.6873996152143244,0.4918309400443013,3.8101265822784787,-1.2025316455696202,5.5538840427824585,1.8101265822784811,6.025316455696202,2.0,ITF-M|mid|own_rest_days>=5.0,False
286,-0.025017482517482533,0.028986293113726688,-0.8630797466694804,0.38809362264856695,-2.5017482517482534,-7.4475524475524475,2.8893653727468815,-4.501748251748252,5.891608391608392,2.0,ITF-M|mid|own_rest_days<=1.0,False
348,-0.021479885057471275,0.026192976541431833,-0.8200627761222391,0.41218032113815983,-2.1479885057471275,-7.043103448275862,2.610854003206256,-4.147988505747127,5.790229885057471,2.0,ITF-M|mid|own_rest_days<=2.0,False
357,-0.021036414565826337,0.025833029999337547,-0.8143223836447288,0.41546028996653406,-2.1036414565826336,-6.985994397759104,2.574788444337524,-4.103641456582633,5.764705882352941,2.0,ITF-M|mid|own_rest_days<=3.0,False
374,-0.019598930481283427,0.025285022012474033,-0.7751201668566692,0.4382686559690121,-1.9598930481283428,-6.836898395721925,2.519088927848563,-3.9598930481283423,5.754010695187166,2.0,ITF-M|mid|own_rest_days<=5.0,False
430,-0.008848837209302338,0.023664308271247332,-0.37393179246459846,0.7084550624682577,-0.8848837209302338,-5.772093023255814,2.3592987955584332,-2.8848837209302327,5.774418604651163,2.0,ITF-M|mid|own_rest_days<=7.0,False
430,-0.008848837209302338,0.023664308271247332,-0.37393179246459846,0.7084550624682577,-0.8848837209302338,-5.772093023255814,2.3592987955584332,-2.8848837209302327,5.774418604651163,2.0,ITF-M|mid|own_matches_7d>=1.0,False
225,-0.0144888888888889,0.03297528422149741,-0.43938632314936144,0.6603816348940601,-1.44888888888889,-6.253333333333333,3.28682000028686,-3.448888888888889,5.608888888888889,2.0,ITF-M|mid|own_matches_7d>=2.0,False
106,0.010047169811320736,0.04891052465223204,0.20541938330776485,0.8372444774878833,1.0047169811320735,-3.858490566037736,4.861152804742857,-0.9952830188679245,5.726415094339623,2.0,ITF-M|mid|own_matches_7d>=3.0,False
43,-0.04058139534883721,0.07586219242693129,-0.5349357044739285,0.5926943178843282,-4.058139534883721,-9.046511627906977,7.531032402387887,-6.058139534883721,5.976744186046512,2.0,ITF-M|mid|own_matches_7d>=4.0,False
450,-0.013611111111111109,0.023023363422264503,-0.5911869113766682,0.5543951915268237,-1.361111111111111,-6.448888888888889,2.3030802829316497,-3.361111111111111,6.1755555555555555,2.0,ITF-M|mid|own_matches_7d<=1.0,False
569,-0.01836555360281196,0.020453614114502285,-0.8979123933794262,0.36923225686187067,-1.836555360281196,-6.854130052724077,2.0455944332984597,-3.8365553602811953,6.035149384885765,2.0,ITF-M|mid|own_matches_7d<=2.0,False
632,-0.012088607594936714,0.01948959626492806,-0.6202595184945118,0.5350869420330171,-1.2088607594936713,-6.2025316455696204,1.9480917008507805,-3.2088607594936707,5.987341772151899,2.0,ITF-M|mid|own_matches_7d<=3.0,False
663,-0.010852187028657628,0.019020693770460558,-0.5705463302033309,0.5683072080909148,-1.0852187028657627,-6.073906485671191,1.900659850845147,-3.085218702865762,5.97737556561086,2.0,ITF-M|mid|own_matches_7d<=4.0,False
644,-0.010745341614906838,0.019308091619026066,-0.5565201277747434,0.5778553386810479,-1.0745341614906838,-6.001552795031056,1.928380013148314,-3.0745341614906834,5.854037267080745,2.0,ITF-M|mid|round_ordinal>=2.0,False
637,-0.011310832025117748,0.019423171359337903,-0.5823370352792537,0.560339684020041,-1.1310832025117747,-6.032967032967033,1.9392119539928028,-3.131083202511774,5.803767660910518,2.0,ITF-M|mid|round_ordinal>=4.0,False
387,-0.016950904392764872,0.024896890374782397,-0.6808442394851901,0.4959700539154124,-1.6950904392764872,-6.8242894056847545,2.483952662663205,-3.695090439276486,6.258397932816537,2.0,ITF-M|mid|round_ordinal>=5.0,False
144,-0.026145833333333347,0.04144758015393352,-0.6308168833072879,0.5281602628568411,-2.614583333333335,-7.381944444444445,4.128178845401565,-4.614583333333333,5.534722222222222,2.0,ITF-M|mid|round_ordinal>=6.0,False
257,-0.001400778210116743,0.030633993190352194,-0.04572626890045472,0.9635284261488519,-0.14007782101167432,-4.762645914396887,3.0636401073051442,-2.140077821011673,5.245136186770428,2.0,ITF-M|mid|round_ordinal<=4.0,False
500,-0.006310000000000006,0.021835187625419538,-0.288983090424842,0.7725943176509751,-0.6310000000000006,-5.604,2.1826273369919034,-2.631,5.946,2.0,ITF-M|mid|round_ordinal<=5.0,False
584,-0.013895547945205486,0.020238851410837762,-0.6865778923484027,0.4923487638550528,-1.3895547945205486,-6.309931506849315,2.022245889348104,-3.389554794520548,5.840753424657534,2.0,ITF-M|mid|round_ordinal<=6.0,False
675,-0.013903703703703717,0.01886464409048317,-0.7370244377267554,0.4611074883222561,-1.3903703703703716,-6.383703703703704,1.8847993708919395,-3.3903703703703703,5.986666666666666,2.0,ITF-M|mid|open_price>=20.0,False
675,-0.013903703703703717,0.01886464409048317,-0.7370244377267554,0.4611074883222561,-1.3903703703703716,-6.383703703703704,1.8847993708919395,-3.3903703703703703,5.986666666666666,2.0,ITF-M|mid|open_price>=35.0,False
372,0.0064381720430107345,0.025615295172916105,0.2513409273463312,0.8015505350375143,0.6438172043010735,-4.432795698924731,2.5565841205389552,-1.3561827956989247,6.153225806451613,2.0,ITF-M|mid|open_price>=50.0,False
317,-0.04347003154574133,0.027246640839217594,-1.5954271868689411,0.11061674048764658,-4.347003154574133,-9.220820189274448,2.726371305053571,-6.347003154574132,5.747634069400631,2.0,ITF-M|mid|open_price<=50.0,False
675,-0.013903703703703717,0.01886464409048317,-0.7370244377267554,0.4611074883222561,-1.3903703703703716,-6.383703703703704,1.8847993708919395,-3.3903703703703703,5.986666666666666,2.0,ITF-M|mid|open_price<=65.0,False
675,-0.013903703703703717,0.01886464409048317,-0.7370244377267554,0.4611074883222561,-1.3903703703703716,-6.383703703703704,1.8847993708919395,-3.3903703703703703,5.986666666666666,2.0,ITF-M|mid|open_price<=80.0,False
283,0.03026501766784449,0.022017834652269166,1.374568305458928,0.16926532032512398,3.026501766784449,-1.3498233215547704,2.2024003312626896,1.3975265017667844,5.720848056537102,1.6289752650176679,ITF-M|dear|form_last3_diff>=-0.67,False
263,0.032680608365018966,0.022650610858863517,1.442813554506437,0.1490729998208058,3.268060836501897,-1.1140684410646389,2.267437606437109,1.6406844106463878,5.722433460076045,1.6273764258555132,ITF-M|dear|form_last3_diff>=-0.34,False
231,0.023290043290043246,0.02482849114734642,0.9380369975697215,0.3482253971339775,2.3290043290043245,-2.0735930735930737,2.484068374314467,0.6926406926406926,5.757575757575758,1.6363636363636365,ITF-M|dear|form_last3_diff>=0.0,False
41,-0.01000000000000004,0.06044247416285033,-0.1654465694613528,0.8685925015575573,-1.000000000000004,-5.170731707317073,6.042825058011945,-2.5365853658536586,5.609756097560975,1.5365853658536586,ITF-M|dear|form_last3_diff>=0.34,False
213,0.026361502347417808,0.026105826914181878,1.0097938071096701,0.3125940877954507,2.636150234741781,-1.7793427230046948,2.607858570642729,0.9788732394366197,5.713615023474178,1.6572769953051643,ITF-M|dear|form_last3_diff<=0.0,False
250,0.033619999999999976,0.023580299073965763,1.4257664796592304,0.1539357596712585,3.3619999999999974,-1.016,2.3565066241959767,1.726,5.684,1.636,ITF-M|dear|form_last3_diff<=0.34,False
284,0.027235915492957712,0.022238237511219484,1.2247335464070312,0.22067563026794557,2.7235915492957714,-1.619718309859155,2.222329059507549,1.1003521126760563,5.651408450704225,1.6232394366197183,ITF-M|dear|form_last3_diff<=0.67,False
281,0.032651245551601385,0.0219770035741088,1.4857005160643444,0.13735835408227404,3.2651245551601384,-1.1209964412811388,2.198007966397802,1.6387900355871887,5.740213523131673,1.6263345195729537,ITF-M|dear|form_last5_diff>=-0.6,False
252,0.02910714285714283,0.02331485368280077,1.2484377235708324,0.2118708014272297,2.910714285714283,-1.4880952380952381,2.3333027218555817,1.2797619047619047,5.757936507936508,1.630952380952381,ITF-M|dear|form_last5_diff>=-0.3,False
222,0.018941441441441404,0.025437341433776333,0.7446313322779278,0.4564946212152208,1.8941441441441405,-2.4864864864864864,2.5464478135057846,0.2635135135135135,5.725225225225225,1.6306306306306306,ITF-M|dear|form_last5_diff>=0.0,False
57,0.02350877192982452,0.047812742523551645,0.4916842391595619,0.6229425817500873,2.350877192982452,-1.8070175438596492,4.776222868022342,0.8245614035087719,5.543859649122807,1.5263157894736843,ITF-M|dear|form_last5_diff>=0.3,False
187,0.023770053475935794,0.02824328595320726,0.8416178455763752,0.40000189702273947,2.3770053475935793,-2.0748663101604277,2.821552176826113,0.7192513368983957,5.759358288770054,1.6577540106951871,ITF-M|dear|form_last5_diff<=0.0,False
236,0.029491525423728786,0.024546826311927464,1.2014394467523755,0.2295807822117648,2.9491525423728784,-1.4533898305084745,2.4529194219815915,1.305084745762712,5.720338983050848,1.6440677966101696,ITF-M|dear|form_last5_diff<=0.3,False
274,0.028813868613138654,0.022648134944422686,1.2722402389356275,0.20328777461262515,2.8813868613138656,-1.4744525547445255,2.2634567132414714,1.2536496350364963,5.6678832116788325,1.6277372262773722,ITF-M|dear|form_last5_diff<=0.6,False
279,0.034605734767025054,0.021920329517879256,1.578705043589741,0.11440372743260374,3.460573476702505,-0.9247311827956989,2.1926250223714763,1.8369175627240144,5.745519713261649,1.6236559139784945,ITF-M|dear|winrate_diff>=-0.5,False
253,0.029486166007905115,0.023225610147212205,1.2695539889376974,0.20424354771321074,2.9486166007905115,-1.4466403162055337,2.3244315746263577,1.3201581027667983,5.75494071146245,1.6284584980237153,ITF-M|dear|winrate_diff>=-0.25,False
223,0.019641255605381134,0.02534490051573761,0.7749588755807163,0.4383639605058154,1.9641255605381134,-2.4394618834080717,2.5353754287935404,0.336322869955157,5.7757847533632285,1.6278026905829597,ITF-M|dear|winrate_diff>=0.0,False
72,0.0583333333333333,0.038909479234948634,1.499206221216605,0.1338201416143281,5.83333333333333,1.8194444444444444,3.8933014174085394,4.305555555555555,5.277777777777778,1.5277777777777777,ITF-M|dear|winrate_diff>=0.25,False
45,0.012777777777777737,0.05612970988889038,0.22764731553167733,0.8199204330817682,1.2777777777777737,-3.0444444444444443,5.595899974156362,-0.3,5.844444444444444,1.5777777777777777,ITF-M|dear|winrate_diff>=0.5,False
47,0.010957446808510612,0.05913296575271023,0.18530183069683767,0.8529923022080061,1.0957446808510611,-2.9574468085106385,5.886056325140593,-0.5,5.127659574468085,1.5957446808510638,ITF-M|dear|winrate_diff<=-0.25,False
186,0.027499999999999962,0.028150802284876097,0.9768815723868098,0.32862778573273155,2.749999999999996,-1.6827956989247312,2.809459489934111,1.0940860215053763,5.736559139784946,1.6559139784946237,ITF-M|dear|winrate_diff<=0.0,False
232,0.027456896551724112,0.024944650465019882,1.1007128197778187,0.2710216649690178,2.745689655172411,-1.6379310344827587,2.4932644980570235,1.0948275862068966,5.672413793103448,1.6508620689655173,ITF-M|dear|winrate_diff<=0.25,False
270,0.026870370370370347,0.022957701187713803,1.17042948467116,0.2418281760004639,2.6870370370370344,-1.6814814814814816,2.29401764777365,1.0574074074074074,5.685185185185185,1.6296296296296295,ITF-M|dear|winrate_diff<=0.5,False
274,0.03273722627737223,0.02247234993485333,1.4567780571358344,0.14517765484410639,3.273722627737223,-1.0802919708029197,2.2432017608657877,1.6423357664233578,5.671532846715328,1.6313868613138687,ITF-M|dear|rest_diff_days>=-3.0,False
259,0.030444015444015413,0.023291545530004197,1.3070843841082764,0.19118405418770656,3.0444015444015413,-1.2625482625482625,2.3247215127004233,1.4073359073359073,5.579150579150579,1.6370656370656371,ITF-M|dear|rest_diff_days>=-1.0,False
160,0.022749999999999965,0.029387878549843933,0.7741286925973355,0.43885469132001065,2.2749999999999964,-1.8625,2.9262352589770533,0.675,5.2875,1.6,ITF-M|dear|rest_diff_days>=0.0,False
67,0.08641791044776116,0.03728167350346865,2.3179729429184803,0.02045079159400709,8.641791044776117,4.507462686567164,3.6877425490731306,7.08955223880597,5.313432835820896,1.5522388059701493,ITF-M|dear|rest_diff_days>=1.0,False
40,0.09349999999999999,0.04909312187450107,1.9045437818971502,0.05683940030885015,9.349999999999998,5.175,4.8476649811255275,7.75,5.35,1.6,ITF-M|dear|rest_diff_days>=3.0,False
132,0.02617424242424238,0.03362973383692839,0.778306559045697,0.4363883096784862,2.617424242424238,-1.9772727272727273,3.3723794395883573,0.9734848484848485,6.128787878787879,1.643939393939394,ITF-M|dear|rest_diff_days<=0.0,False
224,0.009843749999999969,0.026174626974961594,0.37607985815486156,0.7068575278842526,0.9843749999999969,-3.4285714285714284,2.6196192570117476,-0.6584821428571429,5.78125,1.6428571428571428,ITF-M|dear|rest_diff_days<=1.0,False
251,0.01695219123505972,0.024186968743369768,0.7008811817192564,0.4833771692882629,1.695219123505972,-2.681274900398406,2.4196621607126425,0.0697211155378486,5.725099601593626,1.6254980079681276,ITF-M|dear|rest_diff_days<=3.0,False
591,0.028502538071065953,0.01504870825863469,1.8940189138633667,0.058222499404956274,2.8502538071065953,-1.404399323181049,1.5053513275674557,1.2749576988155669,5.5786802030456855,1.5752961082910322,ITF-M|dear|workload_diff>=-2.0,False
560,0.02814285714285711,0.015467005947269637,1.8195413668813594,0.06882887770127732,2.814285714285711,-1.4535714285714285,1.546292228260463,1.2392857142857143,5.603571428571429,1.575,ITF-M|dear|workload_diff>=-1.0,False
448,0.03492187499999996,0.0168799702778323,2.0688351001341085,0.03856156342271877,3.4921874999999964,-0.7924107142857143,1.6874784632759605,1.9274553571428572,5.640625,1.5647321428571428,ITF-M|dear|workload_diff>=0.0,False
149,0.04100671140939595,0.02769133837485606,1.480849746382441,0.1386466168977627,4.100671140939595,-0.20134228187919462,2.772889337668611,2.5838926174496644,5.74496644295302,1.516778523489933,ITF-M|dear|workload_diff>=1.0,False
75,0.056733333333333295,0.036083548362965394,1.5722770045409935,0.1158863236298644,5.673333333333329,1.5066666666666666,3.607218655200489,4.233333333333333,5.693333333333333,1.44,ITF-M|dear|workload_diff>=2.0,False
147,0.014217687074829895,0.03203761493263623,0.4437810712415597,0.6572008749915164,1.4217687074829894,-2.727891156462585,3.2104827516964454,-0.19047619047619047,5.346938775510204,1.6122448979591837,ITF-M|dear|workload_diff<=-1.0,False
446,0.026065022421524624,0.017703209691098575,1.4723331461543094,0.14093093668025536,2.6065022421524624,-1.6278026905829597,1.7704319985852424,1.0100896860986548,5.50896860986547,1.5964125560538116,ITF-M|dear|workload_diff<=0.0,False
520,0.02592307692307689,0.016316244268998876,1.5887894601045627,0.11210793361809723,2.592307692307689,-1.6711538461538462,1.6322155615450071,0.9961538461538462,5.55,1.5961538461538463,ITF-M|dear|workload_diff<=1.0,False
560,0.02723214285714282,0.015632289745602917,1.7420444029834294,0.08150067484797141,2.723214285714282,-1.542857142857143,1.5638295227083858,1.1321428571428571,5.567857142857143,1.5910714285714285,ITF-M|dear|workload_diff<=2.0,False
587,0.02909710391822824,0.015081022972023267,1.929385292510073,0.053683048186723425,2.909710391822824,-1.3509369676320273,1.5085017472491191,1.3356047700170357,5.587734241908007,1.574105621805792,ITF-M|dear|experience_diff>=-3.0,False
546,0.033150183150183116,0.015446517112267048,2.1461267228880017,0.03186286978388386,3.3150183150183117,-0.978021978021978,1.544367680843813,1.7417582417582418,5.65934065934066,1.5732600732600732,ITF-M|dear|experience_diff>=-1.0,False
445,0.036943820224719065,0.016750091380911377,2.2055891746847855,0.027412777727893634,3.6943820224719066,-0.5730337078651685,1.6756547949454077,2.134831460674157,5.6134831460674155,1.5595505617977528,ITF-M|dear|experience_diff>=0.0,False
199,0.061683417085427086,0.022768852964709745,2.7091139453108335,0.006746316606824898,6.168341708542709,1.8592964824120604,2.279514085346662,4.6206030150753765,5.723618090452261,1.5477386934673367,ITF-M|dear|experience_diff>=1.0,False
77,0.07331168831168829,0.03292652324381643,2.226523819986252,0.025979115286907106,7.331168831168829,3.0259740259740258,3.290034146358005,5.837662337662338,5.857142857142857,1.4935064935064934,ITF-M|dear|experience_diff>=3.0,False
150,0.008633333333333297,0.032503171301707746,0.26561510731353444,0.7905356494778806,0.8633333333333296,-3.34,3.2511960284197765,-0.7633333333333333,5.433333333333334,1.6266666666666667,ITF-M|dear|experience_diff<=-1.0,False
396,0.013787878787878747,0.019323228279539435,0.7135390933862826,0.4755122311665778,1.3787878787878747,-2.8434343434343434,1.9325744395789994,-0.21212121212121213,5.48989898989899,1.5909090909090908,ITF-M|dear|experience_diff<=0.0,False
469,0.014061833688699328,0.017699580243912674,0.7944727216644328,0.4269202831895136,1.4061833688699328,-2.8486140724946694,1.7699173274618591,-0.1908315565031983,5.537313432835821,1.5970149253731343,ITF-M|dear|experience_diff<=1.0,False
553,0.02765822784810123,0.015688095791789702,1.7630073283066032,0.07789925368683992,2.7658227848101227,-1.4972875226039783,1.5688506339997816,1.1871609403254972,5.575045207956601,1.5786618444846292,ITF-M|dear|experience_diff<=3.0,False
192,0.006354166666666633,0.027060458817432805,0.23481370768825144,0.8143533279761734,0.6354166666666633,-3.6822916666666665,2.709168651179162,-0.9270833333333334,5.6875,1.5625,ITF-M|dear|own_rest_days>=1.0,False
152,0.007828947368421008,0.030287222670964425,0.2584901050014869,0.7960286845753664,0.7828947368421009,-3.5065789473684212,3.0310924594862727,-0.7631578947368421,5.644736842105263,1.5460526315789473,ITF-M|dear|own_rest_days>=2.0,False
135,0.02155555555555552,0.03200489125599538,0.6735081642096685,0.5006240565225744,2.155555555555552,-2.185185185185185,3.196203960189931,0.562962962962963,5.674074074074074,1.5925925925925926,ITF-M|dear|own_rest_days>=3.0,False
95,0.013368421052631547,0.03861635767516997,0.346185447241891,0.7292033507687954,1.3368421052631547,-2.905263157894737,3.872609581208543,-0.29473684210526313,5.410526315789474,1.631578947368421,ITF-M|dear|own_rest_days>=5.0,False
44,0.0982954545454545,0.046290499433316694,2.1234476998255984,0.033716353696530366,9.82954545454545,5.5,4.670031757636789,8.102272727272727,5.5227272727272725,1.7272727272727273,ITF-M|dear|own_rest_days>=7.0,False
181,0.057569060773480625,0.026413061106481832,2.1795679244217943,0.029289504596431648,5.756906077348063,1.3867403314917126,2.632230042420002,4.110497237569061,5.723756906077348,1.6464088397790055,ITF-M|dear|own_rest_days<=1.0,False
221,0.04728506787330313,0.024267602202827976,1.9484853706639735,0.051356913613782584,4.728506787330313,0.34841628959276016,2.4214359278766033,3.085972850678733,5.746606334841629,1.6425339366515836,ITF-M|dear|own_rest_days<=2.0,False
238,0.03668067226890752,0.02354816274596898,1.5576872244602857,0.11930741043522874,3.6680672268907517,-0.6764705882352942,2.352962783115347,2.0588235294117645,5.722689075630252,1.6092436974789917,ITF-M|dear|own_rest_days<=3.0,False
278,0.03730215827338126,0.02176245276969646,1.7140603896139572,0.08651763550990976,3.730215827338126,-0.6474820143884892,2.1711603505295822,2.1366906474820144,5.805755395683454,1.5935251798561152,ITF-M|dear|own_rest_days<=5.0,False
329,0.022234042553191457,0.02054488697052523,1.0822178085033798,0.27915575716915875,2.2234042553191458,-2.121580547112462,2.0506078053492374,0.6367781155015197,5.729483282674772,1.5866261398176291,ITF-M|dear|own_rest_days<=7.0,False
329,0.022234042553191457,0.02054488697052523,1.0822178085033798,0.27915575716915875,2.2234042553191458,-2.121580547112462,2.0506078053492374,0.6367781155015197,5.729483282674772,1.5866261398176291,ITF-M|dear|own_matches_7d>=1.0,False
178,0.027977528089887602,0.027526019909296484,1.0164029591665966,0.30943753705955035,2.7977528089887604,-1.4438202247191012,2.7580433447547494,1.2191011235955056,5.47191011235955,1.5786516853932584,ITF-M|dear|own_matches_7d>=2.0,False
89,0.05511235955056177,0.034811983829298204,1.5831433169912745,0.11338880247810135,5.511235955056177,1.303370786516854,3.4960361508024445,3.9831460674157304,5.53932584269663,1.5280898876404494,ITF-M|dear|own_matches_7d>=3.0,False
42,0.04857142857142853,0.04553058145560426,1.0667869159279093,0.2860680681983905,4.857142857142853,1.119047619047619,4.557823407848752,3.4047619047619047,4.857142857142857,1.4523809523809523,ITF-M|dear|own_matches_7d>=4.0,False
417,0.03058752997601915,0.01784861106597987,1.7137204605416128,0.08658007734264705,3.058752997601915,-1.196642685851319,1.784168299660146,1.4832134292565948,5.609112709832134,1.5755395683453237,ITF-M|dear|own_matches_7d<=1.0,False
506,0.025355731225296406,0.016501113923800815,1.5366072461765081,0.1243895170321998,2.5355731225296405,-1.7233201581027668,1.6497329633366338,0.950592885375494,5.573122529644269,1.5849802371541502,ITF-M|dear|own_matches_7d<=2.0,False
553,0.028381555153707015,0.015732061558140276,1.8040582315813203,0.07122217868404768,2.8381555153707017,-1.4520795660036165,1.5735613775126462,1.2522603978300182,5.6220614828209765,1.5858951175406872,ITF-M|dear|own_matches_7d<=3.0,False
581,0.02868330464716003,0.015239123897689619,1.8822148070801277,0.05980685601829716,2.868330464716003,-1.4010327022375215,1.5242939006645788,1.2882960413080895,5.592082616179002,1.5800344234079173,ITF-M|dear|own_matches_7d<=4.0,False
562,0.025854092526690357,0.015581595202565541,1.6592712229126212,0.09706115131969062,2.5854092526690358,-1.6334519572953736,1.5583463661947903,1.00355871886121,5.494661921708185,1.5818505338078293,ITF-M|dear|round_ordinal>=2.0,False
557,0.024317773788150768,0.015704406850138512,1.5484681478394255,0.12150962479470229,2.431777378815077,-1.779174147217235,1.57084304791584,0.8500897666068222,5.481149012567325,1.5816876122082586,ITF-M|dear|round_ordinal>=4.0,False
292,0.0515753424657534,0.020376659419524594,2.5310990091111165,0.011370574718911453,5.15753424657534,0.7226027397260274,2.0371858743286095,3.537671232876712,5.883561643835616,1.61986301369863,ITF-M|dear|round_ordinal>=5.0,False
77,0.03305194805194803,0.045100059244413286,0.7328581958801372,0.46364492233405397,3.3051948051948026,-0.6363636363636364,4.514763096078001,1.5389610389610389,4.532467532467533,1.7662337662337662,ITF-M|dear|round_ordinal>=6.0,False
270,-0.0019629629629630036,0.02371955961489993,-0.08275714198883895,0.9340446479153681,-0.19629629629630035,-4.181481481481481,2.37484785749318,-1.737037037037037,5.074074074074074,1.5407407407407407,ITF-M|dear|round_ordinal<=4.0,False
485,0.024711340206185522,0.016594026563566563,1.4891708237011705,0.1364423916556179,2.4711340206185524,-1.7917525773195877,1.6592612884620963,0.9185567010309278,5.6474226804123715,1.552577319587629,ITF-M|dear|round_ordinal<=5.0,False
534,0.027827715355805204,0.015827532443457644,1.758184066607797,0.07871619540578578,2.7827715355805203,-1.4213483146067416,1.5828502422289144,1.2153558052434457,5.49438202247191,1.5674157303370786,ITF-M|dear|round_ordinal<=6.0,False
595,0.029806722689075592,0.014963560296747717,1.9919539266035498,0.04637611329072455,2.980672268907559,-1.2705882352941176,1.4968427621221587,1.4042016806722688,5.568067226890756,1.576470588235294,ITF-M|dear|open_price>=20.0,False
595,0.029806722689075592,0.014963560296747717,1.9919539266035498,0.04637611329072455,2.980672268907559,-1.2705882352941176,1.4968427621221587,1.4042016806722688,5.568067226890756,1.576470588235294,ITF-M|dear|open_price>=35.0,False
595,0.029806722689075592,0.014963560296747717,1.9919539266035498,0.04637611329072455,2.980672268907559,-1.2705882352941176,1.4968427621221587,1.4042016806722688,5.568067226890756,1.576470588235294,ITF-M|dear|open_price>=50.0,False
595,0.029806722689075592,0.014963560296747717,1.9919539266035498,0.04637611329072455,2.980672268907559,-1.2705882352941176,1.4968427621221587,1.4042016806722688,5.568067226890756,1.576470588235294,ITF-M|dear|open_price>=65.0,False
313,0.03341853035143766,0.016335979279463047,2.0457010736693406,0.04078579005328731,3.3418530351437656,-0.19169329073482427,1.6284043883496366,2.146964856230032,4.964856230031949,1.194888178913738,ITF-M|dear|open_price>=80.0,False
293,0.022098976109214987,0.025435322084430105,0.8688302053286199,0.38494000923463645,2.2098976109214985,-2.8156996587030716,2.545619234064209,0.2098976109215017,6.235494880546075,2.0,ITF-M|dear|open_price<=80.0,False
838,-0.012953460620525072,0.014669781403039164,-0.8830029749346832,0.3772346641647961,-1.2953460620525072,-5.577565632458234,1.466939899937393,-3.086515513126492,4.984486873508353,1.7911694510739857,ITF-W|any|form_last3_diff>=-0.67,False
772,-0.009630829015544056,0.015440396528365954,-0.6237423370475629,0.5327968141607831,-0.9630829015544056,-5.246113989637306,1.544020632945691,-2.759715025906736,4.97279792746114,1.7966321243523315,ITF-W|any|form_last3_diff>=-0.34,False
674,-0.006654302670623158,0.016555421212873695,-0.40194100681948775,0.6877274428096336,-0.6654302670623158,-4.939169139465875,1.6569099440477406,-2.46513353115727,4.94213649851632,1.7997032640949555,ITF-W|any|form_last3_diff>=0.0,False
78,0.023012820512820494,0.047059411842410734,0.4890163223859282,0.6248301411210107,2.3012820512820493,-1.9871794871794872,4.706804703766148,0.532051282051282,5.012820512820513,1.7692307692307692,ITF-W|any|form_last3_diff>=0.34,False
82,-0.023719512195121976,0.0433433046494083,-0.5472474327230558,0.5842087530743416,-2.3719512195121975,-6.7926829268292686,4.325186484131837,-4.103658536585366,5.402439024390244,1.7317073170731707,ITF-W|any|form_last3_diff<=-0.34,False
640,-0.02888281250000001,0.016743694960740452,-1.7249963384857756,0.08452813237833157,-2.8882812500000012,-7.2015625,1.6725797384018357,-4.68046875,5.0421875,1.7921875,ITF-W|any|form_last3_diff<=0.0,False
776,-0.014400773195876303,0.015311565601525879,-0.940516049804939,0.34695292095788366,-1.4400773195876304,-5.737113402061856,1.5308393744758662,-3.232603092783505,5.014175257731959,1.7925257731958764,ITF-W|any|form_last3_diff<=0.34,False
845,-0.009887573964497057,0.014668068233162456,-0.6740883535121981,0.5002551434550813,-0.9887573964497057,-5.289940828402367,1.4666487612893608,-2.779289940828402,5.023668639053255,1.7905325443786981,ITF-W|any|form_last3_diff<=0.67,False
815,-0.006650306748466271,0.014911068497225503,-0.4459980013976658,0.6555986896116939,-0.665030674846627,-4.938650306748467,1.4913491327973323,-2.452760736196319,4.971779141104294,1.7877300613496931,ITF-W|any|form_last5_diff>=-0.6,False
727,-0.012173314993122434,0.015932794417753082,-0.7640414276329546,0.44484255520012717,-1.2173314993122435,-5.488308115543329,1.5947161737557747,-3.013755158184319,4.951856946354883,1.796423658872077,ITF-W|any|form_last5_diff>=-0.3,False
652,-0.0020552147239263955,0.01686258776420859,-0.1218801498716975,0.902993936520254,-0.20552147239263954,-4.47239263803681,1.687753458088713,-2.0015337423312882,4.941717791411043,1.7960122699386503,ITF-W|any|form_last5_diff>=0.0,False
132,0.011363636363636347,0.03567502340599358,0.31853199462028103,0.7500814292816691,1.1363636363636347,-3.0833333333333335,3.5726821241661266,-0.6136363636363636,4.96969696969697,1.75,ITF-W|any|form_last5_diff>=0.3,False
44,-0.09170454545454546,0.06417819717923692,-1.4289049784061856,0.15303154636581873,-9.170454545454545,-13.840909090909092,6.351403033045526,-10.965909090909092,5.795454545454546,1.7954545454545454,ITF-W|any|form_last5_diff<=-0.6,False
129,-0.005232558139534903,0.035161107457930114,-0.14881664764955432,0.8816983139931183,-0.5232558139534903,-4.945736434108527,3.4906837194390588,-2.2674418604651163,5.3565891472868215,1.744186046511628,ITF-W|any|form_last5_diff<=-0.3,False
603,-0.02837479270315093,0.01726193597911995,-1.6437781218441023,0.1002220421168909,-2.837479270315093,-7.157545605306799,1.7241824000345767,-4.625207296849088,5.064676616915423,1.7877280265339968,ITF-W|any|form_last5_diff<=0.0,False
728,-0.013722527472527486,0.015833576357527114,-0.8666726431646595,0.38612139873550233,-1.3722527472527486,-5.674450549450549,1.5827571203895439,-3.168956043956044,5.008241758241758,1.7967032967032968,ITF-W|any|form_last5_diff<=0.3,False
829,-0.011465621230398088,0.014859243663081837,-0.7716153991662921,0.4403422509703554,-1.1465621230398089,-5.447527141133897,1.4853718010489447,-2.9390832328106153,5.019300361881785,1.7925211097708083,ITF-W|any|form_last5_diff<=0.6,False
810,-0.006598765432098782,0.01494186236774884,-0.44162938124378937,0.658757419199121,-0.6598765432098782,-4.935802469135803,1.4945881311491913,-2.45,4.9716049382716045,1.7901234567901234,ITF-W|any|winrate_diff>=-0.5,False
726,-0.012031680440771369,0.0159540268961238,-0.7541469322516056,0.4507609988188457,-1.2031680440771368,-5.472451790633609,1.5968139106404369,-3.0006887052341598,4.946280991735537,1.7975206611570247,ITF-W|any|winrate_diff>=-0.25,False
641,-0.0018408736349454116,0.0169932140782783,-0.10832992666752322,0.9137339842511465,-0.18408736349454116,-4.450858034321373,1.7007032462645333,-1.9812792511700468,4.942277691107645,1.797191887675507,ITF-W|any|winrate_diff>=0.0,False
166,0.02620481927710842,0.03260034305259027,0.80382035351086,0.42150073327606385,2.620481927710842,-1.6204819277108433,3.2658806288515008,0.8493975903614458,4.951807228915663,1.7710843373493976,ITF-W|any|winrate_diff>=0.25,False
85,0.015764705882352924,0.04528833132671388,0.3480964173447901,0.7277677748289639,1.5764705882352923,-2.623529411764706,4.52599019515767,-0.17647058823529413,4.91764705882353,1.7529411764705882,ITF-W|any|winrate_diff>=0.5,False
86,-0.01598837209302328,0.0432614312615501,-0.369575661895251,0.7116986881066134,-1.598837209302328,-6.023255813953488,4.312231727826034,-3.3430232558139537,5.406976744186046,1.744186046511628,ITF-W|any|winrate_diff<=-0.5,False
145,-0.023103448275862085,0.03310872852603846,-0.6978053614379154,0.48529892569692556,-2.3103448275862086,-6.7172413793103445,3.283721364670381,-4.082758620689655,5.310344827586207,1.7724137931034483,ITF-W|any|winrate_diff<=-0.25,False
593,-0.024806070826306932,0.01740977384444993,-1.4248359024040322,0.15420464151488966,-2.4806070826306934,-6.795952782462058,1.739324701343794,-4.264755480607082,5.059021922428331,1.7841483979763912,ITF-W|any|winrate_diff<=0.0,False
718,-0.015000000000000015,0.01595735211718543,-0.940005577983431,0.3472146994994887,-1.5000000000000016,-5.813370473537605,1.594795178586377,-3.3008356545961,5.022284122562674,1.8008356545961002,ITF-W|any|winrate_diff<=0.25,False
826,-0.011785714285714302,0.014912053726827565,-0.7903481640836088,0.4293244658351807,-1.1785714285714302,-5.485472154963681,1.490605169837739,-2.973970944309927,5.02542372881356,1.7953995157384988,ITF-W|any|winrate_diff<=0.5,False
796,-0.01773241206030152,0.01515400759376143,-1.1701467054564207,0.24194193565952982,-1.7732412060301521,-6.0703517587939695,1.5149550310459112,-3.568467336683417,5.006281407035176,1.7952261306532664,ITF-W|any|rest_diff_days>=-3.0,False
738,-0.025724932249322506,0.015730227816094938,-1.6353820523184752,0.10196898241708263,-2.5724932249322507,-6.890243902439025,1.572465595499854,-4.374661246612466,5.031165311653116,1.8021680216802167,ITF-W|any|rest_diff_days>=-1.0,False
445,-0.007359550561797764,0.0200498698110682,-0.36706226180755774,0.7135725761577414,-0.7359550561797764,-5.044943820224719,2.001177785004886,-2.5292134831460675,5.035955056179775,1.7932584269662921,ITF-W|any|rest_diff_days>=0.0,False
138,0.02434782608695651,0.03648392763660848,0.6673575917995617,0.5045437474668788,2.434782608695651,-1.963768115942029,3.621891918678728,0.6666666666666666,5.2898550724637685,1.7681159420289856,ITF-W|any|rest_diff_days>=1.0,False
70,0.05814285714285715,0.046177281417774586,1.2591225675852968,0.20798606424760413,5.814285714285715,1.3857142857142857,4.588548752164548,4.128571428571429,5.485714285714286,1.6857142857142857,ITF-W|any|rest_diff_days>=3.0,False
58,0.08163793103448273,0.05081778117361555,1.6064835801384598,0.10816769983922558,8.163793103448274,3.8793103448275863,5.091009452469542,6.439655172413793,5.120689655172414,1.7241379310344827,ITF-W|any|rest_diff_days<=-3.0,False
116,0.08280172413793101,0.03737032997169066,2.2157076001377622,0.02671153406111193,8.280172413793101,4.120689655172414,3.7377918256633915,6.564655172413793,4.905172413793103,1.7155172413793103,ITF-W|any|rest_diff_days<=-1.0,False
411,-0.015352798053527995,0.021139462734910804,-0.7262624526485051,0.46767789259597414,-1.5352798053527996,-5.829683698296837,2.1171887370364075,-3.32360097323601,5.012165450121654,1.7883211678832116,ITF-W|any|rest_diff_days<=0.0,False
716,-0.017793296089385482,0.015875429691766856,-1.1208072118270442,0.2623699336994274,-1.7793296089385482,-6.055865921787709,1.5895283310464452,-3.5740223463687153,4.960893854748603,1.7946927374301676,ITF-W|any|rest_diff_days<=1.0,False
784,-0.01715561224489797,0.015301586894306097,-1.1211655603695443,0.26221739634623864,-1.715561224489797,-6.0,1.5306403069512087,-3.5153061224489797,4.971938775510204,1.7997448979591837,ITF-W|any|rest_diff_days<=3.0,False
1536,-0.002861328125000013,0.010750362171774136,-0.266161091066554,0.7901151473187413,-0.28613281250000133,-4.684244791666667,1.0751999068294638,-2.0322265625,5.302734375,1.74609375,ITF-W|any|workload_diff>=-2.0,False
1420,-0.005813380281690156,0.011129165241106274,-0.5223554647403446,0.601422857973883,-0.5813380281690156,-4.967605633802817,1.1128996130690743,-2.322887323943662,5.288028169014084,1.741549295774648,ITF-W|any|workload_diff>=-1.0,False
1189,-0.0034566862910008554,0.012160282399502816,-0.28426036315918,0.7762108593247667,-0.34566862910008556,-4.725820016820858,1.2157722533743844,-2.0874684608915053,5.276703111858705,1.7417998317914214,ITF-W|any|workload_diff>=0.0,False
373,0.031058981233243948,0.021176617397015488,1.4666639459435682,0.14246749531495606,3.105898123324395,-1.2815013404825737,2.1197934307216264,1.376675603217158,5.305630026809651,1.7292225201072386,ITF-W|any|workload_diff>=1.0,False
151,0.07066225165562912,0.03213487976926605,2.1989269031966576,0.027883120298143993,7.066225165562912,2.8211920529801326,3.2181752894485474,5.370860927152318,5.072847682119205,1.695364238410596,ITF-W|any|workload_diff>=2.0,False
185,0.02483783783783782,0.03260069600481092,0.7618806001618025,0.4461312694921624,2.483783783783782,-1.9081081081081082,3.267083986419627,0.7378378378378379,5.281081081081081,1.7459459459459459,ITF-W|any|workload_diff<=-2.0,False
416,0.0010817307692307589,0.021122184599032347,0.05121301559310846,0.9591557805118069,0.10817307692307589,-4.298076923076923,2.115456597899054,-1.6346153846153846,5.3173076923076925,1.7427884615384615,ITF-W|any|workload_diff<=-1.0,False
1232,-0.012374188311688324,0.012129780797345146,-1.0201493760214257,0.30765762248736306,-1.2374188311688323,-5.624188311688312,1.2130392858092076,-2.9833603896103895,5.2816558441558445,1.7459415584415585,ITF-W|any|workload_diff<=0.0,False
1454,-0.009855570839064666,0.011128241336539795,-0.8856359725686133,0.3758137206465211,-0.9855570839064666,-5.387207702888583,1.1129189406178202,-2.732462173314993,5.30949105914718,1.7469050894085283,ITF-W|any|workload_diff<=1.0,False
1543,-0.008771872974724577,0.010757078063030499,-0.8154512706263054,0.4148140468248771,-0.8771872974724577,-5.265068049254698,1.0754278471309477,-2.6231367465975373,5.2799740764744,1.745949449125081,ITF-W|any|workload_diff<=2.0,False
1512,-0.0020568783068783208,0.01084237400247276,-0.18970737464038964,0.8495384416282197,-0.20568783068783209,-4.613095238095238,1.0845163476224602,-1.9490740740740742,5.328042328042328,1.7433862433862435,ITF-W|any|experience_diff>=-3.0,False
1329,-0.0049548532731377125,0.011493913230293478,-0.43108497287752695,0.6664065866389666,-0.49548532731377126,-4.890142964635064,1.1494904001468853,-2.2321294206170053,5.317531978931528,1.7366440933032354,ITF-W|any|experience_diff>=-1.0,False
1106,-0.0037251356238698196,0.012613211397165779,-0.2953360176542246,0.7677372048163931,-0.37251356238698197,-4.7594936708860756,1.261039402122431,-2.109403254972875,5.3092224231464735,1.7368896925858952,ITF-W|any|experience_diff>=0.0,False
411,0.025267639902676376,0.019859346157714862,1.272329899585366,0.20325592943428017,2.5267639902676375,-1.8588807785888077,1.9902376051101838,0.7895377128953771,5.311435523114355,1.7372262773722629,ITF-W|any|experience_diff>=1.0,False
121,0.07995867768595036,0.03488926282829264,2.291784669669481,0.021918071733515898,7.995867768595036,3.7355371900826446,3.508152029270398,6.318181818181818,5.1652892561983474,1.677685950413223,ITF-W|any|experience_diff>=3.0,False
153,0.021470588235294113,0.03602031048390178,0.5960689385198321,0.5511291736132979,2.1470588235294112,-2.065359477124183,3.607133183588652,0.4084967320261438,4.882352941176471,1.738562091503268,ITF-W|any|experience_diff<=-3.0,False
499,0.0009218436873747378,0.01918490874786244,0.04805045984268487,0.961676027881893,0.09218436873747378,-4.294589178356714,1.920949123325572,-1.6613226452905812,5.238476953907815,1.7535070140280562,ITF-W|any|experience_diff<=-1.0,False
1194,-0.011762981574539377,0.012400083847031129,-0.9486211318930485,0.3428133393405304,-1.1762981574539377,-5.563651591289783,1.2396091921073258,-2.9200167504187604,5.278894472361809,1.743718592964824,ITF-W|any|experience_diff<=0.0,False
1395,-0.008971326164874567,0.01141940683201545,-0.7856210306583138,0.4320895398668476,-0.8971326164874567,-5.313978494623656,1.1415433183560268,-2.6476702508960575,5.3254480286738355,1.750537634408602,ITF-W|any|experience_diff<=1.0,False
1543,-0.006691510045366187,0.010764539759337378,-0.6216252803155692,0.5341882939261906,-0.6691510045366187,-5.068049254698639,1.0761574942150067,-2.416396629941672,5.304601425793908,1.747245625405055,ITF-W|any|experience_diff<=3.0,False
414,0.027499999999999986,0.020043683140517864,1.3720033292887843,0.17006240139250628,2.7499999999999987,-1.644927536231884,2.0026313011193566,1.0108695652173914,5.345410628019324,1.7391304347826086,ITF-W|any|own_rest_days>=1.0,False
295,0.035322033898305065,0.02369742645037711,1.4905430331124823,0.13608151026796822,3.5322033898305065,-0.9457627118644067,2.3651382782683594,1.8271186440677967,5.5864406779661016,1.7050847457627119,ITF-W|any|own_rest_days>=2.0,False
261,0.022816091954022975,0.02518923522189903,0.9057874029532706,0.3650483898303285,2.2816091954022975,-2.157088122605364,2.5128451594883447,0.5689655172413793,5.490421455938697,1.7126436781609196,ITF-W|any|own_rest_days>=3.0,False
178,0.023033707865168517,0.03047308994625621,0.755870438665454,0.44972687929304556,2.303370786516852,-2.2191011235955056,3.0299948653258206,0.5674157303370787,5.629213483146067,1.7359550561797752,ITF-W|any|own_rest_days>=5.0,False
73,0.0784931506849315,0.049445333355095565,1.5874733844188438,0.11240547034590964,7.84931506849315,3.2054794520547945,4.939125583668038,6.136986301369863,5.890410958904109,1.7123287671232876,ITF-W|any|own_rest_days>=7.0,False
615,-0.01919512195121953,0.017346658503243812,-1.1065602027981387,0.26848412169600766,-1.919512195121953,-6.234146341463415,1.737199023073923,-3.7178861788617885,5.019512195121951,1.7983739837398374,ITF-W|any|own_rest_days<=1.0,False
734,-0.014768392370572222,0.015759489775374246,-0.9371110728247871,0.3487014262734185,-1.4768392370572223,-5.771117166212534,1.5784343188825731,-3.279291553133515,4.975476839237057,1.8024523160762942,ITF-W|any|own_rest_days<=2.0,False
768,-0.008300781250000016,0.015395070929687327,-0.5391843459449787,0.5897596606678592,-0.8300781250000016,-5.145833333333333,1.5418037557827493,-2.6256510416666665,5.03515625,1.7955729166666667,ITF-W|any|own_rest_days<=3.0,False
851,-0.005311398354876636,0.014566460882774152,-0.36463204052246706,0.7153860942973491,-0.5311398354876636,-4.841363102232667,1.4592217933653513,-2.3137485311398356,5.050528789659224,1.7826086956521738,ITF-W|any|own_rest_days<=5.0,False
956,-0.006433054393305456,0.01362625840381178,-0.47210717738230235,0.6368502896717412,-0.6433054393305455,-4.9675732217573225,1.3636660475479743,-2.422594142259414,5.094142259414226,1.7792887029288702,ITF-W|any|own_rest_days<=7.0,False
956,-0.006433054393305456,0.01362625840381178,-0.47210717738230235,0.6368502896717412,-0.6433054393305455,-4.9675732217573225,1.3636660475479743,-2.422594142259414,5.094142259414226,1.7792887029288702,ITF-W|any|own_matches_7d>=1.0,False
508,-0.008513779527559068,0.019078109281799406,-0.44625908164187156,0.6554101098386691,-0.8513779527559069,-5.1200787401574805,1.9069846335921858,-2.6466535433070866,4.923228346456693,1.795275590551181,ITF-W|any|own_matches_7d>=2.0,False
242,0.00630165289256197,0.0280936016562443,0.22430918504752545,0.822516729660866,0.630165289256197,-3.652892561983471,2.812867926012852,-1.18801652892562,4.93801652892562,1.8181818181818181,ITF-W|any|own_matches_7d>=3.0,False
105,0.09152380952380951,0.042305313825599204,2.1634116674115744,0.030509530991235323,9.15238095238095,4.923809523809524,4.233472393336898,7.371428571428571,4.914285714285715,1.7809523809523808,ITF-W|any|own_matches_7d>=4.0,False
1097,0.0006061987237921442,0.012641255580230618,0.047953996337212354,0.961752906000704,0.06061987237921442,-4.381039197812215,1.2649109081036558,-1.6567912488605288,5.455788514129444,1.7174111212397447,ITF-W|any|own_matches_7d<=1.0,False
1363,-0.0038041085840058893,0.01136672194370572,-0.33467068191215854,0.7378735197678796,-0.3804108584005889,-4.785766691122524,1.1367368656884163,-2.1089508437270728,5.3492296404988995,1.7285399853264858,ITF-W|any|own_matches_7d<=2.0,False
1500,-0.008846666666666683,0.010863766215327503,-0.8143277838752708,0.41545719713315465,-0.8846666666666683,-5.282666666666667,1.0865544011606099,-2.624,5.3133333333333335,1.7393333333333334,ITF-W|any|own_matches_7d<=3.0,False
1572,-0.0019592875318066327,0.010609456268098132,-0.18467369884902288,0.8534849765974126,-0.19592875318066327,-4.588422391857506,1.061144368887928,-1.9408396946564885,5.291348600508906,1.744910941475827,ITF-W|any|own_matches_7d<=4.0,False
1605,-0.0022803738317757156,0.01053829108799854,-0.21638933796132312,0.8286842764794742,-0.22803738317757155,-4.614953271028037,1.0541012821842886,-1.9700934579439253,5.287227414330218,1.7420560747663552,ITF-W|any|round_ordinal>=2.0,False
1592,-0.0020131909547738834,0.010593572628584532,-0.19003890617049343,0.8492786433032702,-0.20131909547738835,-4.5873115577889445,1.0597993892172544,-1.9431532663316582,5.284547738693467,1.7418341708542713,ITF-W|any|round_ordinal>=4.0,False
806,-0.02869727047146403,0.015025646439111182,-1.9098859132453787,0.05614790419765514,-2.8697270471464034,-7.384615384615385,1.4993264670721365,-4.667493796526054,5.439205955334987,1.7977667493796525,ITF-W|any|round_ordinal>=5.0,False
250,-0.04756000000000001,0.02953257315420439,-1.6104251990392229,0.10730506306124155,-4.756000000000001,-9.06,2.9548954683568187,-6.672,4.76,1.916,ITF-W|any|round_ordinal>=6.0,False
799,0.0243679599499374,0.01472707701607983,1.6546365530193892,0.0979982441706273,2.43679599499374,-1.821026282853567,1.4762512758851998,0.7509386733416771,5.133917396745932,1.6858573216520651,ITF-W|any|round_ordinal<=4.0,False
1355,0.006073800738007364,0.011220974983069553,0.5412899277622172,0.588307761803684,0.6073800738007364,-3.7948339483394835,1.1223633746647224,-1.1025830258302582,5.38450184501845,1.7099630996309962,ITF-W|any|round_ordinal<=5.0,False
1505,0.0017475083056478263,0.0107867725934975,0.1620047415017595,0.8713021200186579,0.17475083056478263,-4.228571428571429,1.079298153213128,-1.5528239202657808,5.346179401993355,1.7275747508305648,ITF-W|any|round_ordinal<=6.0,False
1354,2.9542097488904027e-05,0.011958308280569785,0.00247042447775869,0.9980288884555151,0.0029542097488904026,-4.532496307237814,1.1960441141174685,-1.844903988183161,5.428360413589365,1.8478581979320532,ITF-W|any|open_price>=20.0,False
1068,0.0005337078651685167,0.013444107694405164,0.0396982735708538,0.9683336780844338,0.05337078651685167,-4.403558052434457,1.3440450642008905,-1.75374531835206,5.367041198501872,1.807116104868914,ITF-W|any|open_price>=35.0,False
786,0.011125954198473247,0.01499343078738555,0.742055261150361,0.4580538546534547,1.1125954198473247,-3.268447837150127,1.4997405855032764,-0.6253180661577609,5.377862595419847,1.737913486005089,ITF-W|any|open_price>=50.0,False
482,0.010819502074688755,0.016900951661518532,0.6401711744625294,0.5220613207650704,1.0819502074688756,-2.9439834024896268,1.6912674145390467,-0.49066390041493774,5.056016597510373,1.5726141078838174,ITF-W|any|open_price>=65.0,False
247,0.046963562753036384,0.01637226705546142,2.868482574462429,0.004124459173874051,4.696356275303638,1.45748987854251,1.6423657295160852,3.5303643724696356,4.396761133603239,1.165991902834008,ITF-W|any|open_price>=80.0,False
266,-0.01766917293233083,0.019078038543024867,-0.926152491645472,0.35436673798115725,-1.766917293233083,-5.432330827067669,1.910114055901511,-2.9849624060150375,4.609022556390977,1.218045112781955,ITF-W|any|open_price<=20.0,False
544,-0.010441176470588238,0.01656363663976954,-0.6303673944113709,0.5284542383978139,-1.0441176470588238,-5.305147058823529,1.659713599032295,-2.661764705882353,5.147058823529412,1.6176470588235294,ITF-W|any|open_price<=35.0,False
833,-0.018493397358943574,0.014727541798489239,-1.255701570023087,0.20922418978031176,-1.8493397358943575,-6.241296518607443,1.4729465141263245,-3.599639855942377,5.192076830732293,1.7503001200480193,ITF-W|any|open_price<=50.0,False
1131,-0.008023872679045096,0.013163048780292678,-0.6095755484138445,0.5421430131529656,-0.8023872679045095,-5.340406719717064,1.3161337773383044,-2.618479221927498,5.376657824933687,1.8160919540229885,ITF-W|any|open_price<=65.0,False
1366,-0.010732064421669118,0.012029943716300302,-0.8921126045774772,0.3723325795073995,-1.0732064421669119,-5.666910688140557,1.2022771261372371,-2.9209370424597365,5.449487554904832,1.8477306002928258,ITF-W|any|open_price<=80.0,False
270,-0.03175925925925926,0.023454849496768005,-1.3540593924354778,0.17571743011568897,-3.1759259259259256,-7.322222222222222,2.34473806524566,-4.868518518518519,4.781481481481482,1.6925925925925926,ITF-W|cheap|form_last3_diff>=-0.67,False
245,-0.021877551020408167,0.02510932480467595,-0.8712918881966133,0.3835947984981358,-2.187755102040817,-6.359183673469388,2.512419442013043,-3.8938775510204082,4.8,1.7061224489795919,ITF-W|cheap|form_last3_diff>=-0.34,False
216,-0.018541666666666675,0.026734114325247117,-0.693558291892106,0.48795925758250824,-1.8541666666666674,-5.9907407407407405,2.67729624644834,-3.553240740740741,4.74537037037037,1.6990740740740742,ITF-W|cheap|form_last3_diff>=0.0,False
208,-0.050745192307692304,0.025859868548702918,-1.9623143950682451,0.049725892291376805,-5.07451923076923,-9.33173076923077,2.5768840568089653,-6.752403846153846,5.024038461538462,1.6778846153846154,ITF-W|cheap|form_last3_diff<=0.0,False
254,-0.031948818897637794,0.024282524706258933,-1.315712401577536,0.1882705901600037,-3.1948818897637796,-7.393700787401575,2.4263469010427983,-4.8799212598425195,4.9015748031496065,1.68503937007874,ITF-W|cheap|form_last3_diff<=0.34,False
271,-0.022361623616236167,0.023920949307742672,-0.9348133858967802,0.3498844798895111,-2.2361623616236166,-6.446494464944649,2.3918137862408275,-3.933579335793358,4.900369003690037,1.6974169741697418,ITF-W|cheap|form_last3_diff<=0.67,False
258,-0.025116279069767444,0.02419755400111038,-1.0379676833705964,0.2992851006829431,-2.511627906976744,-6.658914728682171,2.4218300577299345,-4.1976744186046515,4.790697674418604,1.686046511627907,ITF-W|cheap|form_last5_diff>=-0.6,False
230,-0.01769565217391305,0.025961216965376933,-0.681618746821953,0.4954800577364482,-1.769565217391305,-5.917391304347826,2.599358154315475,-3.473913043478261,4.765217391304348,1.7043478260869565,ITF-W|cheap|form_last5_diff>=-0.3,False
199,-0.009422110552763817,0.028156795815022055,-0.3346300699363308,0.7379041588443918,-0.9422110552763816,-5.060301507537688,2.8225764165160294,-2.635678391959799,4.728643216080402,1.693467336683417,ITF-W|cheap|form_last5_diff>=0.0,False
47,-0.0647872340425532,0.05473972505201186,-1.1835505929376613,0.23659100803806332,-6.4787234042553195,-10.872340425531915,5.42390100825429,-8.117021276595745,5.382978723404255,1.6382978723404256,ITF-W|cheap|form_last5_diff<=-0.3,False
204,-0.05230392156862744,0.02610649805554186,-2.0034828668843394,0.04512548477791478,-5.230392156862744,-9.504901960784315,2.598503696344484,-6.916666666666667,5.049019607843137,1.6862745098039216,ITF-W|cheap|form_last5_diff<=0.0,False
241,-0.029481327800829876,0.025028410608466826,-1.1779145013250134,0.23883069329095186,-2.9481327800829877,-7.145228215767635,2.4993426418348594,-4.636929460580913,4.8921161825726145,1.6887966804979253,ITF-W|cheap|form_last5_diff<=0.3,False
271,-0.022361623616236167,0.023920949307742672,-0.9348133858967802,0.3498844798895111,-2.2361623616236166,-6.446494464944649,2.3918137862408275,-3.933579335793358,4.900369003690037,1.6974169741697418,ITF-W|cheap|form_last5_diff<=0.6,False
255,-0.028294117647058827,0.024192145170059513,-1.1695580300202548,0.2421788755213008,-2.8294117647058825,-6.980392156862745,2.422244265888779,-4.523529411764706,4.780392156862745,1.6941176470588235,ITF-W|cheap|winrate_diff>=-0.5,False
229,-0.017270742358078604,0.0260707345414772,-0.6624570677363055,0.5076783405311465,-1.7270742358078603,-5.868995633187773,2.61014934509727,-3.4344978165938866,4.746724890829694,1.7074235807860263,ITF-W|cheap|winrate_diff>=-0.25,False
197,-0.008654822335025384,0.02845344499823628,-0.3041748489703747,0.7609946851783846,-0.8654822335025384,-4.99492385786802,2.852702291281285,-2.565989847715736,4.746192893401015,1.700507614213198,ITF-W|cheap|winrate_diff>=0.0,False
44,0.016249999999999997,0.06344916165893752,0.25611055489353346,0.7978654721027132,1.6249999999999998,-2.5681818181818183,6.403817384196734,-0.14772727272727273,4.704545454545454,1.7727272727272727,ITF-W|cheap|winrate_diff>=0.25,False
54,-0.06703703703703703,0.05059836206696331,-1.3248855160235882,0.18520912550900226,-6.703703703703703,-11.074074074074074,5.013040426722327,-8.37037037037037,5.296296296296297,1.6666666666666667,ITF-W|cheap|winrate_diff<=-0.25,False
203,-0.045763546798029554,0.02645124767181606,-1.7301091943118756,0.08361076784111976,-4.5763546798029555,-8.842364532019705,2.633403375143977,-6.25615763546798,5.044334975369458,1.6798029556650247,ITF-W|cheap|winrate_diff<=0.0,False
240,-0.032375,0.024964373586581982,-1.2968480818361543,0.19468346317827856,-3.2375000000000003,-7.441666666666666,2.4920626554071883,-4.925,4.908333333333333,1.6875,ITF-W|cheap|winrate_diff<=0.25,False
271,-0.022361623616236167,0.023920949307742672,-0.9348133858967802,0.3498844798895111,-2.2361623616236166,-6.446494464944649,2.3918137862408275,-3.933579335793358,4.900369003690037,1.6974169741697418,ITF-W|cheap|winrate_diff<=0.5,False
252,-0.028730158730158724,0.02474133996549769,-1.16122080575359,0.24555211575514058,-2.8730158730158726,-7.091269841269841,2.470655263513526,-4.583333333333333,4.888888888888889,1.7103174603174602,ITF-W|cheap|rest_diff_days>=-3.0,False
236,-0.037478813559322026,0.025107279700174647,-1.4927468848431764,0.13550345559816934,-3.7478813559322024,-8.004237288135593,2.505885591841691,-5.463983050847458,4.944915254237288,1.7161016949152543,ITF-W|cheap|rest_diff_days>=-1.0,False
132,-0.03575757575757576,0.03423338771938577,-1.0445234357371784,0.2962432821791361,-3.5757575757575757,-7.7727272727272725,3.394311397361614,-5.28030303030303,4.863636363636363,1.7045454545454546,ITF-W|cheap|rest_diff_days>=0.0,False
43,0.035930232558139555,0.06852428331246584,0.5243430623608314,0.6000399507245886,3.5930232558139554,-0.7906976744186046,6.737077630096585,1.872093023255814,5.325581395348837,1.7209302325581395,ITF-W|cheap|rest_diff_days>=1.0,False
40,0.04575,0.06631571486805776,0.6898817285016763,0.4902685669897604,4.575,0.775,6.674049197624159,3.0,4.4,1.575,ITF-W|cheap|rest_diff_days<=-1.0,False
144,-0.0159375,0.03251180112495009,-0.49020661570697477,0.6239876998505292,-1.59375,-5.777777777777778,3.27513952270824,-3.28125,4.868055555555555,1.6875,ITF-W|cheap|rest_diff_days<=0.0,False
233,-0.0367381974248927,0.024852000516383504,-1.478279279797749,0.13933304130948132,-3.6738197424892696,-7.828326180257511,2.49541956093502,-5.364806866952789,4.781115879828326,1.6909871244635193,ITF-W|cheap|rest_diff_days<=1.0,False
255,-0.02554901960784314,0.0244425492585033,-1.045268205768468,0.2958990279236118,-2.554901960784314,-6.694117647058824,2.446923503699006,-4.249019607843137,4.756862745098039,1.6941176470588235,ITF-W|cheap|rest_diff_days<=3.0,False
491,-0.01625254582484725,0.017296843163577654,-0.9396249749821746,0.34740996088707354,-1.6252545824847249,-5.918533604887983,1.7313796435415967,-3.2627291242362526,5.164969450101833,1.6374745417515275,ITF-W|cheap|workload_diff>=-2.0,False
451,-0.022682926829268292,0.017705670823158236,-1.2811108404658706,0.20015473672176576,-2.268292682926829,-6.549889135254989,1.7712794894603685,-3.9002217294900223,5.1529933481153,1.6319290465631928,ITF-W|cheap|workload_diff>=-1.0,False
385,-0.024246753246753246,0.01890787280313878,-1.2823628283943285,0.1997153974501935,-2.4246753246753245,-6.716883116883117,1.892344275711348,-4.055844155844156,5.187012987012987,1.6311688311688313,ITF-W|cheap|workload_diff>=0.0,False
121,-0.009462809917355377,0.034824619709670684,-0.27172758801807056,0.7858314869805116,-0.9462809917355377,-5.1652892561983474,3.5056692987829696,-2.574380165289256,5.016528925619835,1.628099173553719,ITF-W|cheap|workload_diff>=1.0,False
73,0.0752054794520548,0.05293196201089396,1.420795235902586,0.1553762961013978,7.520547945205481,3.1780821917808217,5.328777394315794,5.917808219178082,5.342465753424658,1.6027397260273972,ITF-W|cheap|workload_diff<=-2.0,False
139,0.03305755395683453,0.03664731971236533,0.9020456125112047,0.3670326383021969,3.305755395683453,-0.9784172661870504,3.675695289225229,1.6870503597122302,5.158273381294964,1.618705035971223,ITF-W|cheap|workload_diff<=-1.0,False
403,-0.00892059553349876,0.01945868266274918,-0.45843779294350406,0.6466379449307049,-0.8920595533498761,-5.20347394540943,1.9459781160372096,-2.5198511166253104,5.228287841191067,1.6277915632754343,ITF-W|cheap|workload_diff<=0.0,False
485,-0.012412371134020625,0.01755992764016527,-0.7068577609414227,0.4796548752769674,-1.2412371134020626,-5.554639175257732,1.7570338469306288,-2.865979381443299,5.241237113402062,1.6247422680412371,ITF-W|cheap|workload_diff<=1.0,False
515,-0.015126213592233016,0.01695219762314467,-0.8922862939953782,0.3722394987506834,-1.5126213592233015,-5.815533980582524,1.6966852373262025,-3.141747572815534,5.2,1.629126213592233,ITF-W|cheap|workload_diff<=2.0,False
484,-0.014173553719008265,0.017504936277985463,-0.80968896395431,0.4181189624318129,-1.4173553719008265,-5.743801652892562,1.7526983303806423,-3.0557851239669422,5.231404958677686,1.6384297520661157,ITF-W|cheap|experience_diff>=-3.0,False
413,-0.021719128329297822,0.018462729281506364,-1.1763769049602708,0.23944429642403375,-2.1719128329297823,-6.467312348668281,1.8473453606780388,-3.7966101694915255,5.200968523002421,1.6246973365617434,ITF-W|cheap|experience_diff>=-1.0,False
343,-0.01986880466472303,0.02018284387325912,-0.984440289460289,0.32489907658053685,-1.986880466472303,-6.294460641399417,2.0196198486946555,-3.619533527696793,5.227405247813411,1.6326530612244898,ITF-W|cheap|experience_diff>=0.0,False
108,-0.02453703703703704,0.03629165687778546,-0.6761068286208901,0.4989728214437028,-2.453703703703704,-6.564814814814815,3.651561284978757,-4.111111111111111,4.7407407407407405,1.6574074074074074,ITF-W|cheap|experience_diff>=1.0,False
66,0.0946969696969697,0.05566067260987063,1.7013263630626076,0.08888172020737994,9.469696969696969,5.212121212121212,5.616970421320827,7.893939393939394,5.151515151515151,1.5757575757575757,ITF-W|cheap|experience_diff<=-3.0,False
181,0.011464088397790059,0.03087164113574461,0.3713469053161676,0.7103791661051782,1.1464088397790058,-3.110497237569061,3.0958684028969183,-0.4723756906077348,5.088397790055248,1.6187845303867403,ITF-W|cheap|experience_diff<=-1.0,False
416,-0.0050240384615384635,0.019208496681454336,-0.26155292342003716,0.7936661423985258,-0.5024038461538464,-4.8389423076923075,1.9217702602954927,-2.1225961538461537,5.293269230769231,1.6201923076923077,ITF-W|cheap|experience_diff<=0.0,False
483,-0.011242236024844728,0.017612139910390234,-0.6383231158760214,0.5232633675792633,-1.1242236024844727,-5.436853002070394,1.762174383737137,-2.749482401656315,5.238095238095238,1.6252587991718426,ITF-W|cheap|experience_diff<=1.0,False
511,-0.01541095890410959,0.017023331215758032,-0.9052845596897091,0.365314654138984,-1.541095890410959,-5.851272015655577,1.7039181781174702,-3.1731898238747553,5.219178082191781,1.6320939334637965,ITF-W|cheap|experience_diff<=3.0,False
115,0.0006521739130434702,0.03753907304539213,0.017373202376490853,0.9861388873346255,0.06521739130434702,-4.026086956521739,3.735117140917957,-1.6043478260869566,4.773913043478261,1.6695652173913043,ITF-W|cheap|own_rest_days>=1.0,False
78,0.04666666666666667,0.04820985064475619,0.9679902767286964,0.3330492257412061,4.666666666666667,0.4230769230769231,4.791125635874205,3.0,5.102564102564102,1.6666666666666667,ITF-W|cheap|own_rest_days>=2.0,False
71,0.018028169014084508,0.049032026538695525,0.3676814989455286,0.7131107373717527,1.8028169014084507,-2.4788732394366195,4.86306902108068,0.15492957746478872,5.211267605633803,1.647887323943662,ITF-W|cheap|own_rest_days>=3.0,False
54,-0.01,0.05598336330693106,-0.17862449501603886,0.858232559572947,-1.0,-5.537037037037037,5.525097617040062,-2.685185185185185,5.666666666666667,1.6851851851851851,ITF-W|cheap|own_rest_days>=5.0,False
214,-0.028785046728971964,0.02630374117650235,-1.094332799878909,0.27380904487148783,-2.8785046728971966,-7.107476635514018,2.6463919042634867,-4.55607476635514,4.953271028037383,1.6775700934579438,ITF-W|cheap|own_rest_days<=1.0,False
251,-0.03874501992031872,0.023846648074787938,-1.6247574836851897,0.10421424354980013,-3.874501992031872,-8.03585657370518,2.3975840339504204,-5.551792828685259,4.824701195219124,1.6772908366533865,ITF-W|cheap|own_rest_days<=2.0,False
258,-0.02854651162790697,0.02394185725689021,-1.1923265317978449,0.23313323514548223,-2.854651162790697,-7.007751937984496,2.4070134521596236,-4.536821705426356,4.8023255813953485,1.682170542635659,ITF-W|cheap|own_rest_days<=3.0,False
275,-0.020163636363636366,0.02335559839940043,-0.8633320379474411,0.38795493410498594,-2.0163636363636366,-6.127272727272727,2.3481191429912767,-3.689090909090909,4.738181818181818,1.6727272727272726,ITF-W|cheap|own_rest_days<=5.0,False
314,-0.02573248407643312,0.02171068104322385,-1.185245364952037,0.23592044821838032,-2.573248407643312,-6.732484076433121,2.1798649973311215,-4.251592356687898,4.834394904458598,1.678343949044586,ITF-W|cheap|own_rest_days<=7.0,False
314,-0.02573248407643312,0.02171068104322385,-1.185245364952037,0.23592044821838032,-2.573248407643312,-6.732484076433121,2.1798649973311215,-4.251592356687898,4.834394904458598,1.678343949044586,ITF-W|cheap|own_matches_7d>=1.0,False
153,-0.03571895424836602,0.030826130106518832,-1.1587232690233957,0.24656900286886385,-3.571895424836602,-7.640522875816994,3.092063121892325,-5.290849673202614,4.516339869281046,1.7189542483660132,ITF-W|cheap|own_matches_7d>=2.0,False
62,-0.019919354838709675,0.05048999617333982,-0.3945208229036799,0.6931965568136378,-1.9919354838709675,-6.096774193548387,5.095528969842706,-3.717741935483871,4.596774193548387,1.7258064516129032,ITF-W|cheap|own_matches_7d>=3.0,False
371,0.001954177897574123,0.02032346752580231,0.09615376387386326,0.9233984516802629,0.1954177897574123,-4.185983827493262,2.03469607179586,-1.394878706199461,5.452830188679245,1.5902964959568733,ITF-W|cheap|own_matches_7d<=1.0,False
462,-0.007586580086580082,0.018038500949045102,-0.4205770816549859,0.6740639320297257,-0.7586580086580083,-5.073593073593074,1.8047149044112167,-2.3733766233766236,5.257575757575758,1.6147186147186148,ITF-W|cheap|own_matches_7d<=2.0,False
504,-0.015456349206349213,0.01707227905057856,-0.9053477371449955,0.36528119391129343,-1.5456349206349214,-5.845238095238095,1.7088271667868307,-3.1666666666666665,5.2103174603174605,1.621031746031746,ITF-W|cheap|own_matches_7d<=3.0,False
516,-0.014990310077519383,0.016917011405640964,-0.886108646384247,0.37555898423911804,-1.4990310077519382,-5.804263565891473,1.6934069561284821,-3.126937984496124,5.207364341085271,1.627906976744186,ITF-W|cheap|own_matches_7d<=4.0,False
524,-0.009045801526717563,0.01697316928412524,-0.5329471105421644,0.5940701925347456,-0.9045801526717563,-5.194656488549619,1.69992043513346,-2.532442748091603,5.179389312977099,1.6278625954198473,ITF-W|cheap|round_ordinal>=2.0,False
519,-0.007630057803468213,0.017122634223294277,-0.4456123808968596,0.6558772657016334,-0.7630057803468213,-5.063583815028902,1.7150651635549659,-2.3911368015414256,5.198458574181117,1.628131021194605,ITF-W|cheap|round_ordinal>=4.0,False
260,-0.050499999999999996,0.02281865564491137,-2.2131014546100856,0.026890651853254788,-5.05,-9.446153846153846,2.2814324141465328,-6.719230769230769,5.292307692307692,1.6692307692307693,ITF-W|cheap|round_ordinal>=5.0,False
76,-0.003289473684210529,0.04856633667646495,-0.06773155871574302,0.9459993267658695,-0.32894736842105293,-4.4868421052631575,4.8472996071081775,-2.1315789473684212,4.578947368421052,1.8026315789473684,ITF-W|cheap|round_ordinal>=6.0,False
264,0.03178030303030303,0.024886267180535694,1.2770216923154858,0.20159458897403804,3.1780303030303028,-1.0075757575757576,2.4946884029238965,1.5909090909090908,5.068181818181818,1.5871212121212122,ITF-W|cheap|round_ordinal<=4.0,False
448,-0.010022321428571427,0.018085907796018885,-0.5541508638442559,0.579475602615048,-1.0022321428571428,-5.314732142857143,1.812624488467746,-2.6004464285714284,5.28125,1.5982142857142858,ITF-W|cheap|round_ordinal<=5.0,False
498,-0.010502008032128515,0.017274215514572214,-0.6079586087871378,0.5432149264117774,-1.0502008032128516,-5.36144578313253,1.7299558974638842,-2.6666666666666665,5.236947791164659,1.6164658634538152,ITF-W|cheap|round_ordinal<=6.0,False
286,-0.0018531468531468478,0.02621210021012601,-0.07069814468475738,0.9436379974714451,-0.18531468531468479,-5.013986013986014,2.6258483718395342,-2.1853146853146854,5.6573426573426575,2.0,ITF-W|cheap|open_price>=20.0,False
253,-0.020592885375494075,0.01967583896523946,-1.0466077411933858,0.295280530103589,-2.0592885375494077,-5.782608695652174,1.9691733215895968,-3.2885375494071147,4.687747035573122,1.2292490118577075,ITF-W|cheap|open_price<=20.0,False
524,-0.009045801526717563,0.01697316928412524,-0.5329471105421644,0.5940701925347456,-0.9045801526717563,-5.194656488549619,1.69992043513346,-2.532442748091603,5.179389312977099,1.6278625954198473,ITF-W|cheap|open_price<=35.0,False
524,-0.009045801526717563,0.01697316928412524,-0.5329471105421644,0.5940701925347456,-0.9045801526717563,-5.194656488549619,1.69992043513346,-2.532442748091603,5.179389312977099,1.6278625954198473,ITF-W|cheap|open_price<=50.0,False
524,-0.009045801526717563,0.01697316928412524,-0.5329471105421644,0.5940701925347456,-0.9045801526717563,-5.194656488549619,1.69992043513346,-2.532442748091603,5.179389312977099,1.6278625954198473,ITF-W|cheap|open_price<=65.0,False
524,-0.009045801526717563,0.01697316928412524,-0.5329471105421644,0.5940701925347456,-0.9045801526717563,-5.194656488549619,1.69992043513346,-2.532442748091603,5.179389312977099,1.6278625954198473,ITF-W|cheap|open_price<=80.0,False
332,-0.010873493975903622,0.026538558664210586,-0.40972436044793253,0.6820081580342789,-1.087349397590362,-5.704819277108434,2.6531478819884815,-3.0873493975903616,5.234939759036145,2.0,ITF-W|mid|form_last3_diff>=-0.67,False
311,-0.007170418006430881,0.027485219640778807,-0.260882688955936,0.7941829749082836,-0.7170418006430881,-5.318327974276527,2.7466200396601455,-2.717041800643087,5.202572347266881,2.0,ITF-W|mid|form_last3_diff>=-0.34,False
278,-0.001996402877697847,0.02905796955814356,-0.06870414237660838,0.9452251208580782,-0.1996402877697847,-4.787769784172662,2.906365152259971,-2.199640287769784,5.176258992805756,2.0,ITF-W|mid|form_last3_diff>=0.0,False
253,-0.0265217391304348,0.030373505955348948,-0.8731866242054342,0.3825613642567116,-2.6521739130434803,-7.189723320158103,3.033986991372191,-4.6521739130434785,5.075098814229249,2.0,ITF-W|mid|form_last3_diff<=0.0,False
308,-0.01198051948051949,0.02761844646243677,-0.43378687127872767,0.6644432161684173,-1.1980519480519491,-5.759740259740259,2.760008497327083,-3.198051948051948,5.123376623376624,2.0,ITF-W|mid|form_last3_diff<=0.34,False
334,-0.012754491017964074,0.02646482111844049,-0.4819413273523636,0.6298476268133619,-1.2754491017964074,-5.883233532934132,2.6452660692750656,-3.2754491017964074,5.2155688622754495,2.0,ITF-W|mid|form_last3_diff<=0.67,False
325,-0.0006307692307692365,0.026817742580536725,-0.02352059383354005,0.9812350115245319,-0.06307692307692365,-4.661538461538462,2.6802339503823607,-2.063076923076923,5.196923076923077,2.0,ITF-W|mid|form_last5_diff>=-0.6,False
297,-0.015572390572390581,0.028057160945897767,-0.5550237460739027,0.5788784183427018,-1.5572390572390582,-6.141414141414141,2.8063667909039443,-3.557239057239057,5.168350168350169,2.0,ITF-W|mid|form_last5_diff>=-0.3,False
270,-0.0003518518518518608,0.029507847903542255,-0.01192400926702699,0.9904862425510086,-0.035185185185186076,-4.614814814814815,2.9504978746170614,-2.035185185185185,5.159259259259259,2.0,ITF-W|mid|form_last5_diff>=0.0,False
49,-0.009387755102040828,0.0693158735067629,-0.13543441966615194,0.892268411866646,-0.9387755102040828,-5.857142857142857,6.93163898710969,-2.938775510204082,5.836734693877551,2.0,ITF-W|mid|form_last5_diff>=0.3,False
41,0.007195121951219513,0.07576682152042248,0.09496401996063822,0.9243434056357736,0.7195121951219513,-4.073170731707317,7.5332911736636134,-1.2804878048780488,5.585365853658536,2.0,ITF-W|mid|form_last5_diff<=-0.3,False
232,-0.019116379310344832,0.031906912841275156,-0.5991297060120357,0.5490863936232526,-1.9116379310344833,-6.478448275862069,3.188029149757932,-3.9116379310344827,5.133620689655173,2.0,ITF-W|mid|form_last5_diff<=0.0,False
290,-0.012051724137931038,0.028376717372197855,-0.4247046612142227,0.6710519854221455,-1.2051724137931037,-5.758620689655173,2.836201918940241,-3.2051724137931035,5.106896551724138,2.0,ITF-W|mid|form_last5_diff<=0.3,False
327,-0.011926605504587165,0.026775577341741224,-0.4454285094347689,0.6560101131347817,-1.1926605504587164,-5.7859327217125385,2.6749387689081647,-3.1926605504587156,5.186544342507645,2.0,ITF-W|mid|form_last5_diff<=0.6,False
323,0.001873065015479872,0.02692522444542496,0.06956543739408408,0.944539547232182,0.1873065015479872,-4.414860681114551,2.6911338678715713,-1.8126934984520124,5.204334365325077,2.0,ITF-W|mid|winrate_diff>=-0.5,False
297,-0.015572390572390581,0.028057160945897767,-0.5550237460739027,0.5788784183427018,-1.5572390572390582,-6.141414141414141,2.8063667909039443,-3.557239057239057,5.168350168350169,2.0,ITF-W|mid|winrate_diff>=-0.25,False
263,0.001311787072243335,0.029783934053095776,0.044043445365706695,0.9648697730543663,0.1311787072243335,-4.4600760456273765,2.9768193984768248,-1.8688212927756653,5.182509505703422,2.0,ITF-W|mid|winrate_diff>=0.0,False
67,0.014328358208955227,0.05974693120452358,0.23981747547680562,0.8104717587786299,1.4328358208955227,-3.2686567164179103,5.977365042323156,-0.5671641791044776,5.402985074626866,2.0,ITF-W|mid|winrate_diff>=0.25,False
47,-0.05670212765957447,0.07052519979810117,-0.8039981144598066,0.42139806396173585,-5.670212765957447,-10.297872340425531,6.995301376259396,-7.670212765957447,5.25531914893617,2.0,ITF-W|mid|winrate_diff<=-0.25,False
228,-0.018442982456140355,0.03221820057051016,-0.5724398672041763,0.5670240133304165,-1.8442982456140355,-6.399122807017544,3.220551301922936,-3.844298245614035,5.109649122807017,2.0,ITF-W|mid|winrate_diff<=0.0,False
288,-0.011875000000000009,0.02850170889168611,-0.4166416843680528,0.676940514785461,-1.1875000000000009,-5.75,2.8483368213895672,-3.1875,5.125,2.0,ITF-W|mid|winrate_diff<=0.25,False
327,-0.011926605504587165,0.026775577341741224,-0.4454285094347689,0.6560101131347817,-1.1926605504587164,-5.7859327217125385,2.6749387689081647,-3.1926605504587156,5.186544342507645,2.0,ITF-W|mid|winrate_diff<=0.5,False
318,-0.02507861635220127,0.027208926938824762,-0.9217054538235492,0.3566822350243215,-2.507861635220127,-7.084905660377358,2.7196126478343126,-4.5078616352201255,5.154088050314465,2.0,ITF-W|mid|rest_diff_days>=-3.0,False
299,-0.03459866220735786,0.02800793196751912,-1.2353165613042059,0.21671271246704293,-3.4598662207357864,-8.046822742474916,2.8005844706945573,-5.459866220735786,5.173913043478261,2.0,ITF-W|mid|rest_diff_days>=-1.0,False
180,-0.01908333333333334,0.03609621589136426,-0.5286796098174623,0.5970277242372699,-1.908333333333334,-6.511111111111111,3.6132170720135686,-3.908333333333333,5.205555555555556,2.0,ITF-W|mid|rest_diff_days>=0.0,False
52,0.028557692307692305,0.06594971811427698,0.43302220425275867,0.6649986388208238,2.8557692307692304,-1.8076923076923077,6.594483186184085,0.8557692307692307,5.326923076923077,2.0,ITF-W|mid|rest_diff_days>=1.0,False
159,-0.008836477987421397,0.03832272783051141,-0.23058061071493083,0.8176406321451843,-0.8836477987421397,-5.50314465408805,3.824048639710591,-2.8836477987421385,5.238993710691824,2.0,ITF-W|mid|rest_diff_days<=0.0,False
286,-0.020332167832167843,0.02866991621444925,-0.7091812783854843,0.47821198982865676,-2.0332167832167842,-6.6328671328671325,2.8654025632454254,-4.033216783216783,5.199300699300699,2.0,ITF-W|mid|rest_diff_days<=1.0,False
312,-0.023573717948717952,0.027428166079885907,-0.8594711684353347,0.39008062004681254,-2.357371794871795,-6.9743589743589745,2.7419107200664703,-4.357371794871795,5.233974358974359,2.0,ITF-W|mid|rest_diff_days<=3.0,False
563,-0.005381882770870349,0.020639203689443962,-0.2607601946204418,0.7942774427542785,-0.5381882770870349,-5.36234458259325,2.0619242271960365,-2.5381882770870337,5.648312611012433,2.0,ITF-W|mid|workload_diff>=-2.0,False
517,-0.005019342359767898,0.021553536544481965,-0.23287790147148388,0.8158562187842189,-0.5019342359767898,-5.323017408123791,2.153071144385111,-2.501934235976789,5.6421663442940035,2.0,ITF-W|mid|workload_diff>=-1.0,False
427,0.007950819672131137,0.02369326610777291,0.3355729698035493,0.73719291012011,0.7950819672131136,-4.023419203747072,2.3680024670792528,-1.2049180327868851,5.6370023419203745,2.0,ITF-W|mid|workload_diff>=0.0,False
129,0.0533720930232558,0.042503496877581814,1.255710634279754,0.20922090221067213,5.33720930232558,0.4108527131782946,4.259303718799615,3.3372093023255816,5.852713178294573,2.0,ITF-W|mid|workload_diff>=1.0,False
49,0.09622448979591834,0.06850078991367707,1.4047208786523186,0.16010429472769427,9.622448979591834,4.571428571428571,6.872873820886218,7.622448979591836,6.1020408163265305,2.0,ITF-W|mid|workload_diff>=2.0,False
69,-0.02971014492753623,0.0578158035157139,-0.5138758457185713,0.6073387959555248,-2.971014492753623,-7.7101449275362315,5.775425695542971,-4.971014492753623,5.478260869565218,2.0,ITF-W|mid|workload_diff<=-2.0,False
159,-0.05056603773584905,0.03844975228818981,-1.3151199871677943,0.18846958028140026,-5.0566037735849045,-9.849056603773585,3.835619979725668,-7.056603773584905,5.584905660377358,2.0,ITF-W|mid|workload_diff<=-1.0,False
457,-0.02522975929978119,0.02289130757367722,-1.1021545719298693,0.2703944778084486,-2.522975929978119,-7.301969365426696,2.284925244889648,-4.522975929978118,5.557986870897155,2.0,ITF-W|mid|workload_diff<=0.0,False
537,-0.017430167597765372,0.02109086115070291,-0.8264322387416819,0.40855894182783326,-1.7430167597765371,-6.532588454376164,2.106239877242977,-3.7430167597765363,5.579143389199255,2.0,ITF-W|mid|workload_diff<=1.0,False
566,-0.013348056537102483,0.020525095092186564,-0.6503286088152539,0.5154799811542436,-1.3348056537102482,-6.1325088339222615,2.0485088352655834,-3.3348056537102475,5.595406360424028,2.0,ITF-W|mid|workload_diff<=2.0,False
550,-0.004918181818181828,0.020921234042012002,-0.23508086608589196,0.8141459692515038,-0.49181818181818276,-5.338181818181818,2.0904050653515185,-2.4918181818181817,5.692727272727272,2.0,ITF-W|mid|experience_diff>=-3.0,False
486,-0.0005864197530864236,0.022160242687973026,-0.02646269543810952,0.9788882878995158,-0.05864197530864237,-4.917695473251029,2.2138355563972834,-2.058641975308642,5.7181069958847734,2.0,ITF-W|mid|experience_diff>=-1.0,False
399,0.004385964912280697,0.024506659174265276,0.17897033133289947,0.8579609977083866,0.4385964912280697,-4.4185463659147866,2.4490900827559527,-1.5614035087719298,5.714285714285714,2.0,ITF-W|mid|experience_diff>=0.0,False
148,0.024898648648648637,0.03960419838684269,0.628687100429243,0.529553924817534,2.4898648648648636,-2.4662162162162162,3.97182131355898,0.48986486486486486,5.912162162162162,2.0,ITF-W|mid|experience_diff>=1.0,False
42,0.04654761904761904,0.07392227768848736,0.6296832362738244,0.5289018526300704,4.654761904761904,-0.21428571428571427,7.443752356541146,2.6547619047619047,5.738095238095238,2.0,ITF-W|mid|experience_diff>=3.0,False
55,-0.05890909090909091,0.06270994246522181,-0.9393899690110734,0.34753056126582904,-5.890909090909091,-10.236363636363636,6.241436618941054,-7.890909090909091,4.6909090909090905,2.0,ITF-W|mid|experience_diff<=-3.0,False
187,-0.03419786096256685,0.03560305427040193,-0.9605316640206548,0.3367877027365338,-3.419786096256685,-8.133689839572192,3.5537699943649037,-5.419786096256685,5.427807486631016,2.0,ITF-W|mid|experience_diff<=-1.0,False
438,-0.01901826484018265,0.02345657592150047,-0.8107860628861167,0.4174885395367327,-1.9018264840182648,-6.664383561643835,2.340344892705842,-3.901826484018265,5.525114155251141,2.0,ITF-W|mid|experience_diff<=0.0,False
517,-0.01125725338491296,0.021542083956741523,-0.5225703050604832,0.6012733095915574,-1.125725338491296,-5.940038684719536,2.1505051810786764,-3.125725338491296,5.628626692456479,2.0,ITF-W|mid|experience_diff<=1.0,False
565,-0.007884955752212397,0.020544573038511323,-0.38379749909778355,0.7011285418133322,-0.7884955752212397,-5.594690265486726,2.051234627575905,-2.788495575221239,5.612389380530973,2.0,ITF-W|mid|experience_diff<=3.0,False
153,0.005620915032679738,0.03921604818661116,0.14333201055681044,0.88602797605779,0.5620915032679739,-4.281045751633987,3.931642619045602,-1.4379084967320261,5.686274509803922,2.0,ITF-W|mid|own_rest_days>=1.0,False
102,-0.009019607843137262,0.04797698515659365,-0.18799863754877197,0.8508777192171155,-0.9019607843137262,-5.950980392156863,4.806150557172967,-2.9019607843137254,6.098039215686274,2.0,ITF-W|mid|own_rest_days>=2.0,False
95,-0.013000000000000008,0.049609245787828486,-0.2620479266223702,0.793284492711388,-1.3000000000000007,-6.2105263157894735,4.967010874714078,-3.3,5.821052631578947,2.0,ITF-W|mid|own_rest_days>=3.0,False
62,0.004435483870967733,0.060860989846724306,0.07287893085765286,0.9419024600911876,0.44354838709677336,-4.354838709677419,6.062214759619374,-1.5564516129032258,5.596774193548387,2.0,ITF-W|mid|own_rest_days>=5.0,False
243,-0.009567901234567912,0.03102166391581972,-0.30842643581373763,0.757757868917265,-0.9567901234567913,-5.576131687242798,3.0980292036225894,-2.95679012345679,5.238683127572016,2.0,ITF-W|mid|own_rest_days<=1.0,False
294,-0.0018537414965986453,0.028232522894154576,-0.06565978901525853,0.9476486870112557,-0.18537414965986454,-4.772108843537415,2.8219425401973526,-2.185374149659864,5.173469387755102,2.0,ITF-W|mid|own_rest_days<=2.0,False
301,-0.000764119601328911,0.027919829510091122,-0.027368347684670984,0.9781659436760377,-0.0764119601328911,-4.717607973421927,2.7913348689839323,-2.0764119601328903,5.282392026578073,2.0,ITF-W|mid|own_rest_days<=3.0,False
334,-0.0052095808383233536,0.02654395779517498,-0.1962623990937148,0.8444047901859721,-0.5209580838323353,-5.209580838323354,2.656720895105316,-2.5209580838323356,5.377245508982036,2.0,ITF-W|mid|own_rest_days<=5.0,False
367,-0.010286103542234344,0.02534007981490184,-0.4059223024303718,0.6847996904948965,-1.0286103542234344,-5.70299727520436,2.533156826778171,-3.0286103542234333,5.348773841961853,2.0,ITF-W|mid|own_rest_days<=7.0,False
367,-0.010286103542234344,0.02534007981490184,-0.4059223024303718,0.6847996904948965,-1.0286103542234344,-5.70299727520436,2.533156826778171,-3.0286103542234333,5.348773841961853,2.0,ITF-W|mid|own_matches_7d>=1.0,False
210,0.012999999999999984,0.03352138569863996,0.3878121303478043,0.6981550680152178,1.2999999999999985,-3.3190476190476192,3.3524886741169713,-0.7,5.238095238095238,2.0,ITF-W|mid|own_matches_7d>=2.0,False
107,0.021074766355140186,0.047485161258567644,0.4438179379950555,0.6571742183107983,2.1074766355140184,-2.4766355140186915,4.7518262699444485,0.10747663551401869,5.168224299065421,2.0,ITF-W|mid|own_matches_7d>=3.0,False
45,0.08299999999999996,0.07201139780716254,1.152595318622526,0.24907652560790483,8.299999999999997,3.8222222222222224,7.188394749851022,6.3,4.955555555555555,2.0,ITF-W|mid|own_matches_7d>=4.0,False
376,-0.019614361702127665,0.025291123254579776,-0.7755433202665624,0.4380186777543953,-1.9614361702127665,-6.88031914893617,2.52439672501378,-3.961436170212766,5.837765957446808,2.0,ITF-W|mid|own_matches_7d<=1.0,False
479,-0.014405010438413373,0.022310391773022367,-0.645663715140666,0.5184971642618434,-1.4405010438413373,-6.302713987473904,2.2275935956345423,-3.440501043841336,5.724425887265136,2.0,ITF-W|mid|own_matches_7d<=2.0,False
541,-0.015489833641404807,0.021011965346730426,-0.737191090209708,0.46100615093448627,-1.5489833641404807,-6.388170055452865,2.098817164923884,-3.5489833641404807,5.678373382624769,2.0,ITF-W|mid|own_matches_7d<=3.0,False
576,-0.004470486111111113,0.02038105912235339,-0.21934513237381295,0.8263812072384435,-0.44704861111111127,-5.258680555555555,2.036188640707724,-2.447048611111111,5.623263888888889,2.0,ITF-W|mid|own_matches_7d<=4.0,False
586,-0.007926621160409559,0.020183455721156963,-0.39272864220672643,0.6945199135146152,-0.7926621160409559,-5.604095563139932,2.0161899410784736,-2.7926621160409555,5.622866894197952,2.0,ITF-W|mid|round_ordinal>=2.0,False
580,-0.007887931034482763,0.020287511015319358,-0.3888072335993551,0.697418749411949,-0.7887931034482762,-5.596551724137931,2.027008976177619,-2.788793103448276,5.61551724137931,2.0,ITF-W|mid|round_ordinal>=4.0,False
330,-0.023045454545454553,0.026819393342217113,-0.8592832153730374,0.39018428212192546,-2.304545454545455,-7.0636363636363635,2.6702293777639174,-4.304545454545455,5.5181818181818185,2.0,ITF-W|mid|round_ordinal>=5.0,False
131,-0.044427480916030535,0.04249571292741147,-1.0454579498858811,0.29581136552307274,-4.442748091603053,-8.908396946564885,4.2518546315221,-6.442748091603053,4.931297709923665,2.0,ITF-W|mid|round_ordinal>=6.0,False
256,0.011562499999999984,0.030665183471299033,0.3770562798302467,0.7061317809377472,1.1562499999999984,-3.72265625,3.0763450265421675,-0.84375,5.7578125,2.0,ITF-W|mid|round_ordinal<=4.0,False
455,0.002582417582417578,0.022936412271486486,0.11259030191168666,0.9103553741110895,0.2582417582417578,-4.652747252747253,2.290572175051904,-1.7417582417582418,5.821978021978022,2.0,ITF-W|mid|round_ordinal<=5.0,False
529,-0.0003308128544423437,0.021272547007486823,-0.015551163399752502,0.9875924669264069,-0.033081285444234367,-4.892249527410208,2.1260886221361788,-2.0330812854442346,5.718336483931947,2.0,ITF-W|mid|round_ordinal<=6.0,False
586,-0.007926621160409559,0.020183455721156963,-0.39272864220672643,0.6945199135146152,-0.7926621160409559,-5.604095563139932,2.0161899410784736,-2.7926621160409555,5.622866894197952,2.0,ITF-W|mid|open_price>=20.0,False
586,-0.007926621160409559,0.020183455721156963,-0.39272864220672643,0.6945199135146152,-0.7926621160409559,-5.604095563139932,2.0161899410784736,-2.7926621160409555,5.622866894197952,2.0,ITF-W|mid|open_price>=35.0,False
304,0.01161184210526314,0.028051501332360028,0.41394725963803564,0.6789127319440731,1.161184210526314,-3.7828947368421053,2.8045435554814575,-0.8388157894736842,5.8881578947368425,2.0,ITF-W|mid|open_price>=50.0,False
296,-0.037753378378378374,0.028362586933672072,-1.3310978461403162,0.18315681760172065,-3.7753378378378373,-8.429054054054054,2.8305813728907863,-5.775337837837838,5.3074324324324325,2.0,ITF-W|mid|open_price<=50.0,False
586,-0.007926621160409559,0.020183455721156963,-0.39272864220672643,0.6945199135146152,-0.7926621160409559,-5.604095563139932,2.0161899410784736,-2.7926621160409555,5.622866894197952,2.0,ITF-W|mid|open_price<=65.0,False
586,-0.007926621160409559,0.020183455721156963,-0.39272864220672643,0.6945199135146152,-0.7926621160409559,-5.604095563139932,2.0161899410784736,-2.7926621160409555,5.622866894197952,2.0,ITF-W|mid|open_price<=80.0,False
226,0.0059070796460176525,0.02562698117575208,0.23050236020803166,0.8177014296814498,0.5907079646017652,-3.4469026548672566,2.5640961837584353,-1.0464601769911503,4.960176991150442,1.6371681415929205,ITF-W|dear|form_last3_diff>=-0.67,False
206,0.0007766990291261744,0.027224944914139217,0.028528947682931672,0.9772402805089029,0.07766990291261744,-3.9514563106796117,2.724032520840023,-1.558252427184466,4.941747572815534,1.6359223300970873,ITF-W|dear|form_last3_diff>=-0.34,False
172,-5.8139534883757126e-05,0.029761963880708644,-0.001953484491708643,0.9984413458756283,-0.0058139534883757124,-4.040697674418604,2.980515600725404,-1.6453488372093024,4.930232558139535,1.6395348837209303,ITF-W|dear|form_last3_diff>=0.0,False
171,-0.007105263157894775,0.030384414799692144,-0.23384564766956664,0.81510481015867,-0.7105263157894776,-4.842105263157895,3.042145971210379,-2.371345029239766,5.105263157894737,1.6608187134502923,ITF-W|dear|form_last3_diff<=0.0,False
205,0.002878048780487763,0.027145503026433208,0.1060230410055483,0.9155640711390185,0.2878048780487763,-3.8146341463414632,2.7179942921580524,-1.3609756097560977,5.082926829268293,1.648780487804878,ITF-W|dear|form_last3_diff<=0.34,False
229,0.008406113537117866,0.025342174244500342,0.3317045118550602,0.7401123934337654,0.8406113537117865,-3.2139737991266375,2.5345030225286127,-0.7925764192139738,5.0,1.6331877729257642,ITF-W|dear|form_last3_diff<=0.67,False
222,0.005720720720720683,0.025854692010348828,0.22126431513594735,0.8248866337615715,0.5720720720720683,-3.4594594594594597,2.587938643474122,-1.0585585585585586,4.954954954954955,1.6306306306306306,ITF-W|dear|form_last5_diff>=-0.6,False
191,-0.0010209424083770055,0.02838001186522148,-0.035973995121127054,0.9713030944156378,-0.10209424083770055,-4.130890052356021,2.8423039710970106,-1.7303664921465969,4.958115183246074,1.6282722513089005,ITF-W|dear|form_last5_diff>=-0.3,False
175,0.003114285714285677,0.02932364430645826,0.10620391114210127,0.9154205678568412,0.3114285714285677,-3.737142857142857,2.935753826157317,-1.322857142857143,4.965714285714285,1.6342857142857143,ITF-W|dear|form_last5_diff>=0.0,False
45,0.04633333333333328,0.04913273096954058,0.9430237729316785,0.34566874330403996,4.633333333333328,1.0222222222222221,4.884679087387058,3.1222222222222222,4.377777777777778,1.511111111111111,ITF-W|dear|form_last5_diff>=0.3,False
159,-0.0125786163522013,0.03166236699822432,-0.3972734051407695,0.6911658567651102,-1.25786163522013,-5.364779874213837,3.1718226104829155,-2.9056603773584904,5.081761006289308,1.6477987421383649,ITF-W|dear|form_last5_diff<=0.0,False
188,0.0030319148936169757,0.028638076580164422,0.10587006027202851,0.9156854489759179,0.3031914893616976,-3.8351063829787235,2.8664766075037598,-1.3563829787234043,5.1063829787234045,1.6595744680851063,ITF-W|dear|form_last5_diff<=0.3,False
222,0.0018693693693693286,0.026002209516762454,0.07189271235447242,0.9426872897422114,0.18693693693693286,-3.869369369369369,2.6009565871796654,-1.4481981981981982,5.004504504504505,1.635135135135135,ITF-W|dear|form_last5_diff<=0.6,False
222,0.005720720720720683,0.025854692010348828,0.22126431513594735,0.8248866337615715,0.5720720720720683,-3.4594594594594597,2.587938643474122,-1.0585585585585586,4.954954954954955,1.6306306306306306,ITF-W|dear|winrate_diff>=-0.5,False
191,-0.0010209424083770055,0.02838001186522148,-0.035973995121127054,0.9713030944156378,-0.10209424083770055,-4.130890052356021,2.8423039710970106,-1.7303664921465969,4.958115183246074,1.6282722513089005,ITF-W|dear|winrate_diff>=-0.25,False
173,0.00054913294797684,0.029589414205096008,0.018558425799530227,0.9851933685247058,0.054913294797684,-3.9710982658959537,2.9638502612530044,-1.5809248554913296,4.91907514450867,1.6358381502890174,ITF-W|dear|winrate_diff>=0.0,False
53,0.0504716981132075,0.04531282657676087,1.1138501375037242,0.26534348360913906,5.04716981132075,1.2641509433962264,4.502229003133792,3.5377358490566038,4.69811320754717,1.509433962264151,ITF-W|dear|winrate_diff>=0.25,False
42,0.06988095238095234,0.049867562144315154,1.40133083263062,0.16111516521910296,6.988095238095234,2.7142857142857144,4.937740801318502,5.2976190476190474,5.4523809523809526,1.6904761904761905,ITF-W|dear|winrate_diff<=-0.25,False
154,-0.007857142857142898,0.031801138403355605,-0.24707111919973984,0.8048531844861344,-0.7857142857142898,-4.902597402597403,3.185421782561487,-2.4285714285714284,5.103896103896104,1.6428571428571428,ITF-W|dear|winrate_diff<=0.0,False
181,0.0020994475138121148,0.02934032867468658,0.07155501007128856,0.9429560450085279,0.20994475138121146,-3.9447513812154695,2.9363173729984893,-1.4640883977900552,5.116022099447513,1.6740331491712708,ITF-W|dear|winrate_diff<=0.25,False
219,0.0008447488584474493,0.026352135811373297,0.032056181878163545,0.9744272472311102,0.08447488584474493,-3.990867579908676,2.635693603264512,-1.5593607305936072,5.027397260273973,1.643835616438356,ITF-W|dear|winrate_diff<=0.5,False
216,0.004745370370370333,0.026165412088034412,0.18136042934865212,0.8560846765843428,0.4745370370370333,-3.5925925925925926,2.6181641567814347,-1.1550925925925926,5.032407407407407,1.6296296296296295,ITF-W|dear|rest_diff_days>=-3.0,False
196,0.00038265306122445134,0.027788539693170678,0.013770175239488827,0.9890133369889689,0.038265306122445136,-4.01530612244898,2.77835015212415,-1.594387755102041,5.005102040816326,1.6326530612244898,ITF-W|dear|rest_diff_days>=-1.0,False
128,0.03765624999999996,0.0321271550134672,1.1721003613365408,0.24115676487987958,3.765624999999996,-0.3125,3.204726109822238,2.140625,5.046875,1.625,ITF-W|dear|rest_diff_days>=0.0,False
42,0.006785714285714244,0.05458395632148082,0.12431701076683979,0.9010642791359287,0.6785714285714244,-3.4523809523809526,5.417655395970819,-0.8690476190476191,5.261904761904762,1.5476190476190477,ITF-W|dear|rest_diff_days>=1.0,False
102,-0.025392156862745145,0.04015976431629487,-0.6322785328807881,0.5272048884986129,-2.5392156862745145,-6.607843137254902,4.024101261821591,-4.186274509803922,5.019607843137255,1.6470588235294117,ITF-W|dear|rest_diff_days<=0.0,False
187,0.008770053475935796,0.02857532644767226,0.3069100012556533,0.7589118763261224,0.8770053475935796,-3.160427807486631,2.8617402831618715,-0.7754010695187166,4.9411764705882355,1.6524064171122994,ITF-W|dear|rest_diff_days<=1.0,False
207,0.0020531400966183233,0.02735537005244712,0.0750543711410936,0.9401714519285624,0.20531400966183233,-3.8502415458937196,2.7358684645868685,-1.461352657004831,4.951690821256038,1.6666666666666667,ITF-W|dear|rest_diff_days<=3.0,False
458,0.01185589519650651,0.017562008351416067,0.6750876641936309,0.4996200705162721,1.1855895196506512,-2.908296943231441,1.757345676442328,-0.4039301310043668,5.1615720524017465,1.5895196506550218,ITF-W|dear|workload_diff>=-2.0,False
430,0.008104651162790659,0.018158549283359776,0.44632701854754664,0.6553610422199516,0.8104651162790658,-3.269767441860465,1.8174847930400633,-0.7732558139534884,5.141860465116279,1.583720930232558,ITF-W|dear|workload_diff>=-1.0,False
359,0.0023259052924790666,0.020250668605639528,0.11485572836006681,0.9085594764389404,0.23259052924790666,-3.8272980501392757,2.0234754832280704,-1.3579387186629526,5.0835654596100275,1.5905292479108635,ITF-W|dear|workload_diff>=0.0,False
119,0.049033613445378106,0.03210659573866995,1.527213094919336,0.12670803112457252,4.903361344537811,0.865546218487395,3.1876444895994096,3.3403361344537816,5.084033613445378,1.5630252100840336,ITF-W|dear|workload_diff>=1.0,False
61,0.07639344262295075,0.03965908876522151,1.9262530986325364,0.05407277861466819,7.639344262295075,3.8360655737704916,3.921649335738299,6.147540983606557,4.721311475409836,1.4918032786885247,ITF-W|dear|workload_diff>=2.0,False
110,0.03449999999999996,0.03344901077662755,1.0314206369327608,0.3023436073921735,3.449999999999996,-0.6818181818181818,3.364484373413865,1.8681818181818182,5.281818181818182,1.5818181818181818,ITF-W|dear|workload_diff<=-1.0,False
350,-0.003442857142857181,0.020530824315911265,-0.16769210480209445,0.8668255076897353,-0.3442857142857181,-4.434285714285714,2.0585136425262944,-1.9414285714285715,5.145714285714286,1.5971428571428572,ITF-W|dear|workload_diff<=0.0,False
408,-7.352941176474785e-05,0.019030787710239996,-0.0038637082649597048,0.9969172144980385,-0.007352941176474784,-4.125,1.9058079069632083,-1.6102941176470589,5.1911764705882355,1.6029411764705883,ITF-W|dear|workload_diff<=1.0,False
438,0.0016666666666666312,0.018207563885911465,0.09153704894899499,0.9270658689895395,0.16666666666666313,-3.904109589041096,1.8225455038876688,-1.4292237442922375,5.109589041095891,1.595890410958904,ITF-W|dear|workload_diff<=2.0,False
454,0.01180616740088102,0.017590702148765555,0.6711595308155184,0.5021189063392928,1.180616740088102,-2.8876651982378854,1.7598019859775371,-0.40308370044052866,5.1233480176211454,1.5837004405286343,ITF-W|dear|experience_diff>=-3.0,False
409,0.003985330073349587,0.018687423168996194,0.21326268674439514,0.8311220757258238,0.3985330073349587,-3.650366748166259,1.8709071737768193,-1.176039119804401,5.095354523227384,1.5745721271393642,ITF-W|dear|experience_diff>=-1.0,False
345,-0.0002753623188406176,0.020563780048593213,-0.013390646962276539,0.9893161288170602,-0.027536231884061763,-4.066666666666666,2.0550345641572343,-1.6043478260869566,5.07536231884058,1.5768115942028986,ITF-W|dear|experience_diff>=0.0,False
150,0.06256666666666663,0.027273399807539473,2.2940545406213224,0.02178736610776122,6.256666666666663,2.18,2.7185347744530537,4.696666666666666,5.193333333333333,1.56,ITF-W|dear|experience_diff>=1.0,False
55,0.10827272727272719,0.03656602767823283,2.9610196717424735,0.0030662235394638415,10.82727272727272,6.8545454545454545,3.621988421079848,9.372727272727273,5.1454545454545455,1.4545454545454546,ITF-W|dear|experience_diff>=3.0,False
124,0.03810483870967739,0.03227443423982373,1.1806508652182497,0.23774144813534415,3.810483870967739,-0.3709677419354839,3.2422610100224687,2.189516129032258,5.282258064516129,1.6209677419354838,ITF-W|dear|experience_diff<=-1.0,False
319,-0.014905956112852706,0.021971409156398013,-0.6784251299836239,0.49750217998944946,-1.4905956112852705,-5.567398119122257,2.201131168417646,-3.092476489028213,5.100313479623824,1.6018808777429467,ITF-W|dear|experience_diff<=0.0,False
373,-0.00631367292225205,0.020192204355979564,-0.31267873536463925,0.7545247527823993,-0.631367292225205,-4.7560321715817695,2.020661385780797,-2.242627345844504,5.176943699731903,1.611260053619303,ITF-W|dear|experience_diff<=1.0,False
442,0.0021719457013574276,0.018207067058589488,0.11929135507482937,0.905044532244933,0.21719457013574275,-3.8800904977375565,1.821134239592334,-1.3823529411764706,5.158371040723982,1.5995475113122173,ITF-W|dear|experience_diff<=3.0,False
139,0.07410071942446038,0.0269994541412402,2.7445265758641972,0.006059824767319366,7.410071942446038,3.158273381294964,2.684914218680553,5.863309352517986,5.568345323741007,1.5467625899280575,ITF-W|dear|own_rest_days>=1.0,False
111,0.06860360360360356,0.02959231389484417,2.31829129169775,0.020433495373997523,6.860360360360356,2.675675675675676,2.9337529154767505,5.373873873873874,5.54054054054054,1.4864864864864864,ITF-W|dear|own_rest_days>=2.0,False
92,0.06385869565217386,0.03250804811049947,1.964396491450643,0.049484129412606936,6.385869565217386,2.25,3.227688122532935,4.896739130434782,5.445652173913044,1.4891304347826086,ITF-W|dear|own_rest_days>=3.0,False
60,0.07274999999999995,0.04132112512209623,1.7606006560817802,0.07830601751993482,7.274999999999995,3.0,4.128309321393849,5.741666666666666,5.683333333333334,1.5333333333333334,ITF-W|dear|own_rest_days>=5.0,False
153,-0.0213071895424837,0.033077864275208195,-0.6441525173816438,0.5194765378640112,-2.13071895424837,-6.143790849673203,3.3147497753718342,-3.803921568627451,4.836601307189542,1.673202614379085,ITF-W|dear|own_rest_days<=1.0,False
181,-0.003176795580110534,0.029857780523376464,-0.10639757960653956,0.9152669133726612,-0.3176795580110534,-4.4088397790055245,2.9915152465122445,-2.0082872928176796,4.966850828729282,1.6906077348066297,ITF-W|dear|own_rest_days<=2.0,False
200,0.005824999999999962,0.027923076709769973,0.20860881702057782,0.8347536270228668,0.5824999999999962,-3.54,2.7943575595929504,-1.0875,5.065,1.67,ITF-W|dear|own_rest_days<=3.0,False
232,0.01153017241379306,0.025139011852948763,0.458656548683738,0.6464808215033764,1.153017241379306,-2.935344827586207,2.5117132309369254,-0.48060344827586204,5.056034482758621,1.6336206896551724,ITF-W|dear|own_rest_days<=5.0,False
264,0.0214393939393939,0.022956994713302665,0.9338937525202559,0.350358701826484,2.14393939393939,-1.9696969696969697,2.292543901617203,0.5189393939393939,5.143939393939394,1.625,ITF-W|dear|own_rest_days<=7.0,False
264,0.0214393939393939,0.022956994713302665,0.9338937525202559,0.350358701826484,2.14393939393939,-1.9696969696969697,2.292543901617203,0.5189393939393939,5.143939393939394,1.625,ITF-W|dear|own_matches_7d>=1.0,False
141,-0.011347517730496482,0.03346556394555578,-0.33908042753911005,0.7345491425083224,-1.1347517730496481,-5.148936170212766,3.332562263961868,-2.730496453900709,4.950354609929078,1.5957446808510638,ITF-W|dear|own_matches_7d>=2.0,False
71,0.006901408450704195,0.046497913909761455,0.14842404465924566,0.8820081253344658,0.6901408450704195,-3.3380281690140845,4.631183936393043,-0.9577464788732394,4.929577464788732,1.647887323943662,ITF-W|dear|own_matches_7d>=3.0,False
328,0.01899390243902434,0.020256307793025945,0.9376784077878083,0.3484097034580045,1.8993902439024342,-2.2042682926829267,2.0316207755235243,0.31402439024390244,5.2073170731707314,1.5853658536585367,ITF-W|dear|own_matches_7d<=1.0,False
398,0.010402010050251216,0.01873521013820701,0.5552118163349677,0.5787497875288805,1.0402010050251216,-3.0452261306532664,1.876169788427365,-0.5376884422110553,5.165829145728643,1.5778894472361809,ITF-W|dear|own_matches_7d<=2.0,False
430,0.004313953488372053,0.018242005449343946,0.2364846069337842,0.8130566504722623,0.43139534883720526,-3.646511627906977,1.8256502123119753,-1.1616279069767441,5.127906976744186,1.5930232558139534,ITF-W|dear|own_matches_7d<=3.0,False
455,0.013593406593406552,0.01748780857094807,0.7773076047955395,0.43697730938451507,1.3593406593406552,-2.7142857142857144,1.7500279835698678,-0.23626373626373626,5.1098901098901095,1.5956043956043957,ITF-W|dear|own_matches_7d<=4.0,False
469,0.009872068230277153,0.01736778305149833,0.5684126869275629,0.5697547777318794,0.9872068230277152,-3.08955223880597,1.7377077507521466,-0.6012793176972282,5.130063965884862,1.5884861407249466,ITF-W|dear|round_ordinal>=2.0,False
467,0.009068522483940003,0.0174327270518044,0.5202010251747361,0.6029234708812237,0.9068522483940004,-3.1627408993576016,1.7443852789805259,-0.6820128479657388,5.1113490364025695,1.588865096359743,ITF-W|dear|round_ordinal>=4.0,False
208,-0.011586538461538492,0.0277326760373897,-0.417793740709238,0.6760979276858665,-1.1586538461538491,-5.524038461538462,2.775484429679051,-2.826923076923077,5.615384615384615,1.6682692307692308,ITF-W|dear|round_ordinal>=5.0,False
43,-0.13534883720930235,0.0729552183197996,-1.855231748001904,0.06356313986419027,-13.534883720930235,-17.6046511627907,7.328560276049726,-15.395348837209303,4.558139534883721,1.8604651162790697,ITF-W|dear|round_ordinal>=6.0,False
261,0.026973180076628307,0.022025695953407608,1.2246232824463952,0.22071719147342694,2.697318007662831,-1.1494252873563218,2.2015158765357254,1.1724137931034482,4.743295019157088,1.524904214559387,ITF-W|dear|round_ordinal<=4.0,False
426,0.024530516431924835,0.017523693843395995,1.3998484937677362,0.1615586925676893,2.4530516431924836,-1.624413145539906,1.752126425142886,0.892018779342723,5.187793427230047,1.5610328638497653,ITF-W|dear|round_ordinal<=5.0,False
452,0.015353982300884915,0.017437837344010033,0.8804980800075571,0.3785895448310006,1.5353982300884914,-2.5530973451327434,1.7453981441355704,-0.03761061946902655,5.18141592920354,1.573008849557522,ITF-W|dear|round_ordinal<=6.0,False
469,0.009872068230277153,0.01736778305149833,0.5684126869275629,0.5697547777318794,0.9872068230277152,-3.08955223880597,1.7377077507521466,-0.6012793176972282,5.130063965884862,1.5884861407249466,ITF-W|dear|open_price>=20.0,False
469,0.009872068230277153,0.01736778305149833,0.5684126869275629,0.5697547777318794,0.9872068230277152,-3.08955223880597,1.7377077507521466,-0.6012793176972282,5.130063965884862,1.5884861407249466,ITF-W|dear|open_price>=35.0,False
469,0.009872068230277153,0.01736778305149833,0.5684126869275629,0.5697547777318794,0.9872068230277152,-3.08955223880597,1.7377077507521466,-0.6012793176972282,5.130063965884862,1.5884861407249466,ITF-W|dear|open_price>=50.0,False
469,0.009872068230277153,0.01736778305149833,0.5684126869275629,0.5697547777318794,0.9872068230277152,-3.08955223880597,1.7377077507521466,-0.6012793176972282,5.130063965884862,1.5884861407249466,ITF-W|dear|open_price>=65.0,False
234,0.047072649572649526,0.017283389715225733,2.723577397041569,0.006457908210961705,4.707264957264953,1.4102564102564104,1.7337263660805777,3.532051282051282,4.5085470085470085,1.1752136752136753,ITF-W|dear|open_price>=80.0,False
243,-0.023806584362139945,0.029226225548201125,-0.8145623978326288,0.4153228415793815,-2.3806584362139946,-7.2139917695473255,2.913194100611275,-4.3806584362139915,5.7407407407407405,2.0,ITF-W|dear|open_price<=80.0,False
1805,-0.00557617728531857,0.010031726559436478,-0.5558541944181348,0.5783105337981793,-0.557617728531857,-5.014404432132964,1.0029269719048886,-2.340443213296399,5.361218836565097,1.7828254847645428,ITF-any|any|form_last3_diff>=-0.67,False
1674,-0.0022879330943847216,0.010469021610844616,-0.21854316281234007,0.82700593189667,-0.22879330943847218,-4.694145758661888,1.0466978458888359,-2.01194743130227,5.372759856630824,1.7831541218637992,ITF-any|any|form_last3_diff>=-0.34,False
1454,-0.0005158184319119802,0.011269052568940363,-0.04577300786879575,0.963491172854156,-0.05158184319119802,-4.515130674002751,1.1275252713694073,-1.8349381017881705,5.370013755158184,1.7833562585969738,ITF-any|any|form_last3_diff>=0.0,False
199,0.019949748743718587,0.030818364207810287,0.647333148806864,0.5174163519323243,1.9949748743718587,-2.3165829145728645,3.088606770710957,0.2663316582914573,5.206030150753769,1.728643216080402,ITF-any|any|form_last3_diff>=0.34,False
165,-0.03766666666666668,0.03132579598292804,-1.2024169054537128,0.2292020425591974,-3.7666666666666684,-8.121212121212121,3.122348547052712,-5.506060606060606,5.290909090909091,1.7393939393939395,ITF-any|any|form_last3_diff<=-0.34,False
1375,-0.015316363636363649,0.01147168211187961,-1.335145403000894,0.18182876189270636,-1.5316363636363648,-6.027636363636364,1.1455802382249598,-3.3221818181818183,5.416727272727273,1.7905454545454544,ITF-any|any|form_last3_diff<=0.0,False
1640,-0.008545731707317084,0.01049600730523392,-0.8141888109258161,0.41553679439279234,-0.8545731707317085,-5.327439024390244,1.0487391734567422,-2.639939024390244,5.384756097560976,1.7853658536585366,ITF-any|any|form_last3_diff<=0.34,False
1803,-0.005970604547975608,0.010025710229488874,-0.5955293352100002,0.5514896961940081,-0.5970604547975608,-5.052689961175818,1.002051753234878,-2.375762617859124,5.364947310038824,1.778702163061564,ITF-any|any|form_last3_diff<=0.67,False
1762,-0.001753688989784348,0.010148281608571752,-0.17280649645188143,0.8628035304408366,-0.1753688989784348,-4.636208853575482,1.0147807619462224,-1.9551645856980704,5.373439273552781,1.7797956867196367,ITF-any|any|form_last5_diff>=-0.6,False
1581,-0.004943074003795079,0.010776725722920122,-0.458680505645798,0.6464636151411645,-0.49430740037950793,-4.9506641366223905,1.0780827281405563,-2.2760910815939277,5.3605313092979125,1.7817836812144212,ITF-any|any|form_last5_diff>=-0.3,False
1393,0.0005348169418521038,0.01152894161262921,0.04638907540881692,0.9630001437011495,0.053481694185210385,-4.387652548456568,1.1536072854727488,-1.7275664034458005,5.334529791816224,1.7810480976310121,ITF-any|any|form_last5_diff>=0.0,False
306,0.012075163398692797,0.024161444313471725,0.4997699327088668,0.6172370842005406,1.2075163398692796,-3.0718954248366015,2.4204130690089474,-0.5049019607843137,5.1797385620915035,1.7124183006535947,ITF-any|any|form_last5_diff>=0.3,False
81,0.065679012345679,0.04503066111530713,1.4585398197352455,0.14469180769508672,6.567901234567899,2.2962962962962963,4.515933535021277,4.851851851851852,5.209876543209877,1.7160493827160495,ITF-any|any|form_last5_diff>=0.6,False
87,-0.09114942528735635,0.04600548102794461,-1.981273171168245,0.047560647377715703,-9.114942528735636,-13.436781609195402,4.564155556593234,-10.850574712643677,5.218390804597701,1.735632183908046,ITF-any|any|form_last5_diff<=-0.6,False
269,-0.014776951672862467,0.02490217965425454,-0.5933999303686585,0.5529135354845247,-1.4776951672862466,-5.881040892193308,2.4748476529578145,-3.2323420074349443,5.319702602230484,1.754646840148699,ITF-any|any|form_last5_diff<=-0.3,False
1283,-0.017509742790335167,0.011914290083735398,-1.46964214126684,0.14165870055047458,-1.7509742790335168,-6.271239282930631,1.1896381828681486,-3.538971161340608,5.464536243180047,1.7879968823070929,ITF-any|any|form_last5_diff<=0.0,False
1546,-0.007787839586028473,0.010829813215839229,-0.7191111638599922,0.4720724292882519,-0.7787839586028472,-5.263906856403622,1.0820000196024808,-2.569857697283312,5.394566623544631,1.7910737386804658,ITF-any|any|form_last5_diff<=0.3,False
1767,-0.008494623655913991,0.01013576143409428,-0.8380844114325843,0.4019832972462343,-0.8494623655913991,-5.307866440294284,1.0129929739848242,-2.629315223542728,5.367289190718732,1.77985285795133,ITF-any|any|form_last5_diff<=0.6,False
1751,-0.001379211878926341,0.010172571397881996,-0.13558144002936198,0.8921521786629876,-0.1379211878926341,-4.59965733866362,1.0172073199498792,-1.9191890348372358,5.372358652198743,1.781267846944603,ITF-any|any|winrate_diff>=-0.5,False
1571,-0.0033736473583704752,0.010819436180322724,-0.3118136012028166,0.7551821867829902,-0.3373647358370475,-4.793761935073202,1.0823741885313876,-2.1190324633991087,5.362189688096754,1.7816677275620625,ITF-any|any|winrate_diff>=-0.25,False
1388,0.0003134005763688611,0.011522028107869987,0.02720012253353179,0.9783001179757642,0.03134005763688611,-4.4193083573487035,1.1528567850701492,-1.7489193083573487,5.355187319884727,1.7802593659942363,ITF-any|any|winrate_diff>=0.0,False
373,0.026528150134048245,0.021780474373351382,1.217978528810451,0.22323213215403293,2.6528150134048243,-1.5978552278820375,2.182160442551793,0.920911528150134,5.085790884718499,1.7319034852546917,ITF-any|any|winrate_diff>=0.25,False
208,0.02146634615384614,0.029942821363374814,0.7169112720988661,0.47342884627521986,2.146634615384614,-2.1875,2.997256919382137,0.4110576923076923,5.264423076923077,1.7355769230769231,ITF-any|any|winrate_diff>=0.5,False
175,-0.026342857142857154,0.030442634646534433,-0.8653277697124682,0.3868589131622797,-2.6342857142857152,-7.0,3.0305180099888855,-4.377142857142857,5.314285714285714,1.7428571428571429,ITF-any|any|winrate_diff<=-0.5,False
305,-0.02824590163934428,0.02330308392510257,-1.2121100250133503,0.22547026674053994,-2.824590163934428,-7.245901639344262,2.315724834154047,-4.591803278688524,5.340983606557377,1.7672131147540984,ITF-any|any|winrate_diff<=-0.25,False
1253,-0.013978451715881898,0.012036436665150023,-1.16134468238052,0.24550175531404683,-1.3978451715881899,-5.892258579409417,1.2015718237605377,-3.182362330407023,5.421388667198723,1.7845171588188349,ITF-any|any|winrate_diff<=0.0,False
1526,-0.00970838794233291,0.01091870499779542,-0.8891519593480286,0.37392141740739326,-0.970838794233291,-5.461336828309306,1.0907902036234338,-2.7650720838794234,5.39908256880734,1.7942332896461337,ITF-any|any|winrate_diff<=0.25,False
1758,-0.008740045506257123,0.010180320489445347,-0.8585236108547409,0.3906033986669648,-0.8740045506257124,-5.337883959044369,1.0173923121446016,-2.6561433447098977,5.372582480091013,1.7821387940841866,ITF-any|any|winrate_diff<=0.5,False
1690,-0.008766272189349129,0.01039425691181387,-0.8433765168326355,0.39901790115789026,-0.8766272189349129,-5.35207100591716,1.0387851876741276,-2.6653846153846152,5.389940828402366,1.788757396449704,ITF-any|any|rest_diff_days>=-3.0,False
1580,-0.01331962025316457,0.010758494760458606,-1.2380561174895055,0.2156952536193475,-1.331962025316457,-5.805696202531646,1.0752633947122836,-3.1275316455696203,5.375316455696202,1.7955696202531646,ITF-any|any|rest_diff_days>=-1.0,False
960,0.0011197916666666494,0.013727035172915784,0.08157563906269152,0.9349841739268432,0.11197916666666494,-4.347916666666666,1.3702570882871214,-1.6713541666666667,5.367708333333334,1.7833333333333334,ITF-any|any|rest_diff_days>=0.0,False
311,0.03496784565916397,0.023568474211245905,1.483670319331862,0.13789640405357484,3.496784565916397,-0.9646302250803859,2.3466042063014805,1.747588424437299,5.443729903536977,1.7491961414790997,ITF-any|any|rest_diff_days>=1.0,False
150,0.06186666666666665,0.031627889126828256,1.9560795353297369,0.050455785499115446,6.186666666666666,1.7533333333333334,3.1551234803075565,4.473333333333334,5.466666666666667,1.7133333333333334,ITF-any|any|rest_diff_days>=3.0,False
149,0.03201342281879193,0.03371695732401812,0.9494754378677971,0.3423788585493588,3.201342281879193,-1.0268456375838926,3.374851056615309,1.5302013422818792,5.087248322147651,1.6711409395973154,ITF-any|any|rest_diff_days<=-3.0,False
259,0.042471042471042456,0.02572848950950078,1.65073983279738,0.09879171051178837,4.247104247104246,-0.09652509652509653,2.5721884002171245,2.5675675675675675,5.305019305019305,1.6795366795366795,ITF-any|any|rest_diff_days<=-1.0,False
887,-0.013331454340473522,0.014350695817192175,-0.9289761632674565,0.352901439677642,-1.3331454340473523,-5.784667418263811,1.4362975885710476,-3.1065388951521986,5.3675310033821875,1.7733934611048479,ITF-any|any|rest_diff_days<=0.0,False
1528,-0.013691099476439803,0.010945322812038267,-1.250863013503958,0.21098446010187244,-1.3691099476439803,-5.8232984293193715,1.0948489112180766,-3.154450261780105,5.349476439790576,1.7853403141361257,ITF-any|any|rest_diff_days<=1.0,False
1689,-0.011441681468324466,0.010437436640661912,-1.0962156573722557,0.27298440917891575,-1.1441681468324467,-5.60153937240971,1.0434055749706541,-2.929248075784488,5.356423919478981,1.7850799289520427,ITF-any|any|rest_diff_days<=3.0,False
3328,0.0006114783653846021,0.0072859687461790616,0.08392547191549184,0.9331156873410227,0.061147836538460204,-4.439302884615385,0.7287643812108252,-1.6771334134615385,5.54296875,1.73828125,ITF-any|any|workload_diff>=-2.0,False
3108,-0.0014607464607464754,0.00752677297831255,-0.19407340502436207,0.8461184054179554,-0.14607464607464754,-4.642857142857143,0.7525521812816445,-1.882882882882883,5.539253539253539,1.7368082368082367,ITF-any|any|workload_diff>=-1.0,False
2599,0.0033435936898807074,0.008196552628178866,0.40792682503932104,0.6833273980983998,0.3343593689880707,-4.189688341669873,0.8193832445955379,-1.4028472489419008,5.5883031935359755,1.737206617929973,ITF-any|any|workload_diff>=0.0,False
817,0.024039167686658494,0.014360728786370866,1.673951792019985,0.09414007415180214,2.4039167686658494,-2.035495716034272,1.4340622384193522,0.6964504283965728,5.473684210526316,1.7074663402692778,ITF-any|any|workload_diff>=1.0,False
299,0.05056856187290969,0.022288904940202567,2.2687773135816562,0.02328187124705705,5.056856187290968,0.8160535117056856,2.2256715041528308,3.4046822742474916,5.217391304347826,1.6521739130434783,ITF-any|any|workload_diff>=2.0,False
347,0.010936599423631113,0.022888705229491865,0.4778164301552285,0.6327808659802345,1.0936599423631113,-3.2997118155619596,2.2976029778257883,-0.6325648414985591,5.322766570605188,1.7262247838616716,ITF-any|any|workload_diff<=-2.0,False
856,-0.011022196261682255,0.014611085162000648,-0.7543721865606471,0.4506257677506833,-1.1022196261682256,-5.474299065420561,1.4640746421623867,-2.8335280373831777,5.302570093457944,1.7313084112149533,ITF-any|any|workload_diff<=-1.0,False
2638,-0.007727445034116769,0.008236273885889994,-0.9382209893912189,0.34813085392657284,-0.7727445034116769,-5.273692191053828,0.8242096419502388,-2.517247915087187,5.531084154662623,1.7445034116755118,ITF-any|any|workload_diff<=0.0,False
3156,-0.005026932826362498,0.007532154371328072,-0.6673964152272344,0.5045189550834717,-0.5026932826362498,-5.012357414448669,0.7534497231642558,-2.246356147021546,5.5459442332065905,1.7436628643852978,ITF-any|any|workload_diff<=1.0,False
3335,-0.0040884557721139565,0.007296236648405234,-0.5603513111115421,0.5752398349226078,-0.40884557721139564,-4.903148425787107,0.7296929936446349,-2.149475262368816,5.521139430284857,1.7406296851574212,ITF-any|any|workload_diff<=2.0,False
3292,0.0023040704738760466,0.007334196790773838,0.31415443839392015,0.7534037449922786,0.23040704738760465,-4.276123936816525,0.7336352642132692,-1.5074422843256379,5.555589307411908,1.7378493317132442,ITF-any|any|experience_diff>=-3.0,False
2934,0.0013718473074301163,0.0077202093842914975,0.17769560890685793,0.8589620339524484,0.13718473074301163,-4.37321063394683,0.7718814149925715,-1.5945807770961145,5.577027948193592,1.7317655078391274,ITF-any|any|experience_diff>=-1.0,False
2447,0.005856150388230472,0.008438581024252908,0.6939733554017673,0.48769891856934766,0.5856150388230472,-3.928483857785043,0.8435942583181817,-1.1438496117695136,5.5888843481814465,1.7294646505925624,ITF-any|any|experience_diff>=0.0,False
942,0.026836518046709112,0.013235092216973604,2.027678961865645,0.04259302418659994,2.6836518046709115,-1.7717622080679405,1.3208980268588673,0.9617834394904459,5.498938428874735,1.7218683651804672,ITF-any|any|experience_diff>=1.0,False
260,0.07348076923076922,0.02354140451459602,3.1213417697831094,0.001800289656004317,7.348076923076922,3.0576923076923075,2.354170053576229,5.678846153846154,5.311538461538461,1.6692307692307693,ITF-any|any|experience_diff>=3.0,False
289,-0.02707612456747405,0.024898668708316616,-1.0874527021772102,0.2768367906578224,-2.707612456747405,-6.858131487889273,2.4937377917800037,-4.4411764705882355,4.806228373702422,1.7335640138408304,ITF-any|any|experience_diff<=-3.0,False
1008,-0.014955357142857149,0.013444978186592557,-1.11233777662583,0.2659929472118603,-1.4955357142857149,-5.9146825396825395,1.3466993407704377,-3.2465277777777777,5.344246031746032,1.7509920634920635,ITF-any|any|experience_diff<=-1.0,False
2513,-0.01035614803024275,0.008478579574507275,-1.2214484677811834,0.22191626564719558,-1.035614803024275,-5.533625149224035,0.8486960569623383,-2.7765618782331876,5.524472741742937,1.7409470752089136,ITF-any|any|experience_diff<=0.0,False
2994,-0.008727454909819653,0.0077568946511281985,-1.125122268941772,0.26053722597048057,-0.8727454909819653,-5.390113560454242,0.776002295152748,-2.6158984635938545,5.556446225784903,1.7431529726118904,ITF-any|any|experience_diff<=1.0,False
3318,-0.0026883664858348556,0.007311092301482763,-0.3677106477358558,0.7130890002417176,-0.26883664858348555,-4.767932489451477,0.7310969333312629,-2.007836045810729,5.534056660638939,1.7389993972272453,ITF-any|any|experience_diff<=3.0,False
906,0.015325607064017638,0.013808422492650407,1.1098738521489155,0.26705338945953705,1.532560706401764,-2.9392935982339954,1.3792366312591682,-0.20584988962472406,5.497792494481236,1.7384105960264902,ITF-any|any|own_rest_days>=1.0,False
626,0.022859424920127776,0.01661481163979672,1.3758461676070772,0.16886926456881368,2.2859424920127775,-2.191693290734824,1.6592519172029,0.5798722044728435,5.584664536741214,1.706070287539936,ITF-any|any|own_rest_days>=2.0,False
560,0.020910714285714265,0.01759512730212627,1.1884377945470916,0.2346609736703622,2.0910714285714267,-2.3839285714285716,1.7559730267368039,0.36964285714285716,5.55,1.7214285714285715,ITF-any|any|own_rest_days>=3.0,False
410,0.016195121951219495,0.020666818468112524,0.7836291771860023,0.4332577302908236,1.6195121951219495,-2.870731707317073,2.061838658997523,-0.12682926829268293,5.536585365853658,1.7463414634146341,ITF-any|any|own_rest_days>=5.0,False
161,0.062298136645962704,0.032060665085242905,1.9431330098837438,0.0520000895345194,6.2298136645962705,1.6459627329192548,3.2131621044484158,4.490683229813665,5.763975155279503,1.7391304347826086,ITF-any|any|own_rest_days>=7.0,False
1327,-0.007656367746797301,0.011687132924618121,-0.6551108639031308,0.5123963779514229,-0.7656367746797301,-5.222305953278071,1.1685448623053687,-2.5425772418990205,5.3685003767897514,1.7769404672192917,ITF-any|any|own_rest_days<=1.0,False
1607,-0.006586807716241454,0.010574116562617395,-0.6229180165771723,0.5333383979284396,-0.6586807716241454,-5.115743621655258,1.0571527278414226,-2.44150591163659,5.35718730553827,1.7828251400124455,ITF-any|any|own_rest_days<=2.0,False
1673,-0.004772863120143468,0.010352167318736293,-0.46104965010612864,0.6447629840355062,-0.4772863120143468,-4.936043036461447,1.0351418819177785,-2.251942618051405,5.377764494919306,1.7746563060370593,ITF-any|any|own_rest_days<=3.0,False
1823,-0.0015990126165661104,0.009895358367791016,-0.16159218869433073,0.8716270089857971,-0.15990126165661103,-4.6165660998354365,0.9893880872062001,-1.9245748765770707,5.394953373560066,1.7646736149204607,ITF-any|any|own_rest_days<=5.0,False
2072,-0.003042953667953684,0.009283829293790683,-0.32776923957325527,0.7430861468843668,-0.3042953667953684,-4.757722007722008,0.9277193781006701,-2.0673262548262548,5.394305019305019,1.763030888030888,ITF-any|any|own_rest_days<=7.0,False
2072,-0.003042953667953684,0.009283829293790683,-0.32776923957325527,0.7430861468843668,-0.3042953667953684,-4.757722007722008,0.9277193781006701,-2.0673262548262548,5.394305019305019,1.763030888030888,ITF-any|any|own_matches_7d>=1.0,False
1070,0.0020327102803738176,0.013214703967434972,0.15382185521393674,0.8777502009553901,0.20327102803738176,-4.201869158878504,1.3201102722514473,-1.5761682242990653,5.245794392523364,1.7794392523364486,ITF-any|any|own_matches_7d>=2.0,False
486,0.0126028806584362,0.019524504613747093,0.6454904187204106,0.5186094253510629,1.26028806584362,-3.1769547325102883,1.9517978904777635,-0.5462962962962963,5.294238683127572,1.8065843621399178,ITF-any|any|own_matches_7d>=3.0,False
204,0.036127450980392134,0.029034971555386816,1.244273682565033,0.213398853510822,3.6127450980392135,-0.696078431372549,2.903113521210842,1.857843137254902,5.176470588235294,1.7549019607843137,ITF-any|any|own_matches_7d>=4.0,False
2385,-0.0012243186582809392,0.008494399468397867,-0.14413245607718736,0.8853958760531047,-0.12243186582809391,-4.645283018867924,0.8501763237488249,-1.8385744234800838,5.639412997903564,1.7161425576519915,ITF-any|any|own_matches_7d<=1.0,False
2969,-0.0023139104075446436,0.007682321861008528,-0.3011993573569014,0.7632624798401284,-0.23139104075446437,-4.725833614011452,0.7684981280514083,-1.9555405860559112,5.554058605591108,1.7241495453014484,ITF-any|any|own_matches_7d<=2.0,False
3251,-0.0024961550292217916,0.007375886550547234,-0.3384210172045822,0.7350459380758338,-0.24961550292217916,-4.747154721624115,0.7377733431251166,-1.984158720393725,5.538911104275607,1.7345432174715472,ITF-any|any|own_matches_7d<=3.0,False
3395,0.00026951399116346107,0.007203960554450612,0.037411919336087306,0.9701565690689222,0.026951399116346107,-4.46480117820324,0.7205567293525873,-1.71060382916053,5.522533136966127,1.7375552282768778,ITF-any|any|own_matches_7d<=4.0,False
3347,-0.0006363907977293244,0.0072851354724885594,-0.08735469644079755,0.9303895786658225,-0.06363907977293244,-4.530325664774425,0.7285185251930306,-1.8048999103674932,5.468180460113534,1.7412608305945623,ITF-any|any|round_ordinal>=2.0,False
3320,-0.0010271084337349545,0.007319363628069966,-0.14032755932441512,0.8884011905642477,-0.10271084337349545,-4.562349397590362,0.7319751774922568,-1.8433734939759037,5.454819277108434,1.7406626506024097,ITF-any|any|round_ordinal>=4.0,False
1780,-0.011910112359550574,0.01000125529157515,-1.1908617480831036,0.23370786336865512,-1.1910112359550573,-5.85,0.9983038444481308,-2.9775280898876404,5.766292134831461,1.7865168539325842,ITF-any|any|round_ordinal>=5.0,False
541,-0.021829944547134952,0.019826236353870447,-1.1010634674933322,0.27086903547817975,-2.182994454713495,-6.576709796672828,1.9808887566234155,-4.090573012939002,4.987060998151571,1.9075785582255083,ITF-any|any|round_ordinal>=6.0,False
1567,0.012169751116783645,0.010627311238073098,1.1451392402233074,0.25215148276260546,1.2169751116783645,-3.0312699425654115,1.0646122750642935,-0.4728781110402042,5.129546904913848,1.6898532227185705,ITF-any|any|round_ordinal<=4.0,False
2806,0.003449750534568767,0.007803131752099927,0.44209820417813567,0.6584181438582115,0.3449750534568767,-4.135780470420528,0.7804992740350444,-1.3642195295794726,5.560940841054882,1.7091945830363506,ITF-any|any|round_ordinal<=5.0,False
3133,0.0015256942227896435,0.00747050169726313,0.20422915148370718,0.8381744318182531,0.15256942227896433,-4.3159910628790294,0.7472627517913146,-1.5742100223428024,5.4988828598787105,1.7267794446217684,ITF-any|any|round_ordinal<=6.0,False
2925,0.0015538461538461344,0.008086643377312963,0.19214970678754573,0.8476249398888531,0.15538461538461343,-4.465299145299145,0.8087602003006126,-1.682905982905983,5.633846153846154,1.8382905982905984,ITF-any|any|open_price>=20.0,False
2353,0.003631534211644687,0.009003100931964865,0.4033648227524791,0.6866798610354814,0.3631534211644687,-4.181470463238419,0.9001590108530466,-1.4358266043348917,5.57713557161071,1.7989800254993624,ITF-any|any|open_price>=35.0,False
1768,0.016119909502262414,0.009953795855012517,1.6194735894794121,0.10534540450901675,1.6119909502262413,-2.853506787330317,0.995124414427462,-0.12047511312217195,5.580316742081448,1.7324660633484164,ITF-any|any|open_price>=50.0,False
1092,0.020673076923076888,0.011086205603113007,1.8647567673895464,0.06221550570251955,2.067307692307689,-2.0567765567765566,1.1089889092017557,0.5004578754578755,5.299450549450549,1.5668498168498168,ITF-any|any|open_price>=65.0,False
575,0.03771304347826082,0.011463307376327423,3.289892021576691,0.0010022583580204802,3.7713043478260824,0.3982608695652174,1.1453439441380877,2.5939130434782607,4.655652173913044,1.1773913043478261,ITF-any|any|open_price>=80.0,False
554,-0.012797833935018054,0.013200259454498752,-0.9695138174467057,0.3322888895428464,-1.2797833935018055,-5.074007220216607,1.323061274835217,-2.4855595667870034,4.913357400722021,1.2057761732851986,ITF-any|any|open_price<=20.0,False
1117,-0.010331244404655326,0.01147060821526269,-0.9006710202959128,0.3677632613211146,-1.0331244404655326,-5.403760071620412,1.1490179091090247,-2.639212175470009,5.398388540734109,1.6060877350044762,ITF-any|any|open_price<=35.0,False
1715,-0.019967930029154517,0.010208647116810727,-1.9559820023823762,0.050467274276814855,-1.9967930029154517,-6.503790087463557,1.0215557825730357,-3.7402332361516035,5.44198250728863,1.7434402332361516,ITF-any|any|open_price<=50.0,False
2381,-0.008828223435531295,0.009071607816008433,-0.9731707558997816,0.33046844266893327,-0.8828223435531295,-5.533389332213356,0.907058142313194,-2.6980260394792106,5.609407811843763,1.8152036959260816,ITF-any|any|open_price<=65.0,False
2899,-0.007806140048292524,0.008228292837732057,-0.9486949726067492,0.34277577170761564,-0.7806140048292524,-5.487064505001725,0.8225887753243729,-2.6288375301828215,5.690927906174543,1.8482235253535702,ITF-any|any|open_price<=80.0,False
557,-0.01764811490125673,0.016482546460654987,-1.0707153135217327,0.2842974550962638,-1.7648114901256728,-6.07181328545781,1.6488691221740097,-3.4344703770197484,5.138240574506284,1.6696588868940754,ITF-any|cheap|form_last3_diff>=-0.67,False
512,-0.008427734375000002,0.017470999537697936,-0.4823842137260157,0.6295330332858531,-0.8427734375000002,-5.15625,1.74856610164302,-2.5107421875,5.146484375,1.66796875,ITF-any|cheap|form_last3_diff>=-0.34,False
445,-0.008370786516853933,0.0186758546909429,-0.4482143738735264,0.6539984900434566,-0.8370786516853933,-5.134831460674158,1.872915935429604,-2.497752808988764,5.134831460674158,1.6606741573033708,ITF-any|cheap|form_last3_diff>=0.0,False
62,0.07629032258064516,0.05699705145637503,1.338495950778033,0.18073481943726044,7.629032258064516,3.403225806451613,5.734033758169761,5.951612903225806,5.0,1.6774193548387097,ITF-any|cheap|form_last3_diff>=0.34,False
59,-0.09127118644067798,0.042698567178593876,-2.137570238807336,0.03255163935830607,-9.127118644067798,-13.525423728813559,4.24892848817272,-10.805084745762711,5.406779661016949,1.6779661016949152,ITF-any|cheap|form_last3_diff<=-0.34,False
425,-0.03928235294117647,0.018136858877199454,-2.1658851296769934,0.030319965907138702,-3.928235294117647,-8.32235294117647,1.8085670428045684,-5.603529411764706,5.291764705882353,1.6752941176470588,ITF-any|cheap|form_last3_diff<=0.0,False
509,-0.028349705304518667,0.016867824779823844,-1.6806971660287031,0.09282175135631032,-2.8349705304518666,-7.168958742632613,1.6858597685769245,-4.50294695481336,5.1944990176817285,1.6679764243614932,ITF-any|cheap|form_last3_diff<=0.34,False
555,-0.01803603603603604,0.016463913837212855,-1.095488971478323,0.27330247451802325,-1.803603603603604,-6.138738738738739,1.6474249306303368,-3.4702702702702704,5.2,1.6666666666666667,ITF-any|cheap|form_last3_diff<=0.67,False
537,-0.014851024208566108,0.01683117566055996,-0.8823521605425408,0.37758639748971157,-1.4851024208566108,-5.795158286778398,1.6848841779761754,-3.14804469273743,5.1527001862197395,1.6629422718808193,ITF-any|cheap|form_last5_diff>=-0.6,False
482,-0.009719917012448134,0.01793174820176409,-0.5420507193767036,0.5877835662809048,-0.9719917012448134,-5.280082987551867,1.7968858825984615,-2.6358921161825726,5.147302904564316,1.6639004149377594,ITF-any|cheap|form_last5_diff>=-0.3,False
416,-0.002343750000000001,0.01941331189908216,-0.12072901379134651,0.9039056773956384,-0.2343750000000001,-4.497596153846154,1.9458642925971956,-1.8930288461538463,5.079326923076923,1.6586538461538463,ITF-any|cheap|form_last5_diff>=0.0,False
90,0.048999999999999995,0.0451763917001037,1.0846373106838347,0.27808232316438275,4.8999999999999995,0.7,4.557619732707528,3.3,5.088888888888889,1.6,ITF-any|cheap|form_last5_diff>=0.3,False
96,-0.06359374999999999,0.03604073772697509,-1.7644963452677205,0.07764845012889632,-6.359374999999999,-10.645833333333334,3.5653048873916067,-8.036458333333334,5.135416666666667,1.6770833333333333,ITF-any|cheap|form_last5_diff<=-0.3,False
410,-0.03953658536585365,0.01846833625212727,-2.140776777404605,0.03229204354785975,-3.9536585365853654,-8.339024390243903,1.8393526832387106,-5.6292682926829265,5.278048780487805,1.675609756097561,ITF-any|cheap|form_last5_diff<=0.0,False
485,-0.030587628865979384,0.01723745443058637,-1.774486423685871,0.07598272578254606,-3.0587628865979384,-7.4,1.7208908887949375,-4.739175257731959,5.185567010309279,1.6804123711340206,ITF-any|cheap|form_last5_diff<=0.3,False
553,-0.02059674502712477,0.016423279529310844,-1.2541188859609609,0.20979879677833724,-2.059674502712477,-6.394213381555153,1.6434237014596682,-3.725135623869801,5.200723327305606,1.6654611211573236,ITF-any|cheap|form_last5_diff<=0.6,False
532,-0.016118421052631584,0.016895057986459704,-0.9540317094827053,0.3400675916992242,-1.6118421052631584,-5.921052631578948,1.6915192669543468,-3.281015037593985,5.137218045112782,1.669172932330827,ITF-any|cheap|winrate_diff>=-0.5,False
475,-0.00685263157894737,0.018158354160653433,-0.37738175598513474,0.7058899229438298,-0.685263157894737,-4.991578947368421,1.8195913209405667,-2.3505263157894736,5.143157894736842,1.6652631578947368,ITF-any|cheap|winrate_diff>=-0.25,False
418,-0.004019138755980861,0.019354826153097405,-0.20765563711031665,0.8354978589885484,-0.40191387559808606,-4.686602870813397,1.940617791441424,-2.062200956937799,5.119617224880383,1.6602870813397128,ITF-any|cheap|winrate_diff>=0.0,False
104,0.044951923076923084,0.042000396482284534,1.0702737793411898,0.2844960932402878,4.495192307692308,0.27884615384615385,4.237498785157799,2.8509615384615383,5.028846153846154,1.6442307692307692,ITF-any|cheap|winrate_diff>=0.25,False
59,0.07228813559322034,0.058894367249967834,1.2274201926035604,0.2196647007702306,7.228813559322034,2.983050847457627,5.920399879349285,5.533898305084746,5.033898305084746,1.694915254237288,ITF-any|cheap|winrate_diff>=0.5,False
63,-0.07769841269841272,0.0431957264183546,-1.798752310492395,0.07205787013584541,-7.769841269841272,-12.11111111111111,4.293513791939244,-9.420634920634921,5.349206349206349,1.6507936507936507,ITF-any|cheap|winrate_diff<=-0.5,False
110,-0.0675,0.03353317043763781,-2.012932243479061,0.04412175794128825,-6.75,-11.090909090909092,3.323069851325463,-8.431818181818182,5.209090909090909,1.6818181818181819,ITF-any|cheap|winrate_diff<=-0.25,False
401,-0.03472568578553615,0.018805933997681813,-1.8465281112768315,0.06481556151735557,-3.472568578553615,-7.830423940149626,1.8724716433198585,-5.143391521197008,5.234413965087282,1.6708229426433916,ITF-any|cheap|winrate_diff<=0.0,False
482,-0.03141078838174274,0.0172782202314731,-1.8179411977008193,0.06907312069559746,-3.141078838174274,-7.487551867219917,1.7246243585515206,-4.821576763485477,5.195020746887967,1.6804979253112033,ITF-any|cheap|winrate_diff<=0.25,False
553,-0.02059674502712477,0.016423279529310844,-1.2541188859609609,0.20979879677833724,-2.059674502712477,-6.394213381555153,1.6434237014596682,-3.725135623869801,5.200723327305606,1.6654611211573236,ITF-any|cheap|winrate_diff<=0.5,False
504,-0.019940476190476192,0.01745032894989793,-1.1426991575762147,0.2531635196979618,-1.9940476190476193,-6.35515873015873,1.7450328321990867,-3.6865079365079363,5.2023809523809526,1.6924603174603174,ITF-any|cheap|rest_diff_days>=-3.0,False
474,-0.023164556962025316,0.017875843501179416,-1.295858120513136,0.19502436989040817,-2.3164556962025316,-6.685654008438819,1.7868233352668177,-4.0168776371308015,5.2025316455696204,1.7004219409282701,ITF-any|cheap|rest_diff_days>=-1.0,False
282,-0.00787234042553191,0.023858025664548897,-0.3299661311551682,0.7414255536066838,-0.7872340425531911,-5.198581560283688,2.3746771114762133,-2.4858156028368796,5.290780141843972,1.698581560283688,ITF-any|cheap|rest_diff_days>=0.0,False
94,0.03781914893617021,0.04515457820546816,0.8375484931800418,0.402284330903133,3.781914893617021,-0.8297872340425532,4.481504181583693,2.0585106382978724,5.691489361702128,1.7234042553191489,ITF-any|cheap|rest_diff_days>=1.0,False
67,0.005223880597014924,0.04567703082166831,0.11436559038633515,0.9089479898799371,0.5223880597014924,-3.5074626865671643,4.585011524563892,-0.9701492537313433,4.955223880597015,1.492537313432836,ITF-any|cheap|rest_diff_days<=-3.0,False
97,0.013195876288659786,0.03974813218064914,0.3319873303401166,0.7398988259036385,1.3195876288659787,-2.7731958762886597,3.991628513042496,-0.1958762886597938,5.030927835051546,1.5154639175257731,ITF-any|cheap|rest_diff_days<=-1.0,False
292,-0.027414383561643833,0.02207654313433375,-1.2417878738908448,0.21431483791424433,-2.7414383561643834,-6.972602739726027,2.221292513920734,-4.3784246575342465,5.058219178082192,1.6369863013698631,ITF-any|cheap|rest_diff_days<=0.0,False
477,-0.02778825995807128,0.01734381525968747,-1.6021999509335187,0.1091114009298706,-2.778825995807128,-7.044025157232705,1.7392296381217893,-4.437106918238993,5.071278825995807,1.6582809224318658,ITF-any|cheap|rest_diff_days<=1.0,False
538,-0.016143122676579927,0.016785478018055827,-0.9617314835606748,0.33618450314901915,-1.6143122676579926,-5.908921933085502,1.6795984401877329,-3.2815985130111525,5.120817843866171,1.6672862453531598,ITF-any|cheap|rest_diff_days<=3.0,False
1007,-0.010566037735849057,0.012207672332767486,-0.8655243561451105,0.3867510536350056,-1.0566037735849056,-5.501489572989076,1.2225808032756695,-2.6852035749751737,5.495531281032771,1.628599801390268,ITF-any|cheap|workload_diff>=-2.0,False
924,-0.015270562770562773,0.012599834766173849,-1.2119653197007705,0.22552565625662835,-1.5270562770562772,-5.958874458874459,1.2607631282563976,-3.1525974025974026,5.476190476190476,1.6255411255411256,ITF-any|cheap|workload_diff>=-1.0,False
797,-0.02002509410288582,0.013393724697768237,-1.4951101769489523,0.13488569031022557,-2.002509410288582,-6.476787954830614,1.3407353679227427,-3.6323713927227104,5.558343789209536,1.629861982434128,ITF-any|cheap|workload_diff>=0.0,False
257,-0.0036186770428015486,0.024206141088374523,-0.14949417296999437,0.881163706999363,-0.36186770428015486,-4.7587548638132295,2.42108247765203,-1.9649805447470816,5.455252918287938,1.6031128404669261,ITF-any|cheap|workload_diff>=1.0,False
62,-0.01161290322580644,0.047476061238409674,-0.2446054479433358,0.8067619453400054,-1.1612903225806441,-5.241935483870968,4.805782998579936,-2.7580645161290325,4.774193548387097,1.596774193548387,ITF-any|cheap|workload_diff>=2.0,False
145,0.03475862068965516,0.0343496408039216,1.0119063802753616,0.31158281835867574,3.475862068965516,-0.8620689655172413,3.455153581674116,1.896551724137931,5.379310344827586,1.5793103448275863,ITF-any|cheap|workload_diff<=-2.0,False
272,0.025330882352941172,0.0250134732037806,1.0126895272229766,0.31120848174643845,2.5330882352941173,-1.724264705882353,2.5066936650087697,0.9448529411764706,5.1838235294117645,1.588235294117647,ITF-any|cheap|workload_diff<=-1.0,False
812,-0.010024630541871922,0.013599169293849704,-0.7371502130211449,0.4610310062226466,-1.0024630541871922,-5.428571428571429,1.3624509250025942,-2.626847290640394,5.4655172413793105,1.624384236453202,ITF-any|cheap|workload_diff<=0.0,False
1007,-0.008291956305858989,0.012241955184835665,-0.6773392142564276,0.49819075578453287,-0.8291956305858988,-5.269116186693148,1.2252449109730263,-2.449851042701092,5.505461767626613,1.6206554121151937,ITF-any|cheap|workload_diff<=1.0,False
1057,-0.011684011352885526,0.011853629603878446,-0.985690606450414,0.3242849604381177,-1.1684011352885526,-5.591296121097446,1.1866601247146638,-2.7871333964049194,5.470198675496689,1.618732261116367,ITF-any|cheap|workload_diff<=2.0,False
990,-0.009863636363636361,0.012344917152111941,-0.7990038525247544,0.42428817812116426,-0.9863636363636361,-5.4505050505050505,1.236366273142541,-2.6166666666666667,5.53030303030303,1.6303030303030304,ITF-any|cheap|experience_diff>=-3.0,False
853,-0.01691090269636577,0.013072158759270966,-1.2936579954227,0.1957835803819905,-1.6910902696365768,-6.150058616647128,1.3081452245430036,-3.3089097303634234,5.539273153575616,1.6178194607268463,ITF-any|cheap|experience_diff>=-1.0,False
725,-0.015206896551724141,0.01419021159451804,-1.0716469201628303,0.28387865034376314,-1.520689655172414,-5.983448275862069,1.4208338787455965,-3.1441379310344826,5.551724137931035,1.623448275862069,ITF-any|cheap|experience_diff>=0.0,False
248,-0.009737903225806453,0.024901122855821155,-0.39106281600992204,0.695750804927596,-0.9737903225806452,-5.358870967741935,2.4862724206906384,-2.6028225806451615,5.375,1.6290322580645162,ITF-any|cheap|experience_diff>=1.0,False
133,0.023458646616541356,0.03458078945360045,0.6783722114851519,0.49753572369508525,2.3458646616541357,-1.7518796992481203,3.473517393384038,0.7744360902255639,4.917293233082707,1.5714285714285714,ITF-any|cheap|experience_diff<=-3.0,False
344,0.0056831395348837235,0.0215013032538673,0.26431604948697857,0.7915363942110725,0.5683139534883723,-3.758720930232558,2.1537946105574095,-1.0421511627906976,5.276162790697675,1.6104651162790697,ITF-any|cheap|experience_diff<=-1.0,False
821,-0.008105968331303288,0.013481699852807049,-0.6012571426306846,0.5476687299119138,-0.8105968331303288,-5.239951278928136,1.351401202742974,-2.4269183922046285,5.489646772228989,1.6163215590742996,ITF-any|cheap|experience_diff<=0.0,False
993,-0.012089627391742198,0.012208266429858993,-0.9902820733149609,0.3220362662794034,-1.2089627391742197,-5.643504531722054,1.222977992586105,-2.824269889224572,5.501510574018127,1.6153071500503524,ITF-any|cheap|experience_diff<=1.0,False
1050,-0.012028571428571428,0.011887177465660292,-1.011894662405739,0.3115884216396232,-1.2028571428571428,-5.62952380952381,1.1903118245059472,-2.822857142857143,5.48,1.62,ITF-any|cheap|experience_diff<=3.0,False
241,-0.0021991701244813296,0.02580377478625586,-0.0852266826345383,0.932081178075912,-0.21991701244813297,-4.580912863070539,2.571113982831257,-1.904564315352697,5.236514522821577,1.6846473029045643,ITF-any|cheap|own_rest_days>=1.0,False
145,0.02851724137931035,0.03522302111979309,0.8096194043754378,0.41815895214831533,2.851724137931035,-1.4758620689655173,3.510480787587526,1.1758620689655173,5.206896551724138,1.6758620689655173,ITF-any|cheap|own_rest_days>=2.0,False
133,0.01447368421052632,0.0361800335210002,0.4000461802260429,0.6891225034968649,1.4473684210526319,-2.8721804511278197,3.599581213044082,-0.21428571428571427,5.2105263157894735,1.6616541353383458,ITF-any|cheap|own_rest_days>=3.0,False
108,-0.011111111111111118,0.03950576968288291,-0.2812528701579848,0.7785164559677304,-1.1111111111111118,-5.4907407407407405,3.916542283223471,-2.787037037037037,5.314814814814815,1.6759259259259258,ITF-any|cheap|own_rest_days>=5.0,False
447,-0.017181208053691277,0.01821430230862936,-0.9432811514032774,0.3455371142174295,-1.7181208053691277,-6.038031319910514,1.8283998699263992,-3.348993288590604,5.239373601789709,1.6308724832214765,ITF-any|cheap|own_rest_days<=1.0,False
543,-0.022734806629834257,0.01632996426649942,-1.392214107686337,0.16385757195758988,-2.2734806629834257,-6.609576427255985,1.637171371388218,-3.916206261510129,5.246777163904236,1.6427255985267035,ITF-any|cheap|own_rest_days<=2.0,False
555,-0.018261261261261263,0.016290034668746126,-1.121008127520877,0.262284402857754,-1.8261261261261263,-6.163963963963964,1.633602571803233,-3.472972972972973,5.245045045045045,1.646846846846847,ITF-any|cheap|own_rest_days<=3.0,False
580,-0.012086206896551726,0.01606333921706872,-0.752409367269606,0.45180491510957843,-1.2086206896551726,-5.5344827586206895,1.611319384495037,-2.853448275862069,5.224137931034483,1.6448275862068966,ITF-any|cheap|own_rest_days<=5.0,False
652,-0.016403374233128834,0.015091571542842476,-1.0869228686066503,0.27707089875174873,-1.6403374233128833,-5.969325153374233,1.5119976575871494,-3.293711656441718,5.219325153374233,1.6533742331288344,ITF-any|cheap|own_rest_days<=7.0,False
652,-0.016403374233128834,0.015091571542842476,-1.0869228686066503,0.27707089875174873,-1.6403374233128833,-5.969325153374233,1.5119976575871494,-3.293711656441718,5.219325153374233,1.6533742331288344,ITF-any|cheap|own_matches_7d>=1.0,False
308,-0.0025324675324675246,0.022855347313805736,-0.11080415876847304,0.9117716474421738,-0.25324675324675244,-4.538961038961039,2.2854035119885947,-1.9415584415584415,5.038961038961039,1.6883116883116882,ITF-any|cheap|own_matches_7d>=2.0,False
108,-0.02532407407407408,0.03844943101030517,-0.6586332595477615,0.5101312998511633,-2.532407407407408,-6.935185185185185,3.8691445033728002,-4.328703703703703,5.101851851851852,1.7962962962962963,ITF-any|cheap|own_matches_7d>=3.0,False
761,-0.010893561103810774,0.013849655518530606,-0.7865582713761633,0.43154049491612145,-1.0893561103810774,-5.562417871222077,1.3878837076743626,-2.680683311432326,5.634691195795007,1.5913272010512483,ITF-any|cheap|own_matches_7d<=1.0,False
961,-0.006592091571279918,0.012459925968390198,-0.5290634621749366,0.5967614267425474,-0.6592091571279918,-5.080124869927159,1.247100709091742,-2.2585848074921957,5.503642039542144,1.599375650364204,ITF-any|cheap|own_matches_7d<=2.0,False
1037,-0.009161041465766635,0.012001146475746717,-0.7633471922270352,0.44525636450194606,-0.9161041465766635,-5.33847637415622,1.2013776296407366,-2.5294117647058822,5.479267116682738,1.613307618129219,ITF-any|cheap|own_matches_7d<=3.0,False
1061,-0.01137134778510839,0.011832357942339283,-0.9610381836420552,0.33653296924338383,-1.137134778510839,-5.564561734213006,1.184637955881926,-2.7563619227144205,5.478793590951932,1.6192271442035815,ITF-any|cheap|own_matches_7d<=4.0,False
1035,-0.009574879227053142,0.012035760176477719,-0.7955358935919943,0.42630184032579344,-0.9574879227053141,-5.357487922705314,1.2049515703201186,-2.583574879227053,5.414492753623189,1.626086956521739,ITF-any|cheap|round_ordinal>=2.0,False
1028,-0.009333657587548642,0.012087156531956444,-0.772196302982591,0.4399981708580669,-0.9333657587548642,-5.33852140077821,1.210362317767201,-2.558852140077821,5.425097276264592,1.6254863813229572,ITF-any|cheap|round_ordinal>=4.0,False
546,-0.03635531135531135,0.015988698989532712,-2.2738129837275696,0.022977233270627062,-3.635531135531135,-8.203296703296703,1.5966540463683527,-5.3003663003663,5.655677655677656,1.664835164835165,ITF-any|cheap|round_ordinal>=5.0,False
146,0.007191780821917804,0.035186928203490425,0.20438785620406624,0.8380504192354121,0.7191780821917804,-3.5753424657534247,3.5125100082420815,-1.1027397260273972,4.863013698630137,1.821917808219178,ITF-any|cheap|round_ordinal>=6.0,False
489,0.020327198364008175,0.01809418995744182,1.1234102444938663,0.261263300892965,2.0327198364008177,-2.179959100204499,1.8147167558647135,0.4498977505112474,5.14519427402863,1.5828220858895705,ITF-any|cheap|round_ordinal<=4.0,False
889,-0.012328458942632172,0.012771659665107331,-0.9652981104964767,0.3343955179331579,-1.2328458942632172,-5.650168728908886,1.2793480667472275,-2.826771653543307,5.505061867266591,1.59392575928009,ITF-any|cheap|round_ordinal<=5.0,False
983,-0.009069175991861647,0.012291337938935826,-0.7378510001854891,0.4606049977267934,-0.9069175991861647,-5.3245167853509665,1.2303831676096253,-2.519328585961343,5.4699898270600205,1.6124109867751781,ITF-any|cheap|round_ordinal<=6.0,False
572,-0.006993006993006989,0.01840666882285168,-0.37991703226198353,0.7040070037181259,-0.6993006993006988,-5.6328671328671325,1.8426465945933685,-2.699300699300699,5.8671328671328675,2.0,ITF-any|cheap|open_price>=20.0,False
521,-0.013186180422264876,0.013908124442745995,-0.9480919211319209,0.343082660713677,-1.3186180422264877,-5.1938579654510555,1.3938595543322128,-2.5374280230326294,5.032629558541267,1.2188099808061421,ITF-any|cheap|open_price<=20.0,False
1069,-0.008484565014031806,0.011850959013194487,-0.71593910708706,0.47402894948536467,-0.8484565014031806,-5.267539756782039,1.186831320722156,-2.467726847521048,5.463049579045837,1.6192703461178672,ITF-any|cheap|open_price<=35.0,False
1069,-0.008484565014031806,0.011850959013194487,-0.71593910708706,0.47402894948536467,-0.8484565014031806,-5.267539756782039,1.186831320722156,-2.467726847521048,5.463049579045837,1.6192703461178672,ITF-any|cheap|open_price<=50.0,False
1069,-0.008484565014031806,0.011850959013194487,-0.71593910708706,0.47402894948536467,-0.8484565014031806,-5.267539756782039,1.186831320722156,-2.467726847521048,5.463049579045837,1.6192703461178672,ITF-any|cheap|open_price<=65.0,False
1069,-0.008484565014031806,0.011850959013194487,-0.71593910708706,0.47402894948536467,-0.8484565014031806,-5.267539756782039,1.186831320722156,-2.467726847521048,5.463049579045837,1.6192703461178672,ITF-any|cheap|open_price<=80.0,False
718,-0.012715877437325915,0.01817287925025313,-0.6997172689159202,0.48410388970354457,-1.2715877437325915,-6.066852367688022,1.8155949517176886,-3.2715877437325904,5.5905292479108635,2.0,ITF-any|mid|form_last3_diff>=-0.67,False
673,-0.01084695393759288,0.01875571372388597,-0.5783279749988376,0.5630427107730409,-1.084695393759288,-5.891530460624072,1.8732459434545001,-3.084695393759287,5.613670133729569,2.0,ITF-any|mid|form_last3_diff>=-0.34,False
588,-0.002576530612244905,0.020101156412319274,-0.12817822812750426,0.8980079293683214,-0.2576530612244905,-5.059523809523809,2.0087500221109162,-2.25765306122449,5.60374149659864,2.0,ITF-any|mid|form_last3_diff>=0.0,False
69,-0.025072463768115942,0.05854393472231705,-0.4282674864106507,0.668456387628543,-2.5072463768115942,-7.2898550724637685,5.86423194493865,-4.507246376811594,5.565217391304347,2.0,ITF-any|mid|form_last3_diff>=0.34,False
52,-0.03798076923076924,0.06858201534181067,-0.5538007164338091,0.5797152379414161,-3.7980769230769242,-8.423076923076923,6.861391434958004,-5.798076923076923,5.25,2.0,ITF-any|mid|form_last3_diff<=-0.34,False
547,-0.014049360146252292,0.020878225520853035,-0.6729192637669271,0.5009986560126896,-1.4049360146252292,-6.195612431444241,2.0851534818787782,-3.4049360146252283,5.581352833638026,2.0,ITF-any|mid|form_last3_diff<=0.0,False
656,-0.01150152439024391,0.019024180465191498,-0.6045739742265493,0.5454621036761362,-1.150152439024391,-5.945121951219512,1.899717776611122,-3.1501524390243905,5.589939024390244,2.0,ITF-any|mid|form_last3_diff<=0.34,False
712,-0.013237359550561807,0.018245605870442792,-0.7255094538683333,0.4681395472158356,-1.3237359550561807,-6.112359550561798,1.822140255472456,-3.3237359550561796,5.577247191011236,2.0,ITF-any|mid|form_last3_diff<=0.67,False
702,-0.006538461538461547,0.01835640928197347,-0.35619501820993427,0.7216945225069207,-0.6538461538461546,-5.452991452991453,1.8340638836966308,-2.6538461538461537,5.598290598290598,2.0,ITF-any|mid|form_last5_diff>=-0.6,False
637,-0.014670329670329675,0.01928292912475539,-0.760793631269221,0.44678033898892444,-1.4670329670329674,-6.248037676609105,1.9266197892694314,-3.467032967032967,5.562009419152276,2.0,ITF-any|mid|form_last5_diff>=-0.3,False
563,-0.0037388987566607593,0.020556270806203297,-0.18188604304300496,0.8556721578349578,-0.3738898756660759,-5.152753108348135,2.0547942229946936,-2.3738898756660745,5.557726465364121,2.0,ITF-any|mid|form_last5_diff>=0.0,False
111,-0.037702702702702706,0.04578676960676377,-0.8234409858242793,0.41025726374611393,-3.7702702702702706,-8.495495495495495,4.5688808493123085,-5.77027027027027,5.45045045045045,2.0,ITF-any|mid|form_last5_diff>=0.3,False
91,-0.005934065934065952,0.051716088385051914,-0.11474313157414168,0.9086487256305829,-0.5934065934065952,-5.472527472527473,5.157124371676796,-2.5934065934065935,5.758241758241758,2.0,ITF-any|mid|form_last5_diff<=-0.3,False
508,-0.01500000000000002,0.021756342054808604,-0.689454135360255,0.4905375262325984,-1.500000000000002,-6.360236220472441,2.1735037492696367,-3.5,5.7204724409448815,2.0,ITF-any|mid|form_last5_diff<=0.0,False
617,-0.005996758508914108,0.019639811875664038,-0.30533686100857077,0.7601096044777613,-0.5996758508914108,-5.40194489465154,1.962301999645076,-2.59967585089141,5.604538087520259,2.0,ITF-any|mid|form_last5_diff<=0.3,False
697,-0.015695839311334298,0.018456233360030452,-0.8504356769418525,0.39508290788807177,-1.5695839311334299,-6.354375896700144,1.8428849480851073,-3.569583931133429,5.569583931133429,2.0,ITF-any|mid|form_last5_diff<=0.6,False
698,-0.005436962750716342,0.01841284336210472,-0.2952809972796541,0.7677792316644421,-0.5436962750716342,-5.346704871060172,1.8395505247429398,-2.543696275071633,5.606017191977077,2.0,ITF-any|mid|winrate_diff>=-0.5,False
633,-0.013246445497630342,0.019336410947636818,-0.6850519226914364,0.4933111568442168,-1.3246445497630341,-6.109004739336493,1.9320121952837883,-3.324644549763033,5.568720379146919,2.0,ITF-any|mid|winrate_diff>=-0.25,False
557,-0.002576301615798927,0.02059712980851527,-0.12508061267516174,0.9004597315916325,-0.2576301615798927,-5.044883303411131,2.058544004536708,-2.2576301615798924,5.574506283662478,2.0,ITF-any|mid|winrate_diff>=0.0,False
141,-0.01205673758865249,0.04099651772229654,-0.2940917487266305,0.7686877958023437,-1.2056737588652489,-5.815602836879433,4.093902882858056,-3.2056737588652484,5.219858156028369,2.0,ITF-any|mid|winrate_diff>=0.25,False
71,-0.011619718309859157,0.05768843453721901,-0.20142197310558724,0.8403686352318185,-1.1619718309859157,-5.971830985915493,5.775650401274372,-3.1619718309859155,5.619718309859155,2.0,ITF-any|mid|winrate_diff>=0.5,False
54,-0.037592592592592594,0.06676273747882369,-0.5630774592566175,0.5733821397085159,-3.7592592592592595,-8.462962962962964,6.667123305271097,-5.7592592592592595,5.407407407407407,2.0,ITF-any|mid|winrate_diff<=-0.5,False
102,-0.04485294117647058,0.04861264210515571,-0.9226600166978708,0.3561844085079964,-4.485294117647058,-9.294117647058824,4.834166810401262,-6.485294117647059,5.617647058823529,2.0,ITF-any|mid|winrate_diff<=-0.25,False
493,-0.01301217038539555,0.022058862463389183,-0.5898840163218609,0.5552684106870127,-1.301217038539555,-6.125760649087221,2.203715930634607,-3.3012170385395536,5.649087221095335,2.0,ITF-any|mid|winrate_diff<=0.0,False
611,-0.008821603927986919,0.019746128363489296,-0.4467510676319777,0.655054805224675,-0.8821603927986919,-5.693944353518821,1.9726863463805882,-2.8821603927986907,5.623567921440262,2.0,ITF-any|mid|winrate_diff<=0.25,False
696,-0.014913793103448285,0.01846616990967153,-0.8076278500847806,0.4193048493235636,-1.4913793103448285,-6.275862068965517,1.8438590186205033,-3.4913793103448274,5.568965517241379,2.0,ITF-any|mid|winrate_diff<=0.5,False
675,-0.020385185185185197,0.018754512215351436,-1.0869483008200544,0.2770596583927938,-2.0385185185185195,-6.844444444444444,1.8733434513472156,-4.038518518518519,5.611851851851852,2.0,ITF-any|mid|rest_diff_days>=-3.0,False
636,-0.028372641509433975,0.019311054588165098,-1.4692435040198337,0.14176675436638742,-2.8372641509433976,-7.635220125786163,1.9295170714528125,-4.837264150943396,5.595911949685535,2.0,ITF-any|mid|rest_diff_days>=-1.0,False
379,-0.013469656992084448,0.024960378537187376,-0.539641535164084,0.5894442666106283,-1.3469656992084447,-6.16622691292876,2.495530099157887,-3.346965699208443,5.638522427440633,2.0,ITF-any|mid|rest_diff_days>=0.0,False
105,0.011333333333333315,0.0470530478953204,0.2408628949722183,0.8096613810934479,1.1333333333333315,-3.6,4.703548656426333,-0.8666666666666667,5.466666666666667,2.0,ITF-any|mid|rest_diff_days>=1.0,False
53,0.09367924528301885,0.06495814089021924,1.4421478816848983,0.14926065978933356,9.367924528301884,4.69811320754717,6.49335849741495,7.367924528301887,5.339622641509434,2.0,ITF-any|mid|rest_diff_days>=3.0,False
50,0.08969999999999999,0.06706034595795043,1.337601211545278,0.18102646930121047,8.969999999999999,4.34,6.692036693118232,6.97,5.26,2.0,ITF-any|mid|rest_diff_days<=-3.0,False
89,0.09853932584269665,0.05020217057645294,1.962849906910519,0.04966361683834575,9.853932584269664,5.089887640449438,5.001573818944689,7.853932584269663,5.52808988764045,2.0,ITF-any|mid|rest_diff_days<=-1.0,False
349,-0.010759312320916913,0.026151891245600672,-0.4114162230131967,0.6807673601873518,-1.0759312320916914,-5.839541547277937,2.609860946244973,-3.0759312320916905,5.527220630372493,2.0,ITF-any|mid|rest_diff_days<=0.0,False
620,-0.016879032258064523,0.019594762132423636,-0.8614053155631132,0.3890148494621286,-1.6879032258064524,-6.491935483870968,1.9569956797248618,-3.6879032258064517,5.608064516129033,2.0,ITF-any|mid|rest_diff_days<=1.0,False
672,-0.021190476190476204,0.01879732853007743,-1.12731317945364,0.25961009205606134,-2.1190476190476204,-6.9226190476190474,1.8774092558285538,-4.119047619047619,5.607142857142857,2.0,ITF-any|mid|rest_diff_days<=3.0,False
1214,-0.007998352553542016,0.014047892949845776,-0.5693631480605656,0.5691097204251148,-0.7998352553542016,-5.72158154859967,1.403395928342886,-2.799835255354201,5.843492586490939,2.0,ITF-any|mid|workload_diff>=-2.0,False
1139,-0.008533801580333636,0.014519462862547797,-0.5877491241322801,0.5567006972972497,-0.8533801580333635,-5.776997366110623,1.4502262974970652,-2.8533801580333624,5.847234416154522,2.0,ITF-any|mid|workload_diff>=-1.0,False
949,0.00888303477344572,0.015892530084959562,0.558944027537345,0.5761999204925732,0.888303477344572,-4.073761854583773,1.5876817662835203,-1.1116965226554267,5.924130663856691,2.0,ITF-any|mid|workload_diff>=0.0,False
279,0.03094982078853046,0.029433941165228416,1.0515010754011025,0.2930285157475305,3.0949820788530458,-1.7204301075268817,2.937967326996102,1.0949820788530467,5.630824372759856,2.0,ITF-any|mid|workload_diff>=1.0,False
95,0.07173684210526314,0.05010340753807457,1.4317757140719203,0.15220801975871234,7.173684210526314,2.4,4.9896062182066006,5.173684210526316,5.5473684210526315,2.0,ITF-any|mid|workload_diff>=2.0,False
122,-0.035327868852459025,0.043733542502541016,-0.8077980156857039,0.419206867631853,-3.5327868852459026,-8.30327868852459,4.3795334085815,-5.532786885245901,5.540983606557377,2.0,ITF-any|mid|workload_diff<=-2.0,False
312,-0.07198717948717949,0.027391888303995804,-2.628047350670539,0.008587656106317176,-7.198717948717949,-11.945512820512821,2.7383193828854986,-9.198717948717949,5.493589743589744,2.0,ITF-any|mid|workload_diff<=-1.0,False
982,-0.023080448065173127,0.015576627881726122,-1.4817358571074415,0.13841059220763108,-2.3080448065173127,-7.243380855397149,1.5564732012891225,-4.308044806517311,5.870672097759674,2.0,ITF-any|mid|workload_diff<=0.0,False
1166,-0.017877358490566042,0.01431717247287967,-1.24866544175746,0.2117874657327823,-1.7877358490566042,-6.7075471698113205,1.4306525063660536,-3.7877358490566038,5.839622641509434,2.0,ITF-any|mid|workload_diff<=1.0,False
1224,-0.013978758169934645,0.013977110563789542,-1.0001178788804441,0.3172534647489882,-1.3978758169934646,-6.3088235294117645,1.3961046155134493,-3.397875816993464,5.821895424836601,2.0,ITF-any|mid|workload_diff<=2.0,False
1203,-0.004247714048212808,0.014138966362214603,-0.3004260664743164,0.7638521832775818,-0.42477140482128084,-5.3541147132169575,1.4128366183525574,-2.4247714048212803,5.858686616791355,2.0,ITF-any|mid|experience_diff>=-3.0,False
1072,-0.0011940298507462747,0.014951308456014827,-0.07986122781554435,0.9363476270166897,-0.11940298507462747,-5.066231343283582,1.4933232751643324,-2.1194029850746268,5.893656716417911,2.0,ITF-any|mid|experience_diff>=-1.0,False
885,0.010423728813559307,0.01646887322147691,0.6329351542985839,0.5267759898884359,1.0423728813559308,-3.9401129943502826,1.644786390882462,-0.9576271186440678,5.964971751412429,2.0,ITF-any|mid|experience_diff>=0.0,False
331,0.021163141993957697,0.02680060155669148,0.789651752748578,0.42973117532932403,2.1163141993957697,-2.7341389728096677,2.6723628925974525,0.1163141993957704,5.7009063444108765,2.0,ITF-any|mid|experience_diff>=1.0,False
86,0.0475,0.05198335456515658,0.9137540352549375,0.36084610381047955,4.75,0.10465116279069768,5.200626845038174,2.75,5.290697674418603,2.0,ITF-any|mid|experience_diff>=3.0,False
101,-0.11376237623762377,0.04632731193787397,-2.4556222124474183,0.01406409222120053,-11.376237623762377,-15.811881188118813,4.629131023628328,-13.376237623762377,4.871287128712871,2.0,ITF-any|mid|experience_diff<=-3.0,False
376,-0.06184840425531916,0.02498226894042351,-2.4756920359320524,0.013297822661354264,-6.184840425531916,-10.920212765957446,2.499046068191443,-8.184840425531915,5.470744680851064,2.0,ITF-any|mid|experience_diff<=-1.0,False
930,-0.022618279569892482,0.01605295527808615,-1.408979167889955,0.15884132814363205,-2.261827956989248,-7.191397849462366,1.6047798938791094,-4.261827956989247,5.859139784946237,2.0,ITF-any|mid|experience_diff<=0.0,False
1106,-0.016505424954792052,0.014718853343621345,-1.1213798092461427,0.26212622681581266,-1.6505424954792052,-6.5913200723327305,1.4708726898503657,-3.6505424954792045,5.881555153707052,2.0,ITF-any|mid|experience_diff<=1.0,False
1216,-0.010160361842105267,0.014016888100648434,-0.7248657311914504,0.46853440597309226,-1.0160361842105268,-5.932565789473684,1.4000179049864936,-3.016036184210526,5.833059210526316,2.0,ITF-any|mid|experience_diff<=3.0,False
320,0.011546874999999995,0.02718530024734603,0.4247470101466788,0.6710211101427954,1.1546874999999994,-3.678125,2.718755691946263,-0.8453125,5.665625,2.0,ITF-any|mid|own_rest_days>=1.0,False
207,0.010797101449275355,0.033921638855223285,0.31829539531851975,0.7502608768389223,1.0797101449275355,-3.9033816425120773,3.3930975121979823,-0.9202898550724637,5.966183574879227,2.0,ITF-any|mid|own_rest_days>=2.0,False
191,0.010235602094240825,0.03536179358069988,0.28945370293172334,0.7722342038660277,1.0235602094240825,-3.9162303664921465,3.5369352143558017,-0.9764397905759162,5.879581151832459,2.0,ITF-any|mid|own_rest_days>=3.0,False
141,0.023297872340425525,0.040874118842527674,0.5699908157086714,0.5686839273419315,2.3297872340425525,-2.5886524822695036,4.0850019863109885,0.32978723404255317,5.836879432624112,2.0,ITF-any|mid|own_rest_days>=5.0,False
52,0.03451923076923076,0.06461836270115827,0.5342015694342563,0.5932020834250142,3.451923076923076,-1.6730769230769231,6.499316657075092,1.4519230769230769,6.249999999999999,2.0,ITF-any|mid|own_rest_days>=7.0,False
529,-0.01792060491493385,0.021164004841005786,-0.8467492352965367,0.3971349092265908,-1.792060491493385,-6.5879017013232515,2.1115462329489723,-3.7920604914933835,5.591682419659735,2.0,ITF-any|mid|own_rest_days<=1.0,False
642,-0.01249221183800624,0.019191574922029137,-0.6509216616540937,0.5150970575108047,-1.249221183800624,-6.003115264797508,1.9155063809273631,-3.249221183800623,5.507788161993769,2.0,ITF-any|mid|own_rest_days<=2.0,False
658,-0.011762917933130704,0.018951805879071366,-0.620675307049266,0.5348132795353058,-1.1762917933130703,-5.948328267477204,1.8916747690299855,-3.17629179331307,5.544072948328267,2.0,ITF-any|mid|own_rest_days<=3.0,False
708,-0.012810734463276841,0.018297732315346323,-0.7001268923653707,0.48384806268531966,-1.281073446327684,-6.0692090395480225,1.8269580211473537,-3.281073446327684,5.576271186440678,2.0,ITF-any|mid|own_rest_days<=5.0,False
797,-0.009510664993726485,0.017285467754981763,-0.5502116071452832,0.5821742432830506,-0.9510664993726485,-5.740276035131744,1.7254435945123754,-2.9510664993726476,5.578419071518193,2.0,ITF-any|mid|own_rest_days<=7.0,False
797,-0.009510664993726485,0.017285467754981763,-0.5502116071452832,0.5821742432830506,-0.9510664993726485,-5.740276035131744,1.7254435945123754,-2.9510664993726476,5.578419071518193,2.0,ITF-any|mid|own_matches_7d>=1.0,False
435,-0.001218390804597712,0.02349376425363571,-0.05186017836239944,0.9586401046167365,-0.1218390804597712,-4.836781609195402,2.3456125994118664,-2.12183908045977,5.429885057471265,2.0,ITF-any|mid|own_matches_7d>=2.0,False
213,0.015586854460093889,0.034002007895875826,0.45840982414407505,0.646658034927835,1.5586854460093889,-3.164319248826291,3.390901315109782,-0.4413145539906103,5.446009389671362,2.0,ITF-any|mid|own_matches_7d>=3.0,False
88,0.02261363636363636,0.052369468598906115,0.4318095441607882,0.6658798422462213,2.261363636363636,-2.465909090909091,5.21712348388372,0.26136363636363635,5.454545454545454,2.0,ITF-any|mid|own_matches_7d>=4.0,False
826,-0.01634382566585957,0.017015505195468832,-0.9605254430066451,0.33679083211375493,-1.6343825665859573,-6.645278450363196,1.7003843300959607,-3.6343825665859564,6.021791767554479,2.0,ITF-any|mid|own_matches_7d<=1.0,False
1048,-0.016555343511450386,0.015069576685443035,-1.0985937997477113,0.2719452833664193,-1.6555343511450387,-6.602099236641221,1.5059984768726897,-3.655534351145038,5.893129770992366,2.0,ITF-any|mid|own_matches_7d<=2.0,False
1173,-0.013657289002557553,0.014283178624405667,-0.956179948574006,0.338981328512276,-1.3657289002557553,-6.288150042625746,1.42722454777696,-3.3657289002557547,5.844842284739983,2.0,ITF-any|mid|own_matches_7d<=3.0,False
1239,-0.007885391444713489,0.013900421374867794,-0.5672771516819206,0.5705258977951932,-0.7885391444713489,-5.694915254237288,1.3889018824837245,-2.788539144471348,5.81275221953188,2.0,ITF-any|mid|own_matches_7d<=4.0,False
1230,-0.009402439024390254,0.013946521835035166,-0.6741780592757052,0.5001981169661864,-0.9402439024390254,-5.81219512195122,1.3930292236930701,-2.9402439024390246,5.7439024390243905,2.0,ITF-any|mid|round_ordinal>=2.0,False
1217,-0.009679539852095324,0.014024267097225516,-0.6901993369771366,0.4900688402578677,-0.9679539852095324,-5.824979457682827,1.4006829524967848,-2.967953985209532,5.71405094494659,2.0,ITF-any|mid|round_ordinal>=4.0,False
717,-0.019755927475592756,0.018234467279857083,-1.0834386972969796,0.27861374712265086,-1.9755927475592756,-6.9344490934449095,1.8174962397257821,-3.9755927475592747,5.9177126917712695,2.0,ITF-any|mid|round_ordinal>=5.0,False
275,-0.034854545454545464,0.029629921340494712,-1.176329327844362,0.239463300570826,-3.4854545454545462,-8.10909090909091,2.957246175173842,-5.485454545454545,5.247272727272727,2.0,ITF-any|mid|round_ordinal>=6.0,False
513,0.005068226120857692,0.02165325269124877,0.23406303861710492,0.8149360398513279,0.5068226120857692,-4.243664717348928,2.16880459733474,-1.49317738791423,5.500974658869396,2.0,ITF-any|mid|round_ordinal<=4.0,False
955,-0.0020732984293193807,0.015807185980338867,-0.13116176604097463,0.895647340887487,-0.20732984293193807,-5.150785340314136,1.579381305501055,-2.2073298429319372,5.886910994764398,2.0,ITF-any|mid|round_ordinal<=5.0,False
1113,-0.007448337825696322,0.014657663548891276,-0.5081531446572004,0.6113459474542249,-0.7448337825696322,-5.636118598382749,1.4647747908016866,-2.7448337825696316,5.782569631626235,2.0,ITF-any|mid|round_ordinal<=6.0,False
1261,-0.011126090404440925,0.013776837145745154,-0.8075939554730901,0.4193243675167937,-1.1126090404440925,-6.021411578112609,1.376367478620514,-3.112609040444092,5.817605075337034,2.0,ITF-any|mid|open_price>=20.0,False
1261,-0.011126090404440925,0.013776837145745154,-0.8075939554730901,0.4193243675167937,-1.1126090404440925,-6.021411578112609,1.376367478620514,-3.112609040444092,5.817605075337034,2.0,ITF-any|mid|open_price>=35.0,False
676,0.008764792899408269,0.01890272013248108,0.46367892229158475,0.6428778006052691,0.8764792899408269,-4.140532544378698,1.8880790599197128,-1.1235207100591715,6.034023668639053,2.0,ITF-any|mid|open_price>=50.0,False
613,-0.04070962479608483,0.019633568661748275,-2.073470467719842,0.03812851677800588,-4.070962479608483,-8.838499184339314,1.9621134379118892,-6.0709624796084825,5.535073409461664,2.0,ITF-any|mid|open_price<=50.0,False
1261,-0.011126090404440925,0.013776837145745154,-0.8075939554730901,0.4193243675167937,-1.1126090404440925,-6.021411578112609,1.376367478620514,-3.112609040444092,5.817605075337034,2.0,ITF-any|mid|open_price<=65.0,False
1261,-0.011126090404440925,0.013776837145745154,-0.8075939554730901,0.4193243675167937,-1.1126090404440925,-6.021411578112609,1.376367478620514,-3.112609040444092,5.817605075337034,2.0,ITF-any|mid|open_price<=80.0,False
509,0.019449901768172854,0.016705267729479327,1.1642975187910425,0.24430346174038498,1.9449901768172855,-2.280943025540275,1.6709762600164482,0.31237721021611004,5.383104125736739,1.6326129666011788,ITF-any|dear|form_last3_diff>=-0.67,False
469,0.018667377398720642,0.017441477251376052,1.0702864860399295,0.2844903754170489,1.8667377398720642,-2.3603411513859274,1.7452577721677187,0.23560767590618337,5.37953091684435,1.6311300639658848,ITF-any|dear|form_last3_diff>=-0.34,False
403,0.013325062034739415,0.019060683559913406,0.6990862627174296,0.4844981230207348,1.3325062034739414,-2.913151364764268,1.9075615090519824,-0.3052109181141439,5.4044665012406945,1.6377171215880892,ITF-any|dear|form_last3_diff>=0.0,False
65,0.014230769230769191,0.045763978367011876,0.3109600550162654,0.755830988660521,1.4230769230769191,-2.5538461538461537,4.5570650331080795,-0.1,5.123076923076923,1.523076923076923,ITF-any|dear|form_last3_diff>=0.34,False
51,0.022843137254901925,0.05415450932683817,0.4218141303254539,0.6731606909964145,2.2843137254901924,-1.8627450980392157,5.362763379543703,0.696078431372549,5.352941176470588,1.588235294117647,ITF-any|dear|form_last3_diff<=-0.34,False
384,0.011458333333333301,0.019810364032490597,0.5784009478342098,0.562993454182547,1.1458333333333302,-3.1432291666666665,1.9807623012171176,-0.5130208333333334,5.442708333333333,1.6588541666666667,ITF-any|dear|form_last3_diff<=0.0,False
455,0.019769230769230737,0.017811685480559558,1.109902304911443,0.2670411271765072,1.9769230769230737,-2.276923076923077,1.7813765884011639,0.33516483516483514,5.4131868131868135,1.6417582417582417,ITF-any|dear|form_last3_diff<=0.34,False
513,0.018830409356725114,0.016708184336283634,1.1270170940018203,0.2597352537091928,1.8830409356725113,-2.331384015594542,1.6701508545637849,0.2553606237816764,5.360623781676413,1.6276803118908383,ITF-any|dear|form_last3_diff<=0.67,False
503,0.020765407554671933,0.01675520263782121,1.2393408783847568,0.21521928610440066,2.0765407554671933,-2.1530815109343937,1.676125135751019,0.44831013916500995,5.393638170974155,1.628230616302187,ITF-any|dear|form_last5_diff>=-0.6,False
443,0.016117381489841955,0.018038124936874105,0.8935175660577832,0.371580069415554,1.6117381489841955,-2.6275395033860045,1.8055045570434678,-0.01805869074492099,5.413092550790068,1.6297968397291196,ITF-any|dear|form_last5_diff>=-0.3,False
397,0.011964735516372747,0.019199848569443012,0.6231682230772846,0.5331739812613943,1.1964735516372746,-3.0377833753148615,1.9219571407169656,-0.4357682619647355,5.390428211586902,1.6322418136020151,ITF-any|dear|form_last5_diff>=0.0,False
102,0.03357843137254898,0.034257196482314484,0.9801862037917807,0.32699421331561895,3.3578431372548976,-0.5588235294117647,3.416661061198155,1.838235294117647,5.029411764705882,1.5196078431372548,ITF-any|dear|form_last5_diff>=0.3,False
77,0.036103896103896076,0.042385770192811895,0.8517928526404093,0.39432907402157813,3.6103896103896074,-0.4935064935064935,4.201585783394563,2.0,5.1688311688311686,1.6103896103896105,ITF-any|dear|form_last5_diff<=-0.3,False
346,0.007066473988439269,0.021079896734465947,0.33522336838042843,0.7374565954319139,0.7066473988439269,-3.586705202312139,2.108265703006559,-0.9465317919075145,5.4479768786127165,1.653179190751445,ITF-any|dear|form_last5_diff<=0.0,False
424,0.01775943396226412,0.018641127774663126,0.9527016914932906,0.34074123608547935,1.775943396226412,-2.509433962264151,1.8639912591541516,0.125,5.44811320754717,1.650943396226415,ITF-any|dear|form_last5_diff<=0.3,False
496,0.01675403225806449,0.017080561369646086,0.9808829988362167,0.32665044225718187,1.6754032258064488,-2.5463709677419355,1.7075090201449694,0.04435483870967742,5.370967741935484,1.6310483870967742,ITF-any|dear|form_last5_diff<=0.6,False
501,0.02180638722554887,0.016736538991184425,1.302920946620736,0.19260175190359474,2.180638722554887,-2.0479041916167664,1.674358518448484,0.5538922155688623,5.395209580838324,1.6267465069860279,ITF-any|dear|winrate_diff>=-0.5,False
444,0.016362612612612577,0.017999123342897938,0.9090783090315845,0.3633087913916635,1.6362612612612577,-2.6013513513513513,1.8016238593676477,0.007882882882882882,5.412162162162162,1.6283783783783783,ITF-any|dear|winrate_diff>=-0.25,False
396,0.011300505050505012,0.019237603297739974,0.5874175111944735,0.5569233359365549,1.1300505050505012,-3.1085858585858586,1.9253560983384432,-0.5012626262626263,5.401515151515151,1.6313131313131313,ITF-any|dear|winrate_diff>=0.0,False
125,0.05499999999999996,0.029402600280005957,1.8705828558095412,0.06140292273893211,5.499999999999996,1.584,2.9332396270467607,3.98,5.032,1.52,ITF-any|dear|winrate_diff>=0.25,False
75,0.013066666666666634,0.04235030801055157,0.30853770091615573,0.7576732173420018,1.3066666666666635,-2.72,4.210735314869825,-0.24,5.2,1.5466666666666666,ITF-any|dear|winrate_diff>=0.5,False
55,0.04245454545454542,0.05103769530660626,0.8318272445395893,0.40550646334645357,4.245454545454542,0.07272727272727272,5.053042191011716,2.609090909090909,5.327272727272727,1.6363636363636365,ITF-any|dear|winrate_diff<=-0.5,False
89,0.0387640449438202,0.039010871112839976,0.9936728875316364,0.3203821464316339,3.87640449438202,-0.2808988764044944,3.874993451641802,2.235955056179775,5.280898876404494,1.6404494382022472,ITF-any|dear|winrate_diff<=-0.25,False
340,0.01148529411764702,0.02107691370253087,0.5449229559766092,0.5858065071302119,1.148529411764702,-3.1411764705882352,2.1067206596068195,-0.5014705882352941,5.45,1.65,ITF-any|dear|winrate_diff<=0.0,False
413,0.01634382566585953,0.019005035450799936,0.8599734374697842,0.38980368490689443,1.634382566585953,-2.648910411622276,1.9005086477710396,-0.026634382566585957,5.428571428571429,1.6610169491525424,ITF-any|dear|winrate_diff<=0.25,False
489,0.015214723926380335,0.017311566319381244,0.8788762175347831,0.3794683949105031,1.5214723926380336,-2.7157464212678937,1.7303848291387065,-0.11451942740286299,5.3905930470347645,1.6359918200408998,ITF-any|dear|winrate_diff<=0.5,False
490,0.020397959183673438,0.017051110195763077,1.1962833475055483,0.23158600493933323,2.0397959183673438,-2.1877551020408164,1.7037101077523462,0.4091836734693878,5.389795918367347,1.6306122448979592,ITF-any|dear|rest_diff_days>=-3.0,False
455,0.017494505494505465,0.017856405196631085,0.979732779462582,0.3272180410561427,1.7494505494505466,-2.4483516483516485,1.783404664846103,0.11428571428571428,5.331868131868132,1.6351648351648351,ITF-any|dear|rest_diff_days>=-1.0,False
288,0.029374999999999953,0.021656414391835018,1.3564110599525203,0.17496841623307247,2.937499999999995,-1.1736111111111112,2.158104563020944,1.3263888888888888,5.180555555555555,1.6111111111111112,ITF-any|dear|rest_diff_days>=0.0,False
109,0.0557339449541284,0.031174335900843498,1.7878149876681217,0.07380586199774863,5.57339449541284,1.4403669724770642,3.088826310592188,4.022935779816514,5.293577981651376,1.5504587155963303,ITF-any|dear|rest_diff_days>=1.0,False
62,0.08451612903225804,0.037449544706133785,2.256799907594479,0.02402058052686762,8.451612903225804,4.32258064516129,3.711201489517246,6.951612903225806,5.387096774193548,1.5,ITF-any|dear|rest_diff_days>=3.0,False
65,0.030153846153846132,0.04487053615450677,0.6720188510789056,0.5015716954341605,3.015384615384613,-1.353846153846154,4.515807213876542,1.4461538461538461,5.6923076923076925,1.5692307692307692,ITF-any|dear|rest_diff_days<=-1.0,False
234,0.003696581196581167,0.025811604033419772,0.1432139278052999,0.886121230410716,0.36965811965811674,-3.9957264957264957,2.5863857716777656,-1.2756410256410255,5.645299145299146,1.6452991452991452,ITF-any|dear|rest_diff_days<=0.0,False
411,0.009355231143552276,0.019277804737103454,0.48528508671666976,0.6274741327551061,0.9355231143552276,-3.3065693430656933,1.9299453804037057,-0.7116788321167883,5.399026763990268,1.6472019464720196,ITF-any|dear|rest_diff_days<=1.0,False
458,0.010218340611353677,0.01810969658399712,0.5642469250635184,0.5725860965343537,1.0218340611353678,-3.2096069868995634,1.8113305225494296,-0.6222707423580786,5.3755458515283845,1.6441048034934498,ITF-any|dear|rest_diff_days<=3.0,False
1049,0.021234509056244005,0.011428702502784722,1.8579982330513893,0.0631692652288045,2.1234509056244004,-2.0610104861773118,1.1433535992295747,0.5419447092469019,5.396568160152526,1.5815061963775023,ITF-any|dear|workload_diff>=-2.0,False
990,0.0194393939393939,0.011777484789402923,1.6505556395950487,0.09882934326979553,1.9439393939393899,-2.242424242424242,1.1779750892642358,0.36515151515151517,5.403030303030303,1.5787878787878789,ITF-any|dear|workload_diff>=-1.0,False
807,0.020421313506815326,0.013003086809593169,1.5704973600383318,0.11629944809199255,2.0421313506815326,-2.1425030978934325,1.2994450115931315,0.46592317224287483,5.392812887236679,1.5762081784386617,ITF-any|dear|workload_diff>=0.0,False
268,0.044570895522388035,0.020944268558394565,2.12807123811081,0.03333117757999582,4.457089552238804,0.27238805970149255,2.0891618362485387,2.919776119402985,5.451492537313433,1.537313432835821,ITF-any|dear|workload_diff>=1.0,False
136,0.06555147058823528,0.02660515131016367,2.4638638519298097,0.013744831007988179,6.555147058823528,2.551470588235294,2.6474762893999197,5.091911764705882,5.257352941176471,1.463235294117647,ITF-any|dear|workload_diff>=2.0,False
74,0.042162162162162134,0.04215711268522159,1.0001197775800788,0.3172525459987223,4.216216216216213,0.20270270270270271,4.226026959383093,2.5945945945945947,5.0,1.6216216216216217,ITF-any|dear|workload_diff<=-2.0,False
257,0.022898832684824864,0.023218870161291327,0.9862164922649852,0.3240268879381958,2.2898832684824866,-1.8521400778210118,2.330072383724616,0.6906614785992218,5.319066147859922,1.5992217898832686,ITF-any|dear|workload_diff<=-1.0,False
796,0.013090452261306494,0.013413604182618994,0.9759086434255134,0.3291097384497137,1.3090452261306496,-2.8618090452261304,1.3429162434206314,-0.2876884422110553,5.349246231155779,1.5967336683417086,ITF-any|dear|workload_diff<=0.0,False
928,0.014493534482758582,0.012393886255701907,1.1694099964884472,0.24223848419130922,1.449353448275858,-2.75,1.2403629176140474,-0.1497844827586207,5.392241379310345,1.5991379310344827,ITF-any|dear|workload_diff<=1.0,False
998,0.016012024048096155,0.011866549962212767,1.3493411395126658,0.17722741735142633,1.6012024048096156,-2.5791583166332663,1.1873321253241085,0.008016032064128256,5.3667334669338675,1.593186372745491,ITF-any|dear|workload_diff<=2.0,False
1041,0.02155619596541783,0.011450508948451954,1.8825535233813435,0.059760899923755995,2.155619596541783,-2.021133525456292,1.1453667581117803,0.5773294908741594,5.385206532180596,1.5782901056676273,ITF-any|dear|experience_diff>=-3.0,False
955,0.020659685863874306,0.011921009535609914,1.733048346464333,0.08308707607280197,2.0659685863874304,-2.1225130890052357,1.192455762614218,0.49214659685863876,5.4178010471204185,1.5738219895287957,ITF-any|dear|experience_diff>=-1.0,False
790,0.020689873417721476,0.013033897370244985,1.5873896218451342,0.1124244283373117,2.068987341772148,-2.09873417721519,1.3030523098194144,0.5018987341772152,5.378481012658228,1.5670886075949366,ITF-any|dear|experience_diff>=0.0,False
349,0.06206303724928364,0.017466324587386485,3.5532969136565344,0.00038043481388916334,6.206303724928364,1.997134670487106,1.7452373713393603,4.653295128939828,5.495702005730659,1.5530085959885387,ITF-any|dear|experience_diff>=1.0,False
132,0.08787878787878783,0.024470811473914878,3.591167704939572,0.0003291997119165835,8.787878787878784,4.621212121212121,2.437953865359602,7.3106060606060606,5.5606060606060606,1.4772727272727273,ITF-any|dear|experience_diff>=3.0,False
50,0.011399999999999976,0.05622078198078191,0.20277199281747568,0.8393132496579727,1.1399999999999977,-2.74,5.5972887022492,-0.56,4.56,1.7,ITF-any|dear|experience_diff<=-3.0,False
274,0.021970802919707988,0.022996389538336822,0.9554022766522067,0.3393743031444445,2.197080291970799,-1.9963503649635037,2.304280998815966,0.572992700729927,5.364963503649635,1.6240875912408759,ITF-any|dear|experience_diff<=-1.0,False
715,0.0009860139860139463,0.014512581843105488,0.06794201036546596,0.9458317965605856,0.09860139860139462,-4.058741258741259,1.4524648483869598,-1.4972027972027973,5.316083916083916,1.5958041958041957,ITF-any|dear|experience_diff<=0.0,False
842,0.005035629453681673,0.01330861092885987,0.3783737822526508,0.7051529417355393,0.5035629453681673,-3.6935866983372923,1.3312162277605128,-1.0997624703087887,5.377672209026128,1.6033254156769596,ITF-any|dear|experience_diff<=1.0,False
995,0.016336683417085388,0.011893525293865215,1.3735778933023326,0.16957276385223707,1.633668341708539,-2.5557788944723616,1.1894128574992022,0.0457286432160804,5.389949748743718,1.5879396984924623,ITF-any|dear|experience_diff<=3.0,False
331,0.03480362537764346,0.01942289979136735,1.7918861628021263,0.0731512029280934,3.4803625377643463,-0.8096676737160121,1.940261845982498,1.9244712990936557,5.637462235649547,1.555891238670695,ITF-any|dear|own_rest_days>=1.0,False
263,0.03347908745247144,0.021544417500802538,1.5539564924985478,0.1201947949363602,3.347908745247144,-0.8973384030418251,2.149649791478098,1.826996197718631,5.600760456273764,1.520912547528517,ITF-any|dear|own_rest_days>=2.0,False
227,0.03870044052863432,0.023142060861050646,1.6722987965937501,0.09446541684189258,3.870044052863432,-0.3876651982378855,2.3072360061429515,2.3193832599118944,5.581497797356828,1.550660792951542,ITF-any|dear|own_rest_days>=3.0,False
155,0.03635483870967737,0.02857502159928677,1.2722593606223132,0.2032809827719544,3.6354838709677373,-0.6193548387096774,2.862134091884603,2.041935483870968,5.516129032258065,1.5935483870967742,ITF-any|dear|own_rest_days>=5.0,False
72,0.07923611111111108,0.03849395565145555,2.058403969406427,0.03955137102332684,7.923611111111108,3.625,3.8728034058879466,6.284722222222222,5.541666666666667,1.6388888888888888,ITF-any|dear|own_rest_days>=7.0,False
334,0.02143712574850296,0.020923180630297432,1.0245634316926613,0.3055692265108083,2.143712574850296,-2.062874251497006,2.0902900618930143,0.48502994011976047,5.317365269461078,1.658682634730539,ITF-any|dear|own_rest_days<=1.0,False
402,0.024564676616915387,0.018957054455764955,1.295806617754644,0.19504211754288203,2.456467661691539,-1.7935323383084578,1.8950187428969059,0.7922885572139303,5.395522388059701,1.664179104477612,ITF-any|dear|own_rest_days<=2.0,False
438,0.022591324200913206,0.018057658635207464,1.251066079899547,0.21091036973684663,2.2591324200913205,-1.9840182648401827,1.805505525857202,0.6221461187214612,5.422374429223744,1.6369863013698631,ITF-any|dear|own_rest_days<=3.0,False
510,0.02557843137254898,0.016470735267091953,1.5529623272892945,0.12043213501315408,2.557843137254898,-1.688235294117647,1.644182983759879,0.946078431372549,5.464705882352941,1.611764705882353,ITF-any|dear|own_rest_days<=5.0,False
593,0.021880269814502494,0.015296511476529311,1.4304091392390468,0.15259962673620242,2.1880269814502493,-2.053962900505902,1.527114550778985,0.5843170320404721,5.4688026981450255,1.6037099494097808,ITF-any|dear|own_rest_days<=7.0,False
593,0.021880269814502494,0.015296511476529311,1.4304091392390468,0.15259962673620242,2.1880269814502493,-2.053962900505902,1.527114550778985,0.5843170320404721,5.4688026981450255,1.6037099494097808,ITF-any|dear|own_matches_7d>=1.0,False
319,0.010595611285266426,0.02131796468526838,0.49702734016575445,0.6191697715975515,1.0595611285266426,-3.0815047021943576,2.129397500840152,-0.5266457680250783,5.241379310344827,1.5862068965517242,ITF-any|dear|own_matches_7d>=2.0,False
160,0.033718749999999964,0.02826801503271045,1.1928234069842603,0.23293854097255284,3.3718749999999966,-0.75625,2.8260043975466194,1.790625,5.26875,1.58125,ITF-any|dear|own_matches_7d>=3.0,False
81,0.05944444444444442,0.03566314018564875,1.6668314717941055,0.09554792036341309,5.944444444444442,2.049382716049383,3.561405830869403,4.450617283950617,5.0,1.4938271604938271,ITF-any|dear|own_matches_7d>=4.0,False
745,0.02548322147651003,0.013384555533857123,1.9039273595636796,0.05691964531002491,2.548322147651003,-1.640268456375839,1.3398817991945342,0.9684563758389262,5.432214765100671,1.5798657718120805,ITF-any|dear|own_matches_7d<=1.0,False
904,0.018772123893805264,0.012378865376186422,1.516465631003447,0.129401654507026,1.8772123893805264,-2.3053097345132745,1.2384511600097392,0.29535398230088494,5.393805309734513,1.581858407079646,ITF-any|dear|own_matches_7d<=2.0,False
983,0.017853509664292933,0.011916508683533118,1.4982164775295206,0.1340770159121023,1.7853509664292933,-2.412004069175992,1.1921206192976805,0.1963377416073245,5.405900305188199,1.5890132248219735,ITF-any|dear|own_matches_7d<=3.0,False
1036,0.02205598455598452,0.011487132347518686,1.9200601062761142,0.05485030763430743,2.205598455598452,-1.9777992277992278,1.1491808930037708,0.6187258687258688,5.38030888030888,1.5868725868725868,ITF-any|dear|own_matches_7d<=4.0,False
1031,0.01858389912706107,0.011596981017890766,1.6024773256411753,0.10905009764527662,1.858389912706107,-2.2958292919495635,1.1600153282298182,0.2735208535402522,5.3288069835111544,1.5848690591658583,ITF-any|dear|round_ordinal>=2.0,False
1024,0.017363281249999966,0.01166624789477887,1.4883346733760694,0.13666265519182064,1.7363281249999967,-2.41015625,1.1670875999192287,0.1513671875,5.3125,1.5849609375,ITF-any|dear|round_ordinal>=4.0,False
500,0.02529999999999997,0.01661543153608297,1.522680885239551,0.12783856245835734,2.5299999999999967,-1.876,1.6618534115628387,0.89,5.772,1.64,ITF-any|dear|round_ordinal>=5.0,False
120,-0.027291666666666683,0.03951553145672204,-0.690656702834856,0.48978130460802305,-2.7291666666666683,-6.716666666666667,3.9625555397027257,-4.529166666666667,4.541666666666667,1.8,ITF-any|dear|round_ordinal>=6.0,False
531,0.012259887005649672,0.01620400779606881,0.7565959705736499,0.4492919561380022,1.2259887005649672,-2.6911487758945385,1.621267780188532,-0.3069679849340866,4.911487758945386,1.5329566854990584,ITF-any|dear|round_ordinal<=4.0,False
911,0.02462678375411632,0.012043035655174134,2.0448983511508363,0.040864880522268,2.462678375411632,-1.7135016465422612,1.2041743456535006,0.9061470911086718,5.432491767288694,1.5565312843029637,ITF-any|dear|round_ordinal<=5.0,False
986,0.022109533468559796,0.011716575869771557,1.8870302820811142,0.059156252764823725,2.2109533468559794,-1.9401622718052738,1.1721708419999415,0.640973630831643,5.350912778904665,1.5699797160243407,ITF-any|dear|round_ordinal<=6.0,False
1064,0.021019736842105226,0.011340073286078544,1.8535803351385536,0.06379922312014674,2.1019736842105226,-2.0723684210526314,1.1344162845492587,0.5202067669172933,5.375,1.5817669172932332,ITF-any|dear|open_price>=20.0,False
1064,0.021019736842105226,0.011340073286078544,1.8535803351385536,0.06379922312014674,2.1019736842105226,-2.0723684210526314,1.1344162845492587,0.5202067669172933,5.375,1.5817669172932332,ITF-any|dear|open_price>=35.0,False
1064,0.021019736842105226,0.011340073286078544,1.8535803351385536,0.06379922312014674,2.1019736842105226,-2.0723684210526314,1.1344162845492587,0.5202067669172933,5.375,1.5817669172932332,ITF-any|dear|open_price>=50.0,False
1064,0.021019736842105226,0.011340073286078544,1.8535803351385536,0.06379922312014674,2.1019736842105226,-2.0723684210526314,1.1344162845492587,0.5202067669172933,5.375,1.5817669172932332,ITF-any|dear|open_price>=65.0,False
547,0.03925959780621568,0.011911094657857231,3.296052876241549,0.000980535583404718,3.9259597806215676,0.4936014625228519,1.1903452847854967,2.7394881170018284,4.769652650822669,1.186471663619744,ITF-any|dear|open_price>=80.0,False
536,0.0012873134328357867,0.019213626750315623,0.0670000229298011,0.9465816849475381,0.1287313432835787,-4.809701492537314,1.9190412477993979,-1.8712686567164178,6.0111940298507465,2.0,ITF-any|dear|open_price<=80.0,False
